arxiv_id,title,source_group,motivation,angle,subproblem,solution_family,method_name,one_liner,method_figure,pdf_path,code_url,code_status,tags
1804.02505,MVSNet: Depth Inference for Unstructured Multi-view Stereo,curated-pre2026,实时/大规模/高效 3D 表示,计算角度,减少优化/采样/渲染步骤,SLAM / pose graph / online mapping pipeline,MVSNet,MVSNet 针对「减少优化/采样/渲染步骤」，从「计算角度」切入，主要采用「SLAM / pose graph / online mapping pipeline」来服务「实时/大规模/高效 3D 表示」。,/Volumes/UBag/Documents/l40server_mirror/lyra/Lyra-2/paper_collection_3d4d_reconstruction_2026_04_26/boardmix_mindmap/method_figures/1804.02505_MVSNet.png,/Volumes/UBag/Documents/l40server_mirror/lyra/Lyra-2/paper_collection_3d4d_reconstruction_2026_04_26/pdfs/2018_MVSNet_Depth_Inference_for_Unstructured_Multi_view_Stereo_1804.02505.pdf,https://github.com/openMVG/openMVG,code_link_found_not_audited,"Codex:3D-Reconstruction, Codex:3D4D-Reconstruction"
1906.07751,Neural Volumes: Learning Dynamic Renderable Volumes from Images,curated-pre2026,动态场景与 4D 重建,时空/动态角度,建模运动/形变/时间一致性,Motion decomposition / canonical space / deformation,Neural Volumes,Neural Volumes 针对「建模运动/形变/时间一致性」，从「时空/动态角度」切入，主要采用「Motion decomposition / canonical space / deformation」来服务「动态场景与 4D 重建」。,/Volumes/UBag/Documents/l40server_mirror/lyra/Lyra-2/paper_collection_3d4d_reconstruction_2026_04_26/boardmix_mindmap/method_figures/1906.07751_Neural_Volumes.png,/Volumes/UBag/Documents/l40server_mirror/lyra/Lyra-2/paper_collection_3d4d_reconstruction_2026_04_26/pdfs/2019_Neural_Volumes_Learning_Dynamic_Renderable_Volumes_from_Images_1906.07751.pdf,,code_link_found_not_audited,Codex:3D4D-Reconstruction
2003.08934,NeRF: Representing Scenes as Neural Radiance Fields for View Synthesis,curated-pre2026,动态场景与 4D 重建,表示/几何角度,解决稀疏视角几何不稳定,NeRF/辐射场/体渲染,NeRF,NeRF 针对「解决稀疏视角几何不稳定」，从「表示/几何角度」切入，主要采用「NeRF/辐射场/体渲染」来服务「动态场景与 4D 重建」。,/Volumes/UBag/Documents/l40server_mirror/lyra/Lyra-2/paper_collection_3d4d_reconstruction_2026_04_26/boardmix_mindmap/method_figures/2003.08934_NeRF.png,/Volumes/UBag/Documents/l40server_mirror/lyra/Lyra-2/paper_collection_3d4d_reconstruction_2026_04_26/pdfs/2020_NeRF_Representing_Scenes_as_Neural_Radiance_Fields_for_View_Synthesis_2003.08934.pdf,https://github.com/facebookresearch/neuralvolumes,code_link_found_not_audited,"Codex:3D-Reconstruction, Codex:3D4D-Reconstruction"
2003.09852,Multiview Neural Surface Reconstruction by Disentangling Geometry and Appearance,curated-pre2026,多视角几何/表面/场景重建,表示/几何角度,提升几何一致性/表面质量,SDF/隐式表面/网格/点云,本文方法,本文方法 针对「提升几何一致性/表面质量」，从「表示/几何角度」切入，主要采用「SDF/隐式表面/网格/点云」来服务「多视角几何/表面/场景重建」。,/Volumes/UBag/Documents/l40server_mirror/lyra/Lyra-2/paper_collection_3d4d_reconstruction_2026_04_26/boardmix_mindmap/method_figures/2003.09852_paper.png,/Volumes/UBag/Documents/l40server_mirror/lyra/Lyra-2/paper_collection_3d4d_reconstruction_2026_04_26/pdfs/2020_Multiview_Neural_Surface_Reconstruction_by_Disentangling_Geometry_and_Appearance_2003.09852.pdf,https://github.com/readthedocs/sphinx_rtd_theme,code_link_found_not_audited,"Codex:3D-Reconstruction, Codex:3D4D-Reconstruction"
2011.13961,D-NeRF: Neural Radiance Fields for Dynamic Scenes,curated-pre2026,动态场景与 4D 重建,时空/动态角度,建模运动/形变/时间一致性,Motion decomposition / canonical space / deformation,D-NeRF,D-NeRF 针对「建模运动/形变/时间一致性」，从「时空/动态角度」切入，主要采用「Motion decomposition / canonical space / deformation」来服务「动态场景与 4D 重建」。,/Volumes/UBag/Documents/l40server_mirror/lyra/Lyra-2/paper_collection_3d4d_reconstruction_2026_04_26/boardmix_mindmap/method_figures/2011.13961_D-NeRF.png,/Volumes/UBag/Documents/l40server_mirror/lyra/Lyra-2/paper_collection_3d4d_reconstruction_2026_04_26/pdfs/2020_D_NeRF_Neural_Radiance_Fields_for_Dynamic_Scenes_2011.13961.pdf,,no_code_link_found,"Codex:3D-Reconstruction, Codex:3D4D-Reconstruction"
2104.00681,NeuralRecon: Real-Time Coherent 3D Reconstruction from Monocular Video,curated-pre2026,多视角几何/表面/场景重建,表示/几何角度,提升几何一致性/表面质量,SDF/隐式表面/网格/点云,NeuralRecon,NeuralRecon 针对「提升几何一致性/表面质量」，从「表示/几何角度」切入，主要采用「SDF/隐式表面/网格/点云」来服务「多视角几何/表面/场景重建」。,/Volumes/UBag/Documents/l40server_mirror/lyra/Lyra-2/paper_collection_3d4d_reconstruction_2026_04_26/boardmix_mindmap/method_figures/2104.00681_NeuralRecon.png,/Volumes/UBag/Documents/l40server_mirror/lyra/Lyra-2/paper_collection_3d4d_reconstruction_2026_04_26/pdfs/2021_NeuralRecon_Real_Time_Coherent_3D_Reconstruction_from_Monocular_Video_2104.00681.pdf,https://github.com/zju3dv/NeuralRecon,code_link_found_not_audited,"Codex:3D-Reconstruction, Codex:3D4D-Reconstruction"
2102.13090,IBRNet: Learning Multi-View Image-Based Rendering,curated-pre2026,稀疏/单目/少视角 3D 重建,时空/动态角度,解决稀疏视角几何不稳定,SLAM / pose graph / online mapping pipeline,IBRNet,IBRNet 针对「解决稀疏视角几何不稳定」，从「时空/动态角度」切入，主要采用「SLAM / pose graph / online mapping pipeline」来服务「稀疏/单目/少视角 3D 重建」。,/Volumes/UBag/Documents/l40server_mirror/lyra/Lyra-2/paper_collection_3d4d_reconstruction_2026_04_26/boardmix_mindmap/method_figures/2102.13090_IBRNet.png,/Volumes/UBag/Documents/l40server_mirror/lyra/Lyra-2/paper_collection_3d4d_reconstruction_2026_04_26/pdfs/2021_IBRNet_Learning_Multi_View_Image_Based_Rendering_2102.13090.pdf,https://github.com/googleinterns/IBRNet,code_link_found_not_audited,"Codex:3D-Reconstruction, Codex:3D4D-Reconstruction"
2011.13084,Neural Scene Flow Fields for Space-Time View Synthesis of Dynamic Scenes,curated-pre2026,动态场景与 4D 重建,时空/动态角度,建模运动/形变/时间一致性,Motion decomposition / canonical space / deformation,Space-Time,Space-Time 针对「建模运动/形变/时间一致性」，从「时空/动态角度」切入，主要采用「Motion decomposition / canonical space / deformation」来服务「动态场景与 4D 重建」。,/Volumes/UBag/Documents/l40server_mirror/lyra/Lyra-2/paper_collection_3d4d_reconstruction_2026_04_26/boardmix_mindmap/method_figures/2011.13084_Space-Time.png,/Volumes/UBag/Documents/l40server_mirror/lyra/Lyra-2/paper_collection_3d4d_reconstruction_2026_04_26/pdfs/2021_Neural_Scene_Flow_Fields_for_Space_Time_View_Synthesis_of_Dynamic_Scenes_2011.13084.pdf,,no_code_link_found,"Codex:3D4D-Reconstruction, Codex:4D-Reconstruction"
2012.02190,pixelNeRF: Neural Radiance Fields from One or Few Images,curated-pre2026,稀疏/单目/少视角 3D 重建,时空/动态角度,解决稀疏视角几何不稳定,NeRF/辐射场/体渲染,pixelNeRF,pixelNeRF 针对「解决稀疏视角几何不稳定」，从「时空/动态角度」切入，主要采用「NeRF/辐射场/体渲染」来服务「稀疏/单目/少视角 3D 重建」。,/Volumes/UBag/Documents/l40server_mirror/lyra/Lyra-2/paper_collection_3d4d_reconstruction_2026_04_26/boardmix_mindmap/method_figures/2012.02190_pixelNeRF.png,/Volumes/UBag/Documents/l40server_mirror/lyra/Lyra-2/paper_collection_3d4d_reconstruction_2026_04_26/pdfs/2021_pixelNeRF_Neural_Radiance_Fields_from_One_or_Few_Images_2012.02190.pdf,,no_code_link_found,"Codex:3D-Reconstruction, Codex:3D4D-Reconstruction"
2106.13228,HyperNeRF: A Higher-Dimensional Representation for Topologically Varying Neural Radiance Fields,curated-pre2026,动态场景与 4D 重建,时空/动态角度,建模运动/形变/时间一致性,NeRF/辐射场/体渲染,HyperNeRF,HyperNeRF 针对「建模运动/形变/时间一致性」，从「时空/动态角度」切入，主要采用「NeRF/辐射场/体渲染」来服务「动态场景与 4D 重建」。,/Volumes/UBag/Documents/l40server_mirror/lyra/Lyra-2/paper_collection_3d4d_reconstruction_2026_04_26/boardmix_mindmap/method_figures/2106.13228_HyperNeRF.png,/Volumes/UBag/Documents/l40server_mirror/lyra/Lyra-2/paper_collection_3d4d_reconstruction_2026_04_26/pdfs/2021_HyperNeRF_A_Higher_Dimensional_Representation_for_Topologically_Varying_Neural_Radiance_Fi_2106.13228.pdf,https://github.com/google/hypernerf,code_link_found_not_audited,"Codex:3D-Reconstruction, Codex:3D4D-Reconstruction"
2011.12948,Nerfies: Deformable Neural Radiance Fields,curated-pre2026,动态场景与 4D 重建,表示/几何角度,提升几何一致性/表面质量,NeRF/辐射场/体渲染,Nerfies,Nerfies 针对「提升几何一致性/表面质量」，从「表示/几何角度」切入，主要采用「NeRF/辐射场/体渲染」来服务「动态场景与 4D 重建」。,/Volumes/UBag/Documents/l40server_mirror/lyra/Lyra-2/paper_collection_3d4d_reconstruction_2026_04_26/boardmix_mindmap/method_figures/2011.12948_Nerfies.png,/Volumes/UBag/Documents/l40server_mirror/lyra/Lyra-2/paper_collection_3d4d_reconstruction_2026_04_26/pdfs/2021_Nerfies_Deformable_Neural_Radiance_Fields_2011.12948.pdf,https://github.com/google/nerfies,code_link_found_not_audited,"Codex:3D-Reconstruction, Codex:3D4D-Reconstruction"
2112.00724,RegNeRF: Regularizing Neural Radiance Fields for View Synthesis from Sparse Inputs,curated-pre2026,多视角几何/表面/场景重建,表示/几何角度,提升几何一致性/表面质量,NeRF/辐射场/体渲染,RegNeRF,RegNeRF 针对「提升几何一致性/表面质量」，从「表示/几何角度」切入，主要采用「NeRF/辐射场/体渲染」来服务「多视角几何/表面/场景重建」。,/Volumes/UBag/Documents/l40server_mirror/lyra/Lyra-2/paper_collection_3d4d_reconstruction_2026_04_26/boardmix_mindmap/method_figures/2112.00724_RegNeRF.png,/Volumes/UBag/Documents/l40server_mirror/lyra/Lyra-2/paper_collection_3d4d_reconstruction_2026_04_26/pdfs/2021_RegNeRF_Regularizing_Neural_Radiance_Fields_for_View_Synthesis_from_Sparse_Inputs_2112.00724.pdf,https://github.com/google/mipnerf,code_link_found_not_audited,"Codex:3D-Reconstruction, Codex:3D4D-Reconstruction"
2106.12052,Volume Rendering of Neural Implicit Surfaces,curated-pre2026,多视角几何/表面/场景重建,表示/几何角度,提升几何一致性/表面质量,SDF/隐式表面/网格/点云,Volume Rendering of Neural Implicit Surfaces,Volume Rendering of Neural Implicit Surfaces 针对「提升几何一致性/表面质量」，从「表示/几何角度」切入，主要采用「SDF/隐式表面/网格/点云」来服务「多视角几何/表面/场景重建」。,/Volumes/UBag/Documents/l40server_mirror/lyra/Lyra-2/paper_collection_3d4d_reconstruction_2026_04_26/boardmix_mindmap/method_figures/2106.12052_Volume_Rendering_of_Neural_Implicit_Surfaces.png,/Volumes/UBag/Documents/l40server_mirror/lyra/Lyra-2/paper_collection_3d4d_reconstruction_2026_04_26/pdfs/2021_Volume_Rendering_of_Neural_Implicit_Surfaces_2106.12052.pdf,https://github.com/yenchenlin/nerf-pytorch/,code_link_found_not_audited,Codex:3D4D-Reconstruction
2108.10869,"DROID-SLAM: Deep Visual SLAM for Monocular, Stereo, and RGB-D Cameras",curated-pre2026,稀疏/单目/少视角 3D 重建,训练/监督角度,解决稀疏视角几何不稳定,SLAM / pose graph / online mapping pipeline,DROID-SLAM,DROID-SLAM 针对「解决稀疏视角几何不稳定」，从「训练/监督角度」切入，主要采用「SLAM / pose graph / online mapping pipeline」来服务「稀疏/单目/少视角 3D 重建」。,/Volumes/UBag/Documents/l40server_mirror/lyra/Lyra-2/paper_collection_3d4d_reconstruction_2026_04_26/boardmix_mindmap/method_figures/2108.10869_DROID-SLAM.png,/Volumes/UBag/Documents/l40server_mirror/lyra/Lyra-2/paper_collection_3d4d_reconstruction_2026_04_26/pdfs/2022_DROID_SLAM_Deep_Visual_SLAM_for_Monocular_Stereo_and_RGB_D_Cameras_2108.10869.pdf,https://github.com/princeton-vl/DROID-SLAM,code_link_found_not_audited,"Codex:3D-Reconstruction, Codex:3D4D-Reconstruction"
2111.12077,Mip-NeRF 360: Unbounded Anti-Aliased Neural Radiance Fields,curated-pre2026,多视角几何/表面/场景重建,表示/几何角度,提升几何一致性/表面质量,NeRF/辐射场/体渲染,Mip-NeRF 360,Mip-NeRF 360 针对「提升几何一致性/表面质量」，从「表示/几何角度」切入，主要采用「NeRF/辐射场/体渲染」来服务「多视角几何/表面/场景重建」。,/Volumes/UBag/Documents/l40server_mirror/lyra/Lyra-2/paper_collection_3d4d_reconstruction_2026_04_26/boardmix_mindmap/method_figures/2111.12077_Mip-NeRF_360.png,/Volumes/UBag/Documents/l40server_mirror/lyra/Lyra-2/paper_collection_3d4d_reconstruction_2026_04_26/pdfs/2022_Mip_NeRF_360_Unbounded_Anti_Aliased_Neural_Radiance_Fields_2111.12077.pdf,http://github.com/google-research/google-research/tree/master/jaxnerf,code_link_found_not_audited,"Codex:3D-Reconstruction, Codex:3D4D-Reconstruction"
2112.12130,NICE-SLAM: Neural Implicit Scalable Encoding for SLAM,curated-pre2026,实时/大规模/高效 3D 表示,训练/监督角度,接入 SLAM/机器人闭环系统,SLAM / pose graph / online mapping pipeline,NICE-SLAM,NICE-SLAM 针对「接入 SLAM/机器人闭环系统」，从「训练/监督角度」切入，主要采用「SLAM / pose graph / online mapping pipeline」来服务「实时/大规模/高效 3D 表示」。,/Volumes/UBag/Documents/l40server_mirror/lyra/Lyra-2/paper_collection_3d4d_reconstruction_2026_04_26/boardmix_mindmap/method_figures/2112.12130_NICE-SLAM.png,/Volumes/UBag/Documents/l40server_mirror/lyra/Lyra-2/paper_collection_3d4d_reconstruction_2026_04_26/pdfs/2022_NICE_SLAM_Neural_Implicit_Scalable_Encoding_for_SLAM_2112.12130.pdf,https://github.com/cvg/nice-slam,code_link_found_not_audited,Codex:3D4D-Reconstruction
2103.02597,Neural 3D Video Synthesis from Multi-view Video,curated-pre2026,动态场景与 4D 重建,时空/动态角度,建模运动/形变/时间一致性,Pruning / compression / progressive coding,Neural 3D Video Synthesis from Multi-view Video,Neural 3D Video Synthesis from Multi-view Video 针对「建模运动/形变/时间一致性」，从「时空/动态角度」切入，主要采用「Pruning / compression / progressive coding」来服务「动态场景与 4D 重建」。,/Volumes/UBag/Documents/l40server_mirror/lyra/Lyra-2/paper_collection_3d4d_reconstruction_2026_04_26/boardmix_mindmap/method_figures/2103.02597_Neural_3D_Video_Synthesis_from_Multi-view_Video.png,/Volumes/UBag/Documents/l40server_mirror/lyra/Lyra-2/paper_collection_3d4d_reconstruction_2026_04_26/pdfs/2022_Neural_3D_Video_Synthesis_from_Multi_view_Video_2103.02597.pdf,https://github.com/facebookresearch/Neural_3D_Video,code_link_found_not_audited,"Codex:3D-Reconstruction, Codex:3D4D-Reconstruction"
2201.05989,Instant Neural Graphics Primitives with a Multiresolution Hash Encoding,curated-pre2026,动态场景与 4D 重建,内存/存储角度,降低显存/存储/模型体积,Pruning / compression / progressive coding,本文方法,本文方法 针对「降低显存/存储/模型体积」，从「内存/存储角度」切入，主要采用「Pruning / compression / progressive coding」来服务「动态场景与 4D 重建」。,/Volumes/UBag/Documents/l40server_mirror/lyra/Lyra-2/paper_collection_3d4d_reconstruction_2026_04_26/boardmix_mindmap/method_figures/2201.05989_paper.png,/Volumes/UBag/Documents/l40server_mirror/lyra/Lyra-2/paper_collection_3d4d_reconstruction_2026_04_26/pdfs/2022_Instant_Neural_Graphics_Primitives_with_a_Multiresolution_Hash_Encoding_2201.05989.pdf,https://github.com/NVlabs/instant-ngp,code_link_found_not_audited,Codex:3D4D-Reconstruction
2205.15285,Fast Dynamic Radiance Fields with Time-Aware Neural Voxels,curated-pre2026,动态场景与 4D 重建,时空/动态角度,建模运动/形变/时间一致性,Motion decomposition / canonical space / deformation,Time-Aware,Time-Aware 针对「建模运动/形变/时间一致性」，从「时空/动态角度」切入，主要采用「Motion decomposition / canonical space / deformation」来服务「动态场景与 4D 重建」。,/Volumes/UBag/Documents/l40server_mirror/lyra/Lyra-2/paper_collection_3d4d_reconstruction_2026_04_26/boardmix_mindmap/method_figures/2205.15285_Time-Aware.png,/Volumes/UBag/Documents/l40server_mirror/lyra/Lyra-2/paper_collection_3d4d_reconstruction_2026_04_26/pdfs/2022_Fast_Dynamic_Radiance_Fields_with_Time_Aware_Neural_Voxels_2205.15285.pdf,,code_link_found_not_audited,"Codex:3D-Reconstruction, Codex:3D4D-Reconstruction"
2209.14988,DreamFusion: Text-to-3D using 2D Diffusion,curated-pre2026,生成式 3D/4D 内容与仿真,训练/监督角度,建模运动/形变/时间一致性,NeRF/辐射场/体渲染,DreamFusion,DreamFusion 针对「建模运动/形变/时间一致性」，从「训练/监督角度」切入，主要采用「NeRF/辐射场/体渲染」来服务「生成式 3D/4D 内容与仿真」。,/Volumes/UBag/Documents/l40server_mirror/lyra/Lyra-2/paper_collection_3d4d_reconstruction_2026_04_26/boardmix_mindmap/method_figures/2209.14988_DreamFusion.png,/Volumes/UBag/Documents/l40server_mirror/lyra/Lyra-2/paper_collection_3d4d_reconstruction_2026_04_26/pdfs/2022_DreamFusion_Text_to_3D_using_2D_Diffusion_2209.14988.pdf,https://github.com/google-research/multinerf,code_link_found_not_audited,"Codex:3D-Reconstruction, Codex:3D4D-Reconstruction"
2206.00665,MonoSDF: Exploring Monocular Geometric Cues for Neural Implicit Surface Reconstruction,curated-pre2026,多视角几何/表面/场景重建,表示/几何角度,提升几何一致性/表面质量,SDF/隐式表面/网格/点云,MonoSDF,MonoSDF 针对「提升几何一致性/表面质量」，从「表示/几何角度」切入，主要采用「SDF/隐式表面/网格/点云」来服务「多视角几何/表面/场景重建」。,/Volumes/UBag/Documents/l40server_mirror/lyra/Lyra-2/paper_collection_3d4d_reconstruction_2026_04_26/boardmix_mindmap/method_figures/2206.00665_MonoSDF.png,/Volumes/UBag/Documents/l40server_mirror/lyra/Lyra-2/paper_collection_3d4d_reconstruction_2026_04_26/pdfs/2022_MonoSDF_Exploring_Monocular_Geometric_Cues_for_Neural_Implicit_Surface_Reconstruction_2206.00665.pdf,https://github.com/autonomousvision/monosdf,code_link_found_not_audited,"Codex:3D-Reconstruction, Codex:3D4D-Reconstruction"
2106.10689,NeuS: Learning Neural Implicit Surfaces by Volume Rendering for Multi-view Reconstruction,curated-pre2026,多视角几何/表面/场景重建,表示/几何角度,提升几何一致性/表面质量,SDF/隐式表面/网格/点云,NeuS,NeuS 针对「提升几何一致性/表面质量」，从「表示/几何角度」切入，主要采用「SDF/隐式表面/网格/点云」来服务「多视角几何/表面/场景重建」。,/Volumes/UBag/Documents/l40server_mirror/lyra/Lyra-2/paper_collection_3d4d_reconstruction_2026_04_26/boardmix_mindmap/method_figures/2106.10689_NeuS.png,/Volumes/UBag/Documents/l40server_mirror/lyra/Lyra-2/paper_collection_3d4d_reconstruction_2026_04_26/pdfs/2023_NeuS_Learning_Neural_Implicit_Surfaces_by_Volume_Rendering_for_Multi_view_Reconstruction_2106.10689.pdf,,no_code_link_found,"Codex:3D-Reconstruction, Codex:3D4D-Reconstruction"
2303.11328,Zero-1-to-3: Zero-shot One Image to 3D Object,curated-pre2026,稀疏/单目/少视角 3D 重建,训练/监督角度,解决稀疏视角几何不稳定,Pruning / compression / progressive coding,Zero-1-to-3,Zero-1-to-3 针对「解决稀疏视角几何不稳定」，从「训练/监督角度」切入，主要采用「Pruning / compression / progressive coding」来服务「稀疏/单目/少视角 3D 重建」。,/Volumes/UBag/Documents/l40server_mirror/lyra/Lyra-2/paper_collection_3d4d_reconstruction_2026_04_26/boardmix_mindmap/method_figures/2303.11328_Zero-1-to-3.png,/Volumes/UBag/Documents/l40server_mirror/lyra/Lyra-2/paper_collection_3d4d_reconstruction_2026_04_26/pdfs/2023_Zero_1_to_3_Zero_shot_One_Image_to_3D_Object_2303.11328.pdf,https://github.com/allenai/objaverse-rendering,code_link_found_not_audited,"Codex:3D-Reconstruction, Codex:3D4D-Reconstruction"
2301.10241,"K-Planes: Explicit Radiance Fields in Space, Time, and Appearance",curated-pre2026,动态场景与 4D 重建,时空/动态角度,建模运动/形变/时间一致性,SLAM / pose graph / online mapping pipeline,K-Planes,K-Planes 针对「建模运动/形变/时间一致性」，从「时空/动态角度」切入，主要采用「SLAM / pose graph / online mapping pipeline」来服务「动态场景与 4D 重建」。,/Volumes/UBag/Documents/l40server_mirror/lyra/Lyra-2/paper_collection_3d4d_reconstruction_2026_04_26/boardmix_mindmap/method_figures/2301.10241_K-Planes.png,/Volumes/UBag/Documents/l40server_mirror/lyra/Lyra-2/paper_collection_3d4d_reconstruction_2026_04_26/pdfs/2023_K_Planes_Explicit_Radiance_Fields_in_Space_Time_and_Appearance_2301.10241.pdf,https://github.com/sarafridov/K-Planes,code_link_found_not_audited,"Codex:3D-Reconstruction, Codex:3D4D-Reconstruction"
2301.09632,HexPlane: A Fast Representation for Dynamic Scenes,curated-pre2026,实时/大规模/高效 3D 表示,训练/监督角度,建模运动/形变/时间一致性,NeRF/辐射场/体渲染,HexPlane,HexPlane 针对「建模运动/形变/时间一致性」，从「训练/监督角度」切入，主要采用「NeRF/辐射场/体渲染」来服务「实时/大规模/高效 3D 表示」。,/Volumes/UBag/Documents/l40server_mirror/lyra/Lyra-2/paper_collection_3d4d_reconstruction_2026_04_26/boardmix_mindmap/method_figures/2301.09632_HexPlane.png,/Volumes/UBag/Documents/l40server_mirror/lyra/Lyra-2/paper_collection_3d4d_reconstruction_2026_04_26/pdfs/2023_HexPlane_A_Fast_Representation_for_Dynamic_Scenes_2301.09632.pdf,https://github.com/Caoang327/HexPlane,code_link_found_not_audited,Codex:3D4D-Reconstruction
2308.04079,3D Gaussian Splatting for Real-Time Radiance Field Rendering,curated-pre2026,实时/大规模/高效 3D 表示,计算角度,减少优化/采样/渲染步骤,Gaussian Splatting 表示与正则化,Real-Time,Real-Time 针对「减少优化/采样/渲染步骤」，从「计算角度」切入，主要采用「Gaussian Splatting 表示与正则化」来服务「实时/大规模/高效 3D 表示」。,/Volumes/UBag/Documents/l40server_mirror/lyra/Lyra-2/paper_collection_3d4d_reconstruction_2026_04_26/boardmix_mindmap/method_figures/2308.04079_Real-Time.png,/Volumes/UBag/Documents/l40server_mirror/lyra/Lyra-2/paper_collection_3d4d_reconstruction_2026_04_26/pdfs/2023_3D_Gaussian_Splatting_for_Real_Time_Radiance_Field_Rendering_2308.04079.pdf,,code_link_found_not_audited,"Codex:3D-Reconstruction, Codex:3D4D-Reconstruction"
2308.09713,Dynamic 3D Gaussians: Tracking by Persistent Dynamic View Synthesis,curated-pre2026,动态场景与 4D 重建,时空/动态角度,建模运动/形变/时间一致性,Motion decomposition / canonical space / deformation,Dynamic 3D Gaussians,Dynamic 3D Gaussians 针对「建模运动/形变/时间一致性」，从「时空/动态角度」切入，主要采用「Motion decomposition / canonical space / deformation」来服务「动态场景与 4D 重建」。,/Volumes/UBag/Documents/l40server_mirror/lyra/Lyra-2/paper_collection_3d4d_reconstruction_2026_04_26/boardmix_mindmap/method_figures/2308.09713_Dynamic_3D_Gaussians.png,/Volumes/UBag/Documents/l40server_mirror/lyra/Lyra-2/paper_collection_3d4d_reconstruction_2026_04_26/pdfs/2023_Dynamic_3D_Gaussians_Tracking_by_Persistent_Dynamic_View_Synthesis_2308.09713.pdf,https://github.com/JonathonLuiten/Dynamic3DGaussians,code_link_found_not_audited,"Codex:3D-Reconstruction, Codex:3D4D-Reconstruction, Codex:4D-Reconstruction"
2310.11448,4K4D: Real-Time 4D View Synthesis at 4K Resolution,curated-pre2026,实时/大规模/高效 3D 表示,时空/动态角度,建模运动/形变/时间一致性,SLAM / pose graph / online mapping pipeline,4K4D,4K4D 针对「建模运动/形变/时间一致性」，从「时空/动态角度」切入，主要采用「SLAM / pose graph / online mapping pipeline」来服务「实时/大规模/高效 3D 表示」。,/Volumes/UBag/Documents/l40server_mirror/lyra/Lyra-2/paper_collection_3d4d_reconstruction_2026_04_26/boardmix_mindmap/method_figures/2310.11448_4K4D.png,/Volumes/UBag/Documents/l40server_mirror/lyra/Lyra-2/paper_collection_3d4d_reconstruction_2026_04_26/pdfs/2023_4K4D_Real_Time_4D_View_Synthesis_at_4K_Resolution_2310.11448.pdf,https://github.com/zju3dv/4K4D,code_link_found_not_audited,Codex:3D4D-Reconstruction
2309.13101,Deformable 3D Gaussians for High-Fidelity Monocular Dynamic Scene Reconstruction,curated-pre2026,动态场景与 4D 重建,时空/动态角度,建模运动/形变/时间一致性,Motion decomposition / canonical space / deformation,High-Fidelity,High-Fidelity 针对「建模运动/形变/时间一致性」，从「时空/动态角度」切入，主要采用「Motion decomposition / canonical space / deformation」来服务「动态场景与 4D 重建」。,/Volumes/UBag/Documents/l40server_mirror/lyra/Lyra-2/paper_collection_3d4d_reconstruction_2026_04_26/boardmix_mindmap/method_figures/2309.13101_High-Fidelity.png,/Volumes/UBag/Documents/l40server_mirror/lyra/Lyra-2/paper_collection_3d4d_reconstruction_2026_04_26/pdfs/2023_Deformable_3D_Gaussians_for_High_Fidelity_Monocular_Dynamic_Scene_Reconstruction_2309.13101.pdf,https://github.com/ingra14m/Deformable-3D-Gaussians,code_link_found_not_audited,"Codex:3D-Reconstruction, Codex:3D4D-Reconstruction, Codex:4D-Reconstruction"
2402.05054,LGM: Large Multi-View Gaussian Model for High-Resolution 3D Content Creation,curated-pre2026,生成式 3D/4D 内容与仿真,计算角度,减少优化/采样/渲染步骤,SLAM / pose graph / online mapping pipeline,LGM,LGM 针对「减少优化/采样/渲染步骤」，从「计算角度」切入，主要采用「SLAM / pose graph / online mapping pipeline」来服务「生成式 3D/4D 内容与仿真」。,/Volumes/UBag/Documents/l40server_mirror/lyra/Lyra-2/paper_collection_3d4d_reconstruction_2026_04_26/boardmix_mindmap/method_figures/2402.05054_LGM.png,/Volumes/UBag/Documents/l40server_mirror/lyra/Lyra-2/paper_collection_3d4d_reconstruction_2026_04_26/pdfs/2024_LGM_Large_Multi_View_Gaussian_Model_for_High_Resolution_3D_Content_Creation_2402.05054.pdf,,code_link_found_not_audited,Codex:3D4D-Reconstruction
2312.16812,Spacetime Gaussian Feature Splatting for Real-Time Dynamic View Synthesis,curated-pre2026,动态场景与 4D 重建,时空/动态角度,建模运动/形变/时间一致性,Motion decomposition / canonical space / deformation,Real-Time,Real-Time 针对「建模运动/形变/时间一致性」，从「时空/动态角度」切入，主要采用「Motion decomposition / canonical space / deformation」来服务「动态场景与 4D 重建」。,/Volumes/UBag/Documents/l40server_mirror/lyra/Lyra-2/paper_collection_3d4d_reconstruction_2026_04_26/boardmix_mindmap/method_figures/2312.16812_Real-Time.png,/Volumes/UBag/Documents/l40server_mirror/lyra/Lyra-2/paper_collection_3d4d_reconstruction_2026_04_26/pdfs/2024_Spacetime_Gaussian_Feature_Splatting_for_Real_Time_Dynamic_View_Synthesis_2312.16812.pdf,https://github.com/oppo-us-research/SpacetimeGaussians,code_link_found_not_audited,"Codex:3D-Reconstruction, Codex:3D4D-Reconstruction, Codex:4D-Reconstruction"
2309.03453,SyncDreamer: Generating Multiview-consistent Images from a Single-view Image,curated-pre2026,生成式 3D/4D 内容与仿真,训练/监督角度,提升几何一致性/表面质量,SLAM / pose graph / online mapping pipeline,SyncDreamer,SyncDreamer 针对「提升几何一致性/表面质量」，从「训练/监督角度」切入，主要采用「SLAM / pose graph / online mapping pipeline」来服务「生成式 3D/4D 内容与仿真」。,/Volumes/UBag/Documents/l40server_mirror/lyra/Lyra-2/paper_collection_3d4d_reconstruction_2026_04_26/boardmix_mindmap/method_figures/2309.03453_SyncDreamer.png,/Volumes/UBag/Documents/l40server_mirror/lyra/Lyra-2/paper_collection_3d4d_reconstruction_2026_04_26/pdfs/2024_SyncDreamer_Generating_Multiview_consistent_Images_from_a_Single_view_Image_2309.03453.pdf,https://github.com/liuyuan-pal/SyncDreamer,code_link_found_not_audited,Codex:3D4D-Reconstruction
2405.10314,CAT3D: Create Anything in 3D with Multi-View Diffusion Models,curated-pre2026,多视角几何/表面/场景重建,时空/动态角度,解决稀疏视角几何不稳定,Diffusion/生成先验/视频模型,CAT3D,CAT3D 针对「解决稀疏视角几何不稳定」，从「时空/动态角度」切入，主要采用「Diffusion/生成先验/视频模型」来服务「多视角几何/表面/场景重建」。,/Volumes/UBag/Documents/l40server_mirror/lyra/Lyra-2/paper_collection_3d4d_reconstruction_2026_04_26/boardmix_mindmap/method_figures/2405.10314_CAT3D.png,/Volumes/UBag/Documents/l40server_mirror/lyra/Lyra-2/paper_collection_3d4d_reconstruction_2026_04_26/pdfs/2024_CAT3D_Create_Anything_in_3D_with_Multi_View_Diffusion_Models_2405.10314.pdf,,code_link_found_not_audited,"Codex:3D-Reconstruction, Codex:3D4D-Reconstruction"
2406.09756,Grounding Image Matching in 3D with MASt3R,curated-pre2026,实时/大规模/高效 3D 表示,计算角度,减少优化/采样/渲染步骤,Feed-forward / Transformer / Foundation Model,Grounding Image Matching in 3D with MASt3R,Grounding Image Matching in 3D with MASt3R 针对「减少优化/采样/渲染步骤」，从「计算角度」切入，主要采用「Feed-forward / Transformer / Foundation Model」来服务「实时/大规模/高效 3D 表示」。,/Volumes/UBag/Documents/l40server_mirror/lyra/Lyra-2/paper_collection_3d4d_reconstruction_2026_04_26/boardmix_mindmap/method_figures/2406.09756_Grounding_Image_Matching_in_3D_with_MASt3R.png,/Volumes/UBag/Documents/l40server_mirror/lyra/Lyra-2/paper_collection_3d4d_reconstruction_2026_04_26/pdfs/2024_Grounding_Image_Matching_in_3D_with_MASt3R_2406.09756.pdf,https://github.com/naver/mast3r,code_link_found_not_audited,"Codex:3D-Reconstruction, Codex:3D4D-Reconstruction"
2310.08528,4D Gaussian Splatting for Real-Time Dynamic Scene Rendering,curated-pre2026,动态场景与 4D 重建,时空/动态角度,建模运动/形变/时间一致性,Motion decomposition / canonical space / deformation,Real-Time,Real-Time 针对「建模运动/形变/时间一致性」，从「时空/动态角度」切入，主要采用「Motion decomposition / canonical space / deformation」来服务「动态场景与 4D 重建」。,/Volumes/UBag/Documents/l40server_mirror/lyra/Lyra-2/paper_collection_3d4d_reconstruction_2026_04_26/boardmix_mindmap/method_figures/2310.08528_Real-Time.png,/Volumes/UBag/Documents/l40server_mirror/lyra/Lyra-2/paper_collection_3d4d_reconstruction_2026_04_26/pdfs/2024_4D_Gaussian_Splatting_for_Real_Time_Dynamic_Scene_Rendering_2310.08528.pdf,https://github.com/hustvl/4DGaussians,code_link_found_not_audited,"Codex:3D-Reconstruction, Codex:3D4D-Reconstruction, Codex:4D-Reconstruction"
2312.14132,DUSt3R: Geometric 3D Vision Made Easy,curated-pre2026,多视角几何/表面/场景重建,数据/传感角度,解决稀疏视角几何不稳定,Feed-forward / Transformer / Foundation Model,DUSt3R,DUSt3R 针对「解决稀疏视角几何不稳定」，从「数据/传感角度」切入，主要采用「Feed-forward / Transformer / Foundation Model」来服务「多视角几何/表面/场景重建」。,/Volumes/UBag/Documents/l40server_mirror/lyra/Lyra-2/paper_collection_3d4d_reconstruction_2026_04_26/boardmix_mindmap/method_figures/2312.14132_DUSt3R.png,/Volumes/UBag/Documents/l40server_mirror/lyra/Lyra-2/paper_collection_3d4d_reconstruction_2026_04_26/pdfs/2024_DUSt3R_Geometric_3D_Vision_Made_Easy_2312.14132.pdf,https://github.com/cdcseacave/openMVS,code_link_found_not_audited,"Codex:3D-Reconstruction, Codex:3D4D-Reconstruction"
2503.11651,VGGT: Visual Geometry Grounded Transformer,curated-pre2026,多视角几何/表面/场景重建,表示/几何角度,提升几何一致性/表面质量,Feed-forward / Transformer / Foundation Model,VGGT,VGGT 针对「提升几何一致性/表面质量」，从「表示/几何角度」切入，主要采用「Feed-forward / Transformer / Foundation Model」来服务「多视角几何/表面/场景重建」。,/Volumes/UBag/Documents/l40server_mirror/lyra/Lyra-2/paper_collection_3d4d_reconstruction_2026_04_26/boardmix_mindmap/method_figures/2503.11651_VGGT.png,/Volumes/UBag/Documents/l40server_mirror/lyra/Lyra-2/paper_collection_3d4d_reconstruction_2026_04_26/pdfs/2025_VGGT_Visual_Geometry_Grounded_Transformer_2503.11651.pdf,https://github.com/facebookresearch/vggt,code_link_found_not_audited,"Codex:3D-Reconstruction, Codex:3D4D-Reconstruction"
2410.03825,MonST3R: A Simple Approach for Estimating Geometry in the Presence of Motion,curated-pre2026,动态场景与 4D 重建,时空/动态角度,建模运动/形变/时间一致性,Motion decomposition / canonical space / deformation,MonST3R,MonST3R 针对「建模运动/形变/时间一致性」，从「时空/动态角度」切入，主要采用「Motion decomposition / canonical space / deformation」来服务「动态场景与 4D 重建」。,/Volumes/UBag/Documents/l40server_mirror/lyra/Lyra-2/paper_collection_3d4d_reconstruction_2026_04_26/boardmix_mindmap/method_figures/2410.03825_MonST3R.png,/Volumes/UBag/Documents/l40server_mirror/lyra/Lyra-2/paper_collection_3d4d_reconstruction_2026_04_26/pdfs/2025_MonST3R_A_Simple_Approach_for_Estimating_Geometry_in_the_Presence_of_Motion_2410.03825.pdf,https://github.com/Junyi42/monst3r,code_link_found_not_audited,Codex:3D4D-Reconstruction
2503.18945,Aether: Geometric-Aware Unified World Modeling,curated-pre2026,生成式 3D/4D 内容与仿真,生成/世界模型角度,提升可控生成/世界演化预测,Diffusion/生成先验/视频模型,Aether,Aether 针对「提升可控生成/世界演化预测」，从「生成/世界模型角度」切入，主要采用「Diffusion/生成先验/视频模型」来服务「生成式 3D/4D 内容与仿真」。,/Volumes/UBag/Documents/l40server_mirror/lyra/Lyra-2/paper_collection_3d4d_reconstruction_2026_04_26/boardmix_mindmap/method_figures/2503.18945_Aether.png,/Volumes/UBag/Documents/l40server_mirror/lyra/Lyra-2/paper_collection_3d4d_reconstruction_2026_04_26/pdfs/2025_Aether_Geometric_Aware_Unified_World_Modeling_2503.18945.pdf,https://github.com/OpenRobotLab/Aether,code_link_found_not_audited,Codex:3D4D-Reconstruction
2602.19182,Thin Plate Spline Surface Reconstruction via the Method of Matched Sections,2026-arxiv,多视角几何/表面/场景重建,表示/几何角度,降低显存/存储/模型体积,SDF/隐式表面/网格/点云,本文方法,本文方法 针对「降低显存/存储/模型体积」，从「表示/几何角度」切入，主要采用「SDF/隐式表面/网格/点云」来服务「多视角几何/表面/场景重建」。,/Volumes/UBag/Documents/l40server_mirror/lyra/Lyra-2/paper_collection_3d4d_reconstruction_2026_04_26/boardmix_mindmap/method_figures/2602.19182_paper.png,/Volumes/UBag/Documents/l40server_mirror/lyra/Lyra-2/paper_collection_3d4d_reconstruction_2026_04_26/pdfs/2025_Thin_Plate_Spline_Surface_Reconstruction_via_the_Method_of_Matched_Sections_2602.19182.pdf,,no_code_link_found,"Codex:3D-Reconstruction, Codex:3D4D-Reconstruction"
2602.06044,COSMOS: Coherent Supergaussian Modeling with Spatial Priors for Sparse-View 3D Splatting,2026-arxiv,多视角几何/表面/场景重建,表示/几何角度,解决稀疏视角几何不稳定,Gaussian Splatting 表示与正则化,COSMOS,COSMOS 针对「解决稀疏视角几何不稳定」，从「表示/几何角度」切入，主要采用「Gaussian Splatting 表示与正则化」来服务「多视角几何/表面/场景重建」。,/Volumes/UBag/Documents/l40server_mirror/lyra/Lyra-2/paper_collection_3d4d_reconstruction_2026_04_26/boardmix_mindmap/method_figures/2602.06044_COSMOS.png,/Volumes/UBag/Documents/l40server_mirror/lyra/Lyra-2/paper_collection_3d4d_reconstruction_2026_04_26/pdfs/2025_COSMOS_Coherent_Supergaussian_Modeling_with_Spatial_Priors_for_Sparse_View_3D_Splatting_2602.06044.pdf,,code_link_found_not_audited,"Codex:3D-Reconstruction, Codex:3D4D-Reconstruction"
2601.00012,Neural Brain Fields: A NeRF-Inspired Approach for Generating Nonexistent EEG Electrodes,2026-arxiv,领域/传感器特化重建,表示/几何角度,适配特殊传感器/行业场景,NeRF/辐射场/体渲染,Neural Brain Fields,Neural Brain Fields 针对「适配特殊传感器/行业场景」，从「表示/几何角度」切入，主要采用「NeRF/辐射场/体渲染」来服务「领域/传感器特化重建」。,/Volumes/UBag/Documents/l40server_mirror/lyra/Lyra-2/paper_collection_3d4d_reconstruction_2026_04_26/boardmix_mindmap/method_figures/2601.00012_Neural_Brain_Fields.png,/Volumes/UBag/Documents/l40server_mirror/lyra/Lyra-2/paper_collection_3d4d_reconstruction_2026_04_26/pdfs/2025_Neural_Brain_Fields_A_NeRF_Inspired_Approach_for_Generating_Nonexistent_EEG_Electrodes_2601.00012.pdf,https://github.com/Shaharak88/neural-brain-fields,code_link_found_not_audited,"Codex:3D-Reconstruction, Codex:3D4D-Reconstruction"
2603.15622,SAC-NeRF: Adaptive Ray Sampling for Neural Radiance Fields via Soft Actor-Critic Reinforcement Learning,2026-arxiv,稀疏/单目/少视角 3D 重建,表示/几何角度,减少优化/采样/渲染步骤,NeRF/辐射场/体渲染,SAC-NeRF,SAC-NeRF 针对「减少优化/采样/渲染步骤」，从「表示/几何角度」切入，主要采用「NeRF/辐射场/体渲染」来服务「稀疏/单目/少视角 3D 重建」。,/Volumes/UBag/Documents/l40server_mirror/lyra/Lyra-2/paper_collection_3d4d_reconstruction_2026_04_26/boardmix_mindmap/method_figures/2603.15622_SAC-NeRF.png,/Volumes/UBag/Documents/l40server_mirror/lyra/Lyra-2/paper_collection_3d4d_reconstruction_2026_04_26/pdfs/2025_SAC_NeRF_Adaptive_Ray_Sampling_for_Neural_Radiance_Fields_via_Soft_Actor_Critic_Reinforcem_2603.15622.pdf,,no_code_link_found,"Codex:3D-Reconstruction, Codex:3D4D-Reconstruction"
2601.00051,TeleWorld: Towards Dynamic Multimodal Synthesis with a 4D World Model,2026-arxiv,生成式 3D/4D 内容与仿真,时空/动态角度,提升可控生成/世界演化预测,Diffusion/生成先验/视频模型,TeleWorld,TeleWorld 针对「提升可控生成/世界演化预测」，从「时空/动态角度」切入，主要采用「Diffusion/生成先验/视频模型」来服务「生成式 3D/4D 内容与仿真」。,/Volumes/UBag/Documents/l40server_mirror/lyra/Lyra-2/paper_collection_3d4d_reconstruction_2026_04_26/boardmix_mindmap/method_figures/2601.00051_TeleWorld.png,/Volumes/UBag/Documents/l40server_mirror/lyra/Lyra-2/paper_collection_3d4d_reconstruction_2026_04_26/pdfs/2025_TeleWorld_Towards_Dynamic_Multimodal_Synthesis_with_a_4D_World_Model_2601.00051.pdf,,no_code_link_found,"Codex:3D+4D-Evolution, Codex:3D-Reconstruction, Codex:3D4D-Reconstruction, Codex:4D-Reconstruction"
2601.00913,Clean-GS: Semantic Mask-Guided Pruning for 3D Gaussian Splatting,2026-arxiv,实时/大规模/高效 3D 表示,内存/存储角度,降低显存/存储/模型体积,Pruning / compression / progressive coding,Clean-GS,Clean-GS 针对「降低显存/存储/模型体积」，从「内存/存储角度」切入，主要采用「Pruning / compression / progressive coding」来服务「实时/大规模/高效 3D 表示」。,/Volumes/UBag/Documents/l40server_mirror/lyra/Lyra-2/paper_collection_3d4d_reconstruction_2026_04_26/boardmix_mindmap/method_figures/2601.00913_Clean-GS.png,/Volumes/UBag/Documents/l40server_mirror/lyra/Lyra-2/paper_collection_3d4d_reconstruction_2026_04_26/pdfs/2026_Clean_GS_Semantic_Mask_Guided_Pruning_for_3D_Gaussian_Splatting_2601.00913.pdf,https://github.com/smlab-niser/clean-gs,code_link_found_not_audited,"Codex:3D-Reconstruction, Codex:3D4D-Reconstruction"
2601.00207,CropNeRF: A Neural Radiance Field-Based Framework for Crop Counting,2026-arxiv,领域/传感器特化重建,表示/几何角度,适配特殊传感器/行业场景,NeRF/辐射场/体渲染,CropNeRF,CropNeRF 针对「适配特殊传感器/行业场景」，从「表示/几何角度」切入，主要采用「NeRF/辐射场/体渲染」来服务「领域/传感器特化重建」。,/Volumes/UBag/Documents/l40server_mirror/lyra/Lyra-2/paper_collection_3d4d_reconstruction_2026_04_26/boardmix_mindmap/method_figures/2601.00207_CropNeRF.png,/Volumes/UBag/Documents/l40server_mirror/lyra/Lyra-2/paper_collection_3d4d_reconstruction_2026_04_26/pdfs/2026_CropNeRF_A_Neural_Radiance_Field_Based_Framework_for_Crop_Counting_2601.00207.pdf,https://github.com/robotic-vision-lab/CropNeRF-A-Neural-Radiance-Field-Based-Framework,code_link_found_not_audited,"Codex:3D-Reconstruction, Codex:3D4D-Reconstruction"
2601.00328,Joint Geometry-Appearance Human Reconstruction in a Unified Latent Space via Bridge Diffusion,2026-arxiv,生成式 3D/4D 内容与仿真,训练/监督角度,降低显存/存储/模型体积,Pruning / compression / progressive coding,Geometry-Appearance,Geometry-Appearance 针对「降低显存/存储/模型体积」，从「训练/监督角度」切入，主要采用「Pruning / compression / progressive coding」来服务「生成式 3D/4D 内容与仿真」。,/Volumes/UBag/Documents/l40server_mirror/lyra/Lyra-2/paper_collection_3d4d_reconstruction_2026_04_26/boardmix_mindmap/method_figures/2601.00328_Geometry-Appearance.png,/Volumes/UBag/Documents/l40server_mirror/lyra/Lyra-2/paper_collection_3d4d_reconstruction_2026_04_26/pdfs/2026_Joint_Geometry_Appearance_Human_Reconstruction_in_a_Unified_Latent_Space_via_Bridge_Diffus_2601.00328.pdf,https://github.com/haiantyz/JGA-LBD,code_link_found_not_audited,"Codex:3D-Reconstruction, Codex:3D4D-Reconstruction"
2601.00796,AdaGaR: Adaptive Gabor Representation for Dynamic Scene Reconstruction,2026-arxiv,动态场景与 4D 重建,时空/动态角度,建模运动/形变/时间一致性,Motion decomposition / canonical space / deformation,AdaGaR,AdaGaR 针对「建模运动/形变/时间一致性」，从「时空/动态角度」切入，主要采用「Motion decomposition / canonical space / deformation」来服务「动态场景与 4D 重建」。,/Volumes/UBag/Documents/l40server_mirror/lyra/Lyra-2/paper_collection_3d4d_reconstruction_2026_04_26/boardmix_mindmap/method_figures/2601.00796_AdaGaR.png,/Volumes/UBag/Documents/l40server_mirror/lyra/Lyra-2/paper_collection_3d4d_reconstruction_2026_04_26/pdfs/2026_AdaGaR_Adaptive_Gabor_Representation_for_Dynamic_Scene_Reconstruction_2601.00796.pdf,https://github.com/JiewenChan/Adaptive_Gabor_Video_Representation,code_link_found_not_audited,"Codex:3D-Reconstruction, Codex:3D4D-Reconstruction, Codex:4D-Reconstruction"
2601.00678,Pixel-to-4D: Camera-Controlled Image-to-Video Generation with Dynamic 3D Gaussians,2026-arxiv,动态场景与 4D 重建,时空/动态角度,建模运动/形变/时间一致性,Motion decomposition / canonical space / deformation,Pixel-to-4D,Pixel-to-4D 针对「建模运动/形变/时间一致性」，从「时空/动态角度」切入，主要采用「Motion decomposition / canonical space / deformation」来服务「动态场景与 4D 重建」。,/Volumes/UBag/Documents/l40server_mirror/lyra/Lyra-2/paper_collection_3d4d_reconstruction_2026_04_26/boardmix_mindmap/method_figures/2601.00678_Pixel-to-4D.png,/Volumes/UBag/Documents/l40server_mirror/lyra/Lyra-2/paper_collection_3d4d_reconstruction_2026_04_26/pdfs/2026_Pixel_to_4D_Camera_Controlled_Image_to_Video_Generation_with_Dynamic_3D_Gaussians_2601.00678.pdf,,no_code_link_found,"Codex:3D4D-Reconstruction, Codex:4D-Reconstruction"
2601.01222,UniSH: Unifying Scene and Human Reconstruction in a Feed-Forward Pass,2026-arxiv,多视角几何/表面/场景重建,训练/监督角度,提升几何一致性/表面质量,SDF/隐式表面/网格/点云,UniSH,UniSH 针对「提升几何一致性/表面质量」，从「训练/监督角度」切入，主要采用「SDF/隐式表面/网格/点云」来服务「多视角几何/表面/场景重建」。,/Volumes/UBag/Documents/l40server_mirror/lyra/Lyra-2/paper_collection_3d4d_reconstruction_2026_04_26/boardmix_mindmap/method_figures/2601.01222_UniSH.png,/Volumes/UBag/Documents/l40server_mirror/lyra/Lyra-2/paper_collection_3d4d_reconstruction_2026_04_26/pdfs/2026_UniSH_Unifying_Scene_and_Human_Reconstruction_in_a_Feed_Forward_Pass_2601.01222.pdf,https://github.com/murphylmf/UniSH,code_link_found_not_audited,"Codex:3D-Reconstruction, Codex:3D4D-Reconstruction"
2601.01660,Animated 3DGS Avatars in Diverse Scenes with Consistent Lighting and Shadows,2026-arxiv,实时/大规模/高效 3D 表示,表示/几何角度,建模运动/形变/时间一致性,Gaussian Splatting 表示与正则化,本文方法,本文方法 针对「建模运动/形变/时间一致性」，从「表示/几何角度」切入，主要采用「Gaussian Splatting 表示与正则化」来服务「实时/大规模/高效 3D 表示」。,/Volumes/UBag/Documents/l40server_mirror/lyra/Lyra-2/paper_collection_3d4d_reconstruction_2026_04_26/boardmix_mindmap/method_figures/2601.01660_paper.png,/Volumes/UBag/Documents/l40server_mirror/lyra/Lyra-2/paper_collection_3d4d_reconstruction_2026_04_26/pdfs/2026_Animated_3DGS_Avatars_in_Diverse_Scenes_with_Consistent_Lighting_and_Shadows_2601.01660.pdf,,no_code_link_found,"Codex:3D-Reconstruction, Codex:3D4D-Reconstruction"
2601.01431,EdgeNeRF: Edge-Guided Regularization for Neural Radiance Fields from Sparse Views,2026-arxiv,多视角几何/表面/场景重建,表示/几何角度,提升几何一致性/表面质量,NeRF/辐射场/体渲染,EdgeNeRF,EdgeNeRF 针对「提升几何一致性/表面质量」，从「表示/几何角度」切入，主要采用「NeRF/辐射场/体渲染」来服务「多视角几何/表面/场景重建」。,/Volumes/UBag/Documents/l40server_mirror/lyra/Lyra-2/paper_collection_3d4d_reconstruction_2026_04_26/boardmix_mindmap/method_figures/2601.01431_EdgeNeRF.png,/Volumes/UBag/Documents/l40server_mirror/lyra/Lyra-2/paper_collection_3d4d_reconstruction_2026_04_26/pdfs/2026_EdgeNeRF_Edge_Guided_Regularization_for_Neural_Radiance_Fields_from_Sparse_Views_2601.01431.pdf,https://github.com/skyhigh404/edgenerf,code_link_found_not_audited,"Codex:3D-Reconstruction, Codex:3D4D-Reconstruction"
2601.01386,ParkGaussian: Surround-view 3D Gaussian Splatting for Autonomous Parking,2026-arxiv,SLAM/机器人/自动驾驶世界模型,表示/几何角度,提升几何一致性/表面质量,SLAM / pose graph / online mapping pipeline,ParkGaussian,ParkGaussian 针对「提升几何一致性/表面质量」，从「表示/几何角度」切入，主要采用「SLAM / pose graph / online mapping pipeline」来服务「SLAM/机器人/自动驾驶世界模型」。,/Volumes/UBag/Documents/l40server_mirror/lyra/Lyra-2/paper_collection_3d4d_reconstruction_2026_04_26/boardmix_mindmap/method_figures/2601.01386_ParkGaussian.png,/Volumes/UBag/Documents/l40server_mirror/lyra/Lyra-2/paper_collection_3d4d_reconstruction_2026_04_26/pdfs/2026_ParkGaussian_Surround_view_3D_Gaussian_Splatting_for_Autonomous_Parking_2601.01386.pdf,https://github.com/wm-research/ParkGaussian,code_link_found_not_audited,"Codex:3D-Reconstruction, Codex:3D4D-Reconstruction"
2601.00939,ShadowGS: Shadow-Aware 3D Gaussian Splatting for Satellite Imagery,2026-arxiv,稀疏/单目/少视角 3D 重建,训练/监督角度,解决稀疏视角几何不稳定,Gaussian Splatting 表示与正则化,ShadowGS,ShadowGS 针对「解决稀疏视角几何不稳定」，从「训练/监督角度」切入，主要采用「Gaussian Splatting 表示与正则化」来服务「稀疏/单目/少视角 3D 重建」。,/Volumes/UBag/Documents/l40server_mirror/lyra/Lyra-2/paper_collection_3d4d_reconstruction_2026_04_26/boardmix_mindmap/method_figures/2601.00939_ShadowGS.png,/Volumes/UBag/Documents/l40server_mirror/lyra/Lyra-2/paper_collection_3d4d_reconstruction_2026_04_26/pdfs/2026_ShadowGS_Shadow_Aware_3D_Gaussian_Splatting_for_Satellite_Imagery_2601.00939.pdf,,no_code_link_found,"Codex:3D-Reconstruction, Codex:3D4D-Reconstruction"
2601.02102,360-GeoGS: Geometrically Consistent Feed-Forward 3D Gaussian Splatting Reconstruction for 360 Images,2026-arxiv,多视角几何/表面/场景重建,表示/几何角度,提升几何一致性/表面质量,SDF/隐式表面/网格/点云,360-GeoGS,360-GeoGS 针对「提升几何一致性/表面质量」，从「表示/几何角度」切入，主要采用「SDF/隐式表面/网格/点云」来服务「多视角几何/表面/场景重建」。,/Volumes/UBag/Documents/l40server_mirror/lyra/Lyra-2/paper_collection_3d4d_reconstruction_2026_04_26/boardmix_mindmap/method_figures/2601.02102_360-GeoGS.png,/Volumes/UBag/Documents/l40server_mirror/lyra/Lyra-2/paper_collection_3d4d_reconstruction_2026_04_26/pdfs/2026_360_GeoGS_Geometrically_Consistent_Feed_Forward_3D_Gaussian_Splatting_Reconstruction_for_3_2601.02102.pdf,,no_code_link_found,"Codex:3D-Reconstruction, Codex:3D4D-Reconstruction"
2601.01847,ESGaussianFace: Emotional and Stylized Audio-Driven Facial Animation via 3D Gaussian Splatting,2026-arxiv,人体/头像/可动画资产,时空/动态角度,建模运动/形变/时间一致性,Motion decomposition / canonical space / deformation,ESGaussianFace,ESGaussianFace 针对「建模运动/形变/时间一致性」，从「时空/动态角度」切入，主要采用「Motion decomposition / canonical space / deformation」来服务「人体/头像/可动画资产」。,/Volumes/UBag/Documents/l40server_mirror/lyra/Lyra-2/paper_collection_3d4d_reconstruction_2026_04_26/boardmix_mindmap/method_figures/2601.01847_ESGaussianFace.png,/Volumes/UBag/Documents/l40server_mirror/lyra/Lyra-2/paper_collection_3d4d_reconstruction_2026_04_26/pdfs/2026_ESGaussianFace_Emotional_and_Stylized_Audio_Driven_Facial_Animation_via_3D_Gaussian_Splatt_2601.01847.pdf,,no_code_link_found,"Codex:3D-Reconstruction, Codex:3D4D-Reconstruction"
2601.02339,Joint Semantic and Rendering Enhancements in 3D Gaussian Modeling with Anisotropic Local Encoding,2026-arxiv,实时/大规模/高效 3D 表示,表示/几何角度,降低显存/存储/模型体积,SLAM / pose graph / online mapping pipeline,本文方法,本文方法 针对「降低显存/存储/模型体积」，从「表示/几何角度」切入，主要采用「SLAM / pose graph / online mapping pipeline」来服务「实时/大规模/高效 3D 表示」。,/Volumes/UBag/Documents/l40server_mirror/lyra/Lyra-2/paper_collection_3d4d_reconstruction_2026_04_26/boardmix_mindmap/method_figures/2601.02339_paper.png,/Volumes/UBag/Documents/l40server_mirror/lyra/Lyra-2/paper_collection_3d4d_reconstruction_2026_04_26/pdfs/2026_Joint_Semantic_and_Rendering_Enhancements_in_3D_Gaussian_Modeling_with_Anisotropic_Local_E_2601.02339.pdf,,no_code_link_found,"Codex:3D-Reconstruction, Codex:3D4D-Reconstruction"
2601.02072,SketchRodGS: Sketch-based Extraction of Slender Geometries for Animating Gaussian Splatting Scenes,2026-arxiv,动态场景与 4D 重建,表示/几何角度,建模运动/形变/时间一致性,Gaussian Splatting 表示与正则化,SketchRodGS,SketchRodGS 针对「建模运动/形变/时间一致性」，从「表示/几何角度」切入，主要采用「Gaussian Splatting 表示与正则化」来服务「动态场景与 4D 重建」。,/Volumes/UBag/Documents/l40server_mirror/lyra/Lyra-2/paper_collection_3d4d_reconstruction_2026_04_26/boardmix_mindmap/method_figures/2601.02072_SketchRodGS.png,/Volumes/UBag/Documents/l40server_mirror/lyra/Lyra-2/paper_collection_3d4d_reconstruction_2026_04_26/pdfs/2026_SketchRodGS_Sketch_based_Extraction_of_Slender_Geometries_for_Animating_Gaussian_Splatting_2601.02072.pdf,https://github.com/haato-w/sketch-rod-gs,code_link_found_not_audited,"Codex:3D-Reconstruction, Codex:3D4D-Reconstruction"
2601.03200,A High-Fidelity Digital Twin for Robotic Manipulation Based on 3D Gaussian Splatting,2026-arxiv,实时/大规模/高效 3D 表示,系统/在线部署角度,接入 SLAM/机器人闭环系统,Gaussian Splatting 表示与正则化,High-Fidelity,High-Fidelity 针对「接入 SLAM/机器人闭环系统」，从「系统/在线部署角度」切入，主要采用「Gaussian Splatting 表示与正则化」来服务「实时/大规模/高效 3D 表示」。,/Volumes/UBag/Documents/l40server_mirror/lyra/Lyra-2/paper_collection_3d4d_reconstruction_2026_04_26/boardmix_mindmap/method_figures/2601.03200_High-Fidelity.png,/Volumes/UBag/Documents/l40server_mirror/lyra/Lyra-2/paper_collection_3d4d_reconstruction_2026_04_26/pdfs/2026_A_High_Fidelity_Digital_Twin_for_Robotic_Manipulation_Based_on_3D_Gaussian_Splatting_2601.03200.pdf,https://github.com/aras-p/UnityGaussianSplatting,code_link_found_not_audited,"Codex:3D-Reconstruction, Codex:3D4D-Reconstruction"
2601.03319,CaricatureGS: Exaggerating 3D Gaussian Splatting Faces With Gaussian Curvature,2026-arxiv,实时/大规模/高效 3D 表示,表示/几何角度,提升几何一致性/表面质量,Gaussian Splatting 表示与正则化,CaricatureGS,CaricatureGS 针对「提升几何一致性/表面质量」，从「表示/几何角度」切入，主要采用「Gaussian Splatting 表示与正则化」来服务「实时/大规模/高效 3D 表示」。,/Volumes/UBag/Documents/l40server_mirror/lyra/Lyra-2/paper_collection_3d4d_reconstruction_2026_04_26/boardmix_mindmap/method_figures/2601.03319_CaricatureGS.png,/Volumes/UBag/Documents/l40server_mirror/lyra/Lyra-2/paper_collection_3d4d_reconstruction_2026_04_26/pdfs/2026_CaricatureGS_Exaggerating_3D_Gaussian_Splatting_Faces_With_Gaussian_Curvature_2601.03319.pdf,https://github.com/eldad929/caricatureGS,code_link_found_not_audited,"Codex:3D-Reconstruction, Codex:3D4D-Reconstruction"
2601.03357,RelightAnyone: A Generalized Relightable 3D Gaussian Head Model,2026-arxiv,稀疏/单目/少视角 3D 重建,训练/监督角度,解决稀疏视角几何不稳定,SLAM / pose graph / online mapping pipeline,RelightAnyone,RelightAnyone 针对「解决稀疏视角几何不稳定」，从「训练/监督角度」切入，主要采用「SLAM / pose graph / online mapping pipeline」来服务「稀疏/单目/少视角 3D 重建」。,/Volumes/UBag/Documents/l40server_mirror/lyra/Lyra-2/paper_collection_3d4d_reconstruction_2026_04_26/boardmix_mindmap/method_figures/2601.03357_RelightAnyone.png,/Volumes/UBag/Documents/l40server_mirror/lyra/Lyra-2/paper_collection_3d4d_reconstruction_2026_04_26/pdfs/2026_RelightAnyone_A_Generalized_Relightable_3D_Gaussian_Head_Model_2601.03357.pdf,,no_code_link_found,"Codex:3D-Reconstruction, Codex:3D4D-Reconstruction"
2601.03782,PointWorld: Scaling 3D World Models for In-The-Wild Robotic Manipulation,2026-arxiv,实时/大规模/高效 3D 表示,时空/动态角度,提升可控生成/世界演化预测,Motion decomposition / canonical space / deformation,PointWorld,PointWorld 针对「提升可控生成/世界演化预测」，从「时空/动态角度」切入，主要采用「Motion decomposition / canonical space / deformation」来服务「实时/大规模/高效 3D 表示」。,/Volumes/UBag/Documents/l40server_mirror/lyra/Lyra-2/paper_collection_3d4d_reconstruction_2026_04_26/boardmix_mindmap/method_figures/2601.03782_PointWorld.png,/Volumes/UBag/Documents/l40server_mirror/lyra/Lyra-2/paper_collection_3d4d_reconstruction_2026_04_26/pdfs/2026_PointWorld_Scaling_3D_World_Models_for_In_The_Wild_Robotic_Manipulation_2601.03782.pdf,https://github.com/NVlabs/PointWorld,code_link_found_not_audited,"Codex:3D+4D-Evolution, Codex:3D4D-Reconstruction"
2601.04348,SCAR-GS: Spatial Context Attention for Residuals in Progressive Gaussian Splatting,2026-arxiv,实时/大规模/高效 3D 表示,内存/存储角度,降低显存/存储/模型体积,Pruning / compression / progressive coding,SCAR-GS,SCAR-GS 针对「降低显存/存储/模型体积」，从「内存/存储角度」切入，主要采用「Pruning / compression / progressive coding」来服务「实时/大规模/高效 3D 表示」。,/Volumes/UBag/Documents/l40server_mirror/lyra/Lyra-2/paper_collection_3d4d_reconstruction_2026_04_26/boardmix_mindmap/method_figures/2601.04348_SCAR-GS.png,/Volumes/UBag/Documents/l40server_mirror/lyra/Lyra-2/paper_collection_3d4d_reconstruction_2026_04_26/pdfs/2026_SCAR_GS_Spatial_Context_Attention_for_Residuals_in_Progressive_Gaussian_Splatting_2601.04348.pdf,https://github.com/wyf0912/ContextGS,code_link_found_not_audited,"Codex:3D-Reconstruction, Codex:3D4D-Reconstruction"
2601.03517,Semantic Belief-State World Model for 3D Human Motion Prediction,2026-arxiv,动态场景与 4D 重建,训练/监督角度,建模运动/形变/时间一致性,Diffusion/生成先验/视频模型,Belief-State,Belief-State 针对「建模运动/形变/时间一致性」，从「训练/监督角度」切入，主要采用「Diffusion/生成先验/视频模型」来服务「动态场景与 4D 重建」。,/Volumes/UBag/Documents/l40server_mirror/lyra/Lyra-2/paper_collection_3d4d_reconstruction_2026_04_26/boardmix_mindmap/method_figures/2601.03517_Belief-State.png,/Volumes/UBag/Documents/l40server_mirror/lyra/Lyra-2/paper_collection_3d4d_reconstruction_2026_04_26/pdfs/2026_Semantic_Belief_State_World_Model_for_3D_Human_Motion_Prediction_2601.03517.pdf,https://github.com/DavidBoja/SMPL-Anthropometry,code_link_found_not_audited,"Codex:3D+4D-Evolution, Codex:3D4D-Reconstruction"
2601.05116,From Rays to Projections: Better Inputs for Feed-Forward View Synthesis,2026-arxiv,稀疏/单目/少视角 3D 重建,训练/监督角度,降低显存/存储/模型体积,SLAM / pose graph / online mapping pipeline,From Rays to Projections,From Rays to Projections 针对「降低显存/存储/模型体积」，从「训练/监督角度」切入，主要采用「SLAM / pose graph / online mapping pipeline」来服务「稀疏/单目/少视角 3D 重建」。,/Volumes/UBag/Documents/l40server_mirror/lyra/Lyra-2/paper_collection_3d4d_reconstruction_2026_04_26/boardmix_mindmap/method_figures/2601.05116_From_Rays_to_Projections.png,/Volumes/UBag/Documents/l40server_mirror/lyra/Lyra-2/paper_collection_3d4d_reconstruction_2026_04_26/pdfs/2026_From_Rays_to_Projections_Better_Inputs_for_Feed_Forward_View_Synthesis_2601.05116.pdf,,no_code_link_found,"Codex:3D-Reconstruction, Codex:3D4D-Reconstruction"
2601.05251,Mesh4D: 4D Mesh Reconstruction and Tracking from Monocular Video,2026-arxiv,动态场景与 4D 重建,时空/动态角度,建模运动/形变/时间一致性,Motion decomposition / canonical space / deformation,Mesh4D,Mesh4D 针对「建模运动/形变/时间一致性」，从「时空/动态角度」切入，主要采用「Motion decomposition / canonical space / deformation」来服务「动态场景与 4D 重建」。,/Volumes/UBag/Documents/l40server_mirror/lyra/Lyra-2/paper_collection_3d4d_reconstruction_2026_04_26/boardmix_mindmap/method_figures/2601.05251_Mesh4D.png,/Volumes/UBag/Documents/l40server_mirror/lyra/Lyra-2/paper_collection_3d4d_reconstruction_2026_04_26/pdfs/2026_Mesh4D_4D_Mesh_Reconstruction_and_Tracking_from_Monocular_Video_2601.05251.pdf,https://github.com/jzr99/Mesh4D,code_link_found_not_audited,"Codex:3D-Reconstruction, Codex:3D4D-Reconstruction"
2601.05368,MOSAIC-GS: Monocular Scene Reconstruction via Advanced Initialization for Complex Dynamic Environments,2026-arxiv,动态场景与 4D 重建,时空/动态角度,建模运动/形变/时间一致性,Motion decomposition / canonical space / deformation,MOSAIC-GS,MOSAIC-GS 针对「建模运动/形变/时间一致性」，从「时空/动态角度」切入，主要采用「Motion decomposition / canonical space / deformation」来服务「动态场景与 4D 重建」。,/Volumes/UBag/Documents/l40server_mirror/lyra/Lyra-2/paper_collection_3d4d_reconstruction_2026_04_26/boardmix_mindmap/method_figures/2601.05368_MOSAIC-GS.png,/Volumes/UBag/Documents/l40server_mirror/lyra/Lyra-2/paper_collection_3d4d_reconstruction_2026_04_26/pdfs/2026_MOSAIC_GS_Monocular_Scene_Reconstruction_via_Advanced_Initialization_for_Complex_Dynamic_E_2601.05368.pdf,,no_code_link_found,"Codex:3D-Reconstruction, Codex:3D4D-Reconstruction, Codex:4D-Reconstruction"
2601.05653,EvoQRE: Modeling Bounded Rationality in Safety-Critical Traffic Simulation via Evolutionary Quantal Response Equilibrium,2026-arxiv,生成式 3D/4D 内容与仿真,生成/世界模型角度,提升可控生成/世界演化预测,Diffusion/生成先验/视频模型,EvoQRE,EvoQRE 针对「提升可控生成/世界演化预测」，从「生成/世界模型角度」切入，主要采用「Diffusion/生成先验/视频模型」来服务「生成式 3D/4D 内容与仿真」。,/Volumes/UBag/Documents/l40server_mirror/lyra/Lyra-2/paper_collection_3d4d_reconstruction_2026_04_26/boardmix_mindmap/method_figures/2601.05653_EvoQRE.png,/Volumes/UBag/Documents/l40server_mirror/lyra/Lyra-2/paper_collection_3d4d_reconstruction_2026_04_26/pdfs/2026_EvoQRE_Modeling_Bounded_Rationality_in_Safety_Critical_Traffic_Simulation_via_Evolutionary_2601.05653.pdf,,no_code_link_found,"Codex:3D+4D-Evolution, Codex:3D4D-Reconstruction"
2601.05584,GS-DMSR: Dynamic Sensitive Multi-scale Manifold Enhancement for Accelerated High-Quality 3D Gaussian Splatting,2026-arxiv,动态场景与 4D 重建,时空/动态角度,建模运动/形变/时间一致性,SLAM / pose graph / online mapping pipeline,GS-DMSR,GS-DMSR 针对「建模运动/形变/时间一致性」，从「时空/动态角度」切入，主要采用「SLAM / pose graph / online mapping pipeline」来服务「动态场景与 4D 重建」。,/Volumes/UBag/Documents/l40server_mirror/lyra/Lyra-2/paper_collection_3d4d_reconstruction_2026_04_26/boardmix_mindmap/method_figures/2601.05584_GS-DMSR.png,/Volumes/UBag/Documents/l40server_mirror/lyra/Lyra-2/paper_collection_3d4d_reconstruction_2026_04_26/pdfs/2026_GS_DMSR_Dynamic_Sensitive_Multi_scale_Manifold_Enhancement_for_Accelerated_High_Quality_3D_2601.05584.pdf,,no_code_link_found,"Codex:3D-Reconstruction, Codex:3D4D-Reconstruction, Codex:4D-Reconstruction"
2601.05853,LayerGS: Decomposition and Inpainting of Layered 3D Human Avatars via 2D Gaussian Splatting,2026-arxiv,人体/头像/可动画资产,训练/监督角度,降低显存/存储/模型体积,Gaussian Splatting 表示与正则化,LayerGS,LayerGS 针对「降低显存/存储/模型体积」，从「训练/监督角度」切入，主要采用「Gaussian Splatting 表示与正则化」来服务「人体/头像/可动画资产」。,/Volumes/UBag/Documents/l40server_mirror/lyra/Lyra-2/paper_collection_3d4d_reconstruction_2026_04_26/boardmix_mindmap/method_figures/2601.05853_LayerGS.png,/Volumes/UBag/Documents/l40server_mirror/lyra/Lyra-2/paper_collection_3d4d_reconstruction_2026_04_26/pdfs/2026_LayerGS_Decomposition_and_Inpainting_of_Layered_3D_Human_Avatars_via_2D_Gaussian_Splatting_2601.05853.pdf,https://github.com/RockyXu66/LayerGS,code_link_found_not_audited,"Codex:3D-Reconstruction, Codex:3D4D-Reconstruction"
2601.06285,NAS-GS: Noise-Aware Sonar Gaussian Splatting,2026-arxiv,领域/传感器特化重建,数据/传感角度,适配特殊传感器/行业场景,Sensor/domain-specific pipeline,NAS-GS,NAS-GS 针对「适配特殊传感器/行业场景」，从「数据/传感角度」切入，主要采用「Sensor/domain-specific pipeline」来服务「领域/传感器特化重建」。,/Volumes/UBag/Documents/l40server_mirror/lyra/Lyra-2/paper_collection_3d4d_reconstruction_2026_04_26/boardmix_mindmap/method_figures/2601.06285_NAS-GS.png,/Volumes/UBag/Documents/l40server_mirror/lyra/Lyra-2/paper_collection_3d4d_reconstruction_2026_04_26/pdfs/2026_NAS_GS_Noise_Aware_Sonar_Gaussian_Splatting_2601.06285.pdf,https://github.com/SenseRoboticsLab/NAS-GS,code_link_found_not_audited,"Codex:3D-Reconstruction, Codex:3D4D-Reconstruction"
2601.05722,Rotate Your Character: Revisiting Video Diffusion Models for High-Quality 3D Character Generation,2026-arxiv,生成式 3D/4D 内容与仿真,生成/世界模型角度,解决稀疏视角几何不稳定,Diffusion/生成先验/视频模型,Rotate Your Character,Rotate Your Character 针对「解决稀疏视角几何不稳定」，从「生成/世界模型角度」切入，主要采用「Diffusion/生成先验/视频模型」来服务「生成式 3D/4D 内容与仿真」。,/Volumes/UBag/Documents/l40server_mirror/lyra/Lyra-2/paper_collection_3d4d_reconstruction_2026_04_26/boardmix_mindmap/method_figures/2601.05722_Rotate_Your_Character.png,/Volumes/UBag/Documents/l40server_mirror/lyra/Lyra-2/paper_collection_3d4d_reconstruction_2026_04_26/pdfs/2026_Rotate_Your_Character_Revisiting_Video_Diffusion_Models_for_High_Quality_3D_Character_Gene_2601.05722.pdf,,no_code_link_found,"Codex:3D-Reconstruction, Codex:3D4D-Reconstruction"
2601.11617,PointSLAM++: Robust Dense Neural Gaussian Point Cloud-based SLAM,2026-arxiv,实时/大规模/高效 3D 表示,表示/几何角度,接入 SLAM/机器人闭环系统,SLAM / pose graph / online mapping pipeline,PointSLAM++,PointSLAM++ 针对「接入 SLAM/机器人闭环系统」，从「表示/几何角度」切入，主要采用「SLAM / pose graph / online mapping pipeline」来服务「实时/大规模/高效 3D 表示」。,/Volumes/UBag/Documents/l40server_mirror/lyra/Lyra-2/paper_collection_3d4d_reconstruction_2026_04_26/boardmix_mindmap/method_figures/2601.11617_PointSLAM.png,/Volumes/UBag/Documents/l40server_mirror/lyra/Lyra-2/paper_collection_3d4d_reconstruction_2026_04_26/pdfs/2026_PointSLAM_Robust_Dense_Neural_Gaussian_Point_Cloud_based_SLAM_2601.11617.pdf,,no_code_link_found,"Codex:3D-Reconstruction, Codex:3D4D-Reconstruction"
2601.06839,PRISM: Color-Stratified Point Cloud Sampling,2026-arxiv,多视角几何/表面/场景重建,表示/几何角度,提升几何一致性/表面质量,SDF/隐式表面/网格/点云,PRISM,PRISM 针对「提升几何一致性/表面质量」，从「表示/几何角度」切入，主要采用「SDF/隐式表面/网格/点云」来服务「多视角几何/表面/场景重建」。,/Volumes/UBag/Documents/l40server_mirror/lyra/Lyra-2/paper_collection_3d4d_reconstruction_2026_04_26/boardmix_mindmap/method_figures/2601.06839_PRISM.png,/Volumes/UBag/Documents/l40server_mirror/lyra/Lyra-2/paper_collection_3d4d_reconstruction_2026_04_26/pdfs/2026_PRISM_Color_Stratified_Point_Cloud_Sampling_2601.06839.pdf,https://github.com/koide3/direct_visual_lidar_calibration,code_link_found_not_audited,"Codex:3D-Reconstruction, Codex:3D4D-Reconstruction"
2601.01705,Explicit World Models for Reliable Human-Robot Collaboration,2026-arxiv,SLAM/机器人/自动驾驶世界模型,时空/动态角度,提升可控生成/世界演化预测,Diffusion/生成先验/视频模型,Human-Robot,Human-Robot 针对「提升可控生成/世界演化预测」，从「时空/动态角度」切入，主要采用「Diffusion/生成先验/视频模型」来服务「SLAM/机器人/自动驾驶世界模型」。,/Volumes/UBag/Documents/l40server_mirror/lyra/Lyra-2/paper_collection_3d4d_reconstruction_2026_04_26/boardmix_mindmap/method_figures/2601.01705_Human-Robot.png,/Volumes/UBag/Documents/l40server_mirror/lyra/Lyra-2/paper_collection_3d4d_reconstruction_2026_04_26/pdfs/2026_Explicit_World_Models_for_Reliable_Human_Robot_Collaboration_2601.01705.pdf,,no_code_link_found,"Codex:3D+4D-Evolution, Codex:3D4D-Reconstruction"
2601.07484,R3-RECON: Radiance-Field-Free Active Reconstruction via Renderability,2026-arxiv,实时/大规模/高效 3D 表示,表示/几何角度,减少优化/采样/渲染步骤,SLAM / pose graph / online mapping pipeline,R3-RECON,R3-RECON 针对「减少优化/采样/渲染步骤」，从「表示/几何角度」切入，主要采用「SLAM / pose graph / online mapping pipeline」来服务「实时/大规模/高效 3D 表示」。,/Volumes/UBag/Documents/l40server_mirror/lyra/Lyra-2/paper_collection_3d4d_reconstruction_2026_04_26/boardmix_mindmap/method_figures/2601.07484_R3-RECON.png,/Volumes/UBag/Documents/l40server_mirror/lyra/Lyra-2/paper_collection_3d4d_reconstruction_2026_04_26/pdfs/2026_R3_RECON_Radiance_Field_Free_Active_Reconstruction_via_Renderability_2601.07484.pdf,https://github.com/jkff00/r3recon,code_link_found_not_audited,"Codex:3D-Reconstruction, Codex:3D4D-Reconstruction"
2601.05394,Sketch&Patch++: Efficient Structure-Aware 3D Gaussian Representation,2026-arxiv,实时/大规模/高效 3D 表示,内存/存储角度,降低显存/存储/模型体积,Pruning / compression / progressive coding,Sketch&Patch++,Sketch&Patch++ 针对「降低显存/存储/模型体积」，从「内存/存储角度」切入，主要采用「Pruning / compression / progressive coding」来服务「实时/大规模/高效 3D 表示」。,/Volumes/UBag/Documents/l40server_mirror/lyra/Lyra-2/paper_collection_3d4d_reconstruction_2026_04_26/boardmix_mindmap/method_figures/2601.05394_Sketch_Patch.png,/Volumes/UBag/Documents/l40server_mirror/lyra/Lyra-2/paper_collection_3d4d_reconstruction_2026_04_26/pdfs/2026_Sketch_Patch_Efficient_Structure_Aware_3D_Gaussian_Representation_2601.05394.pdf,,no_code_link_found,"Codex:3D-Reconstruction, Codex:3D4D-Reconstruction"
2601.07823,"Video Generation Models in Robotics -- Applications, Research Challenges, Future Directions",2026-arxiv,SLAM/机器人/自动驾驶世界模型,生成/世界模型角度,提升可控生成/世界演化预测,Diffusion/生成先验/视频模型,本文方法,本文方法 针对「提升可控生成/世界演化预测」，从「生成/世界模型角度」切入，主要采用「Diffusion/生成先验/视频模型」来服务「SLAM/机器人/自动驾驶世界模型」。,/Volumes/UBag/Documents/l40server_mirror/lyra/Lyra-2/paper_collection_3d4d_reconstruction_2026_04_26/boardmix_mindmap/method_figures/2601.07823_paper.png,/Volumes/UBag/Documents/l40server_mirror/lyra/Lyra-2/paper_collection_3d4d_reconstruction_2026_04_26/pdfs/2026_Video_Generation_Models_in_Robotics_Applications_Research_Challenges_Future_Directions_2601.07823.pdf,https://github.com/SHI-Labs/physical-ai-bench,code_link_found_not_audited,"Codex:3D+4D-Evolution, Codex:3D4D-Reconstruction"
2601.08371,Geo-NVS-w: Geometry-Aware Novel View Synthesis In-the-Wild with an SDF Renderer,2026-arxiv,稀疏/单目/少视角 3D 重建,表示/几何角度,提升几何一致性/表面质量,SDF/隐式表面/网格/点云,Geo-NVS-w,Geo-NVS-w 针对「提升几何一致性/表面质量」，从「表示/几何角度」切入，主要采用「SDF/隐式表面/网格/点云」来服务「稀疏/单目/少视角 3D 重建」。,/Volumes/UBag/Documents/l40server_mirror/lyra/Lyra-2/paper_collection_3d4d_reconstruction_2026_04_26/boardmix_mindmap/method_figures/2601.08371_Geo-NVS-w.png,/Volumes/UBag/Documents/l40server_mirror/lyra/Lyra-2/paper_collection_3d4d_reconstruction_2026_04_26/pdfs/2026_Geo_NVS_w_Geometry_Aware_Novel_View_Synthesis_In_the_Wild_with_an_SDF_Renderer_2601.08371.pdf,,no_code_link_found,"Codex:3D-Reconstruction, Codex:3D4D-Reconstruction"
2601.08832,RAVEN: Erasing Invisible Watermarks via Novel View Synthesis,2026-arxiv,稀疏/单目/少视角 3D 重建,训练/监督角度,解决稀疏视角几何不稳定,SLAM / pose graph / online mapping pipeline,RAVEN,RAVEN 针对「解决稀疏视角几何不稳定」，从「训练/监督角度」切入，主要采用「SLAM / pose graph / online mapping pipeline」来服务「稀疏/单目/少视角 3D 重建」。,/Volumes/UBag/Documents/l40server_mirror/lyra/Lyra-2/paper_collection_3d4d_reconstruction_2026_04_26/boardmix_mindmap/method_figures/2601.08832_RAVEN.png,/Volumes/UBag/Documents/l40server_mirror/lyra/Lyra-2/paper_collection_3d4d_reconstruction_2026_04_26/pdfs/2026_RAVEN_Erasing_Invisible_Watermarks_via_Novel_View_Synthesis_2601.08832.pdf,,no_code_link_found,"Codex:3D-Reconstruction, Codex:3D4D-Reconstruction"
2601.09697,Efficient Camera-Controlled Video Generation of Static Scenes via Sparse Diffusion and 3D Rendering,2026-arxiv,生成式 3D/4D 内容与仿真,生成/世界模型角度,提升可控生成/世界演化预测,Diffusion/生成先验/视频模型,Camera-Controlled,Camera-Controlled 针对「提升可控生成/世界演化预测」，从「生成/世界模型角度」切入，主要采用「Diffusion/生成先验/视频模型」来服务「生成式 3D/4D 内容与仿真」。,/Volumes/UBag/Documents/l40server_mirror/lyra/Lyra-2/paper_collection_3d4d_reconstruction_2026_04_26/boardmix_mindmap/method_figures/2601.09697_Camera-Controlled.png,/Volumes/UBag/Documents/l40server_mirror/lyra/Lyra-2/paper_collection_3d4d_reconstruction_2026_04_26/pdfs/2026_Efficient_Camera_Controlled_Video_Generation_of_Static_Scenes_via_Sparse_Diffusion_and_3D_2601.09697.pdf,,no_code_link_found,"Codex:3D-Reconstruction, Codex:3D4D-Reconstruction"
2601.09452,MAD: Motion Appearance Decoupling for efficient Driving World Models,2026-arxiv,动态场景与 4D 重建,时空/动态角度,提升可控生成/世界演化预测,Motion decomposition / canonical space / deformation,MAD,MAD 针对「提升可控生成/世界演化预测」，从「时空/动态角度」切入，主要采用「Motion decomposition / canonical space / deformation」来服务「动态场景与 4D 重建」。,/Volumes/UBag/Documents/l40server_mirror/lyra/Lyra-2/paper_collection_3d4d_reconstruction_2026_04_26/boardmix_mindmap/method_figures/2601.09452_MAD.png,/Volumes/UBag/Documents/l40server_mirror/lyra/Lyra-2/paper_collection_3d4d_reconstruction_2026_04_26/pdfs/2026_MAD_Motion_Appearance_Decoupling_for_efficient_Driving_World_Models_2601.09452.pdf,https://github.com/vita-epfl/MAD-World-Model-Code/,code_link_found_not_audited,"Codex:3D+4D-Evolution, Codex:3D4D-Reconstruction"
2601.09665,SCE-SLAM: Scale-Consistent Monocular SLAM via Scene Coordinate Embeddings,2026-arxiv,SLAM/机器人/自动驾驶世界模型,系统/在线部署角度,解决稀疏视角几何不稳定,SLAM / pose graph / online mapping pipeline,SCE-SLAM,SCE-SLAM 针对「解决稀疏视角几何不稳定」，从「系统/在线部署角度」切入，主要采用「SLAM / pose graph / online mapping pipeline」来服务「SLAM/机器人/自动驾驶世界模型」。,/Volumes/UBag/Documents/l40server_mirror/lyra/Lyra-2/paper_collection_3d4d_reconstruction_2026_04_26/boardmix_mindmap/method_figures/2601.09665_SCE-SLAM.png,/Volumes/UBag/Documents/l40server_mirror/lyra/Lyra-2/paper_collection_3d4d_reconstruction_2026_04_26/pdfs/2026_SCE_SLAM_Scale_Consistent_Monocular_SLAM_via_Scene_Coordinate_Embeddings_2601.09665.pdf,,no_code_link_found,"Codex:3D-Reconstruction, Codex:3D4D-Reconstruction"
2601.09499,V-DPM: 4D Video Reconstruction with Dynamic Point Maps,2026-arxiv,动态场景与 4D 重建,时空/动态角度,建模运动/形变/时间一致性,Feed-forward / Transformer / Foundation Model,V-DPM,V-DPM 针对「建模运动/形变/时间一致性」，从「时空/动态角度」切入，主要采用「Feed-forward / Transformer / Foundation Model」来服务「动态场景与 4D 重建」。,/Volumes/UBag/Documents/l40server_mirror/lyra/Lyra-2/paper_collection_3d4d_reconstruction_2026_04_26/boardmix_mindmap/method_figures/2601.09499_V-DPM.png,/Volumes/UBag/Documents/l40server_mirror/lyra/Lyra-2/paper_collection_3d4d_reconstruction_2026_04_26/pdfs/2026_V_DPM_4D_Video_Reconstruction_with_Dynamic_Point_Maps_2601.09499.pdf,,no_code_link_found,"Codex:3D-Reconstruction, Codex:3D4D-Reconstruction, Codex:4D-Reconstruction"
2601.03869,Bayesian Monocular Depth Refinement via Neural Radiance Fields,2026-arxiv,SLAM/机器人/自动驾驶世界模型,表示/几何角度,解决稀疏视角几何不稳定,NeRF/辐射场/体渲染,本文方法,本文方法 针对「解决稀疏视角几何不稳定」，从「表示/几何角度」切入，主要采用「NeRF/辐射场/体渲染」来服务「SLAM/机器人/自动驾驶世界模型」。,/Volumes/UBag/Documents/l40server_mirror/lyra/Lyra-2/paper_collection_3d4d_reconstruction_2026_04_26/boardmix_mindmap/method_figures/2601.03869_paper.png,/Volumes/UBag/Documents/l40server_mirror/lyra/Lyra-2/paper_collection_3d4d_reconstruction_2026_04_26/pdfs/2026_Bayesian_Monocular_Depth_Refinement_via_Neural_Radiance_Fields_2601.03869.pdf,,no_code_link_found,"Codex:3D-Reconstruction, Codex:3D4D-Reconstruction"
2601.00705,RGS-SLAM: Robust Gaussian Splatting SLAM with One-Shot Dense Initialization,2026-arxiv,实时/大规模/高效 3D 表示,表示/几何角度,接入 SLAM/机器人闭环系统,SLAM / pose graph / online mapping pipeline,RGS-SLAM,RGS-SLAM 针对「接入 SLAM/机器人闭环系统」，从「表示/几何角度」切入，主要采用「SLAM / pose graph / online mapping pipeline」来服务「实时/大规模/高效 3D 表示」。,/Volumes/UBag/Documents/l40server_mirror/lyra/Lyra-2/paper_collection_3d4d_reconstruction_2026_04_26/boardmix_mindmap/method_figures/2601.00705_RGS-SLAM.png,/Volumes/UBag/Documents/l40server_mirror/lyra/Lyra-2/paper_collection_3d4d_reconstruction_2026_04_26/pdfs/2026_RGS_SLAM_Robust_Gaussian_Splatting_SLAM_with_One_Shot_Dense_Initialization_2601.00705.pdf,https://github.com/Breeze1124/RGS-SLAM,code_link_found_not_audited,"Codex:3D-Reconstruction, Codex:3D4D-Reconstruction"
2601.10716,WildRayZer: Self-supervised Large View Synthesis in Dynamic Environments,2026-arxiv,稀疏/单目/少视角 3D 重建,训练/监督角度,解决稀疏视角几何不稳定,SLAM / pose graph / online mapping pipeline,WildRayZer,WildRayZer 针对「解决稀疏视角几何不稳定」，从「训练/监督角度」切入，主要采用「SLAM / pose graph / online mapping pipeline」来服务「稀疏/单目/少视角 3D 重建」。,/Volumes/UBag/Documents/l40server_mirror/lyra/Lyra-2/paper_collection_3d4d_reconstruction_2026_04_26/boardmix_mindmap/method_figures/2601.10716_WildRayZer.png,/Volumes/UBag/Documents/l40server_mirror/lyra/Lyra-2/paper_collection_3d4d_reconstruction_2026_04_26/pdfs/2026_WildRayZer_Self_supervised_Large_View_Synthesis_in_Dynamic_Environments_2601.10716.pdf,,no_code_link_found,"Codex:3D-Reconstruction, Codex:3D4D-Reconstruction"
2601.11030,IDDR-NGP: Incorporating Detectors for Distractor Removal with Instant Neural Radiance Field,2026-arxiv,实时/大规模/高效 3D 表示,训练/监督角度,建模运动/形变/时间一致性,NeRF/辐射场/体渲染,IDDR-NGP,IDDR-NGP 针对「建模运动/形变/时间一致性」，从「训练/监督角度」切入，主要采用「NeRF/辐射场/体渲染」来服务「实时/大规模/高效 3D 表示」。,/Volumes/UBag/Documents/l40server_mirror/lyra/Lyra-2/paper_collection_3d4d_reconstruction_2026_04_26/boardmix_mindmap/method_figures/2601.11030_IDDR-NGP.png,/Volumes/UBag/Documents/l40server_mirror/lyra/Lyra-2/paper_collection_3d4d_reconstruction_2026_04_26/pdfs/2026_IDDR_NGP_Incorporating_Detectors_for_Distractor_Removal_with_Instant_Neural_Radiance_Field_2601.11030.pdf,,code_link_found_not_audited,"Codex:3D-Reconstruction, Codex:3D4D-Reconstruction"
2601.12122,Active Semantic Mapping of Horticultural Environments Using Gaussian Splatting,2026-arxiv,实时/大规模/高效 3D 表示,计算角度,接入 SLAM/机器人闭环系统,SLAM / pose graph / online mapping pipeline,本文方法,本文方法 针对「接入 SLAM/机器人闭环系统」，从「计算角度」切入，主要采用「SLAM / pose graph / online mapping pipeline」来服务「实时/大规模/高效 3D 表示」。,/Volumes/UBag/Documents/l40server_mirror/lyra/Lyra-2/paper_collection_3d4d_reconstruction_2026_04_26/boardmix_mindmap/method_figures/2601.12122_paper.png,/Volumes/UBag/Documents/l40server_mirror/lyra/Lyra-2/paper_collection_3d4d_reconstruction_2026_04_26/pdfs/2026_Active_Semantic_Mapping_of_Horticultural_Environments_Using_Gaussian_Splatting_2601.12122.pdf,,no_code_link_found,"Codex:3D-Reconstruction, Codex:3D4D-Reconstruction"
2601.12277,An Efficient and Multi-Modal Navigation System with One-Step World Model,2026-arxiv,SLAM/机器人/自动驾驶世界模型,生成/世界模型角度,提升可控生成/世界演化预测,SLAM / pose graph / online mapping pipeline,Multi-Modal,Multi-Modal 针对「提升可控生成/世界演化预测」，从「生成/世界模型角度」切入，主要采用「SLAM / pose graph / online mapping pipeline」来服务「SLAM/机器人/自动驾驶世界模型」。,/Volumes/UBag/Documents/l40server_mirror/lyra/Lyra-2/paper_collection_3d4d_reconstruction_2026_04_26/boardmix_mindmap/method_figures/2601.12277_Multi-Modal.png,/Volumes/UBag/Documents/l40server_mirror/lyra/Lyra-2/paper_collection_3d4d_reconstruction_2026_04_26/pdfs/2026_An_Efficient_and_Multi_Modal_Navigation_System_with_One_Step_World_Model_2601.12277.pdf,https://github.com/robotnav-bot/NOW,code_link_found_not_audited,"Codex:3D+4D-Evolution, Codex:3D4D-Reconstruction"
2601.12481,NeuralFur: Animal Fur Reconstruction From Multi-View Images,2026-arxiv,人体/头像/可动画资产,训练/监督角度,提升几何一致性/表面质量,组合式/混合 pipeline,NeuralFur,NeuralFur 针对「提升几何一致性/表面质量」，从「训练/监督角度」切入，主要采用「组合式/混合 pipeline」来服务「人体/头像/可动画资产」。,/Volumes/UBag/Documents/l40server_mirror/lyra/Lyra-2/paper_collection_3d4d_reconstruction_2026_04_26/boardmix_mindmap/method_figures/2601.12481_NeuralFur.png,/Volumes/UBag/Documents/l40server_mirror/lyra/Lyra-2/paper_collection_3d4d_reconstruction_2026_04_26/pdfs/2026_NeuralFur_Animal_Fur_Reconstruction_From_Multi_View_Images_2601.12481.pdf,https://github.com/avaxman/Directional,code_link_found_not_audited,"Codex:3D-Reconstruction, Codex:3D4D-Reconstruction"
2601.04754,ProFuse: Efficient Cross-View Context Fusion for Open-Vocabulary 3D Gaussian Splatting,2026-arxiv,实时/大规模/高效 3D 表示,表示/几何角度,提升几何一致性/表面质量,Gaussian Splatting 表示与正则化,ProFuse,ProFuse 针对「提升几何一致性/表面质量」，从「表示/几何角度」切入，主要采用「Gaussian Splatting 表示与正则化」来服务「实时/大规模/高效 3D 表示」。,/Volumes/UBag/Documents/l40server_mirror/lyra/Lyra-2/paper_collection_3d4d_reconstruction_2026_04_26/boardmix_mindmap/method_figures/2601.04754_ProFuse.png,/Volumes/UBag/Documents/l40server_mirror/lyra/Lyra-2/paper_collection_3d4d_reconstruction_2026_04_26/pdfs/2026_ProFuse_Efficient_Cross_View_Context_Fusion_for_Open_Vocabulary_3D_Gaussian_Splatting_2601.04754.pdf,https://github.com/chiou1203/ProFuse,code_link_found_not_audited,"Codex:3D-Reconstruction, Codex:3D4D-Reconstruction"
2601.03024,SA-ResGS: Self-Augmented Residual 3D Gaussian Splatting for Next Best View Selection,2026-arxiv,稀疏/单目/少视角 3D 重建,表示/几何角度,解决稀疏视角几何不稳定,Gaussian Splatting 表示与正则化,SA-ResGS,SA-ResGS 针对「解决稀疏视角几何不稳定」，从「表示/几何角度」切入，主要采用「Gaussian Splatting 表示与正则化」来服务「稀疏/单目/少视角 3D 重建」。,/Volumes/UBag/Documents/l40server_mirror/lyra/Lyra-2/paper_collection_3d4d_reconstruction_2026_04_26/boardmix_mindmap/method_figures/2601.03024_SA-ResGS.png,/Volumes/UBag/Documents/l40server_mirror/lyra/Lyra-2/paper_collection_3d4d_reconstruction_2026_04_26/pdfs/2026_SA_ResGS_Self_Augmented_Residual_3D_Gaussian_Splatting_for_Next_Best_View_Selection_2601.03024.pdf,,no_code_link_found,"Codex:3D-Reconstruction, Codex:3D4D-Reconstruction"
2601.12257,Soft Shadow Diffusion (SSD): Physics-inspired Learning for 3D Computational Periscopy,2026-arxiv,生成式 3D/4D 内容与仿真,训练/监督角度,解决稀疏视角几何不稳定,SLAM / pose graph / online mapping pipeline,Soft Shadow Diffusion (SSD),Soft Shadow Diffusion (SSD) 针对「解决稀疏视角几何不稳定」，从「训练/监督角度」切入，主要采用「SLAM / pose graph / online mapping pipeline」来服务「生成式 3D/4D 内容与仿真」。,/Volumes/UBag/Documents/l40server_mirror/lyra/Lyra-2/paper_collection_3d4d_reconstruction_2026_04_26/boardmix_mindmap/method_figures/2601.12257_Soft_Shadow_Diffusion_SSD.png,/Volumes/UBag/Documents/l40server_mirror/lyra/Lyra-2/paper_collection_3d4d_reconstruction_2026_04_26/pdfs/2026_Soft_Shadow_Diffusion_SSD_Physics_inspired_Learning_for_3D_Computational_Periscopy_2601.12257.pdf,,no_code_link_found,"Codex:3D-Reconstruction, Codex:3D4D-Reconstruction"
2601.13132,GaussExplorer: 3D Gaussian Splatting for Embodied Exploration and Reasoning,2026-arxiv,动态场景与 4D 重建,表示/几何角度,建模运动/形变/时间一致性,Gaussian Splatting 表示与正则化,GaussExplorer,GaussExplorer 针对「建模运动/形变/时间一致性」，从「表示/几何角度」切入，主要采用「Gaussian Splatting 表示与正则化」来服务「动态场景与 4D 重建」。,/Volumes/UBag/Documents/l40server_mirror/lyra/Lyra-2/paper_collection_3d4d_reconstruction_2026_04_26/boardmix_mindmap/method_figures/2601.13132_GaussExplorer.png,/Volumes/UBag/Documents/l40server_mirror/lyra/Lyra-2/paper_collection_3d4d_reconstruction_2026_04_26/pdfs/2026_GaussExplorer_3D_Gaussian_Splatting_for_Embodied_Exploration_and_Reasoning_2601.13132.pdf,,no_code_link_found,"Codex:3D-Reconstruction, Codex:3D4D-Reconstruction"
2601.12770,Generalizable and Animatable 3D Full-Head Gaussian Avatar from a Single Image,2026-arxiv,人体/头像/可动画资产,计算角度,解决稀疏视角几何不稳定,SLAM / pose graph / online mapping pipeline,Full-Head,Full-Head 针对「解决稀疏视角几何不稳定」，从「计算角度」切入，主要采用「SLAM / pose graph / online mapping pipeline」来服务「人体/头像/可动画资产」。,/Volumes/UBag/Documents/l40server_mirror/lyra/Lyra-2/paper_collection_3d4d_reconstruction_2026_04_26/boardmix_mindmap/method_figures/2601.12770_Full-Head.png,/Volumes/UBag/Documents/l40server_mirror/lyra/Lyra-2/paper_collection_3d4d_reconstruction_2026_04_26/pdfs/2026_Generalizable_and_Animatable_3D_Full_Head_Gaussian_Avatar_from_a_Single_Image_2601.12770.pdf,https://github.com/ShaelynZ/fhavatar,code_link_found_not_audited,"Codex:3D-Reconstruction, Codex:3D4D-Reconstruction"
2601.04984,OceanSplat: Object-aware Gaussian Splatting with Trinocular View Consistency for Underwater Scene Reconstruction,2026-arxiv,多视角几何/表面/场景重建,训练/监督角度,提升几何一致性/表面质量,Gaussian Splatting 表示与正则化,OceanSplat,OceanSplat 针对「提升几何一致性/表面质量」，从「训练/监督角度」切入，主要采用「Gaussian Splatting 表示与正则化」来服务「多视角几何/表面/场景重建」。,/Volumes/UBag/Documents/l40server_mirror/lyra/Lyra-2/paper_collection_3d4d_reconstruction_2026_04_26/boardmix_mindmap/method_figures/2601.04984_OceanSplat.png,/Volumes/UBag/Documents/l40server_mirror/lyra/Lyra-2/paper_collection_3d4d_reconstruction_2026_04_26/pdfs/2026_OceanSplat_Object_aware_Gaussian_Splatting_with_Trinocular_View_Consistency_for_Underwater_2601.04984.pdf,,no_code_link_found,"Codex:3D-Reconstruction, Codex:3D4D-Reconstruction"
2601.09291,TIDI-GS: Floater Suppression in 3D Gaussian Splatting for Enhanced Indoor Scene Fidelity,2026-arxiv,人体/头像/可动画资产,表示/几何角度,提升几何一致性/表面质量,Gaussian Splatting 表示与正则化,TIDI-GS,TIDI-GS 针对「提升几何一致性/表面质量」，从「表示/几何角度」切入，主要采用「Gaussian Splatting 表示与正则化」来服务「人体/头像/可动画资产」。,/Volumes/UBag/Documents/l40server_mirror/lyra/Lyra-2/paper_collection_3d4d_reconstruction_2026_04_26/boardmix_mindmap/method_figures/2601.09291_TIDI-GS.png,/Volumes/UBag/Documents/l40server_mirror/lyra/Lyra-2/paper_collection_3d4d_reconstruction_2026_04_26/pdfs/2026_TIDI_GS_Floater_Suppression_in_3D_Gaussian_Splatting_for_Enhanced_Indoor_Scene_Fidelity_2601.09291.pdf,,no_code_link_found,"Codex:3D-Reconstruction, Codex:3D4D-Reconstruction"
2601.05839,GeoSurDepth: Harnessing Foundation Model for Spatial Geometry Consistency-Oriented Self-Supervised Surround-View Depth Estimation,2026-arxiv,动态场景与 4D 重建,训练/监督角度,提升几何一致性/表面质量,Motion decomposition / canonical space / deformation,GeoSurDepth,GeoSurDepth 针对「提升几何一致性/表面质量」，从「训练/监督角度」切入，主要采用「Motion decomposition / canonical space / deformation」来服务「动态场景与 4D 重建」。,/Volumes/UBag/Documents/l40server_mirror/lyra/Lyra-2/paper_collection_3d4d_reconstruction_2026_04_26/boardmix_mindmap/method_figures/2601.05839_GeoSurDepth.png,/Volumes/UBag/Documents/l40server_mirror/lyra/Lyra-2/paper_collection_3d4d_reconstruction_2026_04_26/pdfs/2026_GeoSurDepth_Harnessing_Foundation_Model_for_Spatial_Geometry_Consistency_Oriented_Self_Sup_2601.05839.pdf,,no_code_link_found,"Codex:3D-Reconstruction, Codex:3D4D-Reconstruction"
2601.13574,Highly Deformable Proprioceptive Membrane for Real-Time 3D Shape Reconstruction,2026-arxiv,实时/大规模/高效 3D 表示,表示/几何角度,提升几何一致性/表面质量,SLAM / pose graph / online mapping pipeline,Real-Time,Real-Time 针对「提升几何一致性/表面质量」，从「表示/几何角度」切入，主要采用「SLAM / pose graph / online mapping pipeline」来服务「实时/大规模/高效 3D 表示」。,/Volumes/UBag/Documents/l40server_mirror/lyra/Lyra-2/paper_collection_3d4d_reconstruction_2026_04_26/boardmix_mindmap/method_figures/2601.13574_Real-Time.png,/Volumes/UBag/Documents/l40server_mirror/lyra/Lyra-2/paper_collection_3d4d_reconstruction_2026_04_26/pdfs/2026_Highly_Deformable_Proprioceptive_Membrane_for_Real_Time_3D_Shape_Reconstruction_2601.13574.pdf,,no_code_link_found,"Codex:3D-Reconstruction, Codex:3D4D-Reconstruction"
2601.14161,One-Shot Refiner: Boosting Feed-forward Novel View Synthesis via One-Step Diffusion,2026-arxiv,稀疏/单目/少视角 3D 重建,训练/监督角度,降低显存/存储/模型体积,Gaussian Splatting 表示与正则化,One-Shot Refiner,One-Shot Refiner 针对「降低显存/存储/模型体积」，从「训练/监督角度」切入，主要采用「Gaussian Splatting 表示与正则化」来服务「稀疏/单目/少视角 3D 重建」。,/Volumes/UBag/Documents/l40server_mirror/lyra/Lyra-2/paper_collection_3d4d_reconstruction_2026_04_26/boardmix_mindmap/method_figures/2601.14161_One-Shot_Refiner.png,/Volumes/UBag/Documents/l40server_mirror/lyra/Lyra-2/paper_collection_3d4d_reconstruction_2026_04_26/pdfs/2026_One_Shot_Refiner_Boosting_Feed_forward_Novel_View_Synthesis_via_One_Step_Diffusion_2601.14161.pdf,,no_code_link_found,"Codex:3D-Reconstruction, Codex:3D4D-Reconstruction"
2601.13706,ParkingTwin: Training-Free Streaming 3D Reconstruction for Parking-Lot Digital Twins,2026-arxiv,多视角几何/表面/场景重建,表示/几何角度,提升几何一致性/表面质量,SLAM / pose graph / online mapping pipeline,ParkingTwin,ParkingTwin 针对「提升几何一致性/表面质量」，从「表示/几何角度」切入，主要采用「SLAM / pose graph / online mapping pipeline」来服务「多视角几何/表面/场景重建」。,/Volumes/UBag/Documents/l40server_mirror/lyra/Lyra-2/paper_collection_3d4d_reconstruction_2026_04_26/boardmix_mindmap/method_figures/2601.13706_ParkingTwin.png,/Volumes/UBag/Documents/l40server_mirror/lyra/Lyra-2/paper_collection_3d4d_reconstruction_2026_04_26/pdfs/2026_ParkingTwin_Training_Free_Streaming_3D_Reconstruction_for_Parking_Lot_Digital_Twins_2601.13706.pdf,https://github.com/mihoutao-liu/ParkingTwin,code_link_found_not_audited,"Codex:3D-Reconstruction, Codex:3D4D-Reconstruction"
2601.14208,Rig-Aware 3D Reconstruction of Vehicle Undercarriages using Gaussian Splatting,2026-arxiv,多视角几何/表面/场景重建,时空/动态角度,建模运动/形变/时间一致性,Gaussian Splatting 表示与正则化,Rig-Aware,Rig-Aware 针对「建模运动/形变/时间一致性」，从「时空/动态角度」切入，主要采用「Gaussian Splatting 表示与正则化」来服务「多视角几何/表面/场景重建」。,/Volumes/UBag/Documents/l40server_mirror/lyra/Lyra-2/paper_collection_3d4d_reconstruction_2026_04_26/boardmix_mindmap/method_figures/2601.14208_Rig-Aware.png,/Volumes/UBag/Documents/l40server_mirror/lyra/Lyra-2/paper_collection_3d4d_reconstruction_2026_04_26/pdfs/2026_Rig_Aware_3D_Reconstruction_of_Vehicle_Undercarriages_using_Gaussian_Splatting_2601.14208.pdf,,no_code_link_found,"Codex:3D-Reconstruction, Codex:3D4D-Reconstruction"
2601.10814,SurfSLAM: Sim-to-Real Underwater Stereo Reconstruction For Real-Time SLAM,2026-arxiv,多视角几何/表面/场景重建,训练/监督角度,接入 SLAM/机器人闭环系统,SLAM / pose graph / online mapping pipeline,SurfSLAM,SurfSLAM 针对「接入 SLAM/机器人闭环系统」，从「训练/监督角度」切入，主要采用「SLAM / pose graph / online mapping pipeline」来服务「多视角几何/表面/场景重建」。,/Volumes/UBag/Documents/l40server_mirror/lyra/Lyra-2/paper_collection_3d4d_reconstruction_2026_04_26/boardmix_mindmap/method_figures/2601.10814_SurfSLAM.png,/Volumes/UBag/Documents/l40server_mirror/lyra/Lyra-2/paper_collection_3d4d_reconstruction_2026_04_26/pdfs/2026_SurfSLAM_Sim_to_Real_Underwater_Stereo_Reconstruction_For_Real_Time_SLAM_2601.10814.pdf,https://github.com/MichaelGrupp/evo,code_link_found_not_audited,"Codex:3D-Reconstruction, Codex:3D4D-Reconstruction"
2601.15533,From Generative Engines to Actionable Simulators: The Imperative of Physical Grounding in World Models,2026-arxiv,生成式 3D/4D 内容与仿真,生成/世界模型角度,提升可控生成/世界演化预测,Diffusion/生成先验/视频模型,From Generative Engines to Actionable Simulators,From Generative Engines to Actionable Simulators 针对「提升可控生成/世界演化预测」，从「生成/世界模型角度」切入，主要采用「Diffusion/生成先验/视频模型」来服务「生成式 3D/4D 内容与仿真」。,/Volumes/UBag/Documents/l40server_mirror/lyra/Lyra-2/paper_collection_3d4d_reconstruction_2026_04_26/boardmix_mindmap/method_figures/2601.15533_From_Generative_Engines_to_Actionable_Simulators.png,/Volumes/UBag/Documents/l40server_mirror/lyra/Lyra-2/paper_collection_3d4d_reconstruction_2026_04_26/pdfs/2026_From_Generative_Engines_to_Actionable_Simulators_The_Imperative_of_Physical_Grounding_in_W_2601.15533.pdf,,no_code_link_found,"Codex:3D+4D-Evolution, Codex:3D4D-Reconstruction"
2601.14875,GAT-NeRF: Geometry-Aware-Transformer Enhanced Neural Radiance Fields for High-Fidelity 4D Facial Avatars,2026-arxiv,动态场景与 4D 重建,时空/动态角度,解决稀疏视角几何不稳定,NeRF/辐射场/体渲染,GAT-NeRF,GAT-NeRF 针对「解决稀疏视角几何不稳定」，从「时空/动态角度」切入，主要采用「NeRF/辐射场/体渲染」来服务「动态场景与 4D 重建」。,/Volumes/UBag/Documents/l40server_mirror/lyra/Lyra-2/paper_collection_3d4d_reconstruction_2026_04_26/boardmix_mindmap/method_figures/2601.14875_GAT-NeRF.png,/Volumes/UBag/Documents/l40server_mirror/lyra/Lyra-2/paper_collection_3d4d_reconstruction_2026_04_26/pdfs/2026_GAT_NeRF_Geometry_Aware_Transformer_Enhanced_Neural_Radiance_Fields_for_High_Fidelity_4D_F_2601.14875.pdf,,code_link_found_not_audited,"Codex:3D-Reconstruction, Codex:3D4D-Reconstruction"
2601.15431,SplatBus: A Gaussian Splatting Viewer Framework via GPU Interprocess Communication,2026-arxiv,SLAM/机器人/自动驾驶世界模型,表示/几何角度,提升几何一致性/表面质量,Gaussian Splatting 表示与正则化,SplatBus,SplatBus 针对「提升几何一致性/表面质量」，从「表示/几何角度」切入，主要采用「Gaussian Splatting 表示与正则化」来服务「SLAM/机器人/自动驾驶世界模型」。,/Volumes/UBag/Documents/l40server_mirror/lyra/Lyra-2/paper_collection_3d4d_reconstruction_2026_04_26/boardmix_mindmap/method_figures/2601.15431_SplatBus.png,/Volumes/UBag/Documents/l40server_mirror/lyra/Lyra-2/paper_collection_3d4d_reconstruction_2026_04_26/pdfs/2026_SplatBus_A_Gaussian_Splatting_Viewer_Framework_via_GPU_Interprocess_Communication_2601.15431.pdf,https://github.com/RockyXu66/splatbus,code_link_found_not_audited,"Codex:3D-Reconstruction, Codex:3D4D-Reconstruction"
2601.17067,A Mechanistic View on Video Generation as World Models: State and Dynamics,2026-arxiv,生成式 3D/4D 内容与仿真,时空/动态角度,提升可控生成/世界演化预测,Diffusion/生成先验/视频模型,本文方法,本文方法 针对「提升可控生成/世界演化预测」，从「时空/动态角度」切入，主要采用「Diffusion/生成先验/视频模型」来服务「生成式 3D/4D 内容与仿真」。,/Volumes/UBag/Documents/l40server_mirror/lyra/Lyra-2/paper_collection_3d4d_reconstruction_2026_04_26/boardmix_mindmap/method_figures/2601.17067_paper.png,/Volumes/UBag/Documents/l40server_mirror/lyra/Lyra-2/paper_collection_3d4d_reconstruction_2026_04_26/pdfs/2026_A_Mechanistic_View_on_Video_Generation_as_World_Models_State_and_Dynamics_2601.17067.pdf,https://github.com/genmoai/mochi,code_link_found_not_audited,"Codex:3D+4D-Evolution, Codex:3D4D-Reconstruction"
2601.16163,Cosmos Policy: Fine-Tuning Video Models for Visuomotor Control and Planning,2026-arxiv,生成式 3D/4D 内容与仿真,生成/世界模型角度,提升可控生成/世界演化预测,Diffusion/生成先验/视频模型,Cosmos Policy,Cosmos Policy 针对「提升可控生成/世界演化预测」，从「生成/世界模型角度」切入，主要采用「Diffusion/生成先验/视频模型」来服务「生成式 3D/4D 内容与仿真」。,/Volumes/UBag/Documents/l40server_mirror/lyra/Lyra-2/paper_collection_3d4d_reconstruction_2026_04_26/boardmix_mindmap/method_figures/2601.16163_Cosmos_Policy.png,/Volumes/UBag/Documents/l40server_mirror/lyra/Lyra-2/paper_collection_3d4d_reconstruction_2026_04_26/pdfs/2026_Cosmos_Policy_Fine_Tuning_Video_Models_for_Visuomotor_Control_and_Planning_2601.16163.pdf,,no_code_link_found,"Codex:3D+4D-Evolution, Codex:3D4D-Reconstruction"
2601.15951,EVolSplat4D: Efficient Volume-based Gaussian Splatting for 4D Urban Scene Synthesis,2026-arxiv,动态场景与 4D 重建,时空/动态角度,建模运动/形变/时间一致性,Motion decomposition / canonical space / deformation,EVolSplat4D,EVolSplat4D 针对「建模运动/形变/时间一致性」，从「时空/动态角度」切入，主要采用「Motion decomposition / canonical space / deformation」来服务「动态场景与 4D 重建」。,/Volumes/UBag/Documents/l40server_mirror/lyra/Lyra-2/paper_collection_3d4d_reconstruction_2026_04_26/boardmix_mindmap/method_figures/2601.15951_EVolSplat4D.png,/Volumes/UBag/Documents/l40server_mirror/lyra/Lyra-2/paper_collection_3d4d_reconstruction_2026_04_26/pdfs/2026_EVolSplat4D_Efficient_Volume_based_Gaussian_Splatting_for_4D_Urban_Scene_Synthesis_2601.15951.pdf,https://github.com/Miaosheng1/EVolSplat4D,code_link_found_not_audited,"Codex:3D-Reconstruction, Codex:3D4D-Reconstruction, Codex:4D-Reconstruction"
2601.15772,LL-GaussianImage: Efficient Image Representation for Zero-shot Low-Light Enhancement with 2D Gaussian Splatting,2026-arxiv,实时/大规模/高效 3D 表示,训练/监督角度,降低显存/存储/模型体积,Gaussian Splatting 表示与正则化,LL-GaussianImage,LL-GaussianImage 针对「降低显存/存储/模型体积」，从「训练/监督角度」切入，主要采用「Gaussian Splatting 表示与正则化」来服务「实时/大规模/高效 3D 表示」。,/Volumes/UBag/Documents/l40server_mirror/lyra/Lyra-2/paper_collection_3d4d_reconstruction_2026_04_26/boardmix_mindmap/method_figures/2601.15772_LL-GaussianImage.png,/Volumes/UBag/Documents/l40server_mirror/lyra/Lyra-2/paper_collection_3d4d_reconstruction_2026_04_26/pdfs/2026_LL_GaussianImage_Efficient_Image_Representation_for_Zero_shot_Low_Light_Enhancement_with_2_2601.15772.pdf,https://github.com/YuhanChen2024/LL-GaussianImage,code_link_found_not_audited,"Codex:3D-Reconstruction, Codex:3D4D-Reconstruction"
2601.16982,AnyView: Synthesizing Any Novel View in Dynamic Scenes,2026-arxiv,生成式 3D/4D 内容与仿真,时空/动态角度,建模运动/形变/时间一致性,Diffusion/生成先验/视频模型,AnyView,AnyView 针对「建模运动/形变/时间一致性」，从「时空/动态角度」切入，主要采用「Diffusion/生成先验/视频模型」来服务「生成式 3D/4D 内容与仿真」。,/Volumes/UBag/Documents/l40server_mirror/lyra/Lyra-2/paper_collection_3d4d_reconstruction_2026_04_26/boardmix_mindmap/method_figures/2601.16982_AnyView.png,/Volumes/UBag/Documents/l40server_mirror/lyra/Lyra-2/paper_collection_3d4d_reconstruction_2026_04_26/pdfs/2026_AnyView_Synthesizing_Any_Novel_View_in_Dynamic_Scenes_2601.16982.pdf,https://github.com/TRI-ML/DDAD,code_link_found_not_audited,"Codex:3D4D-Reconstruction, Codex:4D-Reconstruction"
2601.17088,GlassesGB: Controllable 2D GAN-Based Eyewear Personalization for 3D Gaussian Blendshapes Head Avatars,2026-arxiv,生成式 3D/4D 内容与仿真,生成/世界模型角度,解决稀疏视角几何不稳定,SLAM / pose graph / online mapping pipeline,GlassesGB,GlassesGB 针对「解决稀疏视角几何不稳定」，从「生成/世界模型角度」切入，主要采用「SLAM / pose graph / online mapping pipeline」来服务「生成式 3D/4D 内容与仿真」。,/Volumes/UBag/Documents/l40server_mirror/lyra/Lyra-2/paper_collection_3d4d_reconstruction_2026_04_26/boardmix_mindmap/method_figures/2601.17088_GlassesGB.png,/Volumes/UBag/Documents/l40server_mirror/lyra/Lyra-2/paper_collection_3d4d_reconstruction_2026_04_26/pdfs/2026_GlassesGB_Controllable_2D_GAN_Based_Eyewear_Personalization_for_3D_Gaussian_Blendshapes_He_2601.17088.pdf,https://github.com/nerfies/nerfies.github.io,code_link_found_not_audited,"Codex:3D-Reconstruction, Codex:3D4D-Reconstruction"
2601.17185,LGDWT-GS: Local and Global Discrete Wavelet-Regularized 3D Gaussian Splatting for Sparse-View Scene Reconstruction,2026-arxiv,稀疏/单目/少视角 3D 重建,表示/几何角度,解决稀疏视角几何不稳定,Gaussian Splatting 表示与正则化,LGDWT-GS,LGDWT-GS 针对「解决稀疏视角几何不稳定」，从「表示/几何角度」切入，主要采用「Gaussian Splatting 表示与正则化」来服务「稀疏/单目/少视角 3D 重建」。,/Volumes/UBag/Documents/l40server_mirror/lyra/Lyra-2/paper_collection_3d4d_reconstruction_2026_04_26/boardmix_mindmap/method_figures/2601.17185_LGDWT-GS.png,/Volumes/UBag/Documents/l40server_mirror/lyra/Lyra-2/paper_collection_3d4d_reconstruction_2026_04_26/pdfs/2026_LGDWT_GS_Local_and_Global_Discrete_Wavelet_Regularized_3D_Gaussian_Splatting_for_Sparse_Vi_2601.17185.pdf,,no_code_link_found,"Codex:3D-Reconstruction, Codex:3D4D-Reconstruction"
2602.16713,Three-dimensional Damage Visualization of Civil Structures via Gaussian Splatting-enabled Digital Twins,2026-arxiv,领域/传感器特化重建,表示/几何角度,解决稀疏视角几何不稳定,NeRF/辐射场/体渲染,本文方法,本文方法 针对「解决稀疏视角几何不稳定」，从「表示/几何角度」切入，主要采用「NeRF/辐射场/体渲染」来服务「领域/传感器特化重建」。,/Volumes/UBag/Documents/l40server_mirror/lyra/Lyra-2/paper_collection_3d4d_reconstruction_2026_04_26/boardmix_mindmap/method_figures/2602.16713_paper.png,/Volumes/UBag/Documents/l40server_mirror/lyra/Lyra-2/paper_collection_3d4d_reconstruction_2026_04_26/pdfs/2026_Three_dimensional_Damage_Visualization_of_Civil_Structures_via_Gaussian_Splatting_enabled_2602.16713.pdf,https://github.com/readthedocs/sphinx_rtd_theme,code_link_found_not_audited,"Codex:3D-Reconstruction, Codex:3D4D-Reconstruction"
2602.00096,Mirage2Matter: A Physically Grounded Gaussian World Model from Video,2026-arxiv,生成式 3D/4D 内容与仿真,表示/几何角度,提升可控生成/世界演化预测,Gaussian Splatting 表示与正则化,Mirage2Matter,Mirage2Matter 针对「提升可控生成/世界演化预测」，从「表示/几何角度」切入，主要采用「Gaussian Splatting 表示与正则化」来服务「生成式 3D/4D 内容与仿真」。,/Volumes/UBag/Documents/l40server_mirror/lyra/Lyra-2/paper_collection_3d4d_reconstruction_2026_04_26/boardmix_mindmap/method_figures/2602.00096_Mirage2Matter.png,/Volumes/UBag/Documents/l40server_mirror/lyra/Lyra-2/paper_collection_3d4d_reconstruction_2026_04_26/pdfs/2026_Mirage2Matter_A_Physically_Grounded_Gaussian_World_Model_from_Video_2602.00096.pdf,https://github.com/VAST-AI-Research/TripoSR,code_link_found_not_audited,"Codex:3D+4D-Evolution, Codex:3D4D-Reconstruction"
2601.17350,NeRF-MIR: Towards High-Quality Restoration of Masked Images with Neural Radiance Fields,2026-arxiv,动态场景与 4D 重建,训练/监督角度,建模运动/形变/时间一致性,NeRF/辐射场/体渲染,NeRF-MIR,NeRF-MIR 针对「建模运动/形变/时间一致性」，从「训练/监督角度」切入，主要采用「NeRF/辐射场/体渲染」来服务「动态场景与 4D 重建」。,/Volumes/UBag/Documents/l40server_mirror/lyra/Lyra-2/paper_collection_3d4d_reconstruction_2026_04_26/boardmix_mindmap/method_figures/2601.17350_NeRF-MIR.png,/Volumes/UBag/Documents/l40server_mirror/lyra/Lyra-2/paper_collection_3d4d_reconstruction_2026_04_26/pdfs/2026_NeRF_MIR_Towards_High_Quality_Restoration_of_Masked_Images_with_Neural_Radiance_Fields_2601.17350.pdf,,no_code_link_found,"Codex:3D-Reconstruction, Codex:3D4D-Reconstruction"
2603.29572,Turbo4DGen: Ultra-Fast Acceleration for 4D Generation,2026-arxiv,动态场景与 4D 重建,时空/动态角度,建模运动/形变/时间一致性,Motion decomposition / canonical space / deformation,Turbo4DGen,Turbo4DGen 针对「建模运动/形变/时间一致性」，从「时空/动态角度」切入，主要采用「Motion decomposition / canonical space / deformation」来服务「动态场景与 4D 重建」。,/Volumes/UBag/Documents/l40server_mirror/lyra/Lyra-2/paper_collection_3d4d_reconstruction_2026_04_26/boardmix_mindmap/method_figures/2603.29572_Turbo4DGen.png,/Volumes/UBag/Documents/l40server_mirror/lyra/Lyra-2/paper_collection_3d4d_reconstruction_2026_04_26/pdfs/2026_Turbo4DGen_Ultra_Fast_Acceleration_for_4D_Generation_2603.29572.pdf,https://github.com/ArthurBrussee/brush,code_link_found_not_audited,"Codex:3D+4D-Evolution, Codex:3D4D-Reconstruction"
2601.17720,Advancing Structured Priors for Sparse-Voxel Surface Reconstruction,2026-arxiv,多视角几何/表面/场景重建,表示/几何角度,提升几何一致性/表面质量,Gaussian Splatting 表示与正则化,Sparse-Voxel,Sparse-Voxel 针对「提升几何一致性/表面质量」，从「表示/几何角度」切入，主要采用「Gaussian Splatting 表示与正则化」来服务「多视角几何/表面/场景重建」。,/Volumes/UBag/Documents/l40server_mirror/lyra/Lyra-2/paper_collection_3d4d_reconstruction_2026_04_26/boardmix_mindmap/method_figures/2601.17720_Sparse-Voxel.png,/Volumes/UBag/Documents/l40server_mirror/lyra/Lyra-2/paper_collection_3d4d_reconstruction_2026_04_26/pdfs/2026_Advancing_Structured_Priors_for_Sparse_Voxel_Surface_Reconstruction_2601.17720.pdf,,no_code_link_found,"Codex:3D-Reconstruction, Codex:3D4D-Reconstruction"
2601.17791,Agreement-Driven Multi-View 3D Reconstruction for Live Cattle Weight Estimation,2026-arxiv,多视角几何/表面/场景重建,表示/几何角度,适配特殊传感器/行业场景,Sensor/domain-specific pipeline,Agreement-Driven,Agreement-Driven 针对「适配特殊传感器/行业场景」，从「表示/几何角度」切入，主要采用「Sensor/domain-specific pipeline」来服务「多视角几何/表面/场景重建」。,/Volumes/UBag/Documents/l40server_mirror/lyra/Lyra-2/paper_collection_3d4d_reconstruction_2026_04_26/boardmix_mindmap/method_figures/2601.17791_Agreement-Driven.png,/Volumes/UBag/Documents/l40server_mirror/lyra/Lyra-2/paper_collection_3d4d_reconstruction_2026_04_26/pdfs/2026_Agreement_Driven_Multi_View_3D_Reconstruction_for_Live_Cattle_Weight_Estimation_2601.17791.pdf,https://github.com/devinli123/MV-SAM3D,code_link_found_not_audited,"Codex:3D-Reconstruction, Codex:3D4D-Reconstruction"
2601.05208,MoE3D: A Mixture-of-Experts Module for 3D Reconstruction,2026-arxiv,多视角几何/表面/场景重建,计算角度,建模运动/形变/时间一致性,SLAM / pose graph / online mapping pipeline,MoE3D,MoE3D 针对「建模运动/形变/时间一致性」，从「计算角度」切入，主要采用「SLAM / pose graph / online mapping pipeline」来服务「多视角几何/表面/场景重建」。,/Volumes/UBag/Documents/l40server_mirror/lyra/Lyra-2/paper_collection_3d4d_reconstruction_2026_04_26/boardmix_mindmap/method_figures/2601.05208_MoE3D.png,/Volumes/UBag/Documents/l40server_mirror/lyra/Lyra-2/paper_collection_3d4d_reconstruction_2026_04_26/pdfs/2026_MoE3D_A_Mixture_of_Experts_Module_for_3D_Reconstruction_2601.05208.pdf,,no_code_link_found,"Codex:3D-Reconstruction, Codex:3D4D-Reconstruction"
2601.17900,Revisiting 3D Reconstruction Kernels as Low-Pass Filters,2026-arxiv,多视角几何/表面/场景重建,时空/动态角度,解决稀疏视角几何不稳定,SLAM / pose graph / online mapping pipeline,Low-Pass,Low-Pass 针对「解决稀疏视角几何不稳定」，从「时空/动态角度」切入，主要采用「SLAM / pose graph / online mapping pipeline」来服务「多视角几何/表面/场景重建」。,/Volumes/UBag/Documents/l40server_mirror/lyra/Lyra-2/paper_collection_3d4d_reconstruction_2026_04_26/boardmix_mindmap/method_figures/2601.17900_Low-Pass.png,/Volumes/UBag/Documents/l40server_mirror/lyra/Lyra-2/paper_collection_3d4d_reconstruction_2026_04_26/pdfs/2026_Revisiting_3D_Reconstruction_Kernels_as_Low_Pass_Filters_2601.17900.pdf,,no_code_link_found,"Codex:3D-Reconstruction, Codex:3D4D-Reconstruction"
2601.18993,FreeOrbit4D: Training-Free Arbitrary Camera Redirection for Monocular Videos via Geometry-Complete 4D Reconstruction,2026-arxiv,动态场景与 4D 重建,时空/动态角度,建模运动/形变/时间一致性,Motion decomposition / canonical space / deformation,FreeOrbit4D,FreeOrbit4D 针对「建模运动/形变/时间一致性」，从「时空/动态角度」切入，主要采用「Motion decomposition / canonical space / deformation」来服务「动态场景与 4D 重建」。,/Volumes/UBag/Documents/l40server_mirror/lyra/Lyra-2/paper_collection_3d4d_reconstruction_2026_04_26/boardmix_mindmap/method_figures/2601.18993_FreeOrbit4D.png,/Volumes/UBag/Documents/l40server_mirror/lyra/Lyra-2/paper_collection_3d4d_reconstruction_2026_04_26/pdfs/2026_FreeOrbit4D_Training_Free_Arbitrary_Camera_Redirection_for_Monocular_Videos_via_Geometry_C_2601.18993.pdf,,no_code_link_found,"Codex:3D4D-Reconstruction, Codex:4D-Reconstruction"
2601.02103,HeadLighter: Disentangling Illumination in Generative 3D Gaussian Heads via Lightstage Captures,2026-arxiv,生成式 3D/4D 内容与仿真,训练/监督角度,降低显存/存储/模型体积,Gaussian Splatting 表示与正则化,HeadLighter,HeadLighter 针对「降低显存/存储/模型体积」，从「训练/监督角度」切入，主要采用「Gaussian Splatting 表示与正则化」来服务「生成式 3D/4D 内容与仿真」。,/Volumes/UBag/Documents/l40server_mirror/lyra/Lyra-2/paper_collection_3d4d_reconstruction_2026_04_26/boardmix_mindmap/method_figures/2601.02103_HeadLighter.png,/Volumes/UBag/Documents/l40server_mirror/lyra/Lyra-2/paper_collection_3d4d_reconstruction_2026_04_26/pdfs/2026_HeadLighter_Disentangling_Illumination_in_Generative_3D_Gaussian_Heads_via_Lightstage_Capt_2601.02103.pdf,https://github.com/yakhyo/face-parsing,code_link_found_not_audited,"Codex:3D-Reconstruction, Codex:3D4D-Reconstruction"
2601.18475,LoD-Structured 3D Gaussian Splatting for Streaming Video Reconstruction,2026-arxiv,实时/大规模/高效 3D 表示,时空/动态角度,解决稀疏视角几何不稳定,Gaussian Splatting 表示与正则化,LoD-Structured,LoD-Structured 针对「解决稀疏视角几何不稳定」，从「时空/动态角度」切入，主要采用「Gaussian Splatting 表示与正则化」来服务「实时/大规模/高效 3D 表示」。,/Volumes/UBag/Documents/l40server_mirror/lyra/Lyra-2/paper_collection_3d4d_reconstruction_2026_04_26/boardmix_mindmap/method_figures/2601.18475_LoD-Structured.png,/Volumes/UBag/Documents/l40server_mirror/lyra/Lyra-2/paper_collection_3d4d_reconstruction_2026_04_26/pdfs/2026_LoD_Structured_3D_Gaussian_Splatting_for_Streaming_Video_Reconstruction_2601.18475.pdf,,no_code_link_found,"Codex:3D-Reconstruction, Codex:3D4D-Reconstruction"
2601.19014,Non-Invasive 3D Wound Measurement with RGB-D Imaging,2026-arxiv,实时/大规模/高效 3D 表示,计算角度,减少优化/采样/渲染步骤,SDF/隐式表面/网格/点云,Non-Invasive,Non-Invasive 针对「减少优化/采样/渲染步骤」，从「计算角度」切入，主要采用「SDF/隐式表面/网格/点云」来服务「实时/大规模/高效 3D 表示」。,/Volumes/UBag/Documents/l40server_mirror/lyra/Lyra-2/paper_collection_3d4d_reconstruction_2026_04_26/boardmix_mindmap/method_figures/2601.19014_Non-Invasive.png,/Volumes/UBag/Documents/l40server_mirror/lyra/Lyra-2/paper_collection_3d4d_reconstruction_2026_04_26/pdfs/2026_Non_Invasive_3D_Wound_Measurement_with_RGB_D_Imaging_2601.19014.pdf,,no_code_link_found,"Codex:3D-Reconstruction, Codex:3D4D-Reconstruction"
2601.18633,Splat-Portrait: Generalizing Talking Heads with Gaussian Splatting,2026-arxiv,人体/头像/可动画资产,训练/监督角度,建模运动/形变/时间一致性,Gaussian Splatting 表示与正则化,Splat-Portrait,Splat-Portrait 针对「建模运动/形变/时间一致性」，从「训练/监督角度」切入，主要采用「Gaussian Splatting 表示与正则化」来服务「人体/头像/可动画资产」。,/Volumes/UBag/Documents/l40server_mirror/lyra/Lyra-2/paper_collection_3d4d_reconstruction_2026_04_26/boardmix_mindmap/method_figures/2601.18633_Splat-Portrait.png,/Volumes/UBag/Documents/l40server_mirror/lyra/Lyra-2/paper_collection_3d4d_reconstruction_2026_04_26/pdfs/2026_Splat_Portrait_Generalizing_Talking_Heads_with_Gaussian_Splatting_2601.18633.pdf,https://github.com/stonewalking/Splat-portrait,code_link_found_not_audited,"Codex:3D-Reconstruction, Codex:3D4D-Reconstruction"
2601.18323,TC-IDM: Grounding Video Generation for Executable Zero-shot Robot Motion,2026-arxiv,动态场景与 4D 重建,时空/动态角度,提升可控生成/世界演化预测,Diffusion/生成先验/视频模型,TC-IDM,TC-IDM 针对「提升可控生成/世界演化预测」，从「时空/动态角度」切入，主要采用「Diffusion/生成先验/视频模型」来服务「动态场景与 4D 重建」。,/Volumes/UBag/Documents/l40server_mirror/lyra/Lyra-2/paper_collection_3d4d_reconstruction_2026_04_26/boardmix_mindmap/method_figures/2601.18323_TC-IDM.png,/Volumes/UBag/Documents/l40server_mirror/lyra/Lyra-2/paper_collection_3d4d_reconstruction_2026_04_26/pdfs/2026_TC_IDM_Grounding_Video_Generation_for_Executable_Zero_shot_Robot_Motion_2601.18323.pdf,https://github.com/wsbaiyi/TC-IDM,code_link_found_not_audited,"Codex:3D+4D-Evolution, Codex:3D4D-Reconstruction"
2601.19216,Bridging Visual and Wireless Sensing: A Unified Radiation Field for 3D Radio Map Construction,2026-arxiv,生成式 3D/4D 内容与仿真,表示/几何角度,提升泛化/跨场景/开放世界能力,NeRF/辐射场/体渲染,Bridging Visual and Wireless Sensing,Bridging Visual and Wireless Sensing 针对「提升泛化/跨场景/开放世界能力」，从「表示/几何角度」切入，主要采用「NeRF/辐射场/体渲染」来服务「生成式 3D/4D 内容与仿真」。,/Volumes/UBag/Documents/l40server_mirror/lyra/Lyra-2/paper_collection_3d4d_reconstruction_2026_04_26/boardmix_mindmap/method_figures/2601.19216_Bridging_Visual_and_Wireless_Sensing.png,/Volumes/UBag/Documents/l40server_mirror/lyra/Lyra-2/paper_collection_3d4d_reconstruction_2026_04_26/pdfs/2026_Bridging_Visual_and_Wireless_Sensing_A_Unified_Radiation_Field_for_3D_Radio_Map_Constructi_2601.19216.pdf,https://github.com/wenchaozheng/URF-GS,code_link_found_not_audited,"Codex:3D-Reconstruction, Codex:3D4D-Reconstruction"
2601.19717,DiffStyle3D: Consistent 3D Gaussian Stylization via Attention Optimization,2026-arxiv,生成式 3D/4D 内容与仿真,训练/监督角度,提升几何一致性/表面质量,SLAM / pose graph / online mapping pipeline,DiffStyle3D,DiffStyle3D 针对「提升几何一致性/表面质量」，从「训练/监督角度」切入，主要采用「SLAM / pose graph / online mapping pipeline」来服务「生成式 3D/4D 内容与仿真」。,/Volumes/UBag/Documents/l40server_mirror/lyra/Lyra-2/paper_collection_3d4d_reconstruction_2026_04_26/boardmix_mindmap/method_figures/2601.19717_DiffStyle3D.png,/Volumes/UBag/Documents/l40server_mirror/lyra/Lyra-2/paper_collection_3d4d_reconstruction_2026_04_26/pdfs/2026_DiffStyle3D_Consistent_3D_Gaussian_Stylization_via_Attention_Optimization_2601.19717.pdf,,no_code_link_found,"Codex:3D-Reconstruction, Codex:3D4D-Reconstruction"
2601.19484,"Dynamic Worlds, Dynamic Humans: Generating Virtual Human-Scene Interaction Motion in Dynamic Scenes",2026-arxiv,动态场景与 4D 重建,训练/监督角度,提升可控生成/世界演化预测,Diffusion/生成先验/视频模型,"Dynamic Worlds, Dynamic Humans","Dynamic Worlds, Dynamic Humans 针对「提升可控生成/世界演化预测」，从「训练/监督角度」切入，主要采用「Diffusion/生成先验/视频模型」来服务「动态场景与 4D 重建」。",/Volumes/UBag/Documents/l40server_mirror/lyra/Lyra-2/paper_collection_3d4d_reconstruction_2026_04_26/boardmix_mindmap/method_figures/2601.19484_Dynamic_Worlds_Dynamic_Humans.png,/Volumes/UBag/Documents/l40server_mirror/lyra/Lyra-2/paper_collection_3d4d_reconstruction_2026_04_26/pdfs/2026_Dynamic_Worlds_Dynamic_Humans_Generating_Virtual_Human_Scene_Interaction_Motion_in_Dynamic_2601.19484.pdf,,no_code_link_found,"Codex:3D+4D-Evolution, Codex:3D4D-Reconstruction"
2601.17835,Geometry-Grounded Gaussian Splatting,2026-arxiv,多视角几何/表面/场景重建,表示/几何角度,提升几何一致性/表面质量,Gaussian Splatting 表示与正则化,Geometry-Grounded Gaussian Splatting,Geometry-Grounded Gaussian Splatting 针对「提升几何一致性/表面质量」，从「表示/几何角度」切入，主要采用「Gaussian Splatting 表示与正则化」来服务「多视角几何/表面/场景重建」。,/Volumes/UBag/Documents/l40server_mirror/lyra/Lyra-2/paper_collection_3d4d_reconstruction_2026_04_26/boardmix_mindmap/method_figures/2601.17835_Geometry-Grounded_Gaussian_Splatting.png,/Volumes/UBag/Documents/l40server_mirror/lyra/Lyra-2/paper_collection_3d4d_reconstruction_2026_04_26/pdfs/2026_Geometry_Grounded_Gaussian_Splatting_2601.17835.pdf,https://github.com/HKUST-SAIL/Geometry-Grounded-Gaussian-Splatting/tree/main,code_link_found_not_audited,"Codex:3D-Reconstruction, Codex:3D4D-Reconstruction"
2601.19843,Graphical X Splatting (GraphiXS): A Graphical Model for 4D Gaussian Splatting under Uncertainty,2026-arxiv,实时/大规模/高效 3D 表示,计算角度,解决稀疏视角几何不稳定,Gaussian Splatting 表示与正则化,Graphical X Splatting (GraphiXS),Graphical X Splatting (GraphiXS) 针对「解决稀疏视角几何不稳定」，从「计算角度」切入，主要采用「Gaussian Splatting 表示与正则化」来服务「实时/大规模/高效 3D 表示」。,/Volumes/UBag/Documents/l40server_mirror/lyra/Lyra-2/paper_collection_3d4d_reconstruction_2026_04_26/boardmix_mindmap/method_figures/2601.19843_Graphical_X_Splatting_GraphiXS.png,/Volumes/UBag/Documents/l40server_mirror/lyra/Lyra-2/paper_collection_3d4d_reconstruction_2026_04_26/pdfs/2026_Graphical_X_Splatting_GraphiXS_A_Graphical_Model_for_4D_Gaussian_Splatting_under_Uncertain_2601.19843.pdf,https://github.com/dendenxu/fast-gaussian-rasterization,code_link_found_not_audited,"Codex:3D-Reconstruction, Codex:3D4D-Reconstruction, Codex:4D-Reconstruction"
2601.15766,LL-GaussianMap: Zero-shot Low-Light Image Enhancement via 2D Gaussian Splatting Guided Gain Maps,2026-arxiv,生成式 3D/4D 内容与仿真,训练/监督角度,解决稀疏视角几何不稳定,Gaussian Splatting 表示与正则化,LL-GaussianMap,LL-GaussianMap 针对「解决稀疏视角几何不稳定」，从「训练/监督角度」切入，主要采用「Gaussian Splatting 表示与正则化」来服务「生成式 3D/4D 内容与仿真」。,/Volumes/UBag/Documents/l40server_mirror/lyra/Lyra-2/paper_collection_3d4d_reconstruction_2026_04_26/boardmix_mindmap/method_figures/2601.15766_LL-GaussianMap.png,/Volumes/UBag/Documents/l40server_mirror/lyra/Lyra-2/paper_collection_3d4d_reconstruction_2026_04_26/pdfs/2026_LL_GaussianMap_Zero_shot_Low_Light_Image_Enhancement_via_2D_Gaussian_Splatting_Guided_Gain_2601.15766.pdf,,no_code_link_found,"Codex:3D-Reconstruction, Codex:3D4D-Reconstruction"
2601.20051,Size Matters: Reconstructing Real-Scale 3D Models from Monocular Images for Food Portion Estimation,2026-arxiv,稀疏/单目/少视角 3D 重建,训练/监督角度,解决稀疏视角几何不稳定,SLAM / pose graph / online mapping pipeline,Size Matters,Size Matters 针对「解决稀疏视角几何不稳定」，从「训练/监督角度」切入，主要采用「SLAM / pose graph / online mapping pipeline」来服务「稀疏/单目/少视角 3D 重建」。,/Volumes/UBag/Documents/l40server_mirror/lyra/Lyra-2/paper_collection_3d4d_reconstruction_2026_04_26/boardmix_mindmap/method_figures/2601.20051_Size_Matters.png,/Volumes/UBag/Documents/l40server_mirror/lyra/Lyra-2/paper_collection_3d4d_reconstruction_2026_04_26/pdfs/2026_Size_Matters_Reconstructing_Real_Scale_3D_Models_from_Monocular_Images_for_Food_Portion_Es_2601.20051.pdf,,no_code_link_found,"Codex:3D-Reconstruction, Codex:3D4D-Reconstruction"
2601.19233,UniMGS: Unifying Mesh and 3D Gaussian Splatting with Single-Pass Rasterization and Proxy-Based Deformation,2026-arxiv,人体/头像/可动画资产,表示/几何角度,建模运动/形变/时间一致性,Gaussian Splatting 表示与正则化,UniMGS,UniMGS 针对「建模运动/形变/时间一致性」，从「表示/几何角度」切入，主要采用「Gaussian Splatting 表示与正则化」来服务「人体/头像/可动画资产」。,/Volumes/UBag/Documents/l40server_mirror/lyra/Lyra-2/paper_collection_3d4d_reconstruction_2026_04_26/boardmix_mindmap/method_figures/2601.19233_UniMGS.png,/Volumes/UBag/Documents/l40server_mirror/lyra/Lyra-2/paper_collection_3d4d_reconstruction_2026_04_26/pdfs/2026_UniMGS_Unifying_Mesh_and_3D_Gaussian_Splatting_with_Single_Pass_Rasterization_and_Proxy_Ba_2601.19233.pdf,,no_code_link_found,"Codex:3D-Reconstruction, Codex:3D4D-Reconstruction"
2601.19753,WaterClear-GS: Optical-Aware Gaussian Splatting for Underwater Reconstruction and Restoration,2026-arxiv,多视角几何/表面/场景重建,表示/几何角度,提升几何一致性/表面质量,NeRF/辐射场/体渲染,WaterClear-GS,WaterClear-GS 针对「提升几何一致性/表面质量」，从「表示/几何角度」切入，主要采用「NeRF/辐射场/体渲染」来服务「多视角几何/表面/场景重建」。,/Volumes/UBag/Documents/l40server_mirror/lyra/Lyra-2/paper_collection_3d4d_reconstruction_2026_04_26/boardmix_mindmap/method_figures/2601.19753_WaterClear-GS.png,/Volumes/UBag/Documents/l40server_mirror/lyra/Lyra-2/paper_collection_3d4d_reconstruction_2026_04_26/pdfs/2026_WaterClear_GS_Optical_Aware_Gaussian_Splatting_for_Underwater_Reconstruction_and_Restorati_2601.19753.pdf,https://github.com/nerfies/nerfies.github.io,code_link_found_not_audited,"Codex:3D-Reconstruction, Codex:3D4D-Reconstruction"
2601.19489,Fast Converging 3D Gaussian Splatting for 1-Minute Reconstruction,2026-arxiv,稀疏/单目/少视角 3D 重建,计算角度,解决稀疏视角几何不稳定,SLAM / pose graph / online mapping pipeline,本文方法,本文方法 针对「解决稀疏视角几何不稳定」，从「计算角度」切入，主要采用「SLAM / pose graph / online mapping pipeline」来服务「稀疏/单目/少视角 3D 重建」。,/Volumes/UBag/Documents/l40server_mirror/lyra/Lyra-2/paper_collection_3d4d_reconstruction_2026_04_26/boardmix_mindmap/method_figures/2601.19489_paper.png,/Volumes/UBag/Documents/l40server_mirror/lyra/Lyra-2/paper_collection_3d4d_reconstruction_2026_04_26/pdfs/2026_Fast_Converging_3D_Gaussian_Splatting_for_1_Minute_Reconstruction_2601.19489.pdf,https://github.com/j-alex-hanson/speedy-splat,code_link_found_not_audited,"Codex:3D-Reconstruction, Codex:3D4D-Reconstruction"
2601.20857,FreeFix: Boosting 3D Gaussian Splatting via Fine-Tuning-Free Diffusion Models,2026-arxiv,生成式 3D/4D 内容与仿真,表示/几何角度,解决稀疏视角几何不稳定,Gaussian Splatting 表示与正则化,FreeFix,FreeFix 针对「解决稀疏视角几何不稳定」，从「表示/几何角度」切入，主要采用「Gaussian Splatting 表示与正则化」来服务「生成式 3D/4D 内容与仿真」。,/Volumes/UBag/Documents/l40server_mirror/lyra/Lyra-2/paper_collection_3d4d_reconstruction_2026_04_26/boardmix_mindmap/method_figures/2601.20857_FreeFix.png,/Volumes/UBag/Documents/l40server_mirror/lyra/Lyra-2/paper_collection_3d4d_reconstruction_2026_04_26/pdfs/2026_FreeFix_Boosting_3D_Gaussian_Splatting_via_Fine_Tuning_Free_Diffusion_Models_2601.20857.pdf,https://github.com/hyzhou404/FreeFix,code_link_found_not_audited,"Codex:3D-Reconstruction, Codex:3D4D-Reconstruction"
2601.19785,GeoDiff3D: Self-Supervised 3D Scene Generation with Geometry-Constrained 2D Diffusion Guidance,2026-arxiv,生成式 3D/4D 内容与仿真,训练/监督角度,提升几何一致性/表面质量,SLAM / pose graph / online mapping pipeline,GeoDiff3D,GeoDiff3D 针对「提升几何一致性/表面质量」，从「训练/监督角度」切入，主要采用「SLAM / pose graph / online mapping pipeline」来服务「生成式 3D/4D 内容与仿真」。,/Volumes/UBag/Documents/l40server_mirror/lyra/Lyra-2/paper_collection_3d4d_reconstruction_2026_04_26/boardmix_mindmap/method_figures/2601.19785_GeoDiff3D.png,/Volumes/UBag/Documents/l40server_mirror/lyra/Lyra-2/paper_collection_3d4d_reconstruction_2026_04_26/pdfs/2026_GeoDiff3D_Self_Supervised_3D_Scene_Generation_with_Geometry_Constrained_2D_Diffusion_Guida_2601.19785.pdf,https://github.com/XLabs-AI/x-flux,code_link_found_not_audited,"Codex:3D-Reconstruction, Codex:3D4D-Reconstruction"
2602.06991,LangGS-SLAM: Real-Time Language-Feature Gaussian Splatting SLAM,2026-arxiv,实时/大规模/高效 3D 表示,计算角度,接入 SLAM/机器人闭环系统,SLAM / pose graph / online mapping pipeline,LangGS-SLAM,LangGS-SLAM 针对「接入 SLAM/机器人闭环系统」，从「计算角度」切入，主要采用「SLAM / pose graph / online mapping pipeline」来服务「实时/大规模/高效 3D 表示」。,/Volumes/UBag/Documents/l40server_mirror/lyra/Lyra-2/paper_collection_3d4d_reconstruction_2026_04_26/boardmix_mindmap/method_figures/2602.06991_LangGS-SLAM.png,/Volumes/UBag/Documents/l40server_mirror/lyra/Lyra-2/paper_collection_3d4d_reconstruction_2026_04_26/pdfs/2026_LangGS_SLAM_Real_Time_Language_Feature_Gaussian_Splatting_SLAM_2602.06991.pdf,,no_code_link_found,"Codex:3D-Reconstruction, Codex:3D4D-Reconstruction"
2601.22032,Drive-JEPA: Video JEPA Meets Multimodal Trajectory Distillation for End-to-End Driving,2026-arxiv,SLAM/机器人/自动驾驶世界模型,训练/监督角度,提升可控生成/世界演化预测,SLAM / pose graph / online mapping pipeline,Drive-JEPA,Drive-JEPA 针对「提升可控生成/世界演化预测」，从「训练/监督角度」切入，主要采用「SLAM / pose graph / online mapping pipeline」来服务「SLAM/机器人/自动驾驶世界模型」。,/Volumes/UBag/Documents/l40server_mirror/lyra/Lyra-2/paper_collection_3d4d_reconstruction_2026_04_26/boardmix_mindmap/method_figures/2601.22032_Drive-JEPA.png,/Volumes/UBag/Documents/l40server_mirror/lyra/Lyra-2/paper_collection_3d4d_reconstruction_2026_04_26/pdfs/2026_Drive_JEPA_Video_JEPA_Meets_Multimodal_Trajectory_Distillation_for_End_to_End_Driving_2601.22032.pdf,https://github.com/linhanwang/Drive-JEPA,code_link_found_not_audited,"Codex:3D+4D-Evolution, Codex:3D4D-Reconstruction"
2601.16272,GR3EN: Generative Relighting for 3D Environments,2026-arxiv,生成式 3D/4D 内容与仿真,训练/监督角度,提升可控生成/世界演化预测,Diffusion/生成先验/视频模型,GR3EN,GR3EN 针对「提升可控生成/世界演化预测」，从「训练/监督角度」切入，主要采用「Diffusion/生成先验/视频模型」来服务「生成式 3D/4D 内容与仿真」。,/Volumes/UBag/Documents/l40server_mirror/lyra/Lyra-2/paper_collection_3d4d_reconstruction_2026_04_26/boardmix_mindmap/method_figures/2601.16272_GR3EN.png,/Volumes/UBag/Documents/l40server_mirror/lyra/Lyra-2/paper_collection_3d4d_reconstruction_2026_04_26/pdfs/2026_GR3EN_Generative_Relighting_for_3D_Environments_2601.16272.pdf,,no_code_link_found,"Codex:3D-Reconstruction, Codex:3D4D-Reconstruction"
2601.22086,Learning Transient Convective Heat Transfer with Geometry Aware World Models,2026-arxiv,生成式 3D/4D 内容与仿真,时空/动态角度,提升可控生成/世界演化预测,Diffusion/生成先验/视频模型,本文方法,本文方法 针对「提升可控生成/世界演化预测」，从「时空/动态角度」切入，主要采用「Diffusion/生成先验/视频模型」来服务「生成式 3D/4D 内容与仿真」。,/Volumes/UBag/Documents/l40server_mirror/lyra/Lyra-2/paper_collection_3d4d_reconstruction_2026_04_26/boardmix_mindmap/method_figures/2601.22086_paper.png,/Volumes/UBag/Documents/l40server_mirror/lyra/Lyra-2/paper_collection_3d4d_reconstruction_2026_04_26/pdfs/2026_Learning_Transient_Convective_Heat_Transfer_with_Geometry_Aware_World_Models_2601.22086.pdf,https://github.com/otd11/TransientGeoAwareWorldModel,code_link_found_not_audited,"Codex:3D+4D-Evolution, Codex:3D4D-Reconstruction"
2601.21786,Synthetic-to-Real Domain Bridging for Single-View 3D Reconstruction of Ships for Maritime Monitoring,2026-arxiv,实时/大规模/高效 3D 表示,训练/监督角度,降低显存/存储/模型体积,Gaussian Splatting 表示与正则化,to-Real,to-Real 针对「降低显存/存储/模型体积」，从「训练/监督角度」切入，主要采用「Gaussian Splatting 表示与正则化」来服务「实时/大规模/高效 3D 表示」。,/Volumes/UBag/Documents/l40server_mirror/lyra/Lyra-2/paper_collection_3d4d_reconstruction_2026_04_26/boardmix_mindmap/method_figures/2601.21786_to-Real.png,/Volumes/UBag/Documents/l40server_mirror/lyra/Lyra-2/paper_collection_3d4d_reconstruction_2026_04_26/pdfs/2026_Synthetic_to_Real_Domain_Bridging_for_Single_View_3D_Reconstruction_of_Ships_for_Maritime_2601.21786.pdf,,no_code_link_found,"Codex:3D-Reconstruction, Codex:3D4D-Reconstruction"
2601.22045,Urban Neural Surface Reconstruction from Constrained Sparse Aerial Imagery with 3D SAR Fusion,2026-arxiv,多视角几何/表面/场景重建,表示/几何角度,提升几何一致性/表面质量,SDF/隐式表面/网格/点云,SAR,SAR 针对「提升几何一致性/表面质量」，从「表示/几何角度」切入，主要采用「SDF/隐式表面/网格/点云」来服务「多视角几何/表面/场景重建」。,/Volumes/UBag/Documents/l40server_mirror/lyra/Lyra-2/paper_collection_3d4d_reconstruction_2026_04_26/boardmix_mindmap/method_figures/2601.22045_SAR.png,/Volumes/UBag/Documents/l40server_mirror/lyra/Lyra-2/paper_collection_3d4d_reconstruction_2026_04_26/pdfs/2026_Urban_Neural_Surface_Reconstruction_from_Constrained_Sparse_Aerial_Imagery_with_3D_SAR_Fus_2601.22045.pdf,,no_code_link_found,"Codex:3D-Reconstruction, Codex:3D4D-Reconstruction"
2602.00395,3DGS$^2$-TR: Scalable Second-Order Trust-Region Method for 3D Gaussian Splatting,2026-arxiv,实时/大规模/高效 3D 表示,计算角度,解决稀疏视角几何不稳定,SLAM / pose graph / online mapping pipeline,3DGS$^2$-TR,3DGS$^2$-TR 针对「解决稀疏视角几何不稳定」，从「计算角度」切入，主要采用「SLAM / pose graph / online mapping pipeline」来服务「实时/大规模/高效 3D 表示」。,/Volumes/UBag/Documents/l40server_mirror/lyra/Lyra-2/paper_collection_3d4d_reconstruction_2026_04_26/boardmix_mindmap/method_figures/2602.00395_3DGS_2_-TR.png,/Volumes/UBag/Documents/l40server_mirror/lyra/Lyra-2/paper_collection_3d4d_reconstruction_2026_04_26/pdfs/2026_3DGS_2_TR_Scalable_Second_Order_Trust_Region_Method_for_3D_Gaussian_Splatting_2602.00395.pdf,,no_code_link_found,"Codex:3D-Reconstruction, Codex:3D4D-Reconstruction"
2601.23065,EAG-PT: Emission-Aware Gaussians and Path Tracing for Indoor Scene Reconstruction and Editing,2026-arxiv,生成式 3D/4D 内容与仿真,表示/几何角度,提升几何一致性/表面质量,NeRF/辐射场/体渲染,EAG-PT,EAG-PT 针对「提升几何一致性/表面质量」，从「表示/几何角度」切入，主要采用「NeRF/辐射场/体渲染」来服务「生成式 3D/4D 内容与仿真」。,/Volumes/UBag/Documents/l40server_mirror/lyra/Lyra-2/paper_collection_3d4d_reconstruction_2026_04_26/boardmix_mindmap/method_figures/2601.23065_EAG-PT.png,/Volumes/UBag/Documents/l40server_mirror/lyra/Lyra-2/paper_collection_3d4d_reconstruction_2026_04_26/pdfs/2026_EAG_PT_Emission_Aware_Gaussians_and_Path_Tracing_for_Indoor_Scene_Reconstruction_and_Editi_2601.23065.pdf,https://github.com/eliphatfs/torchoptix,code_link_found_not_audited,"Codex:3D-Reconstruction, Codex:3D4D-Reconstruction"
2601.13837,FastGHA: Generalized Few-Shot 3D Gaussian Head Avatars with Real-Time Animation,2026-arxiv,实时/大规模/高效 3D 表示,计算角度,建模运动/形变/时间一致性,Feed-forward / Transformer / Foundation Model,FastGHA,FastGHA 针对「建模运动/形变/时间一致性」，从「计算角度」切入，主要采用「Feed-forward / Transformer / Foundation Model」来服务「实时/大规模/高效 3D 表示」。,/Volumes/UBag/Documents/l40server_mirror/lyra/Lyra-2/paper_collection_3d4d_reconstruction_2026_04_26/boardmix_mindmap/method_figures/2601.13837_FastGHA.png,/Volumes/UBag/Documents/l40server_mirror/lyra/Lyra-2/paper_collection_3d4d_reconstruction_2026_04_26/pdfs/2026_FastGHA_Generalized_Few_Shot_3D_Gaussian_Head_Avatars_with_Real_Time_Animation_2601.13837.pdf,,no_code_link_found,"Codex:3D-Reconstruction, Codex:3D4D-Reconstruction"
2601.22988,Learning Geometrically-Grounded 3D Visual Representations for View-Generalizable Robotic Manipulation,2026-arxiv,稀疏/单目/少视角 3D 重建,训练/监督角度,提升泛化/跨场景/开放世界能力,Gaussian Splatting 表示与正则化,Geometrically-Grounded,Geometrically-Grounded 针对「提升泛化/跨场景/开放世界能力」，从「训练/监督角度」切入，主要采用「Gaussian Splatting 表示与正则化」来服务「稀疏/单目/少视角 3D 重建」。,/Volumes/UBag/Documents/l40server_mirror/lyra/Lyra-2/paper_collection_3d4d_reconstruction_2026_04_26/boardmix_mindmap/method_figures/2601.22988_Geometrically-Grounded.png,/Volumes/UBag/Documents/l40server_mirror/lyra/Lyra-2/paper_collection_3d4d_reconstruction_2026_04_26/pdfs/2026_Learning_Geometrically_Grounded_3D_Visual_Representations_for_View_Generalizable_Robotic_M_2601.22988.pdf,https://github.com/RichardDuan-shandong/GEM3D,code_link_found_not_audited,"Codex:3D-Reconstruction, Codex:3D4D-Reconstruction"
2601.19887,VGGT-SLAM 2.0: Real-time Dense Feed-forward Scene Reconstruction,2026-arxiv,SLAM/机器人/自动驾驶世界模型,计算角度,接入 SLAM/机器人闭环系统,SLAM / pose graph / online mapping pipeline,VGGT-SLAM 2.0,VGGT-SLAM 2.0 针对「接入 SLAM/机器人闭环系统」，从「计算角度」切入，主要采用「SLAM / pose graph / online mapping pipeline」来服务「SLAM/机器人/自动驾驶世界模型」。,/Volumes/UBag/Documents/l40server_mirror/lyra/Lyra-2/paper_collection_3d4d_reconstruction_2026_04_26/boardmix_mindmap/method_figures/2601.19887_VGGT-SLAM_2.0.png,/Volumes/UBag/Documents/l40server_mirror/lyra/Lyra-2/paper_collection_3d4d_reconstruction_2026_04_26/pdfs/2026_VGGT_SLAM_2_0_Real_time_Dense_Feed_forward_Scene_Reconstruction_2601.19887.pdf,https://github.com/MIT-SPARK/VGGT-SLAM,code_link_found_not_audited,"Codex:3D-Reconstruction, Codex:3D4D-Reconstruction"
2602.00739,Diffusion-Driven Inter-Outer Surface Separation for Point Clouds with Open Boundaries,2026-arxiv,多视角几何/表面/场景重建,表示/几何角度,提升几何一致性/表面质量,SDF/隐式表面/网格/点云,Diffusion-Driven,Diffusion-Driven 针对「提升几何一致性/表面质量」，从「表示/几何角度」切入，主要采用「SDF/隐式表面/网格/点云」来服务「多视角几何/表面/场景重建」。,/Volumes/UBag/Documents/l40server_mirror/lyra/Lyra-2/paper_collection_3d4d_reconstruction_2026_04_26/boardmix_mindmap/method_figures/2602.00739_Diffusion-Driven.png,/Volumes/UBag/Documents/l40server_mirror/lyra/Lyra-2/paper_collection_3d4d_reconstruction_2026_04_26/pdfs/2026_Diffusion_Driven_Inter_Outer_Surface_Separation_for_Point_Clouds_with_Open_Boundaries_2602.00739.pdf,https://github.com/lambo131/diffusion-scatter-algorithm,code_link_found_not_audited,"Codex:3D-Reconstruction, Codex:3D4D-Reconstruction"
2602.07016,Gaussian-Constrained LeJEPA Representations for Unsupervised Scene Discovery and Pose Consistency,2026-arxiv,动态场景与 4D 重建,训练/监督角度,建模运动/形变/时间一致性,SLAM / pose graph / online mapping pipeline,Gaussian-Constrained,Gaussian-Constrained 针对「建模运动/形变/时间一致性」，从「训练/监督角度」切入，主要采用「SLAM / pose graph / online mapping pipeline」来服务「动态场景与 4D 重建」。,/Volumes/UBag/Documents/l40server_mirror/lyra/Lyra-2/paper_collection_3d4d_reconstruction_2026_04_26/boardmix_mindmap/method_figures/2602.07016_Gaussian-Constrained.png,/Volumes/UBag/Documents/l40server_mirror/lyra/Lyra-2/paper_collection_3d4d_reconstruction_2026_04_26/pdfs/2026_Gaussian_Constrained_LeJEPA_Representations_for_Unsupervised_Scene_Discovery_and_Pose_Cons_2602.07016.pdf,,code_link_found_not_audited,"Codex:3D-Reconstruction, Codex:3D4D-Reconstruction"
2601.21400,Mesh Splatting for End-to-end Multiview Surface Reconstruction,2026-arxiv,多视角几何/表面/场景重建,表示/几何角度,提升几何一致性/表面质量,SDF/隐式表面/网格/点云,本文方法,本文方法 针对「提升几何一致性/表面质量」，从「表示/几何角度」切入，主要采用「SDF/隐式表面/网格/点云」来服务「多视角几何/表面/场景重建」。,/Volumes/UBag/Documents/l40server_mirror/lyra/Lyra-2/paper_collection_3d4d_reconstruction_2026_04_26/boardmix_mindmap/method_figures/2601.21400_paper.png,/Volumes/UBag/Documents/l40server_mirror/lyra/Lyra-2/paper_collection_3d4d_reconstruction_2026_04_26/pdfs/2026_Mesh_Splatting_for_End_to_end_Multiview_Surface_Reconstruction_2601.21400.pdf,,no_code_link_found,"Codex:3D-Reconstruction, Codex:3D4D-Reconstruction"
2602.00463,PSGS: Text-driven Panorama Sliding Scene Generation via Gaussian Splatting,2026-arxiv,多视角几何/表面/场景重建,表示/几何角度,解决稀疏视角几何不稳定,Gaussian Splatting 表示与正则化,PSGS,PSGS 针对「解决稀疏视角几何不稳定」，从「表示/几何角度」切入，主要采用「Gaussian Splatting 表示与正则化」来服务「多视角几何/表面/场景重建」。,/Volumes/UBag/Documents/l40server_mirror/lyra/Lyra-2/paper_collection_3d4d_reconstruction_2026_04_26/boardmix_mindmap/method_figures/2602.00463_PSGS.png,/Volumes/UBag/Documents/l40server_mirror/lyra/Lyra-2/paper_collection_3d4d_reconstruction_2026_04_26/pdfs/2026_PSGS_Text_driven_Panorama_Sliding_Scene_Generation_via_Gaussian_Splatting_2602.00463.pdf,,no_code_link_found,"Codex:3D-Reconstruction, Codex:3D4D-Reconstruction"
2602.00466,Stealthy Coverage Control for Human-enabled Real-Time 3D Reconstruction,2026-arxiv,实时/大规模/高效 3D 表示,时空/动态角度,减少优化/采样/渲染步骤,SLAM / pose graph / online mapping pipeline,Real-Time,Real-Time 针对「减少优化/采样/渲染步骤」，从「时空/动态角度」切入，主要采用「SLAM / pose graph / online mapping pipeline」来服务「实时/大规模/高效 3D 表示」。,/Volumes/UBag/Documents/l40server_mirror/lyra/Lyra-2/paper_collection_3d4d_reconstruction_2026_04_26/boardmix_mindmap/method_figures/2602.00466_Real-Time.png,/Volumes/UBag/Documents/l40server_mirror/lyra/Lyra-2/paper_collection_3d4d_reconstruction_2026_04_26/pdfs/2026_Stealthy_Coverage_Control_for_Human_enabled_Real_Time_3D_Reconstruction_2602.00466.pdf,,no_code_link_found,"Codex:3D-Reconstruction, Codex:3D4D-Reconstruction"
2602.00618,Tune-Your-Style: Intensity-tunable 3D Style Transfer with Gaussian Splatting,2026-arxiv,生成式 3D/4D 内容与仿真,训练/监督角度,解决稀疏视角几何不稳定,Gaussian Splatting 表示与正则化,Tune-Your-Style,Tune-Your-Style 针对「解决稀疏视角几何不稳定」，从「训练/监督角度」切入，主要采用「Gaussian Splatting 表示与正则化」来服务「生成式 3D/4D 内容与仿真」。,/Volumes/UBag/Documents/l40server_mirror/lyra/Lyra-2/paper_collection_3d4d_reconstruction_2026_04_26/boardmix_mindmap/method_figures/2602.00618_Tune-Your-Style.png,/Volumes/UBag/Documents/l40server_mirror/lyra/Lyra-2/paper_collection_3d4d_reconstruction_2026_04_26/pdfs/2026_Tune_Your_Style_Intensity_tunable_3D_Style_Transfer_with_Gaussian_Splatting_2602.00618.pdf,https://github.com/Zhao-Yian/TuneYourStyle,code_link_found_not_audited,"Codex:3D-Reconstruction, Codex:3D4D-Reconstruction"
2602.02602,Position: 3D Gaussian Splatting Watermarking Should Be Scenario-Driven and Threat-Model Explicit,2026-arxiv,实时/大规模/高效 3D 表示,表示/几何角度,建模运动/形变/时间一致性,Gaussian Splatting 表示与正则化,Position,Position 针对「建模运动/形变/时间一致性」，从「表示/几何角度」切入，主要采用「Gaussian Splatting 表示与正则化」来服务「实时/大规模/高效 3D 表示」。,/Volumes/UBag/Documents/l40server_mirror/lyra/Lyra-2/paper_collection_3d4d_reconstruction_2026_04_26/boardmix_mindmap/method_figures/2602.02602_Position.png,/Volumes/UBag/Documents/l40server_mirror/lyra/Lyra-2/paper_collection_3d4d_reconstruction_2026_04_26/pdfs/2026_Position_3D_Gaussian_Splatting_Watermarking_Should_Be_Scenario_Driven_and_Threat_Model_Exp_2602.02602.pdf,,no_code_link_found,"Codex:3D-Reconstruction, Codex:3D4D-Reconstruction"
2602.02430,3D Foundation Model-Based Loop Closing for Decentralized Collaborative SLAM,2026-arxiv,实时/大规模/高效 3D 表示,系统/在线部署角度,接入 SLAM/机器人闭环系统,SLAM / pose graph / online mapping pipeline,Model-Based,Model-Based 针对「接入 SLAM/机器人闭环系统」，从「系统/在线部署角度」切入，主要采用「SLAM / pose graph / online mapping pipeline」来服务「实时/大规模/高效 3D 表示」。,/Volumes/UBag/Documents/l40server_mirror/lyra/Lyra-2/paper_collection_3d4d_reconstruction_2026_04_26/boardmix_mindmap/method_figures/2602.02430_Model-Based.png,/Volumes/UBag/Documents/l40server_mirror/lyra/Lyra-2/paper_collection_3d4d_reconstruction_2026_04_26/pdfs/2026_3D_Foundation_Model_Based_Loop_Closing_for_Decentralized_Collaborative_SLAM_2602.02430.pdf,,no_code_link_found,"Codex:3D-Reconstruction, Codex:3D4D-Reconstruction"
2602.01723,FastPhysGS: Accelerating Physics-based Dynamic 3DGS Simulation via Interior Completion and Adaptive Optimization,2026-arxiv,实时/大规模/高效 3D 表示,时空/动态角度,减少优化/采样/渲染步骤,Gaussian Splatting 表示与正则化,FastPhysGS,FastPhysGS 针对「减少优化/采样/渲染步骤」，从「时空/动态角度」切入，主要采用「Gaussian Splatting 表示与正则化」来服务「实时/大规模/高效 3D 表示」。,/Volumes/UBag/Documents/l40server_mirror/lyra/Lyra-2/paper_collection_3d4d_reconstruction_2026_04_26/boardmix_mindmap/method_figures/2602.01723_FastPhysGS.png,/Volumes/UBag/Documents/l40server_mirror/lyra/Lyra-2/paper_collection_3d4d_reconstruction_2026_04_26/pdfs/2026_FastPhysGS_Accelerating_Physics_based_Dynamic_3DGS_Simulation_via_Interior_Completion_and_2602.01723.pdf,,no_code_link_found,"Codex:3D-Reconstruction, Codex:3D4D-Reconstruction"
2602.01644,From Perception to Action: Spatial AI Agents and World Models,2026-arxiv,SLAM/机器人/自动驾驶世界模型,系统/在线部署角度,提升可控生成/世界演化预测,Feed-forward / Transformer / Foundation Model,From Perception to Action,From Perception to Action 针对「提升可控生成/世界演化预测」，从「系统/在线部署角度」切入，主要采用「Feed-forward / Transformer / Foundation Model」来服务「SLAM/机器人/自动驾驶世界模型」。,/Volumes/UBag/Documents/l40server_mirror/lyra/Lyra-2/paper_collection_3d4d_reconstruction_2026_04_26/boardmix_mindmap/method_figures/2602.01644_From_Perception_to_Action.png,/Volumes/UBag/Documents/l40server_mirror/lyra/Lyra-2/paper_collection_3d4d_reconstruction_2026_04_26/pdfs/2026_From_Perception_to_Action_Spatial_AI_Agents_and_World_Models_2602.01644.pdf,https://github.com/Significant-Gravitas/Auto-GPT,code_link_found_not_audited,"Codex:3D+4D-Evolution, Codex:3D4D-Reconstruction"
2602.01748,OFERA: Blendshape-driven 3D Gaussian Control for Occluded Facial Expression to Realistic Avatars in VR,2026-arxiv,人体/头像/可动画资产,时空/动态角度,降低显存/存储/模型体积,SLAM / pose graph / online mapping pipeline,OFERA,OFERA 针对「降低显存/存储/模型体积」，从「时空/动态角度」切入，主要采用「SLAM / pose graph / online mapping pipeline」来服务「人体/头像/可动画资产」。,/Volumes/UBag/Documents/l40server_mirror/lyra/Lyra-2/paper_collection_3d4d_reconstruction_2026_04_26/boardmix_mindmap/method_figures/2602.01748_OFERA.png,/Volumes/UBag/Documents/l40server_mirror/lyra/Lyra-2/paper_collection_3d4d_reconstruction_2026_04_26/pdfs/2026_OFERA_Blendshape_driven_3D_Gaussian_Control_for_Occluded_Facial_Expression_to_Realistic_Av_2602.01748.pdf,,code_link_found_not_audited,"Codex:3D-Reconstruction, Codex:3D4D-Reconstruction"
2601.22861,Under-Canopy Terrain Reconstruction in Dense Forests Using RGB Imaging and Neural 3D Reconstruction,2026-arxiv,多视角几何/表面/场景重建,表示/几何角度,解决稀疏视角几何不稳定,SLAM / pose graph / online mapping pipeline,Under-Canopy,Under-Canopy 针对「解决稀疏视角几何不稳定」，从「表示/几何角度」切入，主要采用「SLAM / pose graph / online mapping pipeline」来服务「多视角几何/表面/场景重建」。,/Volumes/UBag/Documents/l40server_mirror/lyra/Lyra-2/paper_collection_3d4d_reconstruction_2026_04_26/boardmix_mindmap/method_figures/2601.22861_Under-Canopy.png,/Volumes/UBag/Documents/l40server_mirror/lyra/Lyra-2/paper_collection_3d4d_reconstruction_2026_04_26/pdfs/2026_Under_Canopy_Terrain_Reconstruction_in_Dense_Forests_Using_RGB_Imaging_and_Neural_3D_Recon_2601.22861.pdf,https://github.com/ultralytics/ultralytics,code_link_found_not_audited,"Codex:3D-Reconstruction, Codex:3D4D-Reconstruction"
2602.02002,UniDriveDreamer: A Single-Stage Multimodal World Model for Autonomous Driving,2026-arxiv,SLAM/机器人/自动驾驶世界模型,时空/动态角度,提升可控生成/世界演化预测,Diffusion/生成先验/视频模型,UniDriveDreamer,UniDriveDreamer 针对「提升可控生成/世界演化预测」，从「时空/动态角度」切入，主要采用「Diffusion/生成先验/视频模型」来服务「SLAM/机器人/自动驾驶世界模型」。,/Volumes/UBag/Documents/l40server_mirror/lyra/Lyra-2/paper_collection_3d4d_reconstruction_2026_04_26/boardmix_mindmap/method_figures/2602.02002_UniDriveDreamer.png,/Volumes/UBag/Documents/l40server_mirror/lyra/Lyra-2/paper_collection_3d4d_reconstruction_2026_04_26/pdfs/2026_UniDriveDreamer_A_Single_Stage_Multimodal_World_Model_for_Autonomous_Driving_2602.02002.pdf,,no_code_link_found,"Codex:3D+4D-Evolution, Codex:3D4D-Reconstruction"
2602.01536,UniDWM: Towards a Unified Driving World Model via Multifaceted Representation Learning,2026-arxiv,SLAM/机器人/自动驾驶世界模型,生成/世界模型角度,提升可控生成/世界演化预测,Feed-forward / Transformer / Foundation Model,UniDWM,UniDWM 针对「提升可控生成/世界演化预测」，从「生成/世界模型角度」切入，主要采用「Feed-forward / Transformer / Foundation Model」来服务「SLAM/机器人/自动驾驶世界模型」。,/Volumes/UBag/Documents/l40server_mirror/lyra/Lyra-2/paper_collection_3d4d_reconstruction_2026_04_26/boardmix_mindmap/method_figures/2602.01536_UniDWM.png,/Volumes/UBag/Documents/l40server_mirror/lyra/Lyra-2/paper_collection_3d4d_reconstruction_2026_04_26/pdfs/2026_UniDWM_Towards_a_Unified_Driving_World_Model_via_Multifaceted_Representation_Learning_2602.01536.pdf,https://github.com/Say2L/UniDWM,code_link_found_not_audited,"Codex:3D+4D-Evolution, Codex:3D4D-Reconstruction"
2602.01674,VRGaussianAvatar: Integrating 3D Gaussian Avatars into VR,2026-arxiv,人体/头像/可动画资产,时空/动态角度,解决稀疏视角几何不稳定,Gaussian Splatting 表示与正则化,VRGaussianAvatar,VRGaussianAvatar 针对「解决稀疏视角几何不稳定」，从「时空/动态角度」切入，主要采用「Gaussian Splatting 表示与正则化」来服务「人体/头像/可动画资产」。,/Volumes/UBag/Documents/l40server_mirror/lyra/Lyra-2/paper_collection_3d4d_reconstruction_2026_04_26/boardmix_mindmap/method_figures/2602.01674_VRGaussianAvatar.png,/Volumes/UBag/Documents/l40server_mirror/lyra/Lyra-2/paper_collection_3d4d_reconstruction_2026_04_26/pdfs/2026_VRGaussianAvatar_Integrating_3D_Gaussian_Avatars_into_VR_2602.01674.pdf,https://github.com/hailsong/VRGaussianAvatar,code_link_found_not_audited,"Codex:3D-Reconstruction, Codex:3D4D-Reconstruction"
2602.02454,World-Gymnast: Training Robots with Reinforcement Learning in a World Model,2026-arxiv,SLAM/机器人/自动驾驶世界模型,生成/世界模型角度,提升可控生成/世界演化预测,SLAM / pose graph / online mapping pipeline,World-Gymnast,World-Gymnast 针对「提升可控生成/世界演化预测」，从「生成/世界模型角度」切入，主要采用「SLAM / pose graph / online mapping pipeline」来服务「SLAM/机器人/自动驾驶世界模型」。,/Volumes/UBag/Documents/l40server_mirror/lyra/Lyra-2/paper_collection_3d4d_reconstruction_2026_04_26/boardmix_mindmap/method_figures/2602.02454_World-Gymnast.png,/Volumes/UBag/Documents/l40server_mirror/lyra/Lyra-2/paper_collection_3d4d_reconstruction_2026_04_26/pdfs/2026_World_Gymnast_Training_Robots_with_Reinforcement_Learning_in_a_World_Model_2602.02454.pdf,https://github.com/world-gymnast/world-gymnast,code_link_found_not_audited,"Codex:3D+4D-Evolution, Codex:3D4D-Reconstruction"
2602.04043,AnyStyle: Single-Pass Multimodal Stylization for 3D Gaussian Splatting,2026-arxiv,稀疏/单目/少视角 3D 重建,训练/监督角度,解决稀疏视角几何不稳定,Gaussian Splatting 表示与正则化,AnyStyle,AnyStyle 针对「解决稀疏视角几何不稳定」，从「训练/监督角度」切入，主要采用「Gaussian Splatting 表示与正则化」来服务「稀疏/单目/少视角 3D 重建」。,/Volumes/UBag/Documents/l40server_mirror/lyra/Lyra-2/paper_collection_3d4d_reconstruction_2026_04_26/boardmix_mindmap/method_figures/2602.04043_AnyStyle.png,/Volumes/UBag/Documents/l40server_mirror/lyra/Lyra-2/paper_collection_3d4d_reconstruction_2026_04_26/pdfs/2026_AnyStyle_Single_Pass_Multimodal_Stylization_for_3D_Gaussian_Splatting_2602.04043.pdf,https://github.com/joaxkal/AnyStyle,code_link_found_not_audited,"Codex:3D-Reconstruction, Codex:3D4D-Reconstruction"
2602.03793,BridgeV2W: Bridging Video Generation Models to Embodied World Models via Embodiment Masks,2026-arxiv,SLAM/机器人/自动驾驶世界模型,生成/世界模型角度,提升可控生成/世界演化预测,Diffusion/生成先验/视频模型,BridgeV2W,BridgeV2W 针对「提升可控生成/世界演化预测」，从「生成/世界模型角度」切入，主要采用「Diffusion/生成先验/视频模型」来服务「SLAM/机器人/自动驾驶世界模型」。,/Volumes/UBag/Documents/l40server_mirror/lyra/Lyra-2/paper_collection_3d4d_reconstruction_2026_04_26/boardmix_mindmap/method_figures/2602.03793_BridgeV2W.png,/Volumes/UBag/Documents/l40server_mirror/lyra/Lyra-2/paper_collection_3d4d_reconstruction_2026_04_26/pdfs/2026_BridgeV2W_Bridging_Video_Generation_Models_to_Embodied_World_Models_via_Embodiment_Masks_2602.03793.pdf,,no_code_link_found,"Codex:3D+4D-Evolution, Codex:3D4D-Reconstruction"
2602.03847,EventNeuS: 3D Mesh Reconstruction from a Single Event Camera,2026-arxiv,多视角几何/表面/场景重建,训练/监督角度,降低显存/存储/模型体积,SDF/隐式表面/网格/点云,EventNeuS,EventNeuS 针对「降低显存/存储/模型体积」，从「训练/监督角度」切入，主要采用「SDF/隐式表面/网格/点云」来服务「多视角几何/表面/场景重建」。,/Volumes/UBag/Documents/l40server_mirror/lyra/Lyra-2/paper_collection_3d4d_reconstruction_2026_04_26/boardmix_mindmap/method_figures/2602.03847_EventNeuS.png,/Volumes/UBag/Documents/l40server_mirror/lyra/Lyra-2/paper_collection_3d4d_reconstruction_2026_04_26/pdfs/2026_EventNeuS_3D_Mesh_Reconstruction_from_a_Single_Event_Camera_2602.03847.pdf,https://github.com/NVlabs/tiny-cuda-nn,code_link_found_not_audited,"Codex:3D-Reconstruction, Codex:3D4D-Reconstruction"
2602.03200,Hand3R: Online 4D Hand-Scene Reconstruction in the Wild,2026-arxiv,动态场景与 4D 重建,训练/监督角度,提升几何一致性/表面质量,SLAM / pose graph / online mapping pipeline,Hand3R,Hand3R 针对「提升几何一致性/表面质量」，从「训练/监督角度」切入，主要采用「SLAM / pose graph / online mapping pipeline」来服务「动态场景与 4D 重建」。,/Volumes/UBag/Documents/l40server_mirror/lyra/Lyra-2/paper_collection_3d4d_reconstruction_2026_04_26/boardmix_mindmap/method_figures/2602.03200_Hand3R.png,/Volumes/UBag/Documents/l40server_mirror/lyra/Lyra-2/paper_collection_3d4d_reconstruction_2026_04_26/pdfs/2026_Hand3R_Online_4D_Hand_Scene_Reconstruction_in_the_Wild_2602.03200.pdf,,no_code_link_found,"Codex:3D-Reconstruction, Codex:3D4D-Reconstruction"
2602.03242,InstaDrive: Instance-Aware Driving World Models for Realistic and Consistent Video Generation,2026-arxiv,SLAM/机器人/自动驾驶世界模型,时空/动态角度,提升可控生成/世界演化预测,Diffusion/生成先验/视频模型,InstaDrive,InstaDrive 针对「提升可控生成/世界演化预测」，从「时空/动态角度」切入，主要采用「Diffusion/生成先验/视频模型」来服务「SLAM/机器人/自动驾驶世界模型」。,/Volumes/UBag/Documents/l40server_mirror/lyra/Lyra-2/paper_collection_3d4d_reconstruction_2026_04_26/boardmix_mindmap/method_figures/2602.03242_InstaDrive.png,/Volumes/UBag/Documents/l40server_mirror/lyra/Lyra-2/paper_collection_3d4d_reconstruction_2026_04_26/pdfs/2026_InstaDrive_Instance_Aware_Driving_World_Models_for_Realistic_and_Consistent_Video_Generati_2602.03242.pdf,https://github.com/shanpoyang654/InstaDrive,code_link_found_not_audited,"Codex:3D+4D-Evolution, Codex:3D4D-Reconstruction"
2602.03747,LIVE: Long-horizon Interactive Video World Modeling,2026-arxiv,生成式 3D/4D 内容与仿真,训练/监督角度,提升可控生成/世界演化预测,Diffusion/生成先验/视频模型,LIVE,LIVE 针对「提升可控生成/世界演化预测」，从「训练/监督角度」切入，主要采用「Diffusion/生成先验/视频模型」来服务「生成式 3D/4D 内容与仿真」。,/Volumes/UBag/Documents/l40server_mirror/lyra/Lyra-2/paper_collection_3d4d_reconstruction_2026_04_26/boardmix_mindmap/method_figures/2602.03747_LIVE.png,/Volumes/UBag/Documents/l40server_mirror/lyra/Lyra-2/paper_collection_3d4d_reconstruction_2026_04_26/pdfs/2026_LIVE_Long_horizon_Interactive_Video_World_Modeling_2602.03747.pdf,https://github.com/Junchao-cs/LIVE,code_link_found_not_audited,"Codex:3D+4D-Evolution, Codex:3D4D-Reconstruction"
2602.03327,Pi-GS: Sparse-View Gaussian Splatting with Dense π^3 Initialization,2026-arxiv,多视角几何/表面/场景重建,表示/几何角度,解决稀疏视角几何不稳定,SDF/隐式表面/网格/点云,Pi-GS,Pi-GS 针对「解决稀疏视角几何不稳定」，从「表示/几何角度」切入，主要采用「SDF/隐式表面/网格/点云」来服务「多视角几何/表面/场景重建」。,/Volumes/UBag/Documents/l40server_mirror/lyra/Lyra-2/paper_collection_3d4d_reconstruction_2026_04_26/boardmix_mindmap/method_figures/2602.03327_Pi-GS.png,/Volumes/UBag/Documents/l40server_mirror/lyra/Lyra-2/paper_collection_3d4d_reconstruction_2026_04_26/pdfs/2026_Pi_GS_Sparse_View_Gaussian_Splatting_with_Dense_3_Initialization_2602.03327.pdf,https://github.com/Mango0000/Pi-GS,code_link_found_not_audited,"Codex:3D-Reconstruction, Codex:3D4D-Reconstruction"
2602.02000,SurfSplat: Conquering Feedforward 2D Gaussian Splatting with Surface Continuity Priors,2026-arxiv,多视角几何/表面/场景重建,表示/几何角度,提升几何一致性/表面质量,SDF/隐式表面/网格/点云,SurfSplat,SurfSplat 针对「提升几何一致性/表面质量」，从「表示/几何角度」切入，主要采用「SDF/隐式表面/网格/点云」来服务「多视角几何/表面/场景重建」。,/Volumes/UBag/Documents/l40server_mirror/lyra/Lyra-2/paper_collection_3d4d_reconstruction_2026_04_26/boardmix_mindmap/method_figures/2602.02000_SurfSplat.png,/Volumes/UBag/Documents/l40server_mirror/lyra/Lyra-2/paper_collection_3d4d_reconstruction_2026_04_26/pdfs/2026_SurfSplat_Conquering_Feedforward_2D_Gaussian_Splatting_with_Surface_Continuity_Priors_2602.02000.pdf,https://github.com/hebing-sjtu/SurfSplat,code_link_found_not_audited,"Codex:3D-Reconstruction, Codex:3D4D-Reconstruction"
2602.05029,Differentiable Inverse Graphics for Zero-shot Scene Reconstruction and Robot Grasping,2026-arxiv,实时/大规模/高效 3D 表示,训练/监督角度,提升泛化/跨场景/开放世界能力,SLAM / pose graph / online mapping pipeline,本文方法,本文方法 针对「提升泛化/跨场景/开放世界能力」，从「训练/监督角度」切入，主要采用「SLAM / pose graph / online mapping pipeline」来服务「实时/大规模/高效 3D 表示」。,/Volumes/UBag/Documents/l40server_mirror/lyra/Lyra-2/paper_collection_3d4d_reconstruction_2026_04_26/boardmix_mindmap/method_figures/2602.05029_paper.png,/Volumes/UBag/Documents/l40server_mirror/lyra/Lyra-2/paper_collection_3d4d_reconstruction_2026_04_26/pdfs/2026_Differentiable_Inverse_Graphics_for_Zero_shot_Scene_Reconstruction_and_Robot_Grasping_2602.05029.pdf,,no_code_link_found,"Codex:3D-Reconstruction, Codex:3D4D-Reconstruction"
2602.04201,From Sparse Sensors to Continuous Fields: STRIDE for Spatiotemporal Reconstruction,2026-arxiv,动态场景与 4D 重建,时空/动态角度,建模运动/形变/时间一致性,SLAM / pose graph / online mapping pipeline,From Sparse Sensors to Continuous Fields,From Sparse Sensors to Continuous Fields 针对「建模运动/形变/时间一致性」，从「时空/动态角度」切入，主要采用「SLAM / pose graph / online mapping pipeline」来服务「动态场景与 4D 重建」。,/Volumes/UBag/Documents/l40server_mirror/lyra/Lyra-2/paper_collection_3d4d_reconstruction_2026_04_26/boardmix_mindmap/method_figures/2602.04201_From_Sparse_Sensors_to_Continuous_Fields.png,/Volumes/UBag/Documents/l40server_mirror/lyra/Lyra-2/paper_collection_3d4d_reconstruction_2026_04_26/pdfs/2026_From_Sparse_Sensors_to_Continuous_Fields_STRIDE_for_Spatiotemporal_Reconstruction_2602.04201.pdf,,no_code_link_found,"Codex:3D4D-Reconstruction, Codex:4D-Reconstruction"
2602.07050,Interpreting Physics in Video World Models,2026-arxiv,实时/大规模/高效 3D 表示,时空/动态角度,降低显存/存储/模型体积,Pruning / compression / progressive coding,Interpreting Physics in Video World Models,Interpreting Physics in Video World Models 针对「降低显存/存储/模型体积」，从「时空/动态角度」切入，主要采用「Pruning / compression / progressive coding」来服务「实时/大规模/高效 3D 表示」。,/Volumes/UBag/Documents/l40server_mirror/lyra/Lyra-2/paper_collection_3d4d_reconstruction_2026_04_26/boardmix_mindmap/method_figures/2602.07050_Interpreting_Physics_in_Video_World_Models.png,/Volumes/UBag/Documents/l40server_mirror/lyra/Lyra-2/paper_collection_3d4d_reconstruction_2026_04_26/pdfs/2026_Interpreting_Physics_in_Video_World_Models_2602.07050.pdf,,no_code_link_found,"Codex:3D+4D-Evolution, Codex:3D4D-Reconstruction"
2602.04317,"JOintGS: Joint Optimization of Cameras, Bodies and 3D Gaussians for In-the-Wild Monocular Reconstruction",2026-arxiv,人体/头像/可动画资产,时空/动态角度,建模运动/形变/时间一致性,Motion decomposition / canonical space / deformation,JOintGS,JOintGS 针对「建模运动/形变/时间一致性」，从「时空/动态角度」切入，主要采用「Motion decomposition / canonical space / deformation」来服务「人体/头像/可动画资产」。,/Volumes/UBag/Documents/l40server_mirror/lyra/Lyra-2/paper_collection_3d4d_reconstruction_2026_04_26/boardmix_mindmap/method_figures/2602.04317_JOintGS.png,/Volumes/UBag/Documents/l40server_mirror/lyra/Lyra-2/paper_collection_3d4d_reconstruction_2026_04_26/pdfs/2026_JOintGS_Joint_Optimization_of_Cameras_Bodies_and_3D_Gaussians_for_In_the_Wild_Monocular_Re_2602.04317.pdf,https://github.com/MiliLab/JOintGS,code_link_found_not_audited,"Codex:3D-Reconstruction, Codex:3D4D-Reconstruction"
2602.05047,QuantumGS: Quantum Encoding Framework for Gaussian Splatting,2026-arxiv,实时/大规模/高效 3D 表示,表示/几何角度,降低显存/存储/模型体积,Pruning / compression / progressive coding,QuantumGS,QuantumGS 针对「降低显存/存储/模型体积」，从「表示/几何角度」切入，主要采用「Pruning / compression / progressive coding」来服务「实时/大规模/高效 3D 表示」。,/Volumes/UBag/Documents/l40server_mirror/lyra/Lyra-2/paper_collection_3d4d_reconstruction_2026_04_26/boardmix_mindmap/method_figures/2602.05047_QuantumGS.png,/Volumes/UBag/Documents/l40server_mirror/lyra/Lyra-2/paper_collection_3d4d_reconstruction_2026_04_26/pdfs/2026_QuantumGS_Quantum_Encoding_Framework_for_Gaussian_Splatting_2602.05047.pdf,https://github.com/gwilczynski95/QuantumGS,code_link_found_not_audited,"Codex:3D-Reconstruction, Codex:3D4D-Reconstruction"
2602.04517,S-MUSt3R: Sliding Multi-view 3D Reconstruction,2026-arxiv,实时/大规模/高效 3D 表示,训练/监督角度,解决稀疏视角几何不稳定,SLAM / pose graph / online mapping pipeline,S-MUSt3R,S-MUSt3R 针对「解决稀疏视角几何不稳定」，从「训练/监督角度」切入，主要采用「SLAM / pose graph / online mapping pipeline」来服务「实时/大规模/高效 3D 表示」。,/Volumes/UBag/Documents/l40server_mirror/lyra/Lyra-2/paper_collection_3d4d_reconstruction_2026_04_26/boardmix_mindmap/method_figures/2602.04517_S-MUSt3R.png,/Volumes/UBag/Documents/l40server_mirror/lyra/Lyra-2/paper_collection_3d4d_reconstruction_2026_04_26/pdfs/2026_S_MUSt3R_Sliding_Multi_view_3D_Reconstruction_2602.04517.pdf,,no_code_link_found,"Codex:3D-Reconstruction, Codex:3D4D-Reconstruction"
2602.04271,SkeletonGaussian: Editable 4D Generation through Gaussian Skeletonization,2026-arxiv,动态场景与 4D 重建,时空/动态角度,建模运动/形变/时间一致性,Motion decomposition / canonical space / deformation,SkeletonGaussian,SkeletonGaussian 针对「建模运动/形变/时间一致性」，从「时空/动态角度」切入，主要采用「Motion decomposition / canonical space / deformation」来服务「动态场景与 4D 重建」。,/Volumes/UBag/Documents/l40server_mirror/lyra/Lyra-2/paper_collection_3d4d_reconstruction_2026_04_26/boardmix_mindmap/method_figures/2602.04271_SkeletonGaussian.png,/Volumes/UBag/Documents/l40server_mirror/lyra/Lyra-2/paper_collection_3d4d_reconstruction_2026_04_26/pdfs/2026_SkeletonGaussian_Editable_4D_Generation_through_Gaussian_Skeletonization_2602.04271.pdf,https://github.com/wusar/SkeletonGaussian,code_link_found_not_audited,"Codex:3D+4D-Evolution, Codex:3D4D-Reconstruction"
2602.04108,SuperPoint-E: local features for 3D reconstruction via tracking adaptation in endoscopy,2026-arxiv,动态场景与 4D 重建,时空/动态角度,建模运动/形变/时间一致性,Motion decomposition / canonical space / deformation,SuperPoint-E,SuperPoint-E 针对「建模运动/形变/时间一致性」，从「时空/动态角度」切入，主要采用「Motion decomposition / canonical space / deformation」来服务「动态场景与 4D 重建」。,/Volumes/UBag/Documents/l40server_mirror/lyra/Lyra-2/paper_collection_3d4d_reconstruction_2026_04_26/boardmix_mindmap/method_figures/2602.04108_SuperPoint-E.png,/Volumes/UBag/Documents/l40server_mirror/lyra/Lyra-2/paper_collection_3d4d_reconstruction_2026_04_26/pdfs/2026_SuperPoint_E_local_features_for_3D_reconstruction_via_tracking_adaptation_in_endoscopy_2602.04108.pdf,,no_code_link_found,"Codex:3D-Reconstruction, Codex:3D4D-Reconstruction"
2602.01035,FUSE-Flow: Scalable Real-Time Multi-View Point Cloud Reconstruction Using Confidence,2026-arxiv,实时/大规模/高效 3D 表示,时空/动态角度,接入 SLAM/机器人闭环系统,SLAM / pose graph / online mapping pipeline,FUSE-Flow,FUSE-Flow 针对「接入 SLAM/机器人闭环系统」，从「时空/动态角度」切入，主要采用「SLAM / pose graph / online mapping pipeline」来服务「实时/大规模/高效 3D 表示」。,/Volumes/UBag/Documents/l40server_mirror/lyra/Lyra-2/paper_collection_3d4d_reconstruction_2026_04_26/boardmix_mindmap/method_figures/2602.01035_FUSE-Flow.png,/Volumes/UBag/Documents/l40server_mirror/lyra/Lyra-2/paper_collection_3d4d_reconstruction_2026_04_26/pdfs/2026_FUSE_Flow_Scalable_Real_Time_Multi_View_Point_Cloud_Reconstruction_Using_Confidence_2602.01035.pdf,,no_code_link_found,"Codex:3D-Reconstruction, Codex:3D4D-Reconstruction"
2602.01033,GMAC: Global Multi-View Constraint for Automatic Multi-Camera Extrinsic Calibration,2026-arxiv,多视角几何/表面/场景重建,计算角度,建模运动/形变/时间一致性,SLAM / pose graph / online mapping pipeline,GMAC,GMAC 针对「建模运动/形变/时间一致性」，从「计算角度」切入，主要采用「SLAM / pose graph / online mapping pipeline」来服务「多视角几何/表面/场景重建」。,/Volumes/UBag/Documents/l40server_mirror/lyra/Lyra-2/paper_collection_3d4d_reconstruction_2026_04_26/boardmix_mindmap/method_figures/2602.01033_GMAC.png,/Volumes/UBag/Documents/l40server_mirror/lyra/Lyra-2/paper_collection_3d4d_reconstruction_2026_04_26/pdfs/2026_GMAC_Global_Multi_View_Constraint_for_Automatic_Multi_Camera_Extrinsic_Calibration_2602.01033.pdf,,no_code_link_found,"Codex:3D-Reconstruction, Codex:3D4D-Reconstruction"
2602.05434,LD-SLRO: Latent Diffusion Structured Light for 3-D Reconstruction of Highly Reflective Objects,2026-arxiv,生成式 3D/4D 内容与仿真,时空/动态角度,解决稀疏视角几何不稳定,SLAM / pose graph / online mapping pipeline,LD-SLRO,LD-SLRO 针对「解决稀疏视角几何不稳定」，从「时空/动态角度」切入，主要采用「SLAM / pose graph / online mapping pipeline」来服务「生成式 3D/4D 内容与仿真」。,/Volumes/UBag/Documents/l40server_mirror/lyra/Lyra-2/paper_collection_3d4d_reconstruction_2026_04_26/boardmix_mindmap/method_figures/2602.05434_LD-SLRO.png,/Volumes/UBag/Documents/l40server_mirror/lyra/Lyra-2/paper_collection_3d4d_reconstruction_2026_04_26/pdfs/2026_LD_SLRO_Latent_Diffusion_Structured_Light_for_3_D_Reconstruction_of_Highly_Reflective_Obje_2602.05434.pdf,,no_code_link_found,"Codex:3D-Reconstruction, Codex:3D4D-Reconstruction"
2602.06163,MetaSSP: Enhancing Semi-supervised Implicit 3D Reconstruction through Meta-adaptive EMA and SDF-aware Pseudo-label Evaluation,2026-arxiv,多视角几何/表面/场景重建,表示/几何角度,提升几何一致性/表面质量,SLAM / pose graph / online mapping pipeline,MetaSSP,MetaSSP 针对「提升几何一致性/表面质量」，从「表示/几何角度」切入，主要采用「SLAM / pose graph / online mapping pipeline」来服务「多视角几何/表面/场景重建」。,/Volumes/UBag/Documents/l40server_mirror/lyra/Lyra-2/paper_collection_3d4d_reconstruction_2026_04_26/boardmix_mindmap/method_figures/2602.06163_MetaSSP.png,/Volumes/UBag/Documents/l40server_mirror/lyra/Lyra-2/paper_collection_3d4d_reconstruction_2026_04_26/pdfs/2026_MetaSSP_Enhancing_Semi_supervised_Implicit_3D_Reconstruction_through_Meta_adaptive_EMA_and_2602.06163.pdf,,no_code_link_found,"Codex:3D-Reconstruction, Codex:3D4D-Reconstruction"
2602.06158,MGP-KAD: Multimodal Geometric Priors and Kolmogorov-Arnold Decoder for Single-View 3D Reconstruction in Complex Scenes,2026-arxiv,动态场景与 4D 重建,训练/监督角度,建模运动/形变/时间一致性,SLAM / pose graph / online mapping pipeline,MGP-KAD,MGP-KAD 针对「建模运动/形变/时间一致性」，从「训练/监督角度」切入，主要采用「SLAM / pose graph / online mapping pipeline」来服务「动态场景与 4D 重建」。,/Volumes/UBag/Documents/l40server_mirror/lyra/Lyra-2/paper_collection_3d4d_reconstruction_2026_04_26/boardmix_mindmap/method_figures/2602.06158_MGP-KAD.png,/Volumes/UBag/Documents/l40server_mirror/lyra/Lyra-2/paper_collection_3d4d_reconstruction_2026_04_26/pdfs/2026_MGP_KAD_Multimodal_Geometric_Priors_and_Kolmogorov_Arnold_Decoder_for_Single_View_3D_Recon_2602.06158.pdf,,code_link_found_not_audited,"Codex:3D-Reconstruction, Codex:3D4D-Reconstruction"
2602.05884,Neural Implicit 3D Cardiac Shape Reconstruction from Sparse CT Angiography Slices Mimicking 2D Transthoracic Echocardiography Views,2026-arxiv,实时/大规模/高效 3D 表示,训练/监督角度,降低显存/存储/模型体积,SLAM / pose graph / online mapping pipeline,CT,CT 针对「降低显存/存储/模型体积」，从「训练/监督角度」切入，主要采用「SLAM / pose graph / online mapping pipeline」来服务「实时/大规模/高效 3D 表示」。,/Volumes/UBag/Documents/l40server_mirror/lyra/Lyra-2/paper_collection_3d4d_reconstruction_2026_04_26/boardmix_mindmap/method_figures/2602.05884_CT.png,/Volumes/UBag/Documents/l40server_mirror/lyra/Lyra-2/paper_collection_3d4d_reconstruction_2026_04_26/pdfs/2026_Neural_Implicit_3D_Cardiac_Shape_Reconstruction_from_Sparse_CT_Angiography_Slices_Mimickin_2602.05884.pdf,,no_code_link_found,"Codex:3D-Reconstruction, Codex:3D4D-Reconstruction"
2602.05423,NeVStereo: A NeRF-Driven NVS-Stereo Architecture for High-Fidelity 3D Tasks,2026-arxiv,多视角几何/表面/场景重建,表示/几何角度,提升几何一致性/表面质量,SLAM / pose graph / online mapping pipeline,NeVStereo,NeVStereo 针对「提升几何一致性/表面质量」，从「表示/几何角度」切入，主要采用「SLAM / pose graph / online mapping pipeline」来服务「多视角几何/表面/场景重建」。,/Volumes/UBag/Documents/l40server_mirror/lyra/Lyra-2/paper_collection_3d4d_reconstruction_2026_04_26/boardmix_mindmap/method_figures/2602.05423_NeVStereo.png,/Volumes/UBag/Documents/l40server_mirror/lyra/Lyra-2/paper_collection_3d4d_reconstruction_2026_04_26/pdfs/2026_NeVStereo_A_NeRF_Driven_NVS_Stereo_Architecture_for_High_Fidelity_3D_Tasks_2602.05423.pdf,,no_code_link_found,"Codex:3D-Reconstruction, Codex:3D4D-Reconstruction"
2602.05822,NVS-HO: A Benchmark for Novel View Synthesis of Handheld Objects,2026-arxiv,稀疏/单目/少视角 3D 重建,表示/几何角度,解决稀疏视角几何不稳定,Gaussian Splatting 表示与正则化,NVS-HO,NVS-HO 针对「解决稀疏视角几何不稳定」，从「表示/几何角度」切入，主要采用「Gaussian Splatting 表示与正则化」来服务「稀疏/单目/少视角 3D 重建」。,/Volumes/UBag/Documents/l40server_mirror/lyra/Lyra-2/paper_collection_3d4d_reconstruction_2026_04_26/boardmix_mindmap/method_figures/2602.05822_NVS-HO.png,/Volumes/UBag/Documents/l40server_mirror/lyra/Lyra-2/paper_collection_3d4d_reconstruction_2026_04_26/pdfs/2026_NVS_HO_A_Benchmark_for_Novel_View_Synthesis_of_Handheld_Objects_2602.05822.pdf,,no_code_link_found,"Codex:3D-Reconstruction, Codex:3D4D-Reconstruction"
2602.05557,PIRATR: Parametric Object Inference for Robotic Applications with Transformers in 3D Point Clouds,2026-arxiv,动态场景与 4D 重建,生成/世界模型角度,提升可控生成/世界演化预测,SLAM / pose graph / online mapping pipeline,PIRATR,PIRATR 针对「提升可控生成/世界演化预测」，从「生成/世界模型角度」切入，主要采用「SLAM / pose graph / online mapping pipeline」来服务「动态场景与 4D 重建」。,/Volumes/UBag/Documents/l40server_mirror/lyra/Lyra-2/paper_collection_3d4d_reconstruction_2026_04_26/boardmix_mindmap/method_figures/2602.05557_PIRATR.png,/Volumes/UBag/Documents/l40server_mirror/lyra/Lyra-2/paper_collection_3d4d_reconstruction_2026_04_26/pdfs/2026_PIRATR_Parametric_Object_Inference_for_Robotic_Applications_with_Transformers_in_3D_Point_2602.05557.pdf,https://github.com/swingaxe/piratr,code_link_found_not_audited,"Codex:3D+4D-Evolution, Codex:3D4D-Reconstruction"
2602.05190,PoseGaussian: Pose-Driven Novel View Synthesis for Robust 3D Human Reconstruction,2026-arxiv,动态场景与 4D 重建,时空/动态角度,建模运动/形变/时间一致性,Motion decomposition / canonical space / deformation,PoseGaussian,PoseGaussian 针对「建模运动/形变/时间一致性」，从「时空/动态角度」切入，主要采用「Motion decomposition / canonical space / deformation」来服务「动态场景与 4D 重建」。,/Volumes/UBag/Documents/l40server_mirror/lyra/Lyra-2/paper_collection_3d4d_reconstruction_2026_04_26/boardmix_mindmap/method_figures/2602.05190_PoseGaussian.png,/Volumes/UBag/Documents/l40server_mirror/lyra/Lyra-2/paper_collection_3d4d_reconstruction_2026_04_26/pdfs/2026_PoseGaussian_Pose_Driven_Novel_View_Synthesis_for_Robust_3D_Human_Reconstruction_2602.05190.pdf,,no_code_link_found,"Codex:3D-Reconstruction, Codex:3D4D-Reconstruction"
2602.05572,ShapeGaussian: High-Fidelity 4D Human Reconstruction in Monocular Videos via Vision Priors,2026-arxiv,动态场景与 4D 重建,时空/动态角度,建模运动/形变/时间一致性,Motion decomposition / canonical space / deformation,ShapeGaussian,ShapeGaussian 针对「建模运动/形变/时间一致性」，从「时空/动态角度」切入，主要采用「Motion decomposition / canonical space / deformation」来服务「动态场景与 4D 重建」。,/Volumes/UBag/Documents/l40server_mirror/lyra/Lyra-2/paper_collection_3d4d_reconstruction_2026_04_26/boardmix_mindmap/method_figures/2602.05572_ShapeGaussian.png,/Volumes/UBag/Documents/l40server_mirror/lyra/Lyra-2/paper_collection_3d4d_reconstruction_2026_04_26/pdfs/2026_ShapeGaussian_High_Fidelity_4D_Human_Reconstruction_in_Monocular_Videos_via_Vision_Priors_2602.05572.pdf,,no_code_link_found,"Codex:3D-Reconstruction, Codex:3D4D-Reconstruction"
2602.02989,SharpTimeGS: Sharp and Stable Dynamic Gaussian Splatting via Lifespan Modulation,2026-arxiv,动态场景与 4D 重建,时空/动态角度,建模运动/形变/时间一致性,Motion decomposition / canonical space / deformation,SharpTimeGS,SharpTimeGS 针对「建模运动/形变/时间一致性」，从「时空/动态角度」切入，主要采用「Motion decomposition / canonical space / deformation」来服务「动态场景与 4D 重建」。,/Volumes/UBag/Documents/l40server_mirror/lyra/Lyra-2/paper_collection_3d4d_reconstruction_2026_04_26/boardmix_mindmap/method_figures/2602.02989_SharpTimeGS.png,/Volumes/UBag/Documents/l40server_mirror/lyra/Lyra-2/paper_collection_3d4d_reconstruction_2026_04_26/pdfs/2026_SharpTimeGS_Sharp_and_Stable_Dynamic_Gaussian_Splatting_via_Lifespan_Modulation_2602.02989.pdf,,no_code_link_found,"Codex:3D-Reconstruction, Codex:3D4D-Reconstruction, Codex:4D-Reconstruction"
2602.04439,TrajVG: 3D Trajectory-Coupled Visual Geometry Learning,2026-arxiv,动态场景与 4D 重建,时空/动态角度,建模运动/形变/时间一致性,Motion decomposition / canonical space / deformation,TrajVG,TrajVG 针对「建模运动/形变/时间一致性」，从「时空/动态角度」切入，主要采用「Motion decomposition / canonical space / deformation」来服务「动态场景与 4D 重建」。,/Volumes/UBag/Documents/l40server_mirror/lyra/Lyra-2/paper_collection_3d4d_reconstruction_2026_04_26/boardmix_mindmap/method_figures/2602.04439_TrajVG.png,/Volumes/UBag/Documents/l40server_mirror/lyra/Lyra-2/paper_collection_3d4d_reconstruction_2026_04_26/pdfs/2026_TrajVG_3D_Trajectory_Coupled_Visual_Geometry_Learning_2602.04439.pdf,https://github.com/xingy038/TrajVG,code_link_found_not_audited,"Codex:3D-Reconstruction, Codex:3D4D-Reconstruction"
2602.05508,VGGT-Motion: Motion-Aware Calibration-Free Monocular SLAM for Long-Range Consistency,2026-arxiv,实时/大规模/高效 3D 表示,训练/监督角度,解决稀疏视角几何不稳定,SLAM / pose graph / online mapping pipeline,VGGT-Motion,VGGT-Motion 针对「解决稀疏视角几何不稳定」，从「训练/监督角度」切入，主要采用「SLAM / pose graph / online mapping pipeline」来服务「实时/大规模/高效 3D 表示」。,/Volumes/UBag/Documents/l40server_mirror/lyra/Lyra-2/paper_collection_3d4d_reconstruction_2026_04_26/boardmix_mindmap/method_figures/2602.05508_VGGT-Motion.png,/Volumes/UBag/Documents/l40server_mirror/lyra/Lyra-2/paper_collection_3d4d_reconstruction_2026_04_26/pdfs/2026_VGGT_Motion_Motion_Aware_Calibration_Free_Monocular_SLAM_for_Long_Range_Consistency_2602.05508.pdf,,no_code_link_found,"Codex:3D-Reconstruction, Codex:3D4D-Reconstruction"
2602.06949,DreamDojo: A Generalist Robot World Model from Large-Scale Human Videos,2026-arxiv,实时/大规模/高效 3D 表示,训练/监督角度,提升可控生成/世界演化预测,Diffusion/生成先验/视频模型,DreamDojo,DreamDojo 针对「提升可控生成/世界演化预测」，从「训练/监督角度」切入，主要采用「Diffusion/生成先验/视频模型」来服务「实时/大规模/高效 3D 表示」。,/Volumes/UBag/Documents/l40server_mirror/lyra/Lyra-2/paper_collection_3d4d_reconstruction_2026_04_26/boardmix_mindmap/method_figures/2602.06949_DreamDojo.png,/Volumes/UBag/Documents/l40server_mirror/lyra/Lyra-2/paper_collection_3d4d_reconstruction_2026_04_26/pdfs/2026_DreamDojo_A_Generalist_Robot_World_Model_from_Large_Scale_Human_Videos_2602.06949.pdf,https://github.com/NVIDIA/DreamDojo,code_link_found_not_audited,"Codex:3D+4D-Evolution, Codex:3D4D-Reconstruction"
2602.06521,DriveWorld-VLA: Unified Latent-Space World Modeling with Vision-Language-Action for Autonomous Driving,2026-arxiv,SLAM/机器人/自动驾驶世界模型,生成/世界模型角度,提升可控生成/世界演化预测,SLAM / pose graph / online mapping pipeline,DriveWorld-VLA,DriveWorld-VLA 针对「提升可控生成/世界演化预测」，从「生成/世界模型角度」切入，主要采用「SLAM / pose graph / online mapping pipeline」来服务「SLAM/机器人/自动驾驶世界模型」。,/Volumes/UBag/Documents/l40server_mirror/lyra/Lyra-2/paper_collection_3d4d_reconstruction_2026_04_26/boardmix_mindmap/method_figures/2602.06521_DriveWorld-VLA.png,/Volumes/UBag/Documents/l40server_mirror/lyra/Lyra-2/paper_collection_3d4d_reconstruction_2026_04_26/pdfs/2026_DriveWorld_VLA_Unified_Latent_Space_World_Modeling_with_Vision_Language_Action_for_Autonom_2602.06521.pdf,https://github.com/liulin815/DriveWorld-VLA.git,code_link_found_not_audited,"Codex:3D+4D-Evolution, Codex:3D4D-Reconstruction"
2602.06478,"Efficient-LVSM: Faster, Cheaper, and Better Large View Synthesis Model via Decoupled Co-Refinement Attention",2026-arxiv,实时/大规模/高效 3D 表示,计算角度,减少优化/采样/渲染步骤,Feed-forward / Transformer / Foundation Model,Efficient-LVSM,Efficient-LVSM 针对「减少优化/采样/渲染步骤」，从「计算角度」切入，主要采用「Feed-forward / Transformer / Foundation Model」来服务「实时/大规模/高效 3D 表示」。,/Volumes/UBag/Documents/l40server_mirror/lyra/Lyra-2/paper_collection_3d4d_reconstruction_2026_04_26/boardmix_mindmap/method_figures/2602.06478_Efficient-LVSM.png,/Volumes/UBag/Documents/l40server_mirror/lyra/Lyra-2/paper_collection_3d4d_reconstruction_2026_04_26/pdfs/2026_Efficient_LVSM_Faster_Cheaper_and_Better_Large_View_Synthesis_Model_via_Decoupled_Co_Refin_2602.06478.pdf,https://github.com/Ayakaee/Efficient-LVSM,code_link_found_not_audited,"Codex:3D-Reconstruction, Codex:3D4D-Reconstruction"
2602.06830,GaussianPOP: Principled Simplification Framework for Compact 3D Gaussian Splatting via Error Quantification,2026-arxiv,实时/大规模/高效 3D 表示,内存/存储角度,降低显存/存储/模型体积,Pruning / compression / progressive coding,GaussianPOP,GaussianPOP 针对「降低显存/存储/模型体积」，从「内存/存储角度」切入，主要采用「Pruning / compression / progressive coding」来服务「实时/大规模/高效 3D 表示」。,/Volumes/UBag/Documents/l40server_mirror/lyra/Lyra-2/paper_collection_3d4d_reconstruction_2026_04_26/boardmix_mindmap/method_figures/2602.06830_GaussianPOP.png,/Volumes/UBag/Documents/l40server_mirror/lyra/Lyra-2/paper_collection_3d4d_reconstruction_2026_04_26/pdfs/2026_GaussianPOP_Principled_Simplification_Framework_for_Compact_3D_Gaussian_Splatting_via_Erro_2602.06830.pdf,,code_link_found_not_audited,"Codex:3D-Reconstruction, Codex:3D4D-Reconstruction"
2602.06488,Rebenchmarking Unsupervised Monocular 3D Occupancy Prediction,2026-arxiv,稀疏/单目/少视角 3D 重建,训练/监督角度,解决稀疏视角几何不稳定,NeRF/辐射场/体渲染,本文方法,本文方法 针对「解决稀疏视角几何不稳定」，从「训练/监督角度」切入，主要采用「NeRF/辐射场/体渲染」来服务「稀疏/单目/少视角 3D 重建」。,/Volumes/UBag/Documents/l40server_mirror/lyra/Lyra-2/paper_collection_3d4d_reconstruction_2026_04_26/boardmix_mindmap/method_figures/2602.06488_paper.png,/Volumes/UBag/Documents/l40server_mirror/lyra/Lyra-2/paper_collection_3d4d_reconstruction_2026_04_26/pdfs/2026_Rebenchmarking_Unsupervised_Monocular_3D_Occupancy_Prediction_2602.06488.pdf,,no_code_link_found,"Codex:3D-Reconstruction, Codex:3D4D-Reconstruction"
2601.08414,SPARK: Scalable Real-Time Point Cloud Aggregation with Multi-View Self-Calibration,2026-arxiv,多视角几何/表面/场景重建,时空/动态角度,提升几何一致性/表面质量,SLAM / pose graph / online mapping pipeline,SPARK,SPARK 针对「提升几何一致性/表面质量」，从「时空/动态角度」切入，主要采用「SLAM / pose graph / online mapping pipeline」来服务「多视角几何/表面/场景重建」。,/Volumes/UBag/Documents/l40server_mirror/lyra/Lyra-2/paper_collection_3d4d_reconstruction_2026_04_26/boardmix_mindmap/method_figures/2601.08414_SPARK.png,/Volumes/UBag/Documents/l40server_mirror/lyra/Lyra-2/paper_collection_3d4d_reconstruction_2026_04_26/pdfs/2026_SPARK_Scalable_Real_Time_Point_Cloud_Aggregation_with_Multi_View_Self_Calibration_2601.08414.pdf,,no_code_link_found,"Codex:3D-Reconstruction, Codex:3D4D-Reconstruction"
2602.06508,World-VLA-Loop: Closed-Loop Learning of Video World Model and VLA Policy,2026-arxiv,生成式 3D/4D 内容与仿真,生成/世界模型角度,提升可控生成/世界演化预测,SLAM / pose graph / online mapping pipeline,World-VLA-Loop,World-VLA-Loop 针对「提升可控生成/世界演化预测」，从「生成/世界模型角度」切入，主要采用「SLAM / pose graph / online mapping pipeline」来服务「生成式 3D/4D 内容与仿真」。,/Volumes/UBag/Documents/l40server_mirror/lyra/Lyra-2/paper_collection_3d4d_reconstruction_2026_04_26/boardmix_mindmap/method_figures/2602.06508_World-VLA-Loop.png,/Volumes/UBag/Documents/l40server_mirror/lyra/Lyra-2/paper_collection_3d4d_reconstruction_2026_04_26/pdfs/2026_World_VLA_Loop_Closed_Loop_Learning_of_Video_World_Model_and_VLA_Policy_2602.06508.pdf,https://github.com/showlab/World-VLA-Loop,code_link_found_not_audited,"Codex:3D+4D-Evolution, Codex:3D4D-Reconstruction"
2602.07444,Perspective-aware fusion of incomplete depth maps and surface normals for accurate 3D reconstruction,2026-arxiv,多视角几何/表面/场景重建,表示/几何角度,提升几何一致性/表面质量,SLAM / pose graph / online mapping pipeline,本文方法,本文方法 针对「提升几何一致性/表面质量」，从「表示/几何角度」切入，主要采用「SLAM / pose graph / online mapping pipeline」来服务「多视角几何/表面/场景重建」。,/Volumes/UBag/Documents/l40server_mirror/lyra/Lyra-2/paper_collection_3d4d_reconstruction_2026_04_26/boardmix_mindmap/method_figures/2602.07444_paper.png,/Volumes/UBag/Documents/l40server_mirror/lyra/Lyra-2/paper_collection_3d4d_reconstruction_2026_04_26/pdfs/2026_Perspective_aware_fusion_of_incomplete_depth_maps_and_surface_normals_for_accurate_3D_reco_2602.07444.pdf,https://github.com/xucao-42/bilateral_normal_integration,code_link_found_not_audited,"Codex:3D-Reconstruction, Codex:3D4D-Reconstruction"
2602.07938,Integrating Specialized and Generic Agent Motion Prediction with Dynamic Occupancy Grid Maps,2026-arxiv,动态场景与 4D 重建,时空/动态角度,建模运动/形变/时间一致性,Motion decomposition / canonical space / deformation,本文方法,本文方法 针对「建模运动/形变/时间一致性」，从「时空/动态角度」切入，主要采用「Motion decomposition / canonical space / deformation」来服务「动态场景与 4D 重建」。,/Volumes/UBag/Documents/l40server_mirror/lyra/Lyra-2/paper_collection_3d4d_reconstruction_2026_04_26/boardmix_mindmap/method_figures/2602.07938_paper.png,/Volumes/UBag/Documents/l40server_mirror/lyra/Lyra-2/paper_collection_3d4d_reconstruction_2026_04_26/pdfs/2026_Integrating_Specialized_and_Generic_Agent_Motion_Prediction_with_Dynamic_Occupancy_Grid_Ma_2602.07938.pdf,,no_code_link_found,"Codex:3D4D-Reconstruction, Codex:4D-Reconstruction"
2602.08058,Picasso: Holistic Scene Reconstruction with Physics-Constrained Sampling,2026-arxiv,动态场景与 4D 重建,生成/世界模型角度,提升可控生成/世界演化预测,SLAM / pose graph / online mapping pipeline,Picasso,Picasso 针对「提升可控生成/世界演化预测」，从「生成/世界模型角度」切入，主要采用「SLAM / pose graph / online mapping pipeline」来服务「动态场景与 4D 重建」。,/Volumes/UBag/Documents/l40server_mirror/lyra/Lyra-2/paper_collection_3d4d_reconstruction_2026_04_26/boardmix_mindmap/method_figures/2602.08058_Picasso.png,/Volumes/UBag/Documents/l40server_mirror/lyra/Lyra-2/paper_collection_3d4d_reconstruction_2026_04_26/pdfs/2026_Picasso_Holistic_Scene_Reconstruction_with_Physics_Constrained_Sampling_2602.08058.pdf,https://github.com/shanice-l/gdrnpp_bop2022,code_link_found_not_audited,"Codex:3D-Reconstruction, Codex:3D4D-Reconstruction"
2602.07860,Recovering 3D Shapes from Ultra-Fast Motion-Blurred Images,2026-arxiv,实时/大规模/高效 3D 表示,计算角度,建模运动/形变/时间一致性,SLAM / pose graph / online mapping pipeline,Ultra-Fast,Ultra-Fast 针对「建模运动/形变/时间一致性」，从「计算角度」切入，主要采用「SLAM / pose graph / online mapping pipeline」来服务「实时/大规模/高效 3D 表示」。,/Volumes/UBag/Documents/l40server_mirror/lyra/Lyra-2/paper_collection_3d4d_reconstruction_2026_04_26/boardmix_mindmap/method_figures/2602.07860_Ultra-Fast.png,/Volumes/UBag/Documents/l40server_mirror/lyra/Lyra-2/paper_collection_3d4d_reconstruction_2026_04_26/pdfs/2026_Recovering_3D_Shapes_from_Ultra_Fast_Motion_Blurred_Images_2602.07860.pdf,https://github.com/Maxmilite/rec-from-ultrafast-blur,code_link_found_not_audited,"Codex:3D-Reconstruction, Codex:3D4D-Reconstruction"
2602.07891,Scalable Adaptation of 3D Geometric Foundation Models via Weak Supervision from Internet Video,2026-arxiv,多视角几何/表面/场景重建,训练/监督角度,提升泛化/跨场景/开放世界能力,SLAM / pose graph / online mapping pipeline,本文方法,本文方法 针对「提升泛化/跨场景/开放世界能力」，从「训练/监督角度」切入，主要采用「SLAM / pose graph / online mapping pipeline」来服务「多视角几何/表面/场景重建」。,/Volumes/UBag/Documents/l40server_mirror/lyra/Lyra-2/paper_collection_3d4d_reconstruction_2026_04_26/boardmix_mindmap/method_figures/2602.07891_paper.png,/Volumes/UBag/Documents/l40server_mirror/lyra/Lyra-2/paper_collection_3d4d_reconstruction_2026_04_26/pdfs/2026_Scalable_Adaptation_of_3D_Geometric_Foundation_Models_via_Weak_Supervision_from_Internet_V_2602.07891.pdf,,no_code_link_found,"Codex:3D-Reconstruction, Codex:3D4D-Reconstruction"
2602.08909,Analysis of Converged 3D Gaussian Splatting Solutions: Density Effects and Prediction Limit,2026-arxiv,多视角几何/表面/场景重建,表示/几何角度,降低显存/存储/模型体积,Gaussian Splatting 表示与正则化,本文方法,本文方法 针对「降低显存/存储/模型体积」，从「表示/几何角度」切入，主要采用「Gaussian Splatting 表示与正则化」来服务「多视角几何/表面/场景重建」。,/Volumes/UBag/Documents/l40server_mirror/lyra/Lyra-2/paper_collection_3d4d_reconstruction_2026_04_26/boardmix_mindmap/method_figures/2602.08909_paper.png,/Volumes/UBag/Documents/l40server_mirror/lyra/Lyra-2/paper_collection_3d4d_reconstruction_2026_04_26/pdfs/2026_Analysis_of_Converged_3D_Gaussian_Splatting_Solutions_Density_Effects_and_Prediction_Limit_2602.08909.pdf,,no_code_link_found,"Codex:3D-Reconstruction, Codex:3D4D-Reconstruction"
2602.08558,FLAG-4D: Flow-Guided Local-Global Dual-Deformation Model for 4D Reconstruction,2026-arxiv,动态场景与 4D 重建,时空/动态角度,建模运动/形变/时间一致性,Motion decomposition / canonical space / deformation,FLAG-4D,FLAG-4D 针对「建模运动/形变/时间一致性」，从「时空/动态角度」切入，主要采用「Motion decomposition / canonical space / deformation」来服务「动态场景与 4D 重建」。,/Volumes/UBag/Documents/l40server_mirror/lyra/Lyra-2/paper_collection_3d4d_reconstruction_2026_04_26/boardmix_mindmap/method_figures/2602.08558_FLAG-4D.png,/Volumes/UBag/Documents/l40server_mirror/lyra/Lyra-2/paper_collection_3d4d_reconstruction_2026_04_26/pdfs/2026_FLAG_4D_Flow_Guided_Local_Global_Dual_Deformation_Model_for_4D_Reconstruction_2602.08558.pdf,,no_code_link_found,"Codex:3D4D-Reconstruction, Codex:4D-Reconstruction"
2602.08784,GaussianCaR: Gaussian Splatting for Efficient Camera-Radar Fusion,2026-arxiv,实时/大规模/高效 3D 表示,计算角度,减少优化/采样/渲染步骤,SLAM / pose graph / online mapping pipeline,GaussianCaR,GaussianCaR 针对「减少优化/采样/渲染步骤」，从「计算角度」切入，主要采用「SLAM / pose graph / online mapping pipeline」来服务「实时/大规模/高效 3D 表示」。,/Volumes/UBag/Documents/l40server_mirror/lyra/Lyra-2/paper_collection_3d4d_reconstruction_2026_04_26/boardmix_mindmap/method_figures/2602.08784_GaussianCaR.png,/Volumes/UBag/Documents/l40server_mirror/lyra/Lyra-2/paper_collection_3d4d_reconstruction_2026_04_26/pdfs/2026_GaussianCaR_Gaussian_Splatting_for_Efficient_Camera_Radar_Fusion_2602.08784.pdf,https://www.github.com/santimontiel/gaussiancar,code_link_found_not_audited,"Codex:3D-Reconstruction, Codex:3D4D-Reconstruction"
2602.04162,Improving 2D Diffusion Models for 3D Medical Imaging with Inter-Slice Consistent Stochasticity,2026-arxiv,领域/传感器特化重建,训练/监督角度,提升几何一致性/表面质量,Sensor/domain-specific pipeline,Inter-Slice,Inter-Slice 针对「提升几何一致性/表面质量」，从「训练/监督角度」切入，主要采用「Sensor/domain-specific pipeline」来服务「领域/传感器特化重建」。,/Volumes/UBag/Documents/l40server_mirror/lyra/Lyra-2/paper_collection_3d4d_reconstruction_2026_04_26/boardmix_mindmap/method_figures/2602.04162_Inter-Slice.png,/Volumes/UBag/Documents/l40server_mirror/lyra/Lyra-2/paper_collection_3d4d_reconstruction_2026_04_26/pdfs/2026_Improving_2D_Diffusion_Models_for_3D_Medical_Imaging_with_Inter_Slice_Consistent_Stochasti_2602.04162.pdf,https://github.com/duchenhe/ISCS,code_link_found_not_audited,"Codex:3D-Reconstruction, Codex:3D4D-Reconstruction"
2602.08266,Informative Object-centric Next Best View for Object-aware 3D Gaussian Splatting in Cluttered Scenes,2026-arxiv,SLAM/机器人/自动驾驶世界模型,表示/几何角度,提升可控生成/世界演化预测,Gaussian Splatting 表示与正则化,本文方法,本文方法 针对「提升可控生成/世界演化预测」，从「表示/几何角度」切入，主要采用「Gaussian Splatting 表示与正则化」来服务「SLAM/机器人/自动驾驶世界模型」。,/Volumes/UBag/Documents/l40server_mirror/lyra/Lyra-2/paper_collection_3d4d_reconstruction_2026_04_26/boardmix_mindmap/method_figures/2602.08266_paper.png,/Volumes/UBag/Documents/l40server_mirror/lyra/Lyra-2/paper_collection_3d4d_reconstruction_2026_04_26/pdfs/2026_Informative_Object_centric_Next_Best_View_for_Object_aware_3D_Gaussian_Splatting_in_Clutte_2602.08266.pdf,,no_code_link_found,"Codex:3D-Reconstruction, Codex:3D4D-Reconstruction"
2602.13299,KidMesh: Computational Mesh Reconstruction for Pediatric Congenital Hydronephrosis Using Deep Neural Networks,2026-arxiv,动态场景与 4D 重建,时空/动态角度,建模运动/形变/时间一致性,SLAM / pose graph / online mapping pipeline,KidMesh,KidMesh 针对「建模运动/形变/时间一致性」，从「时空/动态角度」切入，主要采用「SLAM / pose graph / online mapping pipeline」来服务「动态场景与 4D 重建」。,/Volumes/UBag/Documents/l40server_mirror/lyra/Lyra-2/paper_collection_3d4d_reconstruction_2026_04_26/boardmix_mindmap/method_figures/2602.13299_KidMesh.png,/Volumes/UBag/Documents/l40server_mirror/lyra/Lyra-2/paper_collection_3d4d_reconstruction_2026_04_26/pdfs/2026_KidMesh_Computational_Mesh_Reconstruction_for_Pediatric_Congenital_Hydronephrosis_Using_De_2602.13299.pdf,https://github.com/Mrdeer3935/KidMesh,code_link_found_not_audited,"Codex:3D-Reconstruction, Codex:3D4D-Reconstruction"
2602.08397,RealSynCol: a high-fidelity synthetic colon dataset for 3D reconstruction applications,2026-arxiv,多视角几何/表面/场景重建,表示/几何角度,提升几何一致性/表面质量,SLAM / pose graph / online mapping pipeline,RealSynCol,RealSynCol 针对「提升几何一致性/表面质量」，从「表示/几何角度」切入，主要采用「SLAM / pose graph / online mapping pipeline」来服务「多视角几何/表面/场景重建」。,/Volumes/UBag/Documents/l40server_mirror/lyra/Lyra-2/paper_collection_3d4d_reconstruction_2026_04_26/boardmix_mindmap/method_figures/2602.08397_RealSynCol.png,/Volumes/UBag/Documents/l40server_mirror/lyra/Lyra-2/paper_collection_3d4d_reconstruction_2026_04_26/pdfs/2026_RealSynCol_a_high_fidelity_synthetic_colon_dataset_for_3D_reconstruction_applications_2602.08397.pdf,https://github.com/ChiaraLena/RealSynCol,code_link_found_not_audited,"Codex:3D-Reconstruction, Codex:3D4D-Reconstruction"
2601.15897,ThermoSplat: Cross-Modal 3D Gaussian Splatting with Feature Modulation and Geometry Decoupling,2026-arxiv,动态场景与 4D 重建,表示/几何角度,提升几何一致性/表面质量,Gaussian Splatting 表示与正则化,ThermoSplat,ThermoSplat 针对「提升几何一致性/表面质量」，从「表示/几何角度」切入，主要采用「Gaussian Splatting 表示与正则化」来服务「动态场景与 4D 重建」。,/Volumes/UBag/Documents/l40server_mirror/lyra/Lyra-2/paper_collection_3d4d_reconstruction_2026_04_26/boardmix_mindmap/method_figures/2601.15897_ThermoSplat.png,/Volumes/UBag/Documents/l40server_mirror/lyra/Lyra-2/paper_collection_3d4d_reconstruction_2026_04_26/pdfs/2026_ThermoSplat_Cross_Modal_3D_Gaussian_Splatting_with_Feature_Modulation_and_Geometry_Decoupl_2601.15897.pdf,,no_code_link_found,"Codex:3D-Reconstruction, Codex:3D4D-Reconstruction"
2602.08540,TIBR4D: Tracing-Guided Iterative Boundary Refinement for Efficient 4D Gaussian Segmentation,2026-arxiv,动态场景与 4D 重建,时空/动态角度,建模运动/形变/时间一致性,Motion decomposition / canonical space / deformation,TIBR4D,TIBR4D 针对「建模运动/形变/时间一致性」，从「时空/动态角度」切入，主要采用「Motion decomposition / canonical space / deformation」来服务「动态场景与 4D 重建」。,/Volumes/UBag/Documents/l40server_mirror/lyra/Lyra-2/paper_collection_3d4d_reconstruction_2026_04_26/boardmix_mindmap/method_figures/2602.08540_TIBR4D.png,/Volumes/UBag/Documents/l40server_mirror/lyra/Lyra-2/paper_collection_3d4d_reconstruction_2026_04_26/pdfs/2026_TIBR4D_Tracing_Guided_Iterative_Boundary_Refinement_for_Efficient_4D_Gaussian_Segmentation_2602.08540.pdf,,no_code_link_found,"Codex:3D4D-Reconstruction, Codex:4D-Reconstruction"
2602.08236,When and How Much to Imagine: Adaptive Test-Time Scaling with World Models for Visual Spatial Reasoning,2026-arxiv,SLAM/机器人/自动驾驶世界模型,时空/动态角度,提升可控生成/世界演化预测,Diffusion/生成先验/视频模型,When and How Much to Imagine,When and How Much to Imagine 针对「提升可控生成/世界演化预测」，从「时空/动态角度」切入，主要采用「Diffusion/生成先验/视频模型」来服务「SLAM/机器人/自动驾驶世界模型」。,/Volumes/UBag/Documents/l40server_mirror/lyra/Lyra-2/paper_collection_3d4d_reconstruction_2026_04_26/boardmix_mindmap/method_figures/2602.08236_When_and_How_Much_to_Imagine.png,/Volumes/UBag/Documents/l40server_mirror/lyra/Lyra-2/paper_collection_3d4d_reconstruction_2026_04_26/pdfs/2026_When_and_How_Much_to_Imagine_Adaptive_Test_Time_Scaling_with_World_Models_for_Visual_Spati_2602.08236.pdf,https://github.com/Yui010206/Adaptive-Visual-Imagination-Control/,code_link_found_not_audited,"Codex:3D+4D-Evolution, Codex:3D4D-Reconstruction"
2602.10094,4RC: 4D Reconstruction via Conditional Querying Anytime and Anywhere,2026-arxiv,动态场景与 4D 重建,时空/动态角度,建模运动/形变/时间一致性,Motion decomposition / canonical space / deformation,4RC,4RC 针对「建模运动/形变/时间一致性」，从「时空/动态角度」切入，主要采用「Motion decomposition / canonical space / deformation」来服务「动态场景与 4D 重建」。,/Volumes/UBag/Documents/l40server_mirror/lyra/Lyra-2/paper_collection_3d4d_reconstruction_2026_04_26/boardmix_mindmap/method_figures/2602.10094_4RC.png,/Volumes/UBag/Documents/l40server_mirror/lyra/Lyra-2/paper_collection_3d4d_reconstruction_2026_04_26/pdfs/2026_4RC_4D_Reconstruction_via_Conditional_Querying_Anytime_and_Anywhere_2602.10094.pdf,https://github.com/Luo-Yihang/4RC,code_link_found_not_audited,"Codex:3D4D-Reconstruction, Codex:4D-Reconstruction"
2602.03213,ConsisDrive: Identity-Preserving Driving World Models for Video Generation by Instance Mask,2026-arxiv,SLAM/机器人/自动驾驶世界模型,时空/动态角度,提升可控生成/世界演化预测,Diffusion/生成先验/视频模型,ConsisDrive,ConsisDrive 针对「提升可控生成/世界演化预测」，从「时空/动态角度」切入，主要采用「Diffusion/生成先验/视频模型」来服务「SLAM/机器人/自动驾驶世界模型」。,/Volumes/UBag/Documents/l40server_mirror/lyra/Lyra-2/paper_collection_3d4d_reconstruction_2026_04_26/boardmix_mindmap/method_figures/2602.03213_ConsisDrive.png,/Volumes/UBag/Documents/l40server_mirror/lyra/Lyra-2/paper_collection_3d4d_reconstruction_2026_04_26/pdfs/2026_ConsisDrive_Identity_Preserving_Driving_World_Models_for_Video_Generation_by_Instance_Mask_2602.03213.pdf,,no_code_link_found,"Codex:3D+4D-Evolution, Codex:3D4D-Reconstruction"
2602.10278,ERGO: Excess-Risk-Guided Optimization for High-Fidelity Monocular 3D Gaussian Splatting,2026-arxiv,稀疏/单目/少视角 3D 重建,表示/几何角度,解决稀疏视角几何不稳定,Gaussian Splatting 表示与正则化,ERGO,ERGO 针对「解决稀疏视角几何不稳定」，从「表示/几何角度」切入，主要采用「Gaussian Splatting 表示与正则化」来服务「稀疏/单目/少视角 3D 重建」。,/Volumes/UBag/Documents/l40server_mirror/lyra/Lyra-2/paper_collection_3d4d_reconstruction_2026_04_26/boardmix_mindmap/method_figures/2602.10278_ERGO.png,/Volumes/UBag/Documents/l40server_mirror/lyra/Lyra-2/paper_collection_3d4d_reconstruction_2026_04_26/pdfs/2026_ERGO_Excess_Risk_Guided_Optimization_for_High_Fidelity_Monocular_3D_Gaussian_Splatting_2602.10278.pdf,,no_code_link_found,"Codex:3D-Reconstruction, Codex:3D4D-Reconstruction"
2602.09999,Faster-GS: Analyzing and Improving Gaussian Splatting Optimization,2026-arxiv,实时/大规模/高效 3D 表示,训练/监督角度,减少优化/采样/渲染步骤,Gaussian Splatting 表示与正则化,Faster-GS,Faster-GS 针对「减少优化/采样/渲染步骤」，从「训练/监督角度」切入，主要采用「Gaussian Splatting 表示与正则化」来服务「实时/大规模/高效 3D 表示」。,/Volumes/UBag/Documents/l40server_mirror/lyra/Lyra-2/paper_collection_3d4d_reconstruction_2026_04_26/boardmix_mindmap/method_figures/2602.09999_Faster-GS.png,/Volumes/UBag/Documents/l40server_mirror/lyra/Lyra-2/paper_collection_3d4d_reconstruction_2026_04_26/pdfs/2026_Faster_GS_Analyzing_and_Improving_Gaussian_Splatting_Optimization_2602.09999.pdf,https://github.com/nerficg-project/faster-gaussian-splatting,code_link_found_not_audited,"Codex:3D-Reconstruction, Codex:3D4D-Reconstruction"
2602.09878,MVISTA-4D: View-Consistent 4D World Model with Test-Time Action Inference for Robotic Manipulation,2026-arxiv,SLAM/机器人/自动驾驶世界模型,时空/动态角度,提升可控生成/世界演化预测,Diffusion/生成先验/视频模型,MVISTA-4D,MVISTA-4D 针对「提升可控生成/世界演化预测」，从「时空/动态角度」切入，主要采用「Diffusion/生成先验/视频模型」来服务「SLAM/机器人/自动驾驶世界模型」。,/Volumes/UBag/Documents/l40server_mirror/lyra/Lyra-2/paper_collection_3d4d_reconstruction_2026_04_26/boardmix_mindmap/method_figures/2602.09878_MVISTA-4D.png,/Volumes/UBag/Documents/l40server_mirror/lyra/Lyra-2/paper_collection_3d4d_reconstruction_2026_04_26/pdfs/2026_MVISTA_4D_View_Consistent_4D_World_Model_with_Test_Time_Action_Inference_for_Robotic_Manip_2602.09878.pdf,,no_code_link_found,"Codex:3D+4D-Evolution, Codex:3D4D-Reconstruction"
2602.10104,Olaf-World: Orienting Latent Actions for Video World Modeling,2026-arxiv,实时/大规模/高效 3D 表示,训练/监督角度,提升可控生成/世界演化预测,Motion decomposition / canonical space / deformation,Olaf-World,Olaf-World 针对「提升可控生成/世界演化预测」，从「训练/监督角度」切入，主要采用「Motion decomposition / canonical space / deformation」来服务「实时/大规模/高效 3D 表示」。,/Volumes/UBag/Documents/l40server_mirror/lyra/Lyra-2/paper_collection_3d4d_reconstruction_2026_04_26/boardmix_mindmap/method_figures/2602.10104_Olaf-World.png,/Volumes/UBag/Documents/l40server_mirror/lyra/Lyra-2/paper_collection_3d4d_reconstruction_2026_04_26/pdfs/2026_Olaf_World_Orienting_Latent_Actions_for_Video_World_Modeling_2602.10104.pdf,https://github.com/showlab/Olaf-World,code_link_found_not_audited,"Codex:3D+4D-Evolution, Codex:3D4D-Reconstruction"
2602.10101,Robo3R: Enhancing Robotic Manipulation with Accurate Feed-Forward 3D Reconstruction,2026-arxiv,多视角几何/表面/场景重建,表示/几何角度,提升几何一致性/表面质量,Motion decomposition / canonical space / deformation,Robo3R,Robo3R 针对「提升几何一致性/表面质量」，从「表示/几何角度」切入，主要采用「Motion decomposition / canonical space / deformation」来服务「多视角几何/表面/场景重建」。,/Volumes/UBag/Documents/l40server_mirror/lyra/Lyra-2/paper_collection_3d4d_reconstruction_2026_04_26/boardmix_mindmap/method_figures/2602.10101_Robo3R.png,/Volumes/UBag/Documents/l40server_mirror/lyra/Lyra-2/paper_collection_3d4d_reconstruction_2026_04_26/pdfs/2026_Robo3R_Enhancing_Robotic_Manipulation_with_Accurate_Feed_Forward_3D_Reconstruction_2602.10101.pdf,https://github.com/InternRobotics/Robo3R,code_link_found_not_audited,"Codex:3D-Reconstruction, Codex:3D4D-Reconstruction"
2602.09918,SARS: A Novel Face and Body Shape and Appearance Aware 3D Reconstruction System extends Morphable Models,2026-arxiv,人体/头像/可动画资产,表示/几何角度,提升几何一致性/表面质量,SDF/隐式表面/网格/点云,SARS,SARS 针对「提升几何一致性/表面质量」，从「表示/几何角度」切入，主要采用「SDF/隐式表面/网格/点云」来服务「人体/头像/可动画资产」。,/Volumes/UBag/Documents/l40server_mirror/lyra/Lyra-2/paper_collection_3d4d_reconstruction_2026_04_26/boardmix_mindmap/method_figures/2602.09918_SARS.png,/Volumes/UBag/Documents/l40server_mirror/lyra/Lyra-2/paper_collection_3d4d_reconstruction_2026_04_26/pdfs/2026_SARS_A_Novel_Face_and_Body_Shape_and_Appearance_Aware_3D_Reconstruction_System_extends_Mor_2602.09918.pdf,,no_code_link_found,"Codex:3D-Reconstruction, Codex:3D4D-Reconstruction"
2602.09415,"Stability and Concentration in Nonlinear Inverse Problems with Block-Structured Parameters: Lipschitz Geometry, Identifiability, and an Application to Gaussian Splatting",2026-arxiv,动态场景与 4D 重建,表示/几何角度,解决稀疏视角几何不稳定,SLAM / pose graph / online mapping pipeline,Block-Structured,Block-Structured 针对「解决稀疏视角几何不稳定」，从「表示/几何角度」切入，主要采用「SLAM / pose graph / online mapping pipeline」来服务「动态场景与 4D 重建」。,/Volumes/UBag/Documents/l40server_mirror/lyra/Lyra-2/paper_collection_3d4d_reconstruction_2026_04_26/boardmix_mindmap/method_figures/2602.09415_Block-Structured.png,/Volumes/UBag/Documents/l40server_mirror/lyra/Lyra-2/paper_collection_3d4d_reconstruction_2026_04_26/pdfs/2026_Stability_and_Concentration_in_Nonlinear_Inverse_Problems_with_Block_Structured_Parameters_2602.09415.pdf,,no_code_link_found,"Codex:3D-Reconstruction, Codex:3D4D-Reconstruction"
2602.10239,XSPLAIN: XAI-enabling Splat-based Prototype Learning for Attribute-aware INterpretability,2026-arxiv,多视角几何/表面/场景重建,表示/几何角度,建模运动/形变/时间一致性,Gaussian Splatting 表示与正则化,XSPLAIN,XSPLAIN 针对「建模运动/形变/时间一致性」，从「表示/几何角度」切入，主要采用「Gaussian Splatting 表示与正则化」来服务「多视角几何/表面/场景重建」。,/Volumes/UBag/Documents/l40server_mirror/lyra/Lyra-2/paper_collection_3d4d_reconstruction_2026_04_26/boardmix_mindmap/method_figures/2602.10239_XSPLAIN.png,/Volumes/UBag/Documents/l40server_mirror/lyra/Lyra-2/paper_collection_3d4d_reconstruction_2026_04_26/pdfs/2026_XSPLAIN_XAI_enabling_Splat_based_Prototype_Learning_for_Attribute_aware_INterpretability_2602.10239.pdf,https://github.com/Solvro/ml-splat-xai,code_link_found_not_audited,"Codex:3D-Reconstruction, Codex:3D4D-Reconstruction"
2602.11433,Filmsticking++: Rapid Film Sticking for Explicit Surface Reconstruction,2026-arxiv,多视角几何/表面/场景重建,表示/几何角度,提升几何一致性/表面质量,SDF/隐式表面/网格/点云,Filmsticking++,Filmsticking++ 针对「提升几何一致性/表面质量」，从「表示/几何角度」切入，主要采用「SDF/隐式表面/网格/点云」来服务「多视角几何/表面/场景重建」。,/Volumes/UBag/Documents/l40server_mirror/lyra/Lyra-2/paper_collection_3d4d_reconstruction_2026_04_26/boardmix_mindmap/method_figures/2602.11433_Filmsticking.png,/Volumes/UBag/Documents/l40server_mirror/lyra/Lyra-2/paper_collection_3d4d_reconstruction_2026_04_26/pdfs/2026_Filmsticking_Rapid_Film_Sticking_for_Explicit_Surface_Reconstruction_2602.11433.pdf,,code_link_found_not_audited,"Codex:3D-Reconstruction, Codex:3D4D-Reconstruction"
2602.10884,ResWorld: Temporal Residual World Model for End-to-End Autonomous Driving,2026-arxiv,动态场景与 4D 重建,时空/动态角度,提升可控生成/世界演化预测,Motion decomposition / canonical space / deformation,ResWorld,ResWorld 针对「提升可控生成/世界演化预测」，从「时空/动态角度」切入，主要采用「Motion decomposition / canonical space / deformation」来服务「动态场景与 4D 重建」。,/Volumes/UBag/Documents/l40server_mirror/lyra/Lyra-2/paper_collection_3d4d_reconstruction_2026_04_26/boardmix_mindmap/method_figures/2602.10884_ResWorld.png,/Volumes/UBag/Documents/l40server_mirror/lyra/Lyra-2/paper_collection_3d4d_reconstruction_2026_04_26/pdfs/2026_ResWorld_Temporal_Residual_World_Model_for_End_to_End_Autonomous_Driving_2602.10884.pdf,https://github.com/mengtan00/ResWorld.git,code_link_found_not_audited,"Codex:3D+4D-Evolution, Codex:3D4D-Reconstruction"
2602.10717,"Say, Dream, and Act: Learning Video World Models for Instruction-Driven Robot Manipulation",2026-arxiv,SLAM/机器人/自动驾驶世界模型,时空/动态角度,提升可控生成/世界演化预测,Diffusion/生成先验/视频模型,"Say, Dream, and Act","Say, Dream, and Act 针对「提升可控生成/世界演化预测」，从「时空/动态角度」切入，主要采用「Diffusion/生成先验/视频模型」来服务「SLAM/机器人/自动驾驶世界模型」。",/Volumes/UBag/Documents/l40server_mirror/lyra/Lyra-2/paper_collection_3d4d_reconstruction_2026_04_26/boardmix_mindmap/method_figures/2602.10717_Say_Dream_and_Act.png,/Volumes/UBag/Documents/l40server_mirror/lyra/Lyra-2/paper_collection_3d4d_reconstruction_2026_04_26/pdfs/2026_Say_Dream_and_Act_Learning_Video_World_Models_for_Instruction_Driven_Robot_Manipulation_2602.10717.pdf,,no_code_link_found,"Codex:3D+4D-Evolution, Codex:3D4D-Reconstruction"
2602.06032,Splat and Distill: Augmenting Teachers with Feed-Forward 3D Reconstruction For 3D-Aware Distillation,2026-arxiv,多视角几何/表面/场景重建,表示/几何角度,提升几何一致性/表面质量,Feed-forward / Transformer / Foundation Model,Splat and Distill,Splat and Distill 针对「提升几何一致性/表面质量」，从「表示/几何角度」切入，主要采用「Feed-forward / Transformer / Foundation Model」来服务「多视角几何/表面/场景重建」。,/Volumes/UBag/Documents/l40server_mirror/lyra/Lyra-2/paper_collection_3d4d_reconstruction_2026_04_26/boardmix_mindmap/method_figures/2602.06032_Splat_and_Distill.png,/Volumes/UBag/Documents/l40server_mirror/lyra/Lyra-2/paper_collection_3d4d_reconstruction_2026_04_26/pdfs/2026_Splat_and_Distill_Augmenting_Teachers_with_Feed_Forward_3D_Reconstruction_For_3D_Aware_Dis_2602.06032.pdf,https://github.com/xapharius/pytorch-nyuv2,code_link_found_not_audited,"Codex:3D-Reconstruction, Codex:3D4D-Reconstruction"
2602.07493,Thermal odometry and dense mapping using learned odometry and Gaussian splatting,2026-arxiv,动态场景与 4D 重建,表示/几何角度,接入 SLAM/机器人闭环系统,SLAM / pose graph / online mapping pipeline,本文方法,本文方法 针对「接入 SLAM/机器人闭环系统」，从「表示/几何角度」切入，主要采用「SLAM / pose graph / online mapping pipeline」来服务「动态场景与 4D 重建」。,/Volumes/UBag/Documents/l40server_mirror/lyra/Lyra-2/paper_collection_3d4d_reconstruction_2026_04_26/boardmix_mindmap/method_figures/2602.07493_paper.png,/Volumes/UBag/Documents/l40server_mirror/lyra/Lyra-2/paper_collection_3d4d_reconstruction_2026_04_26/pdfs/2026_Thermal_odometry_and_dense_mapping_using_learned_odometry_and_Gaussian_splatting_2602.07493.pdf,,no_code_link_found,"Codex:3D-Reconstruction, Codex:3D4D-Reconstruction"
2602.10943,Towards Learning a Generalizable 3D Scene Representation from 2D Observations,2026-arxiv,SLAM/机器人/自动驾驶世界模型,训练/监督角度,提升泛化/跨场景/开放世界能力,NeRF/辐射场/体渲染,本文方法,本文方法 针对「提升泛化/跨场景/开放世界能力」，从「训练/监督角度」切入，主要采用「NeRF/辐射场/体渲染」来服务「SLAM/机器人/自动驾驶世界模型」。,/Volumes/UBag/Documents/l40server_mirror/lyra/Lyra-2/paper_collection_3d4d_reconstruction_2026_04_26/boardmix_mindmap/method_figures/2602.10943_paper.png,/Volumes/UBag/Documents/l40server_mirror/lyra/Lyra-2/paper_collection_3d4d_reconstruction_2026_04_26/pdfs/2026_Towards_Learning_a_Generalizable_3D_Scene_Representation_from_2D_Observations_2602.10943.pdf,,code_link_found_not_audited,"Codex:3D-Reconstruction, Codex:3D4D-Reconstruction"
2602.12159,3DGSNav: Enhancing Vision-Language Model Reasoning for Object Navigation via Active 3D Gaussian Splatting,2026-arxiv,SLAM/机器人/自动驾驶世界模型,表示/几何角度,接入 SLAM/机器人闭环系统,Gaussian Splatting 表示与正则化,3DGSNav,3DGSNav 针对「接入 SLAM/机器人闭环系统」，从「表示/几何角度」切入，主要采用「Gaussian Splatting 表示与正则化」来服务「SLAM/机器人/自动驾驶世界模型」。,/Volumes/UBag/Documents/l40server_mirror/lyra/Lyra-2/paper_collection_3d4d_reconstruction_2026_04_26/boardmix_mindmap/method_figures/2602.12159_3DGSNav.png,/Volumes/UBag/Documents/l40server_mirror/lyra/Lyra-2/paper_collection_3d4d_reconstruction_2026_04_26/pdfs/2026_3DGSNav_Enhancing_Vision_Language_Model_Reasoning_for_Object_Navigation_via_Active_3D_Gaus_2602.12159.pdf,https://github.com/eliahuhorwitz/Academic-project-page-template,code_link_found_not_audited,"Codex:3D-Reconstruction, Codex:3D4D-Reconstruction"
2602.11757,Code2Worlds: Empowering Coding LLMs for 4D World Generation,2026-arxiv,生成式 3D/4D 内容与仿真,时空/动态角度,建模运动/形变/时间一致性,SLAM / pose graph / online mapping pipeline,Code2Worlds,Code2Worlds 针对「建模运动/形变/时间一致性」，从「时空/动态角度」切入，主要采用「SLAM / pose graph / online mapping pipeline」来服务「生成式 3D/4D 内容与仿真」。,/Volumes/UBag/Documents/l40server_mirror/lyra/Lyra-2/paper_collection_3d4d_reconstruction_2026_04_26/boardmix_mindmap/method_figures/2602.11757_Code2Worlds.png,/Volumes/UBag/Documents/l40server_mirror/lyra/Lyra-2/paper_collection_3d4d_reconstruction_2026_04_26/pdfs/2026_Code2Worlds_Empowering_Coding_LLMs_for_4D_World_Generation_2602.11757.pdf,https://github.com/AIGeeksGroup/Code2Worlds,code_link_found_not_audited,"Codex:3D+4D-Evolution, Codex:3D4D-Reconstruction"
2602.11642,Electrostatics-Inspired Surface Reconstruction (EISR): Recovering 3D Shapes as a Superposition of Poisson's PDE Solutions,2026-arxiv,多视角几何/表面/场景重建,表示/几何角度,提升几何一致性/表面质量,SDF/隐式表面/网格/点云,Electrostatics-Inspired,Electrostatics-Inspired 针对「提升几何一致性/表面质量」，从「表示/几何角度」切入，主要采用「SDF/隐式表面/网格/点云」来服务「多视角几何/表面/场景重建」。,/Volumes/UBag/Documents/l40server_mirror/lyra/Lyra-2/paper_collection_3d4d_reconstruction_2026_04_26/boardmix_mindmap/method_figures/2602.11642_Electrostatics-Inspired.png,/Volumes/UBag/Documents/l40server_mirror/lyra/Lyra-2/paper_collection_3d4d_reconstruction_2026_04_26/pdfs/2026_Electrostatics_Inspired_Surface_Reconstruction_EISR_Recovering_3D_Shapes_as_a_Superpositio_2602.11642.pdf,https://github.com/libigl/libigl,code_link_found_not_audited,"Codex:3D-Reconstruction, Codex:3D4D-Reconstruction"
2601.21421,From Implicit Ambiguity to Explicit Solidity: Diagnosing Interior Geometric Degradation in Neural Radiance Fields for Dense 3D Scene Understanding,2026-arxiv,动态场景与 4D 重建,表示/几何角度,降低显存/存储/模型体积,NeRF/辐射场/体渲染,From Implicit Ambiguity to Explicit Solidity,From Implicit Ambiguity to Explicit Solidity 针对「降低显存/存储/模型体积」，从「表示/几何角度」切入，主要采用「NeRF/辐射场/体渲染」来服务「动态场景与 4D 重建」。,/Volumes/UBag/Documents/l40server_mirror/lyra/Lyra-2/paper_collection_3d4d_reconstruction_2026_04_26/boardmix_mindmap/method_figures/2601.21421_From_Implicit_Ambiguity_to_Explicit_Solidity.png,/Volumes/UBag/Documents/l40server_mirror/lyra/Lyra-2/paper_collection_3d4d_reconstruction_2026_04_26/pdfs/2026_From_Implicit_Ambiguity_to_Explicit_Solidity_Diagnosing_Interior_Geometric_Degradation_in_2601.21421.pdf,https://github.com/ZJiangsan/3D_DenseFruitCounting,code_link_found_not_audited,"Codex:3D-Reconstruction, Codex:3D4D-Reconstruction"
2602.11714,GSO-SLAM: Bidirectionally Coupled Gaussian Splatting and Direct Visual Odometry,2026-arxiv,实时/大规模/高效 3D 表示,表示/几何角度,解决稀疏视角几何不稳定,SLAM / pose graph / online mapping pipeline,GSO-SLAM,GSO-SLAM 针对「解决稀疏视角几何不稳定」，从「表示/几何角度」切入，主要采用「SLAM / pose graph / online mapping pipeline」来服务「实时/大规模/高效 3D 表示」。,/Volumes/UBag/Documents/l40server_mirror/lyra/Lyra-2/paper_collection_3d4d_reconstruction_2026_04_26/boardmix_mindmap/method_figures/2602.11714_GSO-SLAM.png,/Volumes/UBag/Documents/l40server_mirror/lyra/Lyra-2/paper_collection_3d4d_reconstruction_2026_04_26/pdfs/2026_GSO_SLAM_Bidirectionally_Coupled_Gaussian_Splatting_and_Direct_Visual_Odometry_2602.11714.pdf,https://github.com/Lab-of-AI-and-Robotics/GSO-SLAM,code_link_found_not_audited,"Codex:3D-Reconstruction, Codex:3D4D-Reconstruction"
2602.11577,LeafFit: Plant Assets Creation from 3D Gaussian Splatting,2026-arxiv,实时/大规模/高效 3D 表示,表示/几何角度,建模运动/形变/时间一致性,Gaussian Splatting 表示与正则化,LeafFit,LeafFit 针对「建模运动/形变/时间一致性」，从「表示/几何角度」切入，主要采用「Gaussian Splatting 表示与正则化」来服务「实时/大规模/高效 3D 表示」。,/Volumes/UBag/Documents/l40server_mirror/lyra/Lyra-2/paper_collection_3d4d_reconstruction_2026_04_26/boardmix_mindmap/method_figures/2602.11577_LeafFit.png,/Volumes/UBag/Documents/l40server_mirror/lyra/Lyra-2/paper_collection_3d4d_reconstruction_2026_04_26/pdfs/2026_LeafFit_Plant_Assets_Creation_from_3D_Gaussian_Splatting_2602.11577.pdf,https://github.com/netbeifeng/leaf_fit,code_link_found_not_audited,"Codex:3D-Reconstruction, Codex:3D4D-Reconstruction"
2602.00148,Learning Physics-Grounded 4D Dynamics with Neural Gaussian Force Fields,2026-arxiv,生成式 3D/4D 内容与仿真,生成/世界模型角度,提升可控生成/世界演化预测,Gaussian Splatting 表示与正则化,Physics-Grounded,Physics-Grounded 针对「提升可控生成/世界演化预测」，从「生成/世界模型角度」切入，主要采用「Gaussian Splatting 表示与正则化」来服务「生成式 3D/4D 内容与仿真」。,/Volumes/UBag/Documents/l40server_mirror/lyra/Lyra-2/paper_collection_3d4d_reconstruction_2026_04_26/boardmix_mindmap/method_figures/2602.00148_Physics-Grounded.png,/Volumes/UBag/Documents/l40server_mirror/lyra/Lyra-2/paper_collection_3d4d_reconstruction_2026_04_26/pdfs/2026_Learning_Physics_Grounded_4D_Dynamics_with_Neural_Gaussian_Force_Fields_2602.00148.pdf,https://github.com/lishiqianhugh/NeuralGaussianForceField,code_link_found_not_audited,"Codex:3D+4D-Evolution, Codex:3D4D-Reconstruction"
2602.12003,Projected Representation Conditioning for High-fidelity Novel View Synthesis,2026-arxiv,稀疏/单目/少视角 3D 重建,训练/监督角度,解决稀疏视角几何不稳定,SLAM / pose graph / online mapping pipeline,本文方法,本文方法 针对「解决稀疏视角几何不稳定」，从「训练/监督角度」切入，主要采用「SLAM / pose graph / online mapping pipeline」来服务「稀疏/单目/少视角 3D 重建」。,/Volumes/UBag/Documents/l40server_mirror/lyra/Lyra-2/paper_collection_3d4d_reconstruction_2026_04_26/boardmix_mindmap/method_figures/2602.12003_paper.png,/Volumes/UBag/Documents/l40server_mirror/lyra/Lyra-2/paper_collection_3d4d_reconstruction_2026_04_26/pdfs/2026_Projected_Representation_Conditioning_for_High_fidelity_Novel_View_Synthesis_2602.12003.pdf,https://github.com/cvlab-kaist/ReNoV,code_link_found_not_audited,"Codex:3D-Reconstruction, Codex:3D4D-Reconstruction"
2602.10983,Scaling World Model for Hierarchical Manipulation Policies,2026-arxiv,SLAM/机器人/自动驾驶世界模型,生成/世界模型角度,提升可控生成/世界演化预测,Diffusion/生成先验/视频模型,本文方法,本文方法 针对「提升可控生成/世界演化预测」，从「生成/世界模型角度」切入，主要采用「Diffusion/生成先验/视频模型」来服务「SLAM/机器人/自动驾驶世界模型」。,/Volumes/UBag/Documents/l40server_mirror/lyra/Lyra-2/paper_collection_3d4d_reconstruction_2026_04_26/boardmix_mindmap/method_figures/2602.10983_paper.png,/Volumes/UBag/Documents/l40server_mirror/lyra/Lyra-2/paper_collection_3d4d_reconstruction_2026_04_26/pdfs/2026_Scaling_World_Model_for_Hierarchical_Manipulation_Policies_2602.10983.pdf,https://github.com/vista-wm/Vista-WM,code_link_found_not_audited,"Codex:3D+4D-Evolution, Codex:3D4D-Reconstruction"
2602.04053,Seeing Through Clutter: Structured 3D Scene Reconstruction via Iterative Object Removal,2026-arxiv,稀疏/单目/少视角 3D 重建,训练/监督角度,解决稀疏视角几何不稳定,SLAM / pose graph / online mapping pipeline,Seeing Through Clutter,Seeing Through Clutter 针对「解决稀疏视角几何不稳定」，从「训练/监督角度」切入，主要采用「SLAM / pose graph / online mapping pipeline」来服务「稀疏/单目/少视角 3D 重建」。,/Volumes/UBag/Documents/l40server_mirror/lyra/Lyra-2/paper_collection_3d4d_reconstruction_2026_04_26/boardmix_mindmap/method_figures/2602.04053_Seeing_Through_Clutter.png,/Volumes/UBag/Documents/l40server_mirror/lyra/Lyra-2/paper_collection_3d4d_reconstruction_2026_04_26/pdfs/2026_Seeing_Through_Clutter_Structured_3D_Scene_Reconstruction_via_Iterative_Object_Removal_2602.04053.pdf,https://github.com/rioak/seeing-through-clutter,code_link_found_not_audited,"Codex:3D-Reconstruction, Codex:3D4D-Reconstruction"
2602.13347,Visual Foresight for Robotic Stow: A Diffusion-Based World Model from Sparse Snapshots,2026-arxiv,SLAM/机器人/自动驾驶世界模型,生成/世界模型角度,提升可控生成/世界演化预测,Diffusion/生成先验/视频模型,Visual Foresight for Robotic Stow,Visual Foresight for Robotic Stow 针对「提升可控生成/世界演化预测」，从「生成/世界模型角度」切入，主要采用「Diffusion/生成先验/视频模型」来服务「SLAM/机器人/自动驾驶世界模型」。,/Volumes/UBag/Documents/l40server_mirror/lyra/Lyra-2/paper_collection_3d4d_reconstruction_2026_04_26/boardmix_mindmap/method_figures/2602.13347_Visual_Foresight_for_Robotic_Stow.png,/Volumes/UBag/Documents/l40server_mirror/lyra/Lyra-2/paper_collection_3d4d_reconstruction_2026_04_26/pdfs/2026_Visual_Foresight_for_Robotic_Stow_A_Diffusion_Based_World_Model_from_Sparse_Snapshots_2602.13347.pdf,,no_code_link_found,"Codex:3D+4D-Evolution, Codex:3D4D-Reconstruction"
2602.11882,Where Bits Matter in World Model Planning: A Paired Mixed-Bit Study for Efficient Spatial Reasoning,2026-arxiv,SLAM/机器人/自动驾驶世界模型,生成/世界模型角度,提升可控生成/世界演化预测,Pruning / compression / progressive coding,Where Bits Matter in World Model Planning,Where Bits Matter in World Model Planning 针对「提升可控生成/世界演化预测」，从「生成/世界模型角度」切入，主要采用「Pruning / compression / progressive coding」来服务「SLAM/机器人/自动驾驶世界模型」。,/Volumes/UBag/Documents/l40server_mirror/lyra/Lyra-2/paper_collection_3d4d_reconstruction_2026_04_26/boardmix_mindmap/method_figures/2602.11882_Where_Bits_Matter_in_World_Model_Planning.png,/Volumes/UBag/Documents/l40server_mirror/lyra/Lyra-2/paper_collection_3d4d_reconstruction_2026_04_26/pdfs/2026_Where_Bits_Matter_in_World_Model_Planning_A_Paired_Mixed_Bit_Study_for_Efficient_Spatial_R_2602.11882.pdf,https://github.com/suraj-ranganath/DINO-MBQuant,code_link_found_not_audited,"Codex:3D+4D-Evolution, Codex:3D4D-Reconstruction"
2602.12796,GSM-GS: Geometry-Constrained Single and Multi-view Gaussian Splatting for Surface Reconstruction,2026-arxiv,多视角几何/表面/场景重建,表示/几何角度,提升几何一致性/表面质量,SDF/隐式表面/网格/点云,GSM-GS,GSM-GS 针对「提升几何一致性/表面质量」，从「表示/几何角度」切入，主要采用「SDF/隐式表面/网格/点云」来服务「多视角几何/表面/场景重建」。,/Volumes/UBag/Documents/l40server_mirror/lyra/Lyra-2/paper_collection_3d4d_reconstruction_2026_04_26/boardmix_mindmap/method_figures/2602.12796_GSM-GS.png,/Volumes/UBag/Documents/l40server_mirror/lyra/Lyra-2/paper_collection_3d4d_reconstruction_2026_04_26/pdfs/2026_GSM_GS_Geometry_Constrained_Single_and_Multi_view_Gaussian_Splatting_for_Surface_Reconstru_2602.12796.pdf,https://github.com/AISLAB-sustech/GSM-GS.git,code_link_found_not_audited,"Codex:3D-Reconstruction, Codex:3D4D-Reconstruction"
2602.13041,Implicit-Scale 3D Reconstruction for Multi-Food Volume Estimation from Monocular Images,2026-arxiv,稀疏/单目/少视角 3D 重建,表示/几何角度,解决稀疏视角几何不稳定,SLAM / pose graph / online mapping pipeline,Implicit-Scale,Implicit-Scale 针对「解决稀疏视角几何不稳定」，从「表示/几何角度」切入，主要采用「SLAM / pose graph / online mapping pipeline」来服务「稀疏/单目/少视角 3D 重建」。,/Volumes/UBag/Documents/l40server_mirror/lyra/Lyra-2/paper_collection_3d4d_reconstruction_2026_04_26/boardmix_mindmap/method_figures/2602.13041_Implicit-Scale.png,/Volumes/UBag/Documents/l40server_mirror/lyra/Lyra-2/paper_collection_3d4d_reconstruction_2026_04_26/pdfs/2026_Implicit_Scale_3D_Reconstruction_for_Multi_Food_Volume_Estimation_from_Monocular_Images_2602.13041.pdf,,no_code_link_found,"Codex:3D-Reconstruction, Codex:3D4D-Reconstruction"
2602.13806,Gaussian Sequences with Multi-Scale Dynamics for 4D Reconstruction from Monocular Casual Videos,2026-arxiv,动态场景与 4D 重建,训练/监督角度,建模运动/形变/时间一致性,SLAM / pose graph / online mapping pipeline,Multi-Scale,Multi-Scale 针对「建模运动/形变/时间一致性」，从「训练/监督角度」切入，主要采用「SLAM / pose graph / online mapping pipeline」来服务「动态场景与 4D 重建」。,/Volumes/UBag/Documents/l40server_mirror/lyra/Lyra-2/paper_collection_3d4d_reconstruction_2026_04_26/boardmix_mindmap/method_figures/2602.13806_Multi-Scale.png,/Volumes/UBag/Documents/l40server_mirror/lyra/Lyra-2/paper_collection_3d4d_reconstruction_2026_04_26/pdfs/2026_Gaussian_Sequences_with_Multi_Scale_Dynamics_for_4D_Reconstruction_from_Monocular_Casual_V_2602.13806.pdf,,no_code_link_found,"Codex:3D4D-Reconstruction, Codex:4D-Reconstruction"
2602.13909,High-fidelity 3D reconstruction for planetary exploration,2026-arxiv,SLAM/机器人/自动驾驶世界模型,表示/几何角度,接入 SLAM/机器人闭环系统,SLAM / pose graph / online mapping pipeline,本文方法,本文方法 针对「接入 SLAM/机器人闭环系统」，从「表示/几何角度」切入，主要采用「SLAM / pose graph / online mapping pipeline」来服务「SLAM/机器人/自动驾驶世界模型」。,/Volumes/UBag/Documents/l40server_mirror/lyra/Lyra-2/paper_collection_3d4d_reconstruction_2026_04_26/boardmix_mindmap/method_figures/2602.13909_paper.png,/Volumes/UBag/Documents/l40server_mirror/lyra/Lyra-2/paper_collection_3d4d_reconstruction_2026_04_26/pdfs/2026_High_fidelity_3D_reconstruction_for_planetary_exploration_2602.13909.pdf,,no_code_link_found,"Codex:3D-Reconstruction, Codex:3D4D-Reconstruction"
2602.13801,Joint Orientation and Weight Optimization for Robust Watertight Surface Reconstruction via Dirichlet-Regularized Winding Fields,2026-arxiv,多视角几何/表面/场景重建,表示/几何角度,减少优化/采样/渲染步骤,SDF/隐式表面/网格/点云,Dirichlet-Regularized,Dirichlet-Regularized 针对「减少优化/采样/渲染步骤」，从「表示/几何角度」切入，主要采用「SDF/隐式表面/网格/点云」来服务「多视角几何/表面/场景重建」。,/Volumes/UBag/Documents/l40server_mirror/lyra/Lyra-2/paper_collection_3d4d_reconstruction_2026_04_26/boardmix_mindmap/method_figures/2602.13801_Dirichlet-Regularized.png,/Volumes/UBag/Documents/l40server_mirror/lyra/Lyra-2/paper_collection_3d4d_reconstruction_2026_04_26/pdfs/2026_Joint_Orientation_and_Weight_Optimization_for_Robust_Watertight_Surface_Reconstruction_via_2602.13801.pdf,,no_code_link_found,"Codex:3D-Reconstruction, Codex:3D4D-Reconstruction"
2602.13549,Nighttime Autonomous Driving Scene Reconstruction with Physically-Based Gaussian Splatting,2026-arxiv,SLAM/机器人/自动驾驶世界模型,表示/几何角度,降低显存/存储/模型体积,NeRF/辐射场/体渲染,Physically-Based,Physically-Based 针对「降低显存/存储/模型体积」，从「表示/几何角度」切入，主要采用「NeRF/辐射场/体渲染」来服务「SLAM/机器人/自动驾驶世界模型」。,/Volumes/UBag/Documents/l40server_mirror/lyra/Lyra-2/paper_collection_3d4d_reconstruction_2026_04_26/boardmix_mindmap/method_figures/2602.13549_Physically-Based.png,/Volumes/UBag/Documents/l40server_mirror/lyra/Lyra-2/paper_collection_3d4d_reconstruction_2026_04_26/pdfs/2026_Nighttime_Autonomous_Driving_Scene_Reconstruction_with_Physically_Based_Gaussian_Splatting_2602.13549.pdf,,no_code_link_found,"Codex:3D-Reconstruction, Codex:3D4D-Reconstruction"
2602.11575,ReaDy-Go: Real-to-Sim Dynamic 3D Gaussian Splatting Simulation for Environment-Specific Visual Navigation with Moving Obstacles,2026-arxiv,人体/头像/可动画资产,训练/监督角度,接入 SLAM/机器人闭环系统,Gaussian Splatting 表示与正则化,ReaDy-Go,ReaDy-Go 针对「接入 SLAM/机器人闭环系统」，从「训练/监督角度」切入，主要采用「Gaussian Splatting 表示与正则化」来服务「人体/头像/可动画资产」。,/Volumes/UBag/Documents/l40server_mirror/lyra/Lyra-2/paper_collection_3d4d_reconstruction_2026_04_26/boardmix_mindmap/method_figures/2602.11575_ReaDy-Go.png,/Volumes/UBag/Documents/l40server_mirror/lyra/Lyra-2/paper_collection_3d4d_reconstruction_2026_04_26/pdfs/2026_ReaDy_Go_Real_to_Sim_Dynamic_3D_Gaussian_Splatting_Simulation_for_Environment_Specific_Vis_2602.11575.pdf,https://github.com/google/nerfies/releases/tag/0.1,code_link_found_not_audited,"Codex:3D-Reconstruction, Codex:3D4D-Reconstruction, Codex:4D-Reconstruction"
2602.14311,Exploiting Structure-from-Motion for Robust Vision-Based Map Matching for Aircraft Surface Movement,2026-arxiv,动态场景与 4D 重建,系统/在线部署角度,建模运动/形变/时间一致性,Sensor/domain-specific pipeline,from-Motion,from-Motion 针对「建模运动/形变/时间一致性」，从「系统/在线部署角度」切入，主要采用「Sensor/domain-specific pipeline」来服务「动态场景与 4D 重建」。,/Volumes/UBag/Documents/l40server_mirror/lyra/Lyra-2/paper_collection_3d4d_reconstruction_2026_04_26/boardmix_mindmap/method_figures/2602.14311_from-Motion.png,/Volumes/UBag/Documents/l40server_mirror/lyra/Lyra-2/paper_collection_3d4d_reconstruction_2026_04_26/pdfs/2026_Exploiting_Structure_from_Motion_for_Robust_Vision_Based_Map_Matching_for_Aircraft_Surface_2602.14311.pdf,,code_link_found_not_audited,"Codex:3D-Reconstruction, Codex:3D4D-Reconstruction"
2602.14021,Flow4R: Unifying 4D Reconstruction and Tracking with Scene Flow,2026-arxiv,动态场景与 4D 重建,时空/动态角度,建模运动/形变/时间一致性,Motion decomposition / canonical space / deformation,Flow4R,Flow4R 针对「建模运动/形变/时间一致性」，从「时空/动态角度」切入，主要采用「Motion decomposition / canonical space / deformation」来服务「动态场景与 4D 重建」。,/Volumes/UBag/Documents/l40server_mirror/lyra/Lyra-2/paper_collection_3d4d_reconstruction_2026_04_26/boardmix_mindmap/method_figures/2602.14021_Flow4R.png,/Volumes/UBag/Documents/l40server_mirror/lyra/Lyra-2/paper_collection_3d4d_reconstruction_2026_04_26/pdfs/2026_Flow4R_Unifying_4D_Reconstruction_and_Tracking_with_Scene_Flow_2602.14021.pdf,https://github.com/wyddmw/POMATO,code_link_found_not_audited,"Codex:3D4D-Reconstruction, Codex:4D-Reconstruction"
2602.14119,GeoFusionLRM: Geometry-Aware Self-Correction for Consistent 3D Reconstruction,2026-arxiv,多视角几何/表面/场景重建,表示/几何角度,提升几何一致性/表面质量,SDF/隐式表面/网格/点云,GeoFusionLRM,GeoFusionLRM 针对「提升几何一致性/表面质量」，从「表示/几何角度」切入，主要采用「SDF/隐式表面/网格/点云」来服务「多视角几何/表面/场景重建」。,/Volumes/UBag/Documents/l40server_mirror/lyra/Lyra-2/paper_collection_3d4d_reconstruction_2026_04_26/boardmix_mindmap/method_figures/2602.14119_GeoFusionLRM.png,/Volumes/UBag/Documents/l40server_mirror/lyra/Lyra-2/paper_collection_3d4d_reconstruction_2026_04_26/pdfs/2026_GeoFusionLRM_Geometry_Aware_Self_Correction_for_Consistent_3D_Reconstruction_2602.14119.pdf,https://github.com/3DTopia/OpenLRM,code_link_found_not_audited,"Codex:3D-Reconstruction, Codex:3D4D-Reconstruction"
2602.14199,Learnable Multi-level Discrete Wavelet Transforms for 3D Gaussian Splatting Frequency Modulation,2026-arxiv,多视角几何/表面/场景重建,表示/几何角度,降低显存/存储/模型体积,Gaussian Splatting 表示与正则化,本文方法,本文方法 针对「降低显存/存储/模型体积」，从「表示/几何角度」切入，主要采用「Gaussian Splatting 表示与正则化」来服务「多视角几何/表面/场景重建」。,/Volumes/UBag/Documents/l40server_mirror/lyra/Lyra-2/paper_collection_3d4d_reconstruction_2026_04_26/boardmix_mindmap/method_figures/2602.14199_paper.png,/Volumes/UBag/Documents/l40server_mirror/lyra/Lyra-2/paper_collection_3d4d_reconstruction_2026_04_26/pdfs/2026_Learnable_Multi_level_Discrete_Wavelet_Transforms_for_3D_Gaussian_Splatting_Frequency_Modu_2602.14199.pdf,,no_code_link_found,"Codex:3D-Reconstruction, Codex:3D4D-Reconstruction"
2602.13977,WoVR: World Models as Reliable Simulators for Post-Training VLA Policies with RL,2026-arxiv,SLAM/机器人/自动驾驶世界模型,生成/世界模型角度,提升可控生成/世界演化预测,SLAM / pose graph / online mapping pipeline,WoVR,WoVR 针对「提升可控生成/世界演化预测」，从「生成/世界模型角度」切入，主要采用「SLAM / pose graph / online mapping pipeline」来服务「SLAM/机器人/自动驾驶世界模型」。,/Volumes/UBag/Documents/l40server_mirror/lyra/Lyra-2/paper_collection_3d4d_reconstruction_2026_04_26/boardmix_mindmap/method_figures/2602.13977_WoVR.png,/Volumes/UBag/Documents/l40server_mirror/lyra/Lyra-2/paper_collection_3d4d_reconstruction_2026_04_26/pdfs/2026_WoVR_World_Models_as_Reliable_Simulators_for_Post_Training_VLA_Policies_with_RL_2602.13977.pdf,https://github.com/RLinf/RLinf,code_link_found_not_audited,"Codex:3D+4D-Evolution, Codex:3D4D-Reconstruction"
2602.14493,Gaussian Mesh Renderer for Lightweight Differentiable Rendering,2026-arxiv,实时/大规模/高效 3D 表示,表示/几何角度,提升几何一致性/表面质量,SDF/隐式表面/网格/点云,本文方法,本文方法 针对「提升几何一致性/表面质量」，从「表示/几何角度」切入，主要采用「SDF/隐式表面/网格/点云」来服务「实时/大规模/高效 3D 表示」。,/Volumes/UBag/Documents/l40server_mirror/lyra/Lyra-2/paper_collection_3d4d_reconstruction_2026_04_26/boardmix_mindmap/method_figures/2602.14493_paper.png,/Volumes/UBag/Documents/l40server_mirror/lyra/Lyra-2/paper_collection_3d4d_reconstruction_2026_04_26/pdfs/2026_Gaussian_Mesh_Renderer_for_Lightweight_Differentiable_Rendering_2602.14493.pdf,https://github.com/huntorochi/Gaussian-Mesh-Renderer,code_link_found_not_audited,"Codex:3D-Reconstruction, Codex:3D4D-Reconstruction"
2602.15733,MeshMimic: Geometry-Aware Humanoid Motion Learning through 3D Scene Reconstruction,2026-arxiv,动态场景与 4D 重建,时空/动态角度,提升几何一致性/表面质量,SDF/隐式表面/网格/点云,MeshMimic,MeshMimic 针对「提升几何一致性/表面质量」，从「时空/动态角度」切入，主要采用「SDF/隐式表面/网格/点云」来服务「动态场景与 4D 重建」。,/Volumes/UBag/Documents/l40server_mirror/lyra/Lyra-2/paper_collection_3d4d_reconstruction_2026_04_26/boardmix_mindmap/method_figures/2602.15733_MeshMimic.png,/Volumes/UBag/Documents/l40server_mirror/lyra/Lyra-2/paper_collection_3d4d_reconstruction_2026_04_26/pdfs/2026_MeshMimic_Geometry_Aware_Humanoid_Motion_Learning_through_3D_Scene_Reconstruction_2602.15733.pdf,,no_code_link_found,"Codex:3D-Reconstruction, Codex:3D4D-Reconstruction"
2602.15775,NeRFscopy: Neural Radiance Fields for in-vivo Time-Varying Tissues from Endoscopy,2026-arxiv,动态场景与 4D 重建,时空/动态角度,建模运动/形变/时间一致性,NeRF/辐射场/体渲染,NeRFscopy,NeRFscopy 针对「建模运动/形变/时间一致性」，从「时空/动态角度」切入，主要采用「NeRF/辐射场/体渲染」来服务「动态场景与 4D 重建」。,/Volumes/UBag/Documents/l40server_mirror/lyra/Lyra-2/paper_collection_3d4d_reconstruction_2026_04_26/boardmix_mindmap/method_figures/2602.15775_NeRFscopy.png,/Volumes/UBag/Documents/l40server_mirror/lyra/Lyra-2/paper_collection_3d4d_reconstruction_2026_04_26/pdfs/2026_NeRFscopy_Neural_Radiance_Fields_for_in_vivo_Time_Varying_Tissues_from_Endoscopy_2602.15775.pdf,,no_code_link_found,"Codex:3D-Reconstruction, Codex:3D4D-Reconstruction"
2602.15516,Semantic-Guided 3D Gaussian Splatting for Transient Object Removal,2026-arxiv,动态场景与 4D 重建,表示/几何角度,降低显存/存储/模型体积,Gaussian Splatting 表示与正则化,Semantic-Guided,Semantic-Guided 针对「降低显存/存储/模型体积」，从「表示/几何角度」切入，主要采用「Gaussian Splatting 表示与正则化」来服务「动态场景与 4D 重建」。,/Volumes/UBag/Documents/l40server_mirror/lyra/Lyra-2/paper_collection_3d4d_reconstruction_2026_04_26/boardmix_mindmap/method_figures/2602.15516_Semantic-Guided.png,/Volumes/UBag/Documents/l40server_mirror/lyra/Lyra-2/paper_collection_3d4d_reconstruction_2026_04_26/pdfs/2026_Semantic_Guided_3D_Gaussian_Splatting_for_Transient_Object_Removal_2602.15516.pdf,,no_code_link_found,"Codex:3D-Reconstruction, Codex:3D4D-Reconstruction"
2601.22615,TTSA3R: Training-Free Temporal-Spatial Adaptive Persistent State for Streaming 3D Reconstruction,2026-arxiv,动态场景与 4D 重建,时空/动态角度,建模运动/形变/时间一致性,SLAM / pose graph / online mapping pipeline,TTSA3R,TTSA3R 针对「建模运动/形变/时间一致性」，从「时空/动态角度」切入，主要采用「SLAM / pose graph / online mapping pipeline」来服务「动态场景与 4D 重建」。,/Volumes/UBag/Documents/l40server_mirror/lyra/Lyra-2/paper_collection_3d4d_reconstruction_2026_04_26/boardmix_mindmap/method_figures/2601.22615_TTSA3R.png,/Volumes/UBag/Documents/l40server_mirror/lyra/Lyra-2/paper_collection_3d4d_reconstruction_2026_04_26/pdfs/2026_TTSA3R_Training_Free_Temporal_Spatial_Adaptive_Persistent_State_for_Streaming_3D_Reconstru_2601.22615.pdf,https://github.com/anonus2357/ttsa3r,code_link_found_not_audited,"Codex:3D-Reconstruction, Codex:3D4D-Reconstruction"
2602.16675,Learning to unfold cloth: Scaling up world models to deformable object manipulation,2026-arxiv,SLAM/机器人/自动驾驶世界模型,时空/动态角度,提升泛化/跨场景/开放世界能力,SLAM / pose graph / online mapping pipeline,Learning to unfold cloth,Learning to unfold cloth 针对「提升泛化/跨场景/开放世界能力」，从「时空/动态角度」切入，主要采用「SLAM / pose graph / online mapping pipeline」来服务「SLAM/机器人/自动驾驶世界模型」。,/Volumes/UBag/Documents/l40server_mirror/lyra/Lyra-2/paper_collection_3d4d_reconstruction_2026_04_26/boardmix_mindmap/method_figures/2602.16675_Learning_to_unfold_cloth.png,/Volumes/UBag/Documents/l40server_mirror/lyra/Lyra-2/paper_collection_3d4d_reconstruction_2026_04_26/pdfs/2026_Learning_to_unfold_cloth_Scaling_up_world_models_to_deformable_object_manipulation_2602.16675.pdf,,no_code_link_found,"Codex:3D+4D-Evolution, Codex:3D4D-Reconstruction"
2602.07101,Zero-Shot UAV Navigation in Forests via Relightable 3D Gaussian Splatting,2026-arxiv,动态场景与 4D 重建,训练/监督角度,解决稀疏视角几何不稳定,Gaussian Splatting 表示与正则化,Zero-Shot,Zero-Shot 针对「解决稀疏视角几何不稳定」，从「训练/监督角度」切入，主要采用「Gaussian Splatting 表示与正则化」来服务「动态场景与 4D 重建」。,/Volumes/UBag/Documents/l40server_mirror/lyra/Lyra-2/paper_collection_3d4d_reconstruction_2026_04_26/boardmix_mindmap/method_figures/2602.07101_Zero-Shot.png,/Volumes/UBag/Documents/l40server_mirror/lyra/Lyra-2/paper_collection_3d4d_reconstruction_2026_04_26/pdfs/2026_Zero_Shot_UAV_Navigation_in_Forests_via_Relightable_3D_Gaussian_Splatting_2602.07101.pdf,,no_code_link_found,"Codex:3D-Reconstruction, Codex:3D4D-Reconstruction"
2602.17124,3D Scene Rendering with Multimodal Gaussian Splatting,2026-arxiv,SLAM/机器人/自动驾驶世界模型,表示/几何角度,解决稀疏视角几何不稳定,Gaussian Splatting 表示与正则化,本文方法,本文方法 针对「解决稀疏视角几何不稳定」，从「表示/几何角度」切入，主要采用「Gaussian Splatting 表示与正则化」来服务「SLAM/机器人/自动驾驶世界模型」。,/Volumes/UBag/Documents/l40server_mirror/lyra/Lyra-2/paper_collection_3d4d_reconstruction_2026_04_26/boardmix_mindmap/method_figures/2602.17124_paper.png,/Volumes/UBag/Documents/l40server_mirror/lyra/Lyra-2/paper_collection_3d4d_reconstruction_2026_04_26/pdfs/2026_3D_Scene_Rendering_with_Multimodal_Gaussian_Splatting_2602.17124.pdf,,no_code_link_found,"Codex:3D-Reconstruction, Codex:3D4D-Reconstruction"
2602.17473,4D Monocular Surgical Reconstruction under Arbitrary Camera Motions,2026-arxiv,动态场景与 4D 重建,表示/几何角度,解决稀疏视角几何不稳定,Motion decomposition / canonical space / deformation,本文方法,本文方法 针对「解决稀疏视角几何不稳定」，从「表示/几何角度」切入，主要采用「Motion decomposition / canonical space / deformation」来服务「动态场景与 4D 重建」。,/Volumes/UBag/Documents/l40server_mirror/lyra/Lyra-2/paper_collection_3d4d_reconstruction_2026_04_26/boardmix_mindmap/method_figures/2602.17473_paper.png,/Volumes/UBag/Documents/l40server_mirror/lyra/Lyra-2/paper_collection_3d4d_reconstruction_2026_04_26/pdfs/2026_4D_Monocular_Surgical_Reconstruction_under_Arbitrary_Camera_Motions_2602.17473.pdf,https://github.com/IRMVLab/Local-EndoGS,code_link_found_not_audited,"Codex:3D4D-Reconstruction, Codex:4D-Reconstruction"
2602.17117,i-PhysGaussian: Implicit Physical Simulation for 3D Gaussian Splatting,2026-arxiv,动态场景与 4D 重建,表示/几何角度,建模运动/形变/时间一致性,Gaussian Splatting 表示与正则化,i-PhysGaussian,i-PhysGaussian 针对「建模运动/形变/时间一致性」，从「表示/几何角度」切入，主要采用「Gaussian Splatting 表示与正则化」来服务「动态场景与 4D 重建」。,/Volumes/UBag/Documents/l40server_mirror/lyra/Lyra-2/paper_collection_3d4d_reconstruction_2026_04_26/boardmix_mindmap/method_figures/2602.17117_i-PhysGaussian.png,/Volumes/UBag/Documents/l40server_mirror/lyra/Lyra-2/paper_collection_3d4d_reconstruction_2026_04_26/pdfs/2026_i_PhysGaussian_Implicit_Physical_Simulation_for_3D_Gaussian_Splatting_2602.17117.pdf,,no_code_link_found,"Codex:3D-Reconstruction, Codex:3D4D-Reconstruction"
2602.17182,NRGS-SLAM: Monocular Non-Rigid SLAM for Endoscopy via Deformation-Aware 3D Gaussian Splatting,2026-arxiv,动态场景与 4D 重建,系统/在线部署角度,建模运动/形变/时间一致性,SLAM / pose graph / online mapping pipeline,NRGS-SLAM,NRGS-SLAM 针对「建模运动/形变/时间一致性」，从「系统/在线部署角度」切入，主要采用「SLAM / pose graph / online mapping pipeline」来服务「动态场景与 4D 重建」。,/Volumes/UBag/Documents/l40server_mirror/lyra/Lyra-2/paper_collection_3d4d_reconstruction_2026_04_26/boardmix_mindmap/method_figures/2602.17182_NRGS-SLAM.png,/Volumes/UBag/Documents/l40server_mirror/lyra/Lyra-2/paper_collection_3d4d_reconstruction_2026_04_26/pdfs/2026_NRGS_SLAM_Monocular_Non_Rigid_SLAM_for_Endoscopy_via_Deformation_Aware_3D_Gaussian_Splatti_2602.17182.pdf,,no_code_link_found,"Codex:3D-Reconstruction, Codex:3D4D-Reconstruction"
2602.15899,SceneVGGT: VGGT-based online 3D semantic SLAM for indoor scene understanding and navigation,2026-arxiv,动态场景与 4D 重建,计算角度,接入 SLAM/机器人闭环系统,SLAM / pose graph / online mapping pipeline,SceneVGGT,SceneVGGT 针对「接入 SLAM/机器人闭环系统」，从「计算角度」切入，主要采用「SLAM / pose graph / online mapping pipeline」来服务「动态场景与 4D 重建」。,/Volumes/UBag/Documents/l40server_mirror/lyra/Lyra-2/paper_collection_3d4d_reconstruction_2026_04_26/boardmix_mindmap/method_figures/2602.15899_SceneVGGT.png,/Volumes/UBag/Documents/l40server_mirror/lyra/Lyra-2/paper_collection_3d4d_reconstruction_2026_04_26/pdfs/2026_SceneVGGT_VGGT_based_online_3D_semantic_SLAM_for_indoor_scene_understanding_and_navigation_2602.15899.pdf,https://github.com/HBVC-AI/SceneVGGT/,code_link_found_not_audited,"Codex:3D-Reconstruction, Codex:3D4D-Reconstruction"
2602.18314,Diff2DGS: Reliable Reconstruction of Occluded Surgical Scenes via 2D Gaussian Splatting,2026-arxiv,动态场景与 4D 重建,时空/动态角度,建模运动/形变/时间一致性,Motion decomposition / canonical space / deformation,Diff2DGS,Diff2DGS 针对「建模运动/形变/时间一致性」，从「时空/动态角度」切入，主要采用「Motion decomposition / canonical space / deformation」来服务「动态场景与 4D 重建」。,/Volumes/UBag/Documents/l40server_mirror/lyra/Lyra-2/paper_collection_3d4d_reconstruction_2026_04_26/boardmix_mindmap/method_figures/2602.18314_Diff2DGS.png,/Volumes/UBag/Documents/l40server_mirror/lyra/Lyra-2/paper_collection_3d4d_reconstruction_2026_04_26/pdfs/2026_Diff2DGS_Reliable_Reconstruction_of_Occluded_Surgical_Scenes_via_2D_Gaussian_Splatting_2602.18314.pdf,,no_code_link_found,"Codex:3D-Reconstruction, Codex:3D4D-Reconstruction"
2602.18422,Generated Reality: Human-centric World Simulation using Interactive Video Generation with Hand and Camera Control,2026-arxiv,生成式 3D/4D 内容与仿真,生成/世界模型角度,提升可控生成/世界演化预测,Diffusion/生成先验/视频模型,Generated Reality,Generated Reality 针对「提升可控生成/世界演化预测」，从「生成/世界模型角度」切入，主要采用「Diffusion/生成先验/视频模型」来服务「生成式 3D/4D 内容与仿真」。,/Volumes/UBag/Documents/l40server_mirror/lyra/Lyra-2/paper_collection_3d4d_reconstruction_2026_04_26/boardmix_mindmap/method_figures/2602.18422_Generated_Reality.png,/Volumes/UBag/Documents/l40server_mirror/lyra/Lyra-2/paper_collection_3d4d_reconstruction_2026_04_26/pdfs/2026_Generated_Reality_Human_centric_World_Simulation_using_Interactive_Video_Generation_with_H_2602.18422.pdf,https://github.com/,code_link_found_not_audited,"Codex:3D+4D-Evolution, Codex:3D4D-Reconstruction"
2602.18322,Unifying Color and Lightness Correction with View-Adaptive Curve Adjustment for Robust 3D Novel View Synthesis,2026-arxiv,稀疏/单目/少视角 3D 重建,表示/几何角度,解决稀疏视角几何不稳定,NeRF/辐射场/体渲染,View-Adaptive,View-Adaptive 针对「解决稀疏视角几何不稳定」，从「表示/几何角度」切入，主要采用「NeRF/辐射场/体渲染」来服务「稀疏/单目/少视角 3D 重建」。,/Volumes/UBag/Documents/l40server_mirror/lyra/Lyra-2/paper_collection_3d4d_reconstruction_2026_04_26/boardmix_mindmap/method_figures/2602.18322_View-Adaptive.png,/Volumes/UBag/Documents/l40server_mirror/lyra/Lyra-2/paper_collection_3d4d_reconstruction_2026_04_26/pdfs/2026_Unifying_Color_and_Lightness_Correction_with_View_Adaptive_Curve_Adjustment_for_Robust_3D_2602.18322.pdf,,no_code_link_found,"Codex:3D-Reconstruction, Codex:3D4D-Reconstruction"
2602.02089,UrbanGS: A Scalable and Efficient Architecture for Geometrically Accurate Large-Scene Reconstruction,2026-arxiv,实时/大规模/高效 3D 表示,表示/几何角度,提升几何一致性/表面质量,Gaussian Splatting 表示与正则化,UrbanGS,UrbanGS 针对「提升几何一致性/表面质量」，从「表示/几何角度」切入，主要采用「Gaussian Splatting 表示与正则化」来服务「实时/大规模/高效 3D 表示」。,/Volumes/UBag/Documents/l40server_mirror/lyra/Lyra-2/paper_collection_3d4d_reconstruction_2026_04_26/boardmix_mindmap/method_figures/2602.02089_UrbanGS.png,/Volumes/UBag/Documents/l40server_mirror/lyra/Lyra-2/paper_collection_3d4d_reconstruction_2026_04_26/pdfs/2026_UrbanGS_A_Scalable_and_Efficient_Architecture_for_Geometrically_Accurate_Large_Scene_Recon_2602.02089.pdf,,no_code_link_found,"Codex:3D-Reconstruction, Codex:3D4D-Reconstruction"
2602.07854,Geometry-Aware Rotary Position Embedding for Consistent Video World Model,2026-arxiv,动态场景与 4D 重建,时空/动态角度,降低显存/存储/模型体积,SLAM / pose graph / online mapping pipeline,Geometry-Aware,Geometry-Aware 针对「降低显存/存储/模型体积」，从「时空/动态角度」切入，主要采用「SLAM / pose graph / online mapping pipeline」来服务「动态场景与 4D 重建」。,/Volumes/UBag/Documents/l40server_mirror/lyra/Lyra-2/paper_collection_3d4d_reconstruction_2026_04_26/boardmix_mindmap/method_figures/2602.07854_Geometry-Aware.png,/Volumes/UBag/Documents/l40server_mirror/lyra/Lyra-2/paper_collection_3d4d_reconstruction_2026_04_26/pdfs/2026_Geometry_Aware_Rotary_Position_Embedding_for_Consistent_Video_World_Model_2602.07854.pdf,,no_code_link_found,"Codex:3D+4D-Evolution, Codex:3D4D-Reconstruction"
2602.18886,PhysConvex: Physics-Informed 3D Dynamic Convex Radiance Fields for Reconstruction and Simulation,2026-arxiv,动态场景与 4D 重建,表示/几何角度,提升几何一致性/表面质量,NeRF/辐射场/体渲染,PhysConvex,PhysConvex 针对「提升几何一致性/表面质量」，从「表示/几何角度」切入，主要采用「NeRF/辐射场/体渲染」来服务「动态场景与 4D 重建」。,/Volumes/UBag/Documents/l40server_mirror/lyra/Lyra-2/paper_collection_3d4d_reconstruction_2026_04_26/boardmix_mindmap/method_figures/2602.18886_PhysConvex.png,/Volumes/UBag/Documents/l40server_mirror/lyra/Lyra-2/paper_collection_3d4d_reconstruction_2026_04_26/pdfs/2026_PhysConvex_Physics_Informed_3D_Dynamic_Convex_Radiance_Fields_for_Reconstruction_and_Simul_2602.18886.pdf,,no_code_link_found,"Codex:3D-Reconstruction, Codex:3D4D-Reconstruction"
2602.19323,DefenseSplat: Enhancing the Robustness of 3D Gaussian Splatting via Frequency-Aware Filtering,2026-arxiv,实时/大规模/高效 3D 表示,训练/监督角度,降低显存/存储/模型体积,Gaussian Splatting 表示与正则化,DefenseSplat,DefenseSplat 针对「降低显存/存储/模型体积」，从「训练/监督角度」切入，主要采用「Gaussian Splatting 表示与正则化」来服务「实时/大规模/高效 3D 表示」。,/Volumes/UBag/Documents/l40server_mirror/lyra/Lyra-2/paper_collection_3d4d_reconstruction_2026_04_26/boardmix_mindmap/method_figures/2602.19323_DefenseSplat.png,/Volumes/UBag/Documents/l40server_mirror/lyra/Lyra-2/paper_collection_3d4d_reconstruction_2026_04_26/pdfs/2026_DefenseSplat_Enhancing_the_Robustness_of_3D_Gaussian_Splatting_via_Frequency_Aware_Filteri_2602.19323.pdf,,no_code_link_found,"Codex:3D-Reconstruction, Codex:3D4D-Reconstruction"
2602.19916,Augmented Radiance Field: A General Framework for Enhanced Gaussian Splatting,2026-arxiv,实时/大规模/高效 3D 表示,表示/几何角度,解决稀疏视角几何不稳定,NeRF/辐射场/体渲染,Augmented Radiance Field,Augmented Radiance Field 针对「解决稀疏视角几何不稳定」，从「表示/几何角度」切入，主要采用「NeRF/辐射场/体渲染」来服务「实时/大规模/高效 3D 表示」。,/Volumes/UBag/Documents/l40server_mirror/lyra/Lyra-2/paper_collection_3d4d_reconstruction_2026_04_26/boardmix_mindmap/method_figures/2602.19916_Augmented_Radiance_Field.png,/Volumes/UBag/Documents/l40server_mirror/lyra/Lyra-2/paper_collection_3d4d_reconstruction_2026_04_26/pdfs/2026_Augmented_Radiance_Field_A_General_Framework_for_Enhanced_Gaussian_Splatting_2602.19916.pdf,,no_code_link_found,"Codex:3D-Reconstruction, Codex:3D4D-Reconstruction"
2602.19697,BayesFusion-SDF: Probabilistic Signed Distance Fusion with View Planning on CPU,2026-arxiv,多视角几何/表面/场景重建,表示/几何角度,提升几何一致性/表面质量,SLAM / pose graph / online mapping pipeline,BayesFusion-SDF,BayesFusion-SDF 针对「提升几何一致性/表面质量」，从「表示/几何角度」切入，主要采用「SLAM / pose graph / online mapping pipeline」来服务「多视角几何/表面/场景重建」。,/Volumes/UBag/Documents/l40server_mirror/lyra/Lyra-2/paper_collection_3d4d_reconstruction_2026_04_26/boardmix_mindmap/method_figures/2602.19697_BayesFusion-SDF.png,/Volumes/UBag/Documents/l40server_mirror/lyra/Lyra-2/paper_collection_3d4d_reconstruction_2026_04_26/pdfs/2026_BayesFusion_SDF_Probabilistic_Signed_Distance_Fusion_with_View_Planning_on_CPU_2602.19697.pdf,https://github.com/mazumdarsoumya/BayesFusionSDF/edit/main/README.md,code_link_found_not_audited,"Codex:3D-Reconstruction, Codex:3D4D-Reconstruction"
2602.20342,Large-scale Photorealistic Outdoor 3D Scene Reconstruction from UAV Imagery Using Gaussian Splatting Techniques,2026-arxiv,实时/大规模/高效 3D 表示,计算角度,减少优化/采样/渲染步骤,Gaussian Splatting 表示与正则化,UAV,UAV 针对「减少优化/采样/渲染步骤」，从「计算角度」切入，主要采用「Gaussian Splatting 表示与正则化」来服务「实时/大规模/高效 3D 表示」。,/Volumes/UBag/Documents/l40server_mirror/lyra/Lyra-2/paper_collection_3d4d_reconstruction_2026_04_26/boardmix_mindmap/method_figures/2602.20342_UAV.png,/Volumes/UBag/Documents/l40server_mirror/lyra/Lyra-2/paper_collection_3d4d_reconstruction_2026_04_26/pdfs/2026_Large_scale_Photorealistic_Outdoor_3D_Scene_Reconstruction_from_UAV_Imagery_Using_Gaussian_2602.20342.pdf,,no_code_link_found,"Codex:3D-Reconstruction, Codex:3D4D-Reconstruction"
2602.19896,Monocular Mesh Recovery and Body Measurement of Female Saanen Goats,2026-arxiv,多视角几何/表面/场景重建,表示/几何角度,提升几何一致性/表面质量,SDF/隐式表面/网格/点云,本文方法,本文方法 针对「提升几何一致性/表面质量」，从「表示/几何角度」切入，主要采用「SDF/隐式表面/网格/点云」来服务「多视角几何/表面/场景重建」。,/Volumes/UBag/Documents/l40server_mirror/lyra/Lyra-2/paper_collection_3d4d_reconstruction_2026_04_26/boardmix_mindmap/method_figures/2602.19896_paper.png,/Volumes/UBag/Documents/l40server_mirror/lyra/Lyra-2/paper_collection_3d4d_reconstruction_2026_04_26/pdfs/2026_Monocular_Mesh_Recovery_and_Body_Measurement_of_Female_Saanen_Goats_2602.19896.pdf,,no_code_link_found,"Codex:3D-Reconstruction, Codex:3D4D-Reconstruction"
2602.19753,RAP: Fast Feedforward Rendering-Free Attribute-Guided Primitive Importance Score Prediction for Efficient 3D Gaussian Splatting Processing,2026-arxiv,实时/大规模/高效 3D 表示,内存/存储角度,降低显存/存储/模型体积,Pruning / compression / progressive coding,RAP,RAP 针对「降低显存/存储/模型体积」，从「内存/存储角度」切入，主要采用「Pruning / compression / progressive coding」来服务「实时/大规模/高效 3D 表示」。,/Volumes/UBag/Documents/l40server_mirror/lyra/Lyra-2/paper_collection_3d4d_reconstruction_2026_04_26/boardmix_mindmap/method_figures/2602.19753_RAP.png,/Volumes/UBag/Documents/l40server_mirror/lyra/Lyra-2/paper_collection_3d4d_reconstruction_2026_04_26/pdfs/2026_RAP_Fast_Feedforward_Rendering_Free_Attribute_Guided_Primitive_Importance_Score_Prediction_2602.19753.pdf,https://github.com/yyyykf/RAP,code_link_found_not_audited,"Codex:3D-Reconstruction, Codex:3D4D-Reconstruction"
2602.20079,SemanticNVS: Improving Semantic Scene Understanding in Generative Novel View Synthesis,2026-arxiv,生成式 3D/4D 内容与仿真,训练/监督角度,建模运动/形变/时间一致性,Diffusion/生成先验/视频模型,SemanticNVS,SemanticNVS 针对「建模运动/形变/时间一致性」，从「训练/监督角度」切入，主要采用「Diffusion/生成先验/视频模型」来服务「生成式 3D/4D 内容与仿真」。,/Volumes/UBag/Documents/l40server_mirror/lyra/Lyra-2/paper_collection_3d4d_reconstruction_2026_04_26/boardmix_mindmap/method_figures/2602.20079_SemanticNVS.png,/Volumes/UBag/Documents/l40server_mirror/lyra/Lyra-2/paper_collection_3d4d_reconstruction_2026_04_26/pdfs/2026_SemanticNVS_Improving_Semantic_Scene_Understanding_in_Generative_Novel_View_Synthesis_2602.20079.pdf,https://github.com/XinyaChen21/SemanticNVS,code_link_found_not_audited,"Codex:3D-Reconstruction, Codex:3D4D-Reconstruction"
2602.19735,VGGT-MPR: VGGT-Enhanced Multimodal Place Recognition in Autonomous Driving Environments,2026-arxiv,实时/大规模/高效 3D 表示,训练/监督角度,解决稀疏视角几何不稳定,SLAM / pose graph / online mapping pipeline,VGGT-MPR,VGGT-MPR 针对「解决稀疏视角几何不稳定」，从「训练/监督角度」切入，主要采用「SLAM / pose graph / online mapping pipeline」来服务「实时/大规模/高效 3D 表示」。,/Volumes/UBag/Documents/l40server_mirror/lyra/Lyra-2/paper_collection_3d4d_reconstruction_2026_04_26/boardmix_mindmap/method_figures/2602.19735_VGGT-MPR.png,/Volumes/UBag/Documents/l40server_mirror/lyra/Lyra-2/paper_collection_3d4d_reconstruction_2026_04_26/pdfs/2026_VGGT_MPR_VGGT_Enhanced_Multimodal_Place_Recognition_in_Autonomous_Driving_Environments_2602.19735.pdf,,no_code_link_found,"Codex:3D-Reconstruction, Codex:3D4D-Reconstruction"
2602.20933,Dropping Anchor and Spherical Harmonics for Sparse-view Gaussian Splatting,2026-arxiv,实时/大规模/高效 3D 表示,内存/存储角度,解决稀疏视角几何不稳定,Gaussian Splatting 表示与正则化,本文方法,本文方法 针对「解决稀疏视角几何不稳定」，从「内存/存储角度」切入，主要采用「Gaussian Splatting 表示与正则化」来服务「实时/大规模/高效 3D 表示」。,/Volumes/UBag/Documents/l40server_mirror/lyra/Lyra-2/paper_collection_3d4d_reconstruction_2026_04_26/boardmix_mindmap/method_figures/2602.20933_paper.png,/Volumes/UBag/Documents/l40server_mirror/lyra/Lyra-2/paper_collection_3d4d_reconstruction_2026_04_26/pdfs/2026_Dropping_Anchor_and_Spherical_Harmonics_for_Sparse_view_Gaussian_Splatting_2602.20933.pdf,,no_code_link_found,"Codex:3D-Reconstruction, Codex:3D4D-Reconstruction"
2602.20584,Long-Term Multi-Session 3D Reconstruction Under Substantial Appearance Change,2026-arxiv,动态场景与 4D 重建,时空/动态角度,建模运动/形变/时间一致性,Motion decomposition / canonical space / deformation,Long-Term,Long-Term 针对「建模运动/形变/时间一致性」，从「时空/动态角度」切入，主要采用「Motion decomposition / canonical space / deformation」来服务「动态场景与 4D 重建」。,/Volumes/UBag/Documents/l40server_mirror/lyra/Lyra-2/paper_collection_3d4d_reconstruction_2026_04_26/boardmix_mindmap/method_figures/2602.20584_Long-Term.png,/Volumes/UBag/Documents/l40server_mirror/lyra/Lyra-2/paper_collection_3d4d_reconstruction_2026_04_26/pdfs/2026_Long_Term_Multi_Session_3D_Reconstruction_Under_Substantial_Appearance_Change_2602.20584.pdf,,no_code_link_found,"Codex:3D-Reconstruction, Codex:3D4D-Reconstruction"
2602.20718,Monocular Endoscopic Tissue 3D Reconstruction with Multi-Level Geometry Regularization,2026-arxiv,多视角几何/表面/场景重建,表示/几何角度,提升几何一致性/表面质量,SDF/隐式表面/网格/点云,Multi-Level,Multi-Level 针对「提升几何一致性/表面质量」，从「表示/几何角度」切入，主要采用「SDF/隐式表面/网格/点云」来服务「多视角几何/表面/场景重建」。,/Volumes/UBag/Documents/l40server_mirror/lyra/Lyra-2/paper_collection_3d4d_reconstruction_2026_04_26/boardmix_mindmap/method_figures/2602.20718_Multi-Level.png,/Volumes/UBag/Documents/l40server_mirror/lyra/Lyra-2/paper_collection_3d4d_reconstruction_2026_04_26/pdfs/2026_Monocular_Endoscopic_Tissue_3D_Reconstruction_with_Multi_Level_Geometry_Regularization_2602.20718.pdf,,no_code_link_found,"Codex:3D-Reconstruction, Codex:3D4D-Reconstruction"
2602.20807,RU4D-SLAM: Reweighting Uncertainty in Gaussian Splatting SLAM for 4D Scene Reconstruction,2026-arxiv,动态场景与 4D 重建,时空/动态角度,建模运动/形变/时间一致性,SLAM / pose graph / online mapping pipeline,RU4D-SLAM,RU4D-SLAM 针对「建模运动/形变/时间一致性」，从「时空/动态角度」切入，主要采用「SLAM / pose graph / online mapping pipeline」来服务「动态场景与 4D 重建」。,/Volumes/UBag/Documents/l40server_mirror/lyra/Lyra-2/paper_collection_3d4d_reconstruction_2026_04_26/boardmix_mindmap/method_figures/2602.20807_RU4D-SLAM.png,/Volumes/UBag/Documents/l40server_mirror/lyra/Lyra-2/paper_collection_3d4d_reconstruction_2026_04_26/pdfs/2026_RU4D_SLAM_Reweighting_Uncertainty_in_Gaussian_Splatting_SLAM_for_4D_Scene_Reconstruction_2602.20807.pdf,https://github.com/CNU-Bot-Group/ru4dslam,code_link_found_not_audited,"Codex:3D-Reconstruction, Codex:3D4D-Reconstruction, Codex:4D-Reconstruction"
2602.21341,Scaling View Synthesis Transformers,2026-arxiv,稀疏/单目/少视角 3D 重建,训练/监督角度,提升泛化/跨场景/开放世界能力,Feed-forward / Transformer / Foundation Model,Scaling View Synthesis Transformers,Scaling View Synthesis Transformers 针对「提升泛化/跨场景/开放世界能力」，从「训练/监督角度」切入，主要采用「Feed-forward / Transformer / Foundation Model」来服务「稀疏/单目/少视角 3D 重建」。,/Volumes/UBag/Documents/l40server_mirror/lyra/Lyra-2/paper_collection_3d4d_reconstruction_2026_04_26/boardmix_mindmap/method_figures/2602.21341_Scaling_View_Synthesis_Transformers.png,/Volumes/UBag/Documents/l40server_mirror/lyra/Lyra-2/paper_collection_3d4d_reconstruction_2026_04_26/pdfs/2026_Scaling_View_Synthesis_Transformers_2602.21341.pdf,,no_code_link_found,"Codex:3D-Reconstruction, Codex:3D4D-Reconstruction"
2602.13314,Sim2Radar: Toward Bridging the Radar Sim-to-Real Gap with VLM-Guided Scene Reconstruction,2026-arxiv,稀疏/单目/少视角 3D 重建,训练/监督角度,解决稀疏视角几何不稳定,组合式/混合 pipeline,Sim2Radar,Sim2Radar 针对「解决稀疏视角几何不稳定」，从「训练/监督角度」切入，主要采用「组合式/混合 pipeline」来服务「稀疏/单目/少视角 3D 重建」。,/Volumes/UBag/Documents/l40server_mirror/lyra/Lyra-2/paper_collection_3d4d_reconstruction_2026_04_26/boardmix_mindmap/method_figures/2602.13314_Sim2Radar.png,/Volumes/UBag/Documents/l40server_mirror/lyra/Lyra-2/paper_collection_3d4d_reconstruction_2026_04_26/pdfs/2026_Sim2Radar_Toward_Bridging_the_Radar_Sim_to_Real_Gap_with_VLM_Guided_Scene_Reconstruction_2602.13314.pdf,,code_link_found_not_audited,"Codex:3D-Reconstruction, Codex:3D4D-Reconstruction"
2602.22376,AeroDGS: Physically Consistent Dynamic Gaussian Splatting for Single-Sequence Aerial 4D Reconstruction,2026-arxiv,动态场景与 4D 重建,时空/动态角度,建模运动/形变/时间一致性,Motion decomposition / canonical space / deformation,AeroDGS,AeroDGS 针对「建模运动/形变/时间一致性」，从「时空/动态角度」切入，主要采用「Motion decomposition / canonical space / deformation」来服务「动态场景与 4D 重建」。,/Volumes/UBag/Documents/l40server_mirror/lyra/Lyra-2/paper_collection_3d4d_reconstruction_2026_04_26/boardmix_mindmap/method_figures/2602.22376_AeroDGS.png,/Volumes/UBag/Documents/l40server_mirror/lyra/Lyra-2/paper_collection_3d4d_reconstruction_2026_04_26/pdfs/2026_AeroDGS_Physically_Consistent_Dynamic_Gaussian_Splatting_for_Single_Sequence_Aerial_4D_Rec_2602.22376.pdf,,no_code_link_found,"Codex:3D-Reconstruction, Codex:3D4D-Reconstruction, Codex:4D-Reconstruction"
2602.21467,Geometric Priors for Generalizable World Models via Vector Symbolic Architecture,2026-arxiv,动态场景与 4D 重建,训练/监督角度,提升可控生成/世界演化预测,Feed-forward / Transformer / Foundation Model,本文方法,本文方法 针对「提升可控生成/世界演化预测」，从「训练/监督角度」切入，主要采用「Feed-forward / Transformer / Foundation Model」来服务「动态场景与 4D 重建」。,/Volumes/UBag/Documents/l40server_mirror/lyra/Lyra-2/paper_collection_3d4d_reconstruction_2026_04_26/boardmix_mindmap/method_figures/2602.21467_paper.png,/Volumes/UBag/Documents/l40server_mirror/lyra/Lyra-2/paper_collection_3d4d_reconstruction_2026_04_26/pdfs/2026_Geometric_Priors_for_Generalizable_World_Models_via_Vector_Symbolic_Architecture_2602.21467.pdf,,no_code_link_found,"Codex:3D+4D-Evolution, Codex:3D4D-Reconstruction"
2602.21929,Geometry-as-context: Modulating Explicit 3D in Scene-consistent Video Generation to Geometry Context,2026-arxiv,生成式 3D/4D 内容与仿真,训练/监督角度,提升几何一致性/表面质量,SLAM / pose graph / online mapping pipeline,Geometry-as-context,Geometry-as-context 针对「提升几何一致性/表面质量」，从「训练/监督角度」切入，主要采用「SLAM / pose graph / online mapping pipeline」来服务「生成式 3D/4D 内容与仿真」。,/Volumes/UBag/Documents/l40server_mirror/lyra/Lyra-2/paper_collection_3d4d_reconstruction_2026_04_26/boardmix_mindmap/method_figures/2602.21929_Geometry-as-context.png,/Volumes/UBag/Documents/l40server_mirror/lyra/Lyra-2/paper_collection_3d4d_reconstruction_2026_04_26/pdfs/2026_Geometry_as_context_Modulating_Explicit_3D_in_Scene_consistent_Video_Generation_to_Geometr_2602.21929.pdf,https://github.com/black-forest-labs/flux,code_link_found_not_audited,"Codex:3D-Reconstruction, Codex:3D4D-Reconstruction"
2602.21535,Pseudo-View Enhancement via Confidence Fusion for Unposed Sparse-View Reconstruction,2026-arxiv,稀疏/单目/少视角 3D 重建,表示/几何角度,解决稀疏视角几何不稳定,SLAM / pose graph / online mapping pipeline,Pseudo-View,Pseudo-View 针对「解决稀疏视角几何不稳定」，从「表示/几何角度」切入，主要采用「SLAM / pose graph / online mapping pipeline」来服务「稀疏/单目/少视角 3D 重建」。,/Volumes/UBag/Documents/l40server_mirror/lyra/Lyra-2/paper_collection_3d4d_reconstruction_2026_04_26/boardmix_mindmap/method_figures/2602.21535_Pseudo-View.png,/Volumes/UBag/Documents/l40server_mirror/lyra/Lyra-2/paper_collection_3d4d_reconstruction_2026_04_26/pdfs/2026_Pseudo_View_Enhancement_via_Confidence_Fusion_for_Unposed_Sparse_View_Reconstruction_2602.21535.pdf,,no_code_link_found,"Codex:3D-Reconstruction, Codex:3D4D-Reconstruction"
2602.21699,SF3D-RGB: Scene Flow Estimation from Monocular Camera and Sparse LiDAR,2026-arxiv,动态场景与 4D 重建,时空/动态角度,解决稀疏视角几何不稳定,SLAM / pose graph / online mapping pipeline,SF3D-RGB,SF3D-RGB 针对「解决稀疏视角几何不稳定」，从「时空/动态角度」切入，主要采用「SLAM / pose graph / online mapping pipeline」来服务「动态场景与 4D 重建」。,/Volumes/UBag/Documents/l40server_mirror/lyra/Lyra-2/paper_collection_3d4d_reconstruction_2026_04_26/boardmix_mindmap/method_figures/2602.21699_SF3D-RGB.png,/Volumes/UBag/Documents/l40server_mirror/lyra/Lyra-2/paper_collection_3d4d_reconstruction_2026_04_26/pdfs/2026_SF3D_RGB_Scene_Flow_Estimation_from_Monocular_Camera_and_Sparse_LiDAR_2602.21699.pdf,https://github.com/dfki-av/DeepLiDARFlow,code_link_found_not_audited,"Codex:3D4D-Reconstruction, Codex:4D-Reconstruction"
2602.22096,WeatherCity: Urban Scene Reconstruction with Controllable Multi-Weather Transformation,2026-arxiv,动态场景与 4D 重建,时空/动态角度,建模运动/形变/时间一致性,SLAM / pose graph / online mapping pipeline,WeatherCity,WeatherCity 针对「建模运动/形变/时间一致性」，从「时空/动态角度」切入，主要采用「SLAM / pose graph / online mapping pipeline」来服务「动态场景与 4D 重建」。,/Volumes/UBag/Documents/l40server_mirror/lyra/Lyra-2/paper_collection_3d4d_reconstruction_2026_04_26/boardmix_mindmap/method_figures/2602.22096_WeatherCity.png,/Volumes/UBag/Documents/l40server_mirror/lyra/Lyra-2/paper_collection_3d4d_reconstruction_2026_04_26/pdfs/2026_WeatherCity_Urban_Scene_Reconstruction_with_Controllable_Multi_Weather_Transformation_2602.22096.pdf,,no_code_link_found,"Codex:3D-Reconstruction, Codex:3D4D-Reconstruction"
2602.22596,BetterScene: 3D Scene Synthesis with Representation-Aligned Generative Model,2026-arxiv,稀疏/单目/少视角 3D 重建,训练/监督角度,提升几何一致性/表面质量,Gaussian Splatting 表示与正则化,BetterScene,BetterScene 针对「提升几何一致性/表面质量」，从「训练/监督角度」切入，主要采用「Gaussian Splatting 表示与正则化」来服务「稀疏/单目/少视角 3D 重建」。,/Volumes/UBag/Documents/l40server_mirror/lyra/Lyra-2/paper_collection_3d4d_reconstruction_2026_04_26/boardmix_mindmap/method_figures/2602.22596_BetterScene.png,/Volumes/UBag/Documents/l40server_mirror/lyra/Lyra-2/paper_collection_3d4d_reconstruction_2026_04_26/pdfs/2026_BetterScene_3D_Scene_Synthesis_with_Representation_Aligned_Generative_Model_2602.22596.pdf,,no_code_link_found,"Codex:3D-Reconstruction, Codex:3D4D-Reconstruction"
2602.21101,Event-Aided Sharp Radiance Field Reconstruction for Fast-Flying Drones,2026-arxiv,动态场景与 4D 重建,训练/监督角度,建模运动/形变/时间一致性,NeRF/辐射场/体渲染,Event-Aided,Event-Aided 针对「建模运动/形变/时间一致性」，从「训练/监督角度」切入，主要采用「NeRF/辐射场/体渲染」来服务「动态场景与 4D 重建」。,/Volumes/UBag/Documents/l40server_mirror/lyra/Lyra-2/paper_collection_3d4d_reconstruction_2026_04_26/boardmix_mindmap/method_figures/2602.21101_Event-Aided.png,/Volumes/UBag/Documents/l40server_mirror/lyra/Lyra-2/paper_collection_3d4d_reconstruction_2026_04_26/pdfs/2026_Event_Aided_Sharp_Radiance_Field_Reconstruction_for_Fast_Flying_Drones_2602.21101.pdf,https://github.com/uzh-rpg/event-sharp-nerf-drones,code_link_found_not_audited,"Codex:3D-Reconstruction, Codex:3D4D-Reconstruction"
2602.23058,GeoWorld: Geometric World Models,2026-arxiv,SLAM/机器人/自动驾驶世界模型,生成/世界模型角度,提升可控生成/世界演化预测,Diffusion/生成先验/视频模型,GeoWorld,GeoWorld 针对「提升可控生成/世界演化预测」，从「生成/世界模型角度」切入，主要采用「Diffusion/生成先验/视频模型」来服务「SLAM/机器人/自动驾驶世界模型」。,/Volumes/UBag/Documents/l40server_mirror/lyra/Lyra-2/paper_collection_3d4d_reconstruction_2026_04_26/boardmix_mindmap/method_figures/2602.23058_GeoWorld.png,/Volumes/UBag/Documents/l40server_mirror/lyra/Lyra-2/paper_collection_3d4d_reconstruction_2026_04_26/pdfs/2026_GeoWorld_Geometric_World_Models_2602.23058.pdf,https://github.com/steve-zeyu-zhang/FlashMo,code_link_found_not_audited,"Codex:3D+4D-Evolution, Codex:3D4D-Reconstruction"
2602.22571,GIFSplat: Generative Prior-Guided Iterative Feed-Forward 3D Gaussian Splatting from Sparse Views,2026-arxiv,稀疏/单目/少视角 3D 重建,训练/监督角度,降低显存/存储/模型体积,Gaussian Splatting 表示与正则化,GIFSplat,GIFSplat 针对「降低显存/存储/模型体积」，从「训练/监督角度」切入，主要采用「Gaussian Splatting 表示与正则化」来服务「稀疏/单目/少视角 3D 重建」。,/Volumes/UBag/Documents/l40server_mirror/lyra/Lyra-2/paper_collection_3d4d_reconstruction_2026_04_26/boardmix_mindmap/method_figures/2602.22571_GIFSplat.png,/Volumes/UBag/Documents/l40server_mirror/lyra/Lyra-2/paper_collection_3d4d_reconstruction_2026_04_26/pdfs/2026_GIFSplat_Generative_Prior_Guided_Iterative_Feed_Forward_3D_Gaussian_Splatting_from_Sparse_2602.22571.pdf,,no_code_link_found,"Codex:3D-Reconstruction, Codex:3D4D-Reconstruction"
2602.23206,"Grasp, Slide, Roll: Comparative Analysis of Contact Modes for Tactile-Based Shape Reconstruction",2026-arxiv,实时/大规模/高效 3D 表示,计算角度,减少优化/采样/渲染步骤,Sensor/domain-specific pipeline,"Grasp, Slide, Roll","Grasp, Slide, Roll 针对「减少优化/采样/渲染步骤」，从「计算角度」切入，主要采用「Sensor/domain-specific pipeline」来服务「实时/大规模/高效 3D 表示」。",/Volumes/UBag/Documents/l40server_mirror/lyra/Lyra-2/paper_collection_3d4d_reconstruction_2026_04_26/boardmix_mindmap/method_figures/2602.23206_Grasp_Slide_Roll.png,/Volumes/UBag/Documents/l40server_mirror/lyra/Lyra-2/paper_collection_3d4d_reconstruction_2026_04_26/pdfs/2026_Grasp_Slide_Roll_Comparative_Analysis_of_Contact_Modes_for_Tactile_Based_Shape_Reconstruct_2602.23206.pdf,,no_code_link_found,"Codex:3D-Reconstruction, Codex:3D4D-Reconstruction"
2602.22800,GSTurb: Gaussian Splatting for Atmospheric Turbulence Mitigation,2026-arxiv,动态场景与 4D 重建,表示/几何角度,降低显存/存储/模型体积,Gaussian Splatting 表示与正则化,GSTurb,GSTurb 针对「降低显存/存储/模型体积」，从「表示/几何角度」切入，主要采用「Gaussian Splatting 表示与正则化」来服务「动态场景与 4D 重建」。,/Volumes/UBag/Documents/l40server_mirror/lyra/Lyra-2/paper_collection_3d4d_reconstruction_2026_04_26/boardmix_mindmap/method_figures/2602.22800_GSTurb.png,/Volumes/UBag/Documents/l40server_mirror/lyra/Lyra-2/paper_collection_3d4d_reconstruction_2026_04_26/pdfs/2026_GSTurb_Gaussian_Splatting_for_Atmospheric_Turbulence_Mitigation_2602.22800.pdf,https://github.com/DuhlLiamz/3DGS_turbulence/tree/main,code_link_found_not_audited,"Codex:3D-Reconstruction, Codex:3D4D-Reconstruction"
2602.23172,Latent Gaussian Splatting for 4D Panoptic Occupancy Tracking,2026-arxiv,动态场景与 4D 重建,时空/动态角度,建模运动/形变/时间一致性,Motion decomposition / canonical space / deformation,本文方法,本文方法 针对「建模运动/形变/时间一致性」，从「时空/动态角度」切入，主要采用「Motion decomposition / canonical space / deformation」来服务「动态场景与 4D 重建」。,/Volumes/UBag/Documents/l40server_mirror/lyra/Lyra-2/paper_collection_3d4d_reconstruction_2026_04_26/boardmix_mindmap/method_figures/2602.23172_paper.png,/Volumes/UBag/Documents/l40server_mirror/lyra/Lyra-2/paper_collection_3d4d_reconstruction_2026_04_26/pdfs/2026_Latent_Gaussian_Splatting_for_4D_Panoptic_Occupancy_Tracking_2602.23172.pdf,,no_code_link_found,"Codex:3D-Reconstruction, Codex:3D4D-Reconstruction"
2602.23259,Risk-Aware World Model Predictive Control for Generalizable End-to-End Autonomous Driving,2026-arxiv,SLAM/机器人/自动驾驶世界模型,训练/监督角度,提升可控生成/世界演化预测,Diffusion/生成先验/视频模型,Risk-Aware,Risk-Aware 针对「提升可控生成/世界演化预测」，从「训练/监督角度」切入，主要采用「Diffusion/生成先验/视频模型」来服务「SLAM/机器人/自动驾驶世界模型」。,/Volumes/UBag/Documents/l40server_mirror/lyra/Lyra-2/paper_collection_3d4d_reconstruction_2026_04_26/boardmix_mindmap/method_figures/2602.23259_Risk-Aware.png,/Volumes/UBag/Documents/l40server_mirror/lyra/Lyra-2/paper_collection_3d4d_reconstruction_2026_04_26/pdfs/2026_Risk_Aware_World_Model_Predictive_Control_for_Generalizable_End_to_End_Autonomous_Driving_2602.23259.pdf,https://github.com/Thinklab-SJTU/Bench2Drive/tree/main,code_link_found_not_audited,"Codex:3D+4D-Evolution, Codex:3D4D-Reconstruction"
2602.22731,Sapling-NeRF: Geo-Localised Sapling Reconstruction in Forests for Ecological Monitoring,2026-arxiv,动态场景与 4D 重建,表示/几何角度,建模运动/形变/时间一致性,SLAM / pose graph / online mapping pipeline,Sapling-NeRF,Sapling-NeRF 针对「建模运动/形变/时间一致性」，从「表示/几何角度」切入，主要采用「SLAM / pose graph / online mapping pipeline」来服务「动态场景与 4D 重建」。,/Volumes/UBag/Documents/l40server_mirror/lyra/Lyra-2/paper_collection_3d4d_reconstruction_2026_04_26/boardmix_mindmap/method_figures/2602.22731_Sapling-NeRF.png,/Volumes/UBag/Documents/l40server_mirror/lyra/Lyra-2/paper_collection_3d4d_reconstruction_2026_04_26/pdfs/2026_Sapling_NeRF_Geo_Localised_Sapling_Reconstruction_in_Forests_for_Ecological_Monitoring_2602.22731.pdf,,no_code_link_found,"Codex:3D-Reconstruction, Codex:3D4D-Reconstruction"
2602.22208,Solaris: Building a Multiplayer Video World Model in Minecraft,2026-arxiv,生成式 3D/4D 内容与仿真,训练/监督角度,提升可控生成/世界演化预测,Diffusion/生成先验/视频模型,Solaris,Solaris 针对「提升可控生成/世界演化预测」，从「训练/监督角度」切入，主要采用「Diffusion/生成先验/视频模型」来服务「生成式 3D/4D 内容与仿真」。,/Volumes/UBag/Documents/l40server_mirror/lyra/Lyra-2/paper_collection_3d4d_reconstruction_2026_04_26/boardmix_mindmap/method_figures/2602.22208_Solaris.png,/Volumes/UBag/Documents/l40server_mirror/lyra/Lyra-2/paper_collection_3d4d_reconstruction_2026_04_26/pdfs/2026_Solaris_Building_a_Multiplayer_Video_World_Model_in_Minecraft_2602.22208.pdf,https://github.com/solaris-wm/solaris-engine,code_link_found_not_audited,"Codex:3D+4D-Evolution, Codex:3D4D-Reconstruction"
2602.22565,SwiftNDC: Fast Neural Depth Correction for High-Fidelity 3D Reconstruction,2026-arxiv,多视角几何/表面/场景重建,表示/几何角度,提升几何一致性/表面质量,SDF/隐式表面/网格/点云,SwiftNDC,SwiftNDC 针对「提升几何一致性/表面质量」，从「表示/几何角度」切入，主要采用「SDF/隐式表面/网格/点云」来服务「多视角几何/表面/场景重建」。,/Volumes/UBag/Documents/l40server_mirror/lyra/Lyra-2/paper_collection_3d4d_reconstruction_2026_04_26/boardmix_mindmap/method_figures/2602.22565_SwiftNDC.png,/Volumes/UBag/Documents/l40server_mirror/lyra/Lyra-2/paper_collection_3d4d_reconstruction_2026_04_26/pdfs/2026_SwiftNDC_Fast_Neural_Depth_Correction_for_High_Fidelity_3D_Reconstruction_2602.22565.pdf,,no_code_link_found,"Codex:3D-Reconstruction, Codex:3D4D-Reconstruction"
2602.23224,UniScale: Unified Scale-Aware 3D Reconstruction for Multi-View Understanding via Prior Injection for Robotic Perception,2026-arxiv,多视角几何/表面/场景重建,训练/监督角度,接入 SLAM/机器人闭环系统,SLAM / pose graph / online mapping pipeline,UniScale,UniScale 针对「接入 SLAM/机器人闭环系统」，从「训练/监督角度」切入，主要采用「SLAM / pose graph / online mapping pipeline」来服务「多视角几何/表面/场景重建」。,/Volumes/UBag/Documents/l40server_mirror/lyra/Lyra-2/paper_collection_3d4d_reconstruction_2026_04_26/boardmix_mindmap/method_figures/2602.23224_UniScale.png,/Volumes/UBag/Documents/l40server_mirror/lyra/Lyra-2/paper_collection_3d4d_reconstruction_2026_04_26/pdfs/2026_UniScale_Unified_Scale_Aware_3D_Reconstruction_for_Multi_View_Understanding_via_Prior_Inje_2602.23224.pdf,,no_code_link_found,"Codex:3D-Reconstruction, Codex:3D4D-Reconstruction"
2602.23361,VGG-T$^3$: Offline Feed-Forward 3D Reconstruction at Scale,2026-arxiv,稀疏/单目/少视角 3D 重建,训练/监督角度,降低显存/存储/模型体积,SLAM / pose graph / online mapping pipeline,VGG-T$^3$,VGG-T$^3$ 针对「降低显存/存储/模型体积」，从「训练/监督角度」切入，主要采用「SLAM / pose graph / online mapping pipeline」来服务「稀疏/单目/少视角 3D 重建」。,/Volumes/UBag/Documents/l40server_mirror/lyra/Lyra-2/paper_collection_3d4d_reconstruction_2026_04_26/boardmix_mindmap/method_figures/2602.23361_VGG-T_3.png,/Volumes/UBag/Documents/l40server_mirror/lyra/Lyra-2/paper_collection_3d4d_reconstruction_2026_04_26/pdfs/2026_VGG_T_3_Offline_Feed_Forward_3D_Reconstruction_at_Scale_2602.23361.pdf,,no_code_link_found,"Codex:3D-Reconstruction, Codex:3D4D-Reconstruction"
2602.21644,DAGS-SLAM: Dynamic-Aware 3DGS SLAM via Spatiotemporal Motion Probability and Uncertainty-Aware Scheduling,2026-arxiv,动态场景与 4D 重建,时空/动态角度,建模运动/形变/时间一致性,Motion decomposition / canonical space / deformation,DAGS-SLAM,DAGS-SLAM 针对「建模运动/形变/时间一致性」，从「时空/动态角度」切入，主要采用「Motion decomposition / canonical space / deformation」来服务「动态场景与 4D 重建」。,/Volumes/UBag/Documents/l40server_mirror/lyra/Lyra-2/paper_collection_3d4d_reconstruction_2026_04_26/boardmix_mindmap/method_figures/2602.21644_DAGS-SLAM.png,/Volumes/UBag/Documents/l40server_mirror/lyra/Lyra-2/paper_collection_3d4d_reconstruction_2026_04_26/pdfs/2026_DAGS_SLAM_Dynamic_Aware_3DGS_SLAM_via_Spatiotemporal_Motion_Probability_and_Uncertainty_Aw_2602.21644.pdf,,no_code_link_found,"Codex:3D-Reconstruction, Codex:3D4D-Reconstruction"
2603.13284,Do Diffusion Models Dream of Electric Planes? Discrete and Continuous Simulation-Based Inference for Aircraft Design,2026-arxiv,生成式 3D/4D 内容与仿真,生成/世界模型角度,提升可控生成/世界演化预测,Diffusion/生成先验/视频模型,Simulation-Based,Simulation-Based 针对「提升可控生成/世界演化预测」，从「生成/世界模型角度」切入，主要采用「Diffusion/生成先验/视频模型」来服务「生成式 3D/4D 内容与仿真」。,/Volumes/UBag/Documents/l40server_mirror/lyra/Lyra-2/paper_collection_3d4d_reconstruction_2026_04_26/boardmix_mindmap/method_figures/2603.13284_Simulation-Based.png,/Volumes/UBag/Documents/l40server_mirror/lyra/Lyra-2/paper_collection_3d4d_reconstruction_2026_04_26/pdfs/2026_Do_Diffusion_Models_Dream_of_Electric_Planes_Discrete_and_Continuous_Simulation_Based_Infe_2603.13284.pdf,http://github.com/SRI-CSL/mixed-masked-diffusion,code_link_found_not_audited,"Codex:3D+4D-Evolution, Codex:3D4D-Reconstruction"
2602.24148,HumanOrbit: 3D Human Reconstruction as 360° Orbit Generation,2026-arxiv,生成式 3D/4D 内容与仿真,时空/动态角度,解决稀疏视角几何不稳定,SLAM / pose graph / online mapping pipeline,HumanOrbit,HumanOrbit 针对「解决稀疏视角几何不稳定」，从「时空/动态角度」切入，主要采用「SLAM / pose graph / online mapping pipeline」来服务「生成式 3D/4D 内容与仿真」。,/Volumes/UBag/Documents/l40server_mirror/lyra/Lyra-2/paper_collection_3d4d_reconstruction_2026_04_26/boardmix_mindmap/method_figures/2602.24148_HumanOrbit.png,/Volumes/UBag/Documents/l40server_mirror/lyra/Lyra-2/paper_collection_3d4d_reconstruction_2026_04_26/pdfs/2026_HumanOrbit_3D_Human_Reconstruction_as_360_Orbit_Generation_2602.24148.pdf,,no_code_link_found,"Codex:3D-Reconstruction, Codex:3D4D-Reconstruction"
2601.10553,Inference-time Physics Alignment of Video Generative Models with Latent World Models,2026-arxiv,生成式 3D/4D 内容与仿真,训练/监督角度,提升可控生成/世界演化预测,Diffusion/生成先验/视频模型,本文方法,本文方法 针对「提升可控生成/世界演化预测」，从「训练/监督角度」切入，主要采用「Diffusion/生成先验/视频模型」来服务「生成式 3D/4D 内容与仿真」。,/Volumes/UBag/Documents/l40server_mirror/lyra/Lyra-2/paper_collection_3d4d_reconstruction_2026_04_26/boardmix_mindmap/method_figures/2601.10553_paper.png,/Volumes/UBag/Documents/l40server_mirror/lyra/Lyra-2/paper_collection_3d4d_reconstruction_2026_04_26/pdfs/2026_Inference_time_Physics_Alignment_of_Video_Generative_Models_with_Latent_World_Models_2601.10553.pdf,https://github.com/facebookresearch/WMReward,code_link_found_not_audited,"Codex:3D+4D-Evolution, Codex:3D4D-Reconstruction"
2602.23926,Leveraging Geometric Prior Uncertainty and Complementary Constraints for High-Fidelity Neural Indoor Surface Reconstruction,2026-arxiv,多视角几何/表面/场景重建,训练/监督角度,提升几何一致性/表面质量,SDF/隐式表面/网格/点云,High-Fidelity,High-Fidelity 针对「提升几何一致性/表面质量」，从「训练/监督角度」切入，主要采用「SDF/隐式表面/网格/点云」来服务「多视角几何/表面/场景重建」。,/Volumes/UBag/Documents/l40server_mirror/lyra/Lyra-2/paper_collection_3d4d_reconstruction_2026_04_26/boardmix_mindmap/method_figures/2602.23926_High-Fidelity.png,/Volumes/UBag/Documents/l40server_mirror/lyra/Lyra-2/paper_collection_3d4d_reconstruction_2026_04_26/pdfs/2026_Leveraging_Geometric_Prior_Uncertainty_and_Complementary_Constraints_for_High_Fidelity_Neu_2602.23926.pdf,https://github.com/IRMVLab/GPU-SDF,code_link_found_not_audited,"Codex:3D-Reconstruction, Codex:3D4D-Reconstruction"
2602.23969,MSVBench: Towards Human-Level Evaluation of Multi-Shot Video Generation,2026-arxiv,生成式 3D/4D 内容与仿真,时空/动态角度,提升可控生成/世界演化预测,Diffusion/生成先验/视频模型,MSVBench,MSVBench 针对「提升可控生成/世界演化预测」，从「时空/动态角度」切入，主要采用「Diffusion/生成先验/视频模型」来服务「生成式 3D/4D 内容与仿真」。,/Volumes/UBag/Documents/l40server_mirror/lyra/Lyra-2/paper_collection_3d4d_reconstruction_2026_04_26/boardmix_mindmap/method_figures/2602.23969_MSVBench.png,/Volumes/UBag/Documents/l40server_mirror/lyra/Lyra-2/paper_collection_3d4d_reconstruction_2026_04_26/pdfs/2026_MSVBench_Towards_Human_Level_Evaluation_of_Multi_Shot_Video_Generation_2602.23969.pdf,,no_code_link_found,"Codex:3D+4D-Evolution, Codex:3D4D-Reconstruction"
2602.24136,"Prune Wisely, Reconstruct Sharply: Compact 3D Gaussian Splatting via Adaptive Pruning and Difference-of-Gaussian Primitives",2026-arxiv,实时/大规模/高效 3D 表示,内存/存储角度,降低显存/存储/模型体积,Pruning / compression / progressive coding,"Prune Wisely, Reconstruct Sharply","Prune Wisely, Reconstruct Sharply 针对「降低显存/存储/模型体积」，从「内存/存储角度」切入，主要采用「Pruning / compression / progressive coding」来服务「实时/大规模/高效 3D 表示」。",/Volumes/UBag/Documents/l40server_mirror/lyra/Lyra-2/paper_collection_3d4d_reconstruction_2026_04_26/boardmix_mindmap/method_figures/2602.24136_Prune_Wisely_Reconstruct_Sharply.png,/Volumes/UBag/Documents/l40server_mirror/lyra/Lyra-2/paper_collection_3d4d_reconstruction_2026_04_26/pdfs/2026_Prune_Wisely_Reconstruct_Sharply_Compact_3D_Gaussian_Splatting_via_Adaptive_Pruning_and_Di_2602.24136.pdf,,no_code_link_found,"Codex:3D-Reconstruction, Codex:3D4D-Reconstruction"
2602.24020,SR3R: Rethinking Super-Resolution 3D Reconstruction With Feed-Forward Gaussian Splatting,2026-arxiv,实时/大规模/高效 3D 表示,训练/监督角度,解决稀疏视角几何不稳定,SLAM / pose graph / online mapping pipeline,SR3R,SR3R 针对「解决稀疏视角几何不稳定」，从「训练/监督角度」切入，主要采用「SLAM / pose graph / online mapping pipeline」来服务「实时/大规模/高效 3D 表示」。,/Volumes/UBag/Documents/l40server_mirror/lyra/Lyra-2/paper_collection_3d4d_reconstruction_2026_04_26/boardmix_mindmap/method_figures/2602.24020_SR3R.png,/Volumes/UBag/Documents/l40server_mirror/lyra/Lyra-2/paper_collection_3d4d_reconstruction_2026_04_26/pdfs/2026_SR3R_Rethinking_Super_Resolution_3D_Reconstruction_With_Feed_Forward_Gaussian_Splatting_2602.24020.pdf,https://github.com/eliahuhorwitz/Academic-project-page-template,code_link_found_not_audited,"Codex:3D-Reconstruction, Codex:3D4D-Reconstruction"
2603.00492,ArtiFixer: Enhancing and Extending 3D Reconstruction with Auto-Regressive Diffusion Models,2026-arxiv,生成式 3D/4D 内容与仿真,训练/监督角度,解决稀疏视角几何不稳定,Gaussian Splatting 表示与正则化,ArtiFixer,ArtiFixer 针对「解决稀疏视角几何不稳定」，从「训练/监督角度」切入，主要采用「Gaussian Splatting 表示与正则化」来服务「生成式 3D/4D 内容与仿真」。,/Volumes/UBag/Documents/l40server_mirror/lyra/Lyra-2/paper_collection_3d4d_reconstruction_2026_04_26/boardmix_mindmap/method_figures/2603.00492_ArtiFixer.png,/Volumes/UBag/Documents/l40server_mirror/lyra/Lyra-2/paper_collection_3d4d_reconstruction_2026_04_26/pdfs/2026_ArtiFixer_Enhancing_and_Extending_3D_Reconstruction_with_Auto_Regressive_Diffusion_Models_2603.00492.pdf,https://github.com/Hopding/pdf-lib,code_link_found_not_audited,"Codex:3D-Reconstruction, Codex:3D4D-Reconstruction"
2603.00466,DreamWorld: Unified World Modeling in Video Generation,2026-arxiv,动态场景与 4D 重建,时空/动态角度,提升可控生成/世界演化预测,Diffusion/生成先验/视频模型,DreamWorld,DreamWorld 针对「提升可控生成/世界演化预测」，从「时空/动态角度」切入，主要采用「Diffusion/生成先验/视频模型」来服务「动态场景与 4D 重建」。,/Volumes/UBag/Documents/l40server_mirror/lyra/Lyra-2/paper_collection_3d4d_reconstruction_2026_04_26/boardmix_mindmap/method_figures/2603.00466_DreamWorld.png,/Volumes/UBag/Documents/l40server_mirror/lyra/Lyra-2/paper_collection_3d4d_reconstruction_2026_04_26/pdfs/2026_DreamWorld_Unified_World_Modeling_in_Video_Generation_2603.00466.pdf,https://github.com/ABU121111/DreamWorld,code_link_found_not_audited,"Codex:3D+4D-Evolution, Codex:3D4D-Reconstruction"
2603.00805,NERFIFY: A Multi-Agent Framework for Turning NeRF Papers into Code,2026-arxiv,实时/大规模/高效 3D 表示,表示/几何角度,建模运动/形变/时间一致性,NeRF/辐射场/体渲染,NERFIFY,NERFIFY 针对「建模运动/形变/时间一致性」，从「表示/几何角度」切入，主要采用「NeRF/辐射场/体渲染」来服务「实时/大规模/高效 3D 表示」。,/Volumes/UBag/Documents/l40server_mirror/lyra/Lyra-2/paper_collection_3d4d_reconstruction_2026_04_26/boardmix_mindmap/method_figures/2603.00805_NERFIFY.png,/Volumes/UBag/Documents/l40server_mirror/lyra/Lyra-2/paper_collection_3d4d_reconstruction_2026_04_26/pdfs/2026_NERFIFY_A_Multi_Agent_Framework_for_Turning_NeRF_Papers_into_Code_2603.00805.pdf,https://github.com/wangqiannudt/nerf-arxiv-daily,code_link_found_not_audited,"Codex:3D-Reconstruction, Codex:3D4D-Reconstruction"
2603.00418,Station2Radar: query conditioned gaussian splatting for precipitation field,2026-arxiv,动态场景与 4D 重建,表示/几何角度,建模运动/形变/时间一致性,Gaussian Splatting 表示与正则化,Station2Radar,Station2Radar 针对「建模运动/形变/时间一致性」，从「表示/几何角度」切入，主要采用「Gaussian Splatting 表示与正则化」来服务「动态场景与 4D 重建」。,/Volumes/UBag/Documents/l40server_mirror/lyra/Lyra-2/paper_collection_3d4d_reconstruction_2026_04_26/boardmix_mindmap/method_figures/2603.00418_Station2Radar.png,/Volumes/UBag/Documents/l40server_mirror/lyra/Lyra-2/paper_collection_3d4d_reconstruction_2026_04_26/pdfs/2026_Station2Radar_query_conditioned_gaussian_splatting_for_precipitation_field_2603.00418.pdf,,no_code_link_found,"Codex:3D-Reconstruction, Codex:3D4D-Reconstruction"
2603.00697,TokenSplat: Token-aligned 3D Gaussian Splatting for Feed-forward Pose-free Reconstruction,2026-arxiv,稀疏/单目/少视角 3D 重建,表示/几何角度,解决稀疏视角几何不稳定,Gaussian Splatting 表示与正则化,TokenSplat,TokenSplat 针对「解决稀疏视角几何不稳定」，从「表示/几何角度」切入，主要采用「Gaussian Splatting 表示与正则化」来服务「稀疏/单目/少视角 3D 重建」。,/Volumes/UBag/Documents/l40server_mirror/lyra/Lyra-2/paper_collection_3d4d_reconstruction_2026_04_26/boardmix_mindmap/method_figures/2603.00697_TokenSplat.png,/Volumes/UBag/Documents/l40server_mirror/lyra/Lyra-2/paper_collection_3d4d_reconstruction_2026_04_26/pdfs/2026_TokenSplat_Token_aligned_3D_Gaussian_Splatting_for_Feed_forward_Pose_free_Reconstruction_2603.00697.pdf,,no_code_link_found,"Codex:3D-Reconstruction, Codex:3D4D-Reconstruction"
2603.00952,Decoupling Motion and Geometry in 4D Gaussian Splatting,2026-arxiv,动态场景与 4D 重建,时空/动态角度,建模运动/形变/时间一致性,Motion decomposition / canonical space / deformation,本文方法,本文方法 针对「建模运动/形变/时间一致性」，从「时空/动态角度」切入，主要采用「Motion decomposition / canonical space / deformation」来服务「动态场景与 4D 重建」。,/Volumes/UBag/Documents/l40server_mirror/lyra/Lyra-2/paper_collection_3d4d_reconstruction_2026_04_26/boardmix_mindmap/method_figures/2603.00952_paper.png,/Volumes/UBag/Documents/l40server_mirror/lyra/Lyra-2/paper_collection_3d4d_reconstruction_2026_04_26/pdfs/2026_Decoupling_Motion_and_Geometry_in_4D_Gaussian_Splatting_2603.00952.pdf,,no_code_link_found,"Codex:3D-Reconstruction, Codex:3D4D-Reconstruction, Codex:4D-Reconstruction"
2603.00905,pySpatial: Generating 3D Visual Programs for Zero-Shot Spatial Reasoning,2026-arxiv,SLAM/机器人/自动驾驶世界模型,系统/在线部署角度,接入 SLAM/机器人闭环系统,SLAM / pose graph / online mapping pipeline,pySpatial,pySpatial 针对「接入 SLAM/机器人闭环系统」，从「系统/在线部署角度」切入，主要采用「SLAM / pose graph / online mapping pipeline」来服务「SLAM/机器人/自动驾驶世界模型」。,/Volumes/UBag/Documents/l40server_mirror/lyra/Lyra-2/paper_collection_3d4d_reconstruction_2026_04_26/boardmix_mindmap/method_figures/2603.00905_pySpatial.png,/Volumes/UBag/Documents/l40server_mirror/lyra/Lyra-2/paper_collection_3d4d_reconstruction_2026_04_26/pdfs/2026_pySpatial_Generating_3D_Visual_Programs_for_Zero_Shot_Spatial_Reasoning_2603.00905.pdf,https://github.com/Zhanpeng1202/pySpatial,code_link_found_not_audited,"Codex:3D-Reconstruction, Codex:3D4D-Reconstruction"
2603.01194,RnG: A Unified Transformer for Complete 3D Modeling from Partial Observations,2026-arxiv,实时/大规模/高效 3D 表示,计算角度,解决稀疏视角几何不稳定,Feed-forward / Transformer / Foundation Model,RnG,RnG 针对「解决稀疏视角几何不稳定」，从「计算角度」切入，主要采用「Feed-forward / Transformer / Foundation Model」来服务「实时/大规模/高效 3D 表示」。,/Volumes/UBag/Documents/l40server_mirror/lyra/Lyra-2/paper_collection_3d4d_reconstruction_2026_04_26/boardmix_mindmap/method_figures/2603.01194_RnG.png,/Volumes/UBag/Documents/l40server_mirror/lyra/Lyra-2/paper_collection_3d4d_reconstruction_2026_04_26/pdfs/2026_RnG_A_Unified_Transformer_for_Complete_3D_Modeling_from_Partial_Observations_2603.01194.pdf,https://github.com/XiangMochu/RnG,code_link_found_not_audited,"Codex:3D-Reconstruction, Codex:3D4D-Reconstruction"
2602.09407,Single-Slice-to-3D Reconstruction in Medical Imaging and Natural Objects: A Comparative Benchmark with SAM 3D,2026-arxiv,多视角几何/表面/场景重建,训练/监督角度,提升泛化/跨场景/开放世界能力,Sensor/domain-specific pipeline,Single-Slice-to-3D,Single-Slice-to-3D 针对「提升泛化/跨场景/开放世界能力」，从「训练/监督角度」切入，主要采用「Sensor/domain-specific pipeline」来服务「多视角几何/表面/场景重建」。,/Volumes/UBag/Documents/l40server_mirror/lyra/Lyra-2/paper_collection_3d4d_reconstruction_2026_04_26/boardmix_mindmap/method_figures/2602.09407_Single-Slice-to-3D.png,/Volumes/UBag/Documents/l40server_mirror/lyra/Lyra-2/paper_collection_3d4d_reconstruction_2026_04_26/pdfs/2026_Single_Slice_to_3D_Reconstruction_in_Medical_Imaging_and_Natural_Objects_A_Comparative_Ben_2602.09407.pdf,https://github.com/luoyan407/Benchmark_3D_Generative_Models,code_link_found_not_audited,"Codex:3D-Reconstruction, Codex:3D4D-Reconstruction"
2603.00949,StegoNGP: 3D Cryptographic Steganography using Instant-NGP,2026-arxiv,动态场景与 4D 重建,内存/存储角度,降低显存/存储/模型体积,SLAM / pose graph / online mapping pipeline,StegoNGP,StegoNGP 针对「降低显存/存储/模型体积」，从「内存/存储角度」切入，主要采用「SLAM / pose graph / online mapping pipeline」来服务「动态场景与 4D 重建」。,/Volumes/UBag/Documents/l40server_mirror/lyra/Lyra-2/paper_collection_3d4d_reconstruction_2026_04_26/boardmix_mindmap/method_figures/2603.00949_StegoNGP.png,/Volumes/UBag/Documents/l40server_mirror/lyra/Lyra-2/paper_collection_3d4d_reconstruction_2026_04_26/pdfs/2026_StegoNGP_3D_Cryptographic_Steganography_using_Instant_NGP_2603.00949.pdf,https://github.com/jiang-wenxiang/StegoNGP,code_link_found_not_audited,"Codex:3D-Reconstruction, Codex:3D4D-Reconstruction"
2603.00908,UD-SfPNet: An Underwater Descattering Shape-from-Polarization Network for 3D Normal Reconstruction,2026-arxiv,多视角几何/表面/场景重建,表示/几何角度,提升几何一致性/表面质量,Sensor/domain-specific pipeline,UD-SfPNet,UD-SfPNet 针对「提升几何一致性/表面质量」，从「表示/几何角度」切入，主要采用「Sensor/domain-specific pipeline」来服务「多视角几何/表面/场景重建」。,/Volumes/UBag/Documents/l40server_mirror/lyra/Lyra-2/paper_collection_3d4d_reconstruction_2026_04_26/boardmix_mindmap/method_figures/2603.00908_UD-SfPNet.png,/Volumes/UBag/Documents/l40server_mirror/lyra/Lyra-2/paper_collection_3d4d_reconstruction_2026_04_26/pdfs/2026_UD_SfPNet_An_Underwater_Descattering_Shape_from_Polarization_Network_for_3D_Normal_Reconst_2603.00908.pdf,https://github.com/WangPuyun/UD-SfPNet,code_link_found_not_audited,"Codex:3D-Reconstruction, Codex:3D4D-Reconstruction"
2603.02129,LiftAvatar: Kinematic-Space Completion for Expression-Controlled 3D Gaussian Avatar Animation,2026-arxiv,人体/头像/可动画资产,训练/监督角度,解决稀疏视角几何不稳定,Gaussian Splatting 表示与正则化,LiftAvatar,LiftAvatar 针对「解决稀疏视角几何不稳定」，从「训练/监督角度」切入，主要采用「Gaussian Splatting 表示与正则化」来服务「人体/头像/可动画资产」。,/Volumes/UBag/Documents/l40server_mirror/lyra/Lyra-2/paper_collection_3d4d_reconstruction_2026_04_26/boardmix_mindmap/method_figures/2603.02129_LiftAvatar.png,/Volumes/UBag/Documents/l40server_mirror/lyra/Lyra-2/paper_collection_3d4d_reconstruction_2026_04_26/pdfs/2026_LiftAvatar_Kinematic_Space_Completion_for_Expression_Controlled_3D_Gaussian_Avatar_Animati_2603.02129.pdf,,no_code_link_found,"Codex:3D-Reconstruction, Codex:3D4D-Reconstruction"
2603.01603,Sparse View Distractor-Free Gaussian Splatting,2026-arxiv,稀疏/单目/少视角 3D 重建,训练/监督角度,解决稀疏视角几何不稳定,Gaussian Splatting 表示与正则化,Sparse View Distractor-Free Gaussian Splatting,Sparse View Distractor-Free Gaussian Splatting 针对「解决稀疏视角几何不稳定」，从「训练/监督角度」切入，主要采用「Gaussian Splatting 表示与正则化」来服务「稀疏/单目/少视角 3D 重建」。,/Volumes/UBag/Documents/l40server_mirror/lyra/Lyra-2/paper_collection_3d4d_reconstruction_2026_04_26/boardmix_mindmap/method_figures/2603.01603_Sparse_View_Distractor-Free_Gaussian_Splatting.png,/Volumes/UBag/Documents/l40server_mirror/lyra/Lyra-2/paper_collection_3d4d_reconstruction_2026_04_26/pdfs/2026_Sparse_View_Distractor_Free_Gaussian_Splatting_2603.01603.pdf,,no_code_link_found,"Codex:3D-Reconstruction, Codex:3D4D-Reconstruction"
2603.01371,TIMI: Training-Free Image-to-3D Multi-Instance Generation with Spatial Fidelity,2026-arxiv,生成式 3D/4D 内容与仿真,训练/监督角度,解决稀疏视角几何不稳定,SLAM / pose graph / online mapping pipeline,TIMI,TIMI 针对「解决稀疏视角几何不稳定」，从「训练/监督角度」切入，主要采用「SLAM / pose graph / online mapping pipeline」来服务「生成式 3D/4D 内容与仿真」。,/Volumes/UBag/Documents/l40server_mirror/lyra/Lyra-2/paper_collection_3d4d_reconstruction_2026_04_26/boardmix_mindmap/method_figures/2603.01371_TIMI.png,/Volumes/UBag/Documents/l40server_mirror/lyra/Lyra-2/paper_collection_3d4d_reconstruction_2026_04_26/pdfs/2026_TIMI_Training_Free_Image_to_3D_Multi_Instance_Generation_with_Spatial_Fidelity_2603.01371.pdf,,no_code_link_found,"Codex:3D-Reconstruction, Codex:3D4D-Reconstruction"
2603.01850,Tiny-DroNeRF: Tiny Neural Radiance Fields aboard Federated Learning-enabled Nano-drones,2026-arxiv,SLAM/机器人/自动驾驶世界模型,时空/动态角度,接入 SLAM/机器人闭环系统,NeRF/辐射场/体渲染,Tiny-DroNeRF,Tiny-DroNeRF 针对「接入 SLAM/机器人闭环系统」，从「时空/动态角度」切入，主要采用「NeRF/辐射场/体渲染」来服务「SLAM/机器人/自动驾驶世界模型」。,/Volumes/UBag/Documents/l40server_mirror/lyra/Lyra-2/paper_collection_3d4d_reconstruction_2026_04_26/boardmix_mindmap/method_figures/2603.01850_Tiny-DroNeRF.png,/Volumes/UBag/Documents/l40server_mirror/lyra/Lyra-2/paper_collection_3d4d_reconstruction_2026_04_26/pdfs/2026_Tiny_DroNeRF_Tiny_Neural_Radiance_Fields_aboard_Federated_Learning_enabled_Nano_drones_2603.01850.pdf,,no_code_link_found,"Codex:3D-Reconstruction, Codex:3D4D-Reconstruction"
2602.20160,tttLRM: Test-Time Training for Long Context and Autoregressive 3D Reconstruction,2026-arxiv,实时/大规模/高效 3D 表示,计算角度,减少优化/采样/渲染步骤,SLAM / pose graph / online mapping pipeline,tttLRM,tttLRM 针对「减少优化/采样/渲染步骤」，从「计算角度」切入，主要采用「SLAM / pose graph / online mapping pipeline」来服务「实时/大规模/高效 3D 表示」。,/Volumes/UBag/Documents/l40server_mirror/lyra/Lyra-2/paper_collection_3d4d_reconstruction_2026_04_26/boardmix_mindmap/method_figures/2602.20160_tttLRM.png,/Volumes/UBag/Documents/l40server_mirror/lyra/Lyra-2/paper_collection_3d4d_reconstruction_2026_04_26/pdfs/2026_tttLRM_Test_Time_Training_for_Long_Context_and_Autoregressive_3D_Reconstruction_2602.20160.pdf,https://github.com/cwchenwang/tttLRM,code_link_found_not_audited,"Codex:3D-Reconstruction, Codex:3D4D-Reconstruction"
2603.02049,WorldStereo: Bridging Camera-Guided Video Generation and Scene Reconstruction via 3D Geometric Memories,2026-arxiv,生成式 3D/4D 内容与仿真,训练/监督角度,提升可控生成/世界演化预测,Diffusion/生成先验/视频模型,WorldStereo,WorldStereo 针对「提升可控生成/世界演化预测」，从「训练/监督角度」切入，主要采用「Diffusion/生成先验/视频模型」来服务「生成式 3D/4D 内容与仿真」。,/Volumes/UBag/Documents/l40server_mirror/lyra/Lyra-2/paper_collection_3d4d_reconstruction_2026_04_26/boardmix_mindmap/method_figures/2603.02049_WorldStereo.png,/Volumes/UBag/Documents/l40server_mirror/lyra/Lyra-2/paper_collection_3d4d_reconstruction_2026_04_26/pdfs/2026_WorldStereo_Bridging_Camera_Guided_Video_Generation_and_Scene_Reconstruction_via_3D_Geomet_2603.02049.pdf,https://github.com/chaofengc/IQA-PyTorch,code_link_found_not_audited,"Codex:3D+4D-Evolution, Codex:3D-Reconstruction, Codex:3D4D-Reconstruction"
2603.03482,Beyond Pixel Histories: World Models with Persistent 3D State,2026-arxiv,动态场景与 4D 重建,时空/动态角度,提升可控生成/世界演化预测,Pruning / compression / progressive coding,Beyond Pixel Histories,Beyond Pixel Histories 针对「提升可控生成/世界演化预测」，从「时空/动态角度」切入，主要采用「Pruning / compression / progressive coding」来服务「动态场景与 4D 重建」。,/Volumes/UBag/Documents/l40server_mirror/lyra/Lyra-2/paper_collection_3d4d_reconstruction_2026_04_26/boardmix_mindmap/method_figures/2603.03482_Beyond_Pixel_Histories.png,/Volumes/UBag/Documents/l40server_mirror/lyra/Lyra-2/paper_collection_3d4d_reconstruction_2026_04_26/pdfs/2026_Beyond_Pixel_Histories_World_Models_with_Persistent_3D_State_2603.03482.pdf,https://github.com/francelico/PERSIST,code_link_found_not_audited,"Codex:3D+4D-Evolution, Codex:3D4D-Reconstruction"
2603.02499,Biomechanically Accurate Gait Analysis: A 3d Human Reconstruction Framework for Markerless Estimation of Gait Parameters,2026-arxiv,动态场景与 4D 重建,时空/动态角度,建模运动/形变/时间一致性,Motion decomposition / canonical space / deformation,Biomechanically Accurate Gait Analysis,Biomechanically Accurate Gait Analysis 针对「建模运动/形变/时间一致性」，从「时空/动态角度」切入，主要采用「Motion decomposition / canonical space / deformation」来服务「动态场景与 4D 重建」。,/Volumes/UBag/Documents/l40server_mirror/lyra/Lyra-2/paper_collection_3d4d_reconstruction_2026_04_26/boardmix_mindmap/method_figures/2603.02499_Biomechanically_Accurate_Gait_Analysis.png,/Volumes/UBag/Documents/l40server_mirror/lyra/Lyra-2/paper_collection_3d4d_reconstruction_2026_04_26/pdfs/2026_Biomechanically_Accurate_Gait_Analysis_A_3d_Human_Reconstruction_Framework_for_Markerless_2603.02499.pdf,,no_code_link_found,"Codex:3D-Reconstruction, Codex:3D4D-Reconstruction"
2603.02619,Direct Reward Fine-Tuning on Poses for Single Image to 3D Human in the Wild,2026-arxiv,动态场景与 4D 重建,时空/动态角度,建模运动/形变/时间一致性,Diffusion/生成先验/视频模型,Fine-Tuning,Fine-Tuning 针对「建模运动/形变/时间一致性」，从「时空/动态角度」切入，主要采用「Diffusion/生成先验/视频模型」来服务「动态场景与 4D 重建」。,/Volumes/UBag/Documents/l40server_mirror/lyra/Lyra-2/paper_collection_3d4d_reconstruction_2026_04_26/boardmix_mindmap/method_figures/2603.02619_Fine-Tuning.png,/Volumes/UBag/Documents/l40server_mirror/lyra/Lyra-2/paper_collection_3d4d_reconstruction_2026_04_26/pdfs/2026_Direct_Reward_Fine_Tuning_on_Poses_for_Single_Image_to_3D_Human_in_the_Wild_2603.02619.pdf,https://github.com/nerfies/nerfies.github.io,code_link_found_not_audited,"Codex:3D-Reconstruction, Codex:3D4D-Reconstruction"
2603.03265,DuoMo: Dual Motion Diffusion for World-Space Human Reconstruction,2026-arxiv,生成式 3D/4D 内容与仿真,时空/动态角度,提升几何一致性/表面质量,Diffusion/生成先验/视频模型,DuoMo,DuoMo 针对「提升几何一致性/表面质量」，从「时空/动态角度」切入，主要采用「Diffusion/生成先验/视频模型」来服务「生成式 3D/4D 内容与仿真」。,/Volumes/UBag/Documents/l40server_mirror/lyra/Lyra-2/paper_collection_3d4d_reconstruction_2026_04_26/boardmix_mindmap/method_figures/2603.03265_DuoMo.png,/Volumes/UBag/Documents/l40server_mirror/lyra/Lyra-2/paper_collection_3d4d_reconstruction_2026_04_26/pdfs/2026_DuoMo_Dual_Motion_Diffusion_for_World_Space_Human_Reconstruction_2603.03265.pdf,https://github.com/nerfies/nerfies.github.io,code_link_found_not_audited,"Codex:3D-Reconstruction, Codex:3D4D-Reconstruction"
2603.01099,HeroGS: Hierarchical Guidance for Robust 3D Gaussian Splatting under Sparse Views,2026-arxiv,稀疏/单目/少视角 3D 重建,表示/几何角度,解决稀疏视角几何不稳定,Gaussian Splatting 表示与正则化,HeroGS,HeroGS 针对「解决稀疏视角几何不稳定」，从「表示/几何角度」切入，主要采用「Gaussian Splatting 表示与正则化」来服务「稀疏/单目/少视角 3D 重建」。,/Volumes/UBag/Documents/l40server_mirror/lyra/Lyra-2/paper_collection_3d4d_reconstruction_2026_04_26/boardmix_mindmap/method_figures/2603.01099_HeroGS.png,/Volumes/UBag/Documents/l40server_mirror/lyra/Lyra-2/paper_collection_3d4d_reconstruction_2026_04_26/pdfs/2026_HeroGS_Hierarchical_Guidance_for_Robust_3D_Gaussian_Splatting_under_Sparse_Views_2603.01099.pdf,,no_code_link_found,"Codex:3D-Reconstruction, Codex:3D4D-Reconstruction"
2603.02893,Intrinsic Geometry-Appearance Consistency Optimization for Sparse-View Gaussian Splatting,2026-arxiv,稀疏/单目/少视角 3D 重建,训练/监督角度,解决稀疏视角几何不稳定,Gaussian Splatting 表示与正则化,Geometry-Appearance,Geometry-Appearance 针对「解决稀疏视角几何不稳定」，从「训练/监督角度」切入，主要采用「Gaussian Splatting 表示与正则化」来服务「稀疏/单目/少视角 3D 重建」。,/Volumes/UBag/Documents/l40server_mirror/lyra/Lyra-2/paper_collection_3d4d_reconstruction_2026_04_26/boardmix_mindmap/method_figures/2603.02893_Geometry-Appearance.png,/Volumes/UBag/Documents/l40server_mirror/lyra/Lyra-2/paper_collection_3d4d_reconstruction_2026_04_26/pdfs/2026_Intrinsic_Geometry_Appearance_Consistency_Optimization_for_Sparse_View_Gaussian_Splatting_2603.02893.pdf,,no_code_link_found,"Codex:3D-Reconstruction, Codex:3D4D-Reconstruction"
2603.02866,Multimodal-Prior-Guided Importance Sampling for Hierarchical Gaussian Splatting in Sparse-View Novel View Synthesis,2026-arxiv,稀疏/单目/少视角 3D 重建,训练/监督角度,解决稀疏视角几何不稳定,Gaussian Splatting 表示与正则化,Multimodal-Prior-Guided,Multimodal-Prior-Guided 针对「解决稀疏视角几何不稳定」，从「训练/监督角度」切入，主要采用「Gaussian Splatting 表示与正则化」来服务「稀疏/单目/少视角 3D 重建」。,/Volumes/UBag/Documents/l40server_mirror/lyra/Lyra-2/paper_collection_3d4d_reconstruction_2026_04_26/boardmix_mindmap/method_figures/2603.02866_Multimodal-Prior-Guided.png,/Volumes/UBag/Documents/l40server_mirror/lyra/Lyra-2/paper_collection_3d4d_reconstruction_2026_04_26/pdfs/2026_Multimodal_Prior_Guided_Importance_Sampling_for_Hierarchical_Gaussian_Splatting_in_Sparse_2603.02866.pdf,,no_code_link_found,"Codex:3D-Reconstruction, Codex:3D4D-Reconstruction"
2603.02134,OnlineX: Unified Online 3D Reconstruction and Understanding with Active-to-Stable State Evolution,2026-arxiv,稀疏/单目/少视角 3D 重建,计算角度,降低显存/存储/模型体积,Gaussian Splatting 表示与正则化,OnlineX,OnlineX 针对「降低显存/存储/模型体积」，从「计算角度」切入，主要采用「Gaussian Splatting 表示与正则化」来服务「稀疏/单目/少视角 3D 重建」。,/Volumes/UBag/Documents/l40server_mirror/lyra/Lyra-2/paper_collection_3d4d_reconstruction_2026_04_26/boardmix_mindmap/method_figures/2603.02134_OnlineX.png,/Volumes/UBag/Documents/l40server_mirror/lyra/Lyra-2/paper_collection_3d4d_reconstruction_2026_04_26/pdfs/2026_OnlineX_Unified_Online_3D_Reconstruction_and_Understanding_with_Active_to_Stable_State_Evo_2603.02134.pdf,https://github.com/xiac20/ScenePainter,code_link_found_not_audited,"Codex:3D-Reconstruction, Codex:3D4D-Reconstruction"
2603.02801,R3GW: Relightable 3D Gaussians for Outdoor Scenes in the Wild,2026-arxiv,多视角几何/表面/场景重建,表示/几何角度,降低显存/存储/模型体积,Gaussian Splatting 表示与正则化,R3GW,R3GW 针对「降低显存/存储/模型体积」，从「表示/几何角度」切入，主要采用「Gaussian Splatting 表示与正则化」来服务「多视角几何/表面/场景重建」。,/Volumes/UBag/Documents/l40server_mirror/lyra/Lyra-2/paper_collection_3d4d_reconstruction_2026_04_26/boardmix_mindmap/method_figures/2603.02801_R3GW.png,/Volumes/UBag/Documents/l40server_mirror/lyra/Lyra-2/paper_collection_3d4d_reconstruction_2026_04_26/pdfs/2026_R3GW_Relightable_3D_Gaussians_for_Outdoor_Scenes_in_the_Wild_2603.02801.pdf,,no_code_link_found,"Codex:3D-Reconstruction, Codex:3D4D-Reconstruction"
2603.02548,SemGS: Feed-Forward Semantic 3D Gaussian Splatting from Sparse Views for Generalizable Scene Understanding,2026-arxiv,稀疏/单目/少视角 3D 重建,表示/几何角度,解决稀疏视角几何不稳定,Gaussian Splatting 表示与正则化,SemGS,SemGS 针对「解决稀疏视角几何不稳定」，从「表示/几何角度」切入，主要采用「Gaussian Splatting 表示与正则化」来服务「稀疏/单目/少视角 3D 重建」。,/Volumes/UBag/Documents/l40server_mirror/lyra/Lyra-2/paper_collection_3d4d_reconstruction_2026_04_26/boardmix_mindmap/method_figures/2603.02548_SemGS.png,/Volumes/UBag/Documents/l40server_mirror/lyra/Lyra-2/paper_collection_3d4d_reconstruction_2026_04_26/pdfs/2026_SemGS_Feed_Forward_Semantic_3D_Gaussian_Splatting_from_Sparse_Views_for_Generalizable_Scen_2603.02548.pdf,,no_code_link_found,"Codex:3D-Reconstruction, Codex:3D4D-Reconstruction"
2603.02133,SimRecon: SimReady Compositional Scene Reconstruction from Real Videos,2026-arxiv,生成式 3D/4D 内容与仿真,生成/世界模型角度,提升可控生成/世界演化预测,SLAM / pose graph / online mapping pipeline,SimRecon,SimRecon 针对「提升可控生成/世界演化预测」，从「生成/世界模型角度」切入，主要采用「SLAM / pose graph / online mapping pipeline」来服务「生成式 3D/4D 内容与仿真」。,/Volumes/UBag/Documents/l40server_mirror/lyra/Lyra-2/paper_collection_3d4d_reconstruction_2026_04_26/boardmix_mindmap/method_figures/2603.02133_SimRecon.png,/Volumes/UBag/Documents/l40server_mirror/lyra/Lyra-2/paper_collection_3d4d_reconstruction_2026_04_26/pdfs/2026_SimRecon_SimReady_Compositional_Scene_Reconstruction_from_Real_Videos_2603.02133.pdf,https://github.com/xiac20/SimRecon,code_link_found_not_audited,"Codex:3D-Reconstruction, Codex:3D4D-Reconstruction"
2603.02985,The Dresden Dataset for 4D Reconstruction of Non-Rigid Abdominal Surgical Scenes,2026-arxiv,多视角几何/表面/场景重建,时空/动态角度,建模运动/形变/时间一致性,Motion decomposition / canonical space / deformation,Non-Rigid,Non-Rigid 针对「建模运动/形变/时间一致性」，从「时空/动态角度」切入，主要采用「Motion decomposition / canonical space / deformation」来服务「多视角几何/表面/场景重建」。,/Volumes/UBag/Documents/l40server_mirror/lyra/Lyra-2/paper_collection_3d4d_reconstruction_2026_04_26/boardmix_mindmap/method_figures/2603.02985_Non-Rigid.png,/Volumes/UBag/Documents/l40server_mirror/lyra/Lyra-2/paper_collection_3d4d_reconstruction_2026_04_26/pdfs/2026_The_Dresden_Dataset_for_4D_Reconstruction_of_Non_Rigid_Abdominal_Surgical_Scenes_2603.02985.pdf,https://github.com/reubendocea/d4d,code_link_found_not_audited,"Codex:3D-Reconstruction, Codex:3D4D-Reconstruction, Codex:4D-Reconstruction"
2603.02986,VIRGi: View-dependent Instant Recoloring of 3D Gaussians Splats,2026-arxiv,稀疏/单目/少视角 3D 重建,表示/几何角度,减少优化/采样/渲染步骤,Gaussian Splatting 表示与正则化,VIRGi,VIRGi 针对「减少优化/采样/渲染步骤」，从「表示/几何角度」切入，主要采用「Gaussian Splatting 表示与正则化」来服务「稀疏/单目/少视角 3D 重建」。,/Volumes/UBag/Documents/l40server_mirror/lyra/Lyra-2/paper_collection_3d4d_reconstruction_2026_04_26/boardmix_mindmap/method_figures/2603.02986_VIRGi.png,/Volumes/UBag/Documents/l40server_mirror/lyra/Lyra-2/paper_collection_3d4d_reconstruction_2026_04_26/pdfs/2026_VIRGi_View_dependent_Instant_Recoloring_of_3D_Gaussians_Splats_2603.02986.pdf,,no_code_link_found,"Codex:3D-Reconstruction, Codex:3D4D-Reconstruction"
2603.04338,ArtHOI: Articulated Human-Object Interaction Synthesis by 4D Reconstruction from Video Priors,2026-arxiv,动态场景与 4D 重建,时空/动态角度,建模运动/形变/时间一致性,Motion decomposition / canonical space / deformation,ArtHOI,ArtHOI 针对「建模运动/形变/时间一致性」，从「时空/动态角度」切入，主要采用「Motion decomposition / canonical space / deformation」来服务「动态场景与 4D 重建」。,/Volumes/UBag/Documents/l40server_mirror/lyra/Lyra-2/paper_collection_3d4d_reconstruction_2026_04_26/boardmix_mindmap/method_figures/2603.04338_ArtHOI.png,/Volumes/UBag/Documents/l40server_mirror/lyra/Lyra-2/paper_collection_3d4d_reconstruction_2026_04_26/pdfs/2026_ArtHOI_Articulated_Human_Object_Interaction_Synthesis_by_4D_Reconstruction_from_Video_Prio_2603.04338.pdf,https://github.com/Inso-13/ArtHOI,code_link_found_not_audited,"Codex:3D4D-Reconstruction, Codex:4D-Reconstruction"
2603.04254,EmbodiedSplat: Online Feed-Forward Semantic 3DGS for Open-Vocabulary 3D Scene Understanding,2026-arxiv,实时/大规模/高效 3D 表示,计算角度,降低显存/存储/模型体积,SLAM / pose graph / online mapping pipeline,EmbodiedSplat,EmbodiedSplat 针对「降低显存/存储/模型体积」，从「计算角度」切入，主要采用「SLAM / pose graph / online mapping pipeline」来服务「实时/大规模/高效 3D 表示」。,/Volumes/UBag/Documents/l40server_mirror/lyra/Lyra-2/paper_collection_3d4d_reconstruction_2026_04_26/boardmix_mindmap/method_figures/2603.04254_EmbodiedSplat.png,/Volumes/UBag/Documents/l40server_mirror/lyra/Lyra-2/paper_collection_3d4d_reconstruction_2026_04_26/pdfs/2026_EmbodiedSplat_Online_Feed_Forward_Semantic_3DGS_for_Open_Vocabulary_3D_Scene_Understanding_2603.04254.pdf,https://github.com/0nandon/EmbodiedSplat,code_link_found_not_audited,"Codex:3D-Reconstruction, Codex:3D4D-Reconstruction"
2602.24065,EvalMVX: A Unified Benchmarking for Neural 3D Reconstruction under Diverse Multiview Setups,2026-arxiv,多视角几何/表面/场景重建,表示/几何角度,降低显存/存储/模型体积,SDF/隐式表面/网格/点云,EvalMVX,EvalMVX 针对「降低显存/存储/模型体积」，从「表示/几何角度」切入，主要采用「SDF/隐式表面/网格/点云」来服务「多视角几何/表面/场景重建」。,/Volumes/UBag/Documents/l40server_mirror/lyra/Lyra-2/paper_collection_3d4d_reconstruction_2026_04_26/boardmix_mindmap/method_figures/2602.24065_EvalMVX.png,/Volumes/UBag/Documents/l40server_mirror/lyra/Lyra-2/paper_collection_3d4d_reconstruction_2026_04_26/pdfs/2026_EvalMVX_A_Unified_Benchmarking_for_Neural_3D_Reconstruction_under_Diverse_Multiview_Setups_2602.24065.pdf,,no_code_link_found,"Codex:3D-Reconstruction, Codex:3D4D-Reconstruction"
2603.02887,Generalized non-exponential Gaussian splatting,2026-arxiv,实时/大规模/高效 3D 表示,表示/几何角度,建模运动/形变/时间一致性,Gaussian Splatting 表示与正则化,Generalized non-exponential Gaussian splatting,Generalized non-exponential Gaussian splatting 针对「建模运动/形变/时间一致性」，从「表示/几何角度」切入，主要采用「Gaussian Splatting 表示与正则化」来服务「实时/大规模/高效 3D 表示」。,/Volumes/UBag/Documents/l40server_mirror/lyra/Lyra-2/paper_collection_3d4d_reconstruction_2026_04_26/boardmix_mindmap/method_figures/2603.02887_Generalized_non-exponential_Gaussian_splatting.png,/Volumes/UBag/Documents/l40server_mirror/lyra/Lyra-2/paper_collection_3d4d_reconstruction_2026_04_26/pdfs/2026_Generalized_non_exponential_Gaussian_splatting_2603.02887.pdf,,code_link_found_not_audited,"Codex:3D-Reconstruction, Codex:3D4D-Reconstruction"
2602.11291,H-WM: Robotic Task and Motion Planning Guided by Hierarchical World Model,2026-arxiv,SLAM/机器人/自动驾驶世界模型,生成/世界模型角度,提升可控生成/世界演化预测,Diffusion/生成先验/视频模型,H-WM,H-WM 针对「提升可控生成/世界演化预测」，从「生成/世界模型角度」切入，主要采用「Diffusion/生成先验/视频模型」来服务「SLAM/机器人/自动驾驶世界模型」。,/Volumes/UBag/Documents/l40server_mirror/lyra/Lyra-2/paper_collection_3d4d_reconstruction_2026_04_26/boardmix_mindmap/method_figures/2602.11291_H-WM.png,/Volumes/UBag/Documents/l40server_mirror/lyra/Lyra-2/paper_collection_3d4d_reconstruction_2026_04_26/pdfs/2026_H_WM_Robotic_Task_and_Motion_Planning_Guided_by_Hierarchical_World_Model_2602.11291.pdf,,no_code_link_found,"Codex:3D+4D-Evolution, Codex:3D4D-Reconstruction"
2603.03765,LiDAR Prompted Spatio-Temporal Multi-View Stereo for Autonomous Driving,2026-arxiv,多视角几何/表面/场景重建,数据/传感角度,提升几何一致性/表面质量,Motion decomposition / canonical space / deformation,LiDAR,LiDAR 针对「提升几何一致性/表面质量」，从「数据/传感角度」切入，主要采用「Motion decomposition / canonical space / deformation」来服务「多视角几何/表面/场景重建」。,/Volumes/UBag/Documents/l40server_mirror/lyra/Lyra-2/paper_collection_3d4d_reconstruction_2026_04_26/boardmix_mindmap/method_figures/2603.03765_LiDAR.png,/Volumes/UBag/Documents/l40server_mirror/lyra/Lyra-2/paper_collection_3d4d_reconstruction_2026_04_26/pdfs/2026_LiDAR_Prompted_Spatio_Temporal_Multi_View_Stereo_for_Autonomous_Driving_2603.03765.pdf,https://github.com/Akina2001/DriveMVS.git,code_link_found_not_audited,"Codex:3D-Reconstruction, Codex:3D4D-Reconstruction"
2603.04029,Self-adapting Robotic Agents through Online Continual Reinforcement Learning with World Model Feedback,2026-arxiv,SLAM/机器人/自动驾驶世界模型,训练/监督角度,提升可控生成/世界演化预测,SLAM / pose graph / online mapping pipeline,本文方法,本文方法 针对「提升可控生成/世界演化预测」，从「训练/监督角度」切入，主要采用「SLAM / pose graph / online mapping pipeline」来服务「SLAM/机器人/自动驾驶世界模型」。,/Volumes/UBag/Documents/l40server_mirror/lyra/Lyra-2/paper_collection_3d4d_reconstruction_2026_04_26/boardmix_mindmap/method_figures/2603.04029_paper.png,/Volumes/UBag/Documents/l40server_mirror/lyra/Lyra-2/paper_collection_3d4d_reconstruction_2026_04_26/pdfs/2026_Self_adapting_Robotic_Agents_through_Online_Continual_Reinforcement_Learning_with_World_Mo_2603.04029.pdf,,code_link_found_not_audited,"Codex:3D+4D-Evolution, Codex:3D4D-Reconstruction"
2603.04317,World Properties without World Models: Recovering Spatial and Temporal Structure from Co-occurrence Statistics in Static Word Embeddings,2026-arxiv,动态场景与 4D 重建,时空/动态角度,提升可控生成/世界演化预测,Motion decomposition / canonical space / deformation,World Properties without World Models,World Properties without World Models 针对「提升可控生成/世界演化预测」，从「时空/动态角度」切入，主要采用「Motion decomposition / canonical space / deformation」来服务「动态场景与 4D 重建」。,/Volumes/UBag/Documents/l40server_mirror/lyra/Lyra-2/paper_collection_3d4d_reconstruction_2026_04_26/boardmix_mindmap/method_figures/2603.04317_World_Properties_without_World_Models.png,/Volumes/UBag/Documents/l40server_mirror/lyra/Lyra-2/paper_collection_3d4d_reconstruction_2026_04_26/pdfs/2026_World_Properties_without_World_Models_Recovering_Spatial_and_Temporal_Structure_from_Co_oc_2603.04317.pdf,https://github.com/elanbarenholtz/static-embeddings-space-time,code_link_found_not_audited,"Codex:3D+4D-Evolution, Codex:3D4D-Reconstruction"
2603.05330,Dark3R: Learning Structure from Motion in the Dark,2026-arxiv,动态场景与 4D 重建,训练/监督角度,建模运动/形变/时间一致性,SLAM / pose graph / online mapping pipeline,Dark3R,Dark3R 针对「建模运动/形变/时间一致性」，从「训练/监督角度」切入，主要采用「SLAM / pose graph / online mapping pipeline」来服务「动态场景与 4D 重建」。,/Volumes/UBag/Documents/l40server_mirror/lyra/Lyra-2/paper_collection_3d4d_reconstruction_2026_04_26/boardmix_mindmap/method_figures/2603.05330_Dark3R.png,/Volumes/UBag/Documents/l40server_mirror/lyra/Lyra-2/paper_collection_3d4d_reconstruction_2026_04_26/pdfs/2026_Dark3R_Learning_Structure_from_Motion_in_the_Dark_2603.05330.pdf,,no_code_link_found,"Codex:3D-Reconstruction, Codex:3D4D-Reconstruction"
2603.04770,DSA-SRGS: Super-Resolution Gaussian Splatting for Dynamic Sparse-View DSA Reconstruction,2026-arxiv,动态场景与 4D 重建,训练/监督角度,解决稀疏视角几何不稳定,Gaussian Splatting 表示与正则化,DSA-SRGS,DSA-SRGS 针对「解决稀疏视角几何不稳定」，从「训练/监督角度」切入，主要采用「Gaussian Splatting 表示与正则化」来服务「动态场景与 4D 重建」。,/Volumes/UBag/Documents/l40server_mirror/lyra/Lyra-2/paper_collection_3d4d_reconstruction_2026_04_26/boardmix_mindmap/method_figures/2603.04770_DSA-SRGS.png,/Volumes/UBag/Documents/l40server_mirror/lyra/Lyra-2/paper_collection_3d4d_reconstruction_2026_04_26/pdfs/2026_DSA_SRGS_Super_Resolution_Gaussian_Splatting_for_Dynamic_Sparse_View_DSA_Reconstruction_2603.04770.pdf,,no_code_link_found,"Codex:3D-Reconstruction, Codex:3D4D-Reconstruction, Codex:4D-Reconstruction"
2603.04290,Gaussian Wardrobe: Compositional 3D Gaussian Avatars for Free-Form Virtual Try-On,2026-arxiv,人体/头像/可动画资产,时空/动态角度,建模运动/形变/时间一致性,SLAM / pose graph / online mapping pipeline,Gaussian Wardrobe,Gaussian Wardrobe 针对「建模运动/形变/时间一致性」，从「时空/动态角度」切入，主要采用「SLAM / pose graph / online mapping pipeline」来服务「人体/头像/可动画资产」。,/Volumes/UBag/Documents/l40server_mirror/lyra/Lyra-2/paper_collection_3d4d_reconstruction_2026_04_26/boardmix_mindmap/method_figures/2603.04290_Gaussian_Wardrobe.png,/Volumes/UBag/Documents/l40server_mirror/lyra/Lyra-2/paper_collection_3d4d_reconstruction_2026_04_26/pdfs/2026_Gaussian_Wardrobe_Compositional_3D_Gaussian_Avatars_for_Free_Form_Virtual_Try_On_2603.04290.pdf,,no_code_link_found,"Codex:3D-Reconstruction, Codex:3D4D-Reconstruction"
2603.05108,GaussTwin: Unified Simulation and Correction with Gaussian Splatting for Robotic Digital Twins,2026-arxiv,动态场景与 4D 重建,时空/动态角度,接入 SLAM/机器人闭环系统,SLAM / pose graph / online mapping pipeline,GaussTwin,GaussTwin 针对「接入 SLAM/机器人闭环系统」，从「时空/动态角度」切入，主要采用「SLAM / pose graph / online mapping pipeline」来服务「动态场景与 4D 重建」。,/Volumes/UBag/Documents/l40server_mirror/lyra/Lyra-2/paper_collection_3d4d_reconstruction_2026_04_26/boardmix_mindmap/method_figures/2603.05108_GaussTwin.png,/Volumes/UBag/Documents/l40server_mirror/lyra/Lyra-2/paper_collection_3d4d_reconstruction_2026_04_26/pdfs/2026_GaussTwin_Unified_Simulation_and_Correction_with_Gaussian_Splatting_for_Robotic_Digital_Tw_2603.05108.pdf,https://github.com/6cyc6/gausstwin,code_link_found_not_audited,"Codex:3D-Reconstruction, Codex:3D4D-Reconstruction"
2603.04847,GloSplat: Joint Pose-Appearance Optimization for Faster and More Accurate 3D Reconstruction,2026-arxiv,实时/大规模/高效 3D 表示,表示/几何角度,解决稀疏视角几何不稳定,Gaussian Splatting 表示与正则化,GloSplat,GloSplat 针对「解决稀疏视角几何不稳定」，从「表示/几何角度」切入，主要采用「Gaussian Splatting 表示与正则化」来服务「实时/大规模/高效 3D 表示」。,/Volumes/UBag/Documents/l40server_mirror/lyra/Lyra-2/paper_collection_3d4d_reconstruction_2026_04_26/boardmix_mindmap/method_figures/2603.04847_GloSplat.png,/Volumes/UBag/Documents/l40server_mirror/lyra/Lyra-2/paper_collection_3d4d_reconstruction_2026_04_26/pdfs/2026_GloSplat_Joint_Pose_Appearance_Optimization_for_Faster_and_More_Accurate_3D_Reconstruction_2603.04847.pdf,,no_code_link_found,"Codex:3D-Reconstruction, Codex:3D4D-Reconstruction"
2603.04993,MultiGO++: Monocular 3D Clothed Human Reconstruction via Geometry-Texture Collaboration,2026-arxiv,人体/头像/可动画资产,训练/监督角度,解决稀疏视角几何不稳定,SLAM / pose graph / online mapping pipeline,MultiGO++,MultiGO++ 针对「解决稀疏视角几何不稳定」，从「训练/监督角度」切入，主要采用「SLAM / pose graph / online mapping pipeline」来服务「人体/头像/可动画资产」。,/Volumes/UBag/Documents/l40server_mirror/lyra/Lyra-2/paper_collection_3d4d_reconstruction_2026_04_26/boardmix_mindmap/method_figures/2603.04993_MultiGO.png,/Volumes/UBag/Documents/l40server_mirror/lyra/Lyra-2/paper_collection_3d4d_reconstruction_2026_04_26/pdfs/2026_MultiGO_Monocular_3D_Clothed_Human_Reconstruction_via_Geometry_Texture_Collaboration_2603.04993.pdf,,no_code_link_found,"Codex:3D-Reconstruction, Codex:3D4D-Reconstruction"
2603.04179,NOVA3R: Non-pixel-aligned Visual Transformer for Amodal 3D Reconstruction,2026-arxiv,多视角几何/表面/场景重建,表示/几何角度,解决稀疏视角几何不稳定,Feed-forward / Transformer / Foundation Model,NOVA3R,NOVA3R 针对「解决稀疏视角几何不稳定」，从「表示/几何角度」切入，主要采用「Feed-forward / Transformer / Foundation Model」来服务「多视角几何/表面/场景重建」。,/Volumes/UBag/Documents/l40server_mirror/lyra/Lyra-2/paper_collection_3d4d_reconstruction_2026_04_26/boardmix_mindmap/method_figures/2603.04179_NOVA3R.png,/Volumes/UBag/Documents/l40server_mirror/lyra/Lyra-2/paper_collection_3d4d_reconstruction_2026_04_26/pdfs/2026_NOVA3R_Non_pixel_aligned_Visual_Transformer_for_Amodal_3D_Reconstruction_2603.04179.pdf,https://github.com/wrchen530/nova3r,code_link_found_not_audited,"Codex:3D-Reconstruction, Codex:3D4D-Reconstruction"
2603.05081,Orthogonal Spatial-temporal Distributional Transfer for 4D Generation,2026-arxiv,动态场景与 4D 重建,时空/动态角度,建模运动/形变/时间一致性,Motion decomposition / canonical space / deformation,本文方法,本文方法 针对「建模运动/形变/时间一致性」，从「时空/动态角度」切入，主要采用「Motion decomposition / canonical space / deformation」来服务「动态场景与 4D 重建」。,/Volumes/UBag/Documents/l40server_mirror/lyra/Lyra-2/paper_collection_3d4d_reconstruction_2026_04_26/boardmix_mindmap/method_figures/2603.05081_paper.png,/Volumes/UBag/Documents/l40server_mirror/lyra/Lyra-2/paper_collection_3d4d_reconstruction_2026_04_26/pdfs/2026_Orthogonal_Spatial_temporal_Distributional_Transfer_for_4D_Generation_2603.05081.pdf,,no_code_link_found,"Codex:3D+4D-Evolution, Codex:3D4D-Reconstruction"
2603.05152,SSR-GS: Separating Specular Reflection in Gaussian Splatting for Glossy Surface Reconstruction,2026-arxiv,多视角几何/表面/场景重建,表示/几何角度,提升几何一致性/表面质量,SDF/隐式表面/网格/点云,SSR-GS,SSR-GS 针对「提升几何一致性/表面质量」，从「表示/几何角度」切入，主要采用「SDF/隐式表面/网格/点云」来服务「多视角几何/表面/场景重建」。,/Volumes/UBag/Documents/l40server_mirror/lyra/Lyra-2/paper_collection_3d4d_reconstruction_2026_04_26/boardmix_mindmap/method_figures/2603.05152_SSR-GS.png,/Volumes/UBag/Documents/l40server_mirror/lyra/Lyra-2/paper_collection_3d4d_reconstruction_2026_04_26/pdfs/2026_SSR_GS_Separating_Specular_Reflection_in_Gaussian_Splatting_for_Glossy_Surface_Reconstruct_2603.05152.pdf,,code_link_found_not_audited,"Codex:3D-Reconstruction, Codex:3D4D-Reconstruction"
2603.05473,Towards 3D Scene Understanding of Gas Plumes in LWIR Hyperspectral Images Using Neural Radiance Fields,2026-arxiv,领域/传感器特化重建,训练/监督角度,解决稀疏视角几何不稳定,NeRF/辐射场/体渲染,LWIR,LWIR 针对「解决稀疏视角几何不稳定」，从「训练/监督角度」切入，主要采用「NeRF/辐射场/体渲染」来服务「领域/传感器特化重建」。,/Volumes/UBag/Documents/l40server_mirror/lyra/Lyra-2/paper_collection_3d4d_reconstruction_2026_04_26/boardmix_mindmap/method_figures/2603.05473_LWIR.png,/Volumes/UBag/Documents/l40server_mirror/lyra/Lyra-2/paper_collection_3d4d_reconstruction_2026_04_26/pdfs/2026_Towards_3D_Scene_Understanding_of_Gas_Plumes_in_LWIR_Hyperspectral_Images_Using_Neural_Rad_2603.05473.pdf,https://github.com/lanl/HSI-Nerfstudio,code_link_found_not_audited,"Codex:3D-Reconstruction, Codex:3D4D-Reconstruction"
2602.24290,UFO-4D: Unposed Feedforward 4D Reconstruction from Two Images,2026-arxiv,动态场景与 4D 重建,训练/监督角度,建模运动/形变/时间一致性,Gaussian Splatting 表示与正则化,UFO-4D,UFO-4D 针对「建模运动/形变/时间一致性」，从「训练/监督角度」切入，主要采用「Gaussian Splatting 表示与正则化」来服务「动态场景与 4D 重建」。,/Volumes/UBag/Documents/l40server_mirror/lyra/Lyra-2/paper_collection_3d4d_reconstruction_2026_04_26/boardmix_mindmap/method_figures/2602.24290_UFO-4D.png,/Volumes/UBag/Documents/l40server_mirror/lyra/Lyra-2/paper_collection_3d4d_reconstruction_2026_04_26/pdfs/2026_UFO_4D_Unposed_Feedforward_4D_Reconstruction_from_Two_Images_2602.24290.pdf,https://github.com/ufo-4d/ufo-4d,code_link_found_not_audited,"Codex:3D4D-Reconstruction, Codex:4D-Reconstruction"
2603.06860,ColonSplat: Reconstruction of Peristaltic Motion in Colonoscopy with Dynamic Gaussian Splatting,2026-arxiv,动态场景与 4D 重建,时空/动态角度,建模运动/形变/时间一致性,Motion decomposition / canonical space / deformation,ColonSplat,ColonSplat 针对「建模运动/形变/时间一致性」，从「时空/动态角度」切入，主要采用「Motion decomposition / canonical space / deformation」来服务「动态场景与 4D 重建」。,/Volumes/UBag/Documents/l40server_mirror/lyra/Lyra-2/paper_collection_3d4d_reconstruction_2026_04_26/boardmix_mindmap/method_figures/2603.06860_ColonSplat.png,/Volumes/UBag/Documents/l40server_mirror/lyra/Lyra-2/paper_collection_3d4d_reconstruction_2026_04_26/pdfs/2026_ColonSplat_Reconstruction_of_Peristaltic_Motion_in_Colonoscopy_with_Dynamic_Gaussian_Splat_2603.06860.pdf,,no_code_link_found,"Codex:3D-Reconstruction, Codex:3D4D-Reconstruction, Codex:4D-Reconstruction"
2603.05882,CylinderSplat: 3D Gaussian Splatting with Cylindrical Triplanes for Panoramic Novel View Synthesis,2026-arxiv,稀疏/单目/少视角 3D 重建,表示/几何角度,解决稀疏视角几何不稳定,Gaussian Splatting 表示与正则化,CylinderSplat,CylinderSplat 针对「解决稀疏视角几何不稳定」，从「表示/几何角度」切入，主要采用「Gaussian Splatting 表示与正则化」来服务「稀疏/单目/少视角 3D 重建」。,/Volumes/UBag/Documents/l40server_mirror/lyra/Lyra-2/paper_collection_3d4d_reconstruction_2026_04_26/boardmix_mindmap/method_figures/2603.05882_CylinderSplat.png,/Volumes/UBag/Documents/l40server_mirror/lyra/Lyra-2/paper_collection_3d4d_reconstruction_2026_04_26/pdfs/2026_CylinderSplat_3D_Gaussian_Splatting_with_Cylindrical_Triplanes_for_Panoramic_Novel_View_Sy_2603.05882.pdf,,no_code_link_found,"Codex:3D-Reconstruction, Codex:3D4D-Reconstruction"
2603.06216,EntON: Eigenentropy-Optimized Neighborhood Densification in 3D Gaussian Splatting,2026-arxiv,实时/大规模/高效 3D 表示,表示/几何角度,降低显存/存储/模型体积,Pruning / compression / progressive coding,EntON,EntON 针对「降低显存/存储/模型体积」，从「表示/几何角度」切入，主要采用「Pruning / compression / progressive coding」来服务「实时/大规模/高效 3D 表示」。,/Volumes/UBag/Documents/l40server_mirror/lyra/Lyra-2/paper_collection_3d4d_reconstruction_2026_04_26/boardmix_mindmap/method_figures/2603.06216_EntON.png,/Volumes/UBag/Documents/l40server_mirror/lyra/Lyra-2/paper_collection_3d4d_reconstruction_2026_04_26/pdfs/2026_EntON_Eigenentropy_Optimized_Neighborhood_Densification_in_3D_Gaussian_Splatting_2603.06216.pdf,https://github.com/hbb1/2d-gaussian-splatting,code_link_found_not_audited,"Codex:3D-Reconstruction, Codex:3D4D-Reconstruction"
2603.05078,MoRe: Motion-aware Feed-forward 4D Reconstruction Transformer,2026-arxiv,动态场景与 4D 重建,时空/动态角度,建模运动/形变/时间一致性,Feed-forward / Transformer / Foundation Model,MoRe,MoRe 针对「建模运动/形变/时间一致性」，从「时空/动态角度」切入，主要采用「Feed-forward / Transformer / Foundation Model」来服务「动态场景与 4D 重建」。,/Volumes/UBag/Documents/l40server_mirror/lyra/Lyra-2/paper_collection_3d4d_reconstruction_2026_04_26/boardmix_mindmap/method_figures/2603.05078_MoRe.png,/Volumes/UBag/Documents/l40server_mirror/lyra/Lyra-2/paper_collection_3d4d_reconstruction_2026_04_26/pdfs/2026_MoRe_Motion_aware_Feed_forward_4D_Reconstruction_Transformer_2603.05078.pdf,https://github.com/HellexF/MoRe,code_link_found_not_audited,"Codex:3D4D-Reconstruction, Codex:4D-Reconstruction"
2603.03485,Phys4D: Fine-Grained Physics-Consistent 4D Modeling from Video Diffusion,2026-arxiv,动态场景与 4D 重建,时空/动态角度,建模运动/形变/时间一致性,Diffusion/生成先验/视频模型,Phys4D,Phys4D 针对「建模运动/形变/时间一致性」，从「时空/动态角度」切入，主要采用「Diffusion/生成先验/视频模型」来服务「动态场景与 4D 重建」。,/Volumes/UBag/Documents/l40server_mirror/lyra/Lyra-2/paper_collection_3d4d_reconstruction_2026_04_26/boardmix_mindmap/method_figures/2603.03485_Phys4D.png,/Volumes/UBag/Documents/l40server_mirror/lyra/Lyra-2/paper_collection_3d4d_reconstruction_2026_04_26/pdfs/2026_Phys4D_Fine_Grained_Physics_Consistent_4D_Modeling_from_Video_Diffusion_2603.03485.pdf,,no_code_link_found,"Codex:3D+4D-Evolution, Codex:3D4D-Reconstruction"
2603.05888,PixARMesh: Autoregressive Mesh-Native Single-View Scene Reconstruction,2026-arxiv,稀疏/单目/少视角 3D 重建,表示/几何角度,解决稀疏视角几何不稳定,SLAM / pose graph / online mapping pipeline,PixARMesh,PixARMesh 针对「解决稀疏视角几何不稳定」，从「表示/几何角度」切入，主要采用「SLAM / pose graph / online mapping pipeline」来服务「稀疏/单目/少视角 3D 重建」。,/Volumes/UBag/Documents/l40server_mirror/lyra/Lyra-2/paper_collection_3d4d_reconstruction_2026_04_26/boardmix_mindmap/method_figures/2603.05888_PixARMesh.png,/Volumes/UBag/Documents/l40server_mirror/lyra/Lyra-2/paper_collection_3d4d_reconstruction_2026_04_26/pdfs/2026_PixARMesh_Autoregressive_Mesh_Native_Single_View_Scene_Reconstruction_2603.05888.pdf,https://github.com/mlpc-ucsd/PixARMesh,code_link_found_not_audited,"Codex:3D-Reconstruction, Codex:3D4D-Reconstruction"
2603.05787,Spectral Probing of Feature Upsamplers in 2D-to-3D Scene Reconstruction,2026-arxiv,多视角几何/表面/场景重建,训练/监督角度,提升几何一致性/表面质量,Feed-forward / Transformer / Foundation Model,to-3D,to-3D 针对「提升几何一致性/表面质量」，从「训练/监督角度」切入，主要采用「Feed-forward / Transformer / Foundation Model」来服务「多视角几何/表面/场景重建」。,/Volumes/UBag/Documents/l40server_mirror/lyra/Lyra-2/paper_collection_3d4d_reconstruction_2026_04_26/boardmix_mindmap/method_figures/2603.05787_to-3D.png,/Volumes/UBag/Documents/l40server_mirror/lyra/Lyra-2/paper_collection_3d4d_reconstruction_2026_04_26/pdfs/2026_Spectral_Probing_of_Feature_Upsamplers_in_2D_to_3D_Scene_Reconstruction_2603.05787.pdf,,no_code_link_found,"Codex:3D-Reconstruction, Codex:3D4D-Reconstruction"
2603.05876,Systematic Evaluation of Novel View Synthesis for Video Place Recognition,2026-arxiv,SLAM/机器人/自动驾驶世界模型,系统/在线部署角度,接入 SLAM/机器人闭环系统,组合式/混合 pipeline,本文方法,本文方法 针对「接入 SLAM/机器人闭环系统」，从「系统/在线部署角度」切入，主要采用「组合式/混合 pipeline」来服务「SLAM/机器人/自动驾驶世界模型」。,/Volumes/UBag/Documents/l40server_mirror/lyra/Lyra-2/paper_collection_3d4d_reconstruction_2026_04_26/boardmix_mindmap/method_figures/2603.05876_paper.png,/Volumes/UBag/Documents/l40server_mirror/lyra/Lyra-2/paper_collection_3d4d_reconstruction_2026_04_26/pdfs/2026_Systematic_Evaluation_of_Novel_View_Synthesis_for_Video_Place_Recognition_2603.05876.pdf,,no_code_link_found,"Codex:3D-Reconstruction, Codex:3D4D-Reconstruction"
2603.06061,Transforming Omnidirectional RGB-LiDAR data into 3D Gaussian Splatting,2026-arxiv,实时/大规模/高效 3D 表示,表示/几何角度,建模运动/形变/时间一致性,Motion decomposition / canonical space / deformation,RGB-LiDAR,RGB-LiDAR 针对「建模运动/形变/时间一致性」，从「表示/几何角度」切入，主要采用「Motion decomposition / canonical space / deformation」来服务「实时/大规模/高效 3D 表示」。,/Volumes/UBag/Documents/l40server_mirror/lyra/Lyra-2/paper_collection_3d4d_reconstruction_2026_04_26/boardmix_mindmap/method_figures/2603.06061_RGB-LiDAR.png,/Volumes/UBag/Documents/l40server_mirror/lyra/Lyra-2/paper_collection_3d4d_reconstruction_2026_04_26/pdfs/2026_Transforming_Omnidirectional_RGB_LiDAR_data_into_3D_Gaussian_Splatting_2603.06061.pdf,,no_code_link_found,"Codex:3D-Reconstruction, Codex:3D4D-Reconstruction"
2603.06210,VG3S: Visual Geometry Grounded Gaussian Splatting for Semantic Occupancy Prediction,2026-arxiv,SLAM/机器人/自动驾驶世界模型,训练/监督角度,解决稀疏视角几何不稳定,Gaussian Splatting 表示与正则化,VG3S,VG3S 针对「解决稀疏视角几何不稳定」，从「训练/监督角度」切入，主要采用「Gaussian Splatting 表示与正则化」来服务「SLAM/机器人/自动驾驶世界模型」。,/Volumes/UBag/Documents/l40server_mirror/lyra/Lyra-2/paper_collection_3d4d_reconstruction_2026_04_26/boardmix_mindmap/method_figures/2603.06210_VG3S.png,/Volumes/UBag/Documents/l40server_mirror/lyra/Lyra-2/paper_collection_3d4d_reconstruction_2026_04_26/pdfs/2026_VG3S_Visual_Geometry_Grounded_Gaussian_Splatting_for_Semantic_Occupancy_Prediction_2603.06210.pdf,,no_code_link_found,"Codex:3D-Reconstruction, Codex:3D4D-Reconstruction"
2601.01144,VISO: Robust Underwater Visual-Inertial-Sonar SLAM with Photometric Rendering for Dense 3D Reconstruction,2026-arxiv,领域/传感器特化重建,计算角度,适配特殊传感器/行业场景,SLAM / pose graph / online mapping pipeline,VISO,VISO 针对「适配特殊传感器/行业场景」，从「计算角度」切入，主要采用「SLAM / pose graph / online mapping pipeline」来服务「领域/传感器特化重建」。,/Volumes/UBag/Documents/l40server_mirror/lyra/Lyra-2/paper_collection_3d4d_reconstruction_2026_04_26/boardmix_mindmap/method_figures/2601.01144_VISO.png,/Volumes/UBag/Documents/l40server_mirror/lyra/Lyra-2/paper_collection_3d4d_reconstruction_2026_04_26/pdfs/2026_VISO_Robust_Underwater_Visual_Inertial_Sonar_SLAM_with_Photometric_Rendering_for_Dense_3D_2601.01144.pdf,,no_code_link_found,"Codex:3D-Reconstruction, Codex:3D4D-Reconstruction"
2603.05851,VS3R: Robust Full-frame Video Stabilization via Deep 3D Reconstruction,2026-arxiv,动态场景与 4D 重建,时空/动态角度,建模运动/形变/时间一致性,Diffusion/生成先验/视频模型,VS3R,VS3R 针对「建模运动/形变/时间一致性」，从「时空/动态角度」切入，主要采用「Diffusion/生成先验/视频模型」来服务「动态场景与 4D 重建」。,/Volumes/UBag/Documents/l40server_mirror/lyra/Lyra-2/paper_collection_3d4d_reconstruction_2026_04_26/boardmix_mindmap/method_figures/2603.05851_VS3R.png,/Volumes/UBag/Documents/l40server_mirror/lyra/Lyra-2/paper_collection_3d4d_reconstruction_2026_04_26/pdfs/2026_VS3R_Robust_Full_frame_Video_Stabilization_via_Deep_3D_Reconstruction_2603.05851.pdf,,no_code_link_found,"Codex:3D-Reconstruction, Codex:3D4D-Reconstruction"
2603.06445,What if? Emulative Simulation with World Models for Situated Reasoning,2026-arxiv,SLAM/机器人/自动驾驶世界模型,时空/动态角度,提升可控生成/世界演化预测,Diffusion/生成先验/视频模型,本文方法,本文方法 针对「提升可控生成/世界演化预测」，从「时空/动态角度」切入，主要采用「Diffusion/生成先验/视频模型」来服务「SLAM/机器人/自动驾驶世界模型」。,/Volumes/UBag/Documents/l40server_mirror/lyra/Lyra-2/paper_collection_3d4d_reconstruction_2026_04_26/boardmix_mindmap/method_figures/2603.06445_paper.png,/Volumes/UBag/Documents/l40server_mirror/lyra/Lyra-2/paper_collection_3d4d_reconstruction_2026_04_26/pdfs/2026_What_if_Emulative_Simulation_with_World_Models_for_Situated_Reasoning_2603.06445.pdf,,no_code_link_found,"Codex:3D+4D-Evolution, Codex:3D4D-Reconstruction"
2603.07264,Kinematics-Aware Latent World Models for Data-Efficient Autonomous Driving,2026-arxiv,实时/大规模/高效 3D 表示,生成/世界模型角度,提升可控生成/世界演化预测,SLAM / pose graph / online mapping pipeline,Kinematics-Aware,Kinematics-Aware 针对「提升可控生成/世界演化预测」，从「生成/世界模型角度」切入，主要采用「SLAM / pose graph / online mapping pipeline」来服务「实时/大规模/高效 3D 表示」。,/Volumes/UBag/Documents/l40server_mirror/lyra/Lyra-2/paper_collection_3d4d_reconstruction_2026_04_26/boardmix_mindmap/method_figures/2603.07264_Kinematics-Aware.png,/Volumes/UBag/Documents/l40server_mirror/lyra/Lyra-2/paper_collection_3d4d_reconstruction_2026_04_26/pdfs/2026_Kinematics_Aware_Latent_World_Models_for_Data_Efficient_Autonomous_Driving_2603.07264.pdf,,no_code_link_found,"Codex:3D+4D-Evolution, Codex:3D4D-Reconstruction"
2603.07039,Self-Supervised Multi-Modal World Model with 4D Space-Time Embedding,2026-arxiv,实时/大规模/高效 3D 表示,训练/监督角度,提升泛化/跨场景/开放世界能力,Pruning / compression / progressive coding,Self-Supervised,Self-Supervised 针对「提升泛化/跨场景/开放世界能力」，从「训练/监督角度」切入，主要采用「Pruning / compression / progressive coding」来服务「实时/大规模/高效 3D 表示」。,/Volumes/UBag/Documents/l40server_mirror/lyra/Lyra-2/paper_collection_3d4d_reconstruction_2026_04_26/boardmix_mindmap/method_figures/2603.07039_Self-Supervised.png,/Volumes/UBag/Documents/l40server_mirror/lyra/Lyra-2/paper_collection_3d4d_reconstruction_2026_04_26/pdfs/2026_Self_Supervised_Multi_Modal_World_Model_with_4D_Space_Time_Embedding_2603.07039.pdf,https://github.com/legel/deepearth,code_link_found_not_audited,"Codex:3D+4D-Evolution, Codex:3D4D-Reconstruction"
2603.06971,SurgCUT3R: Surgical Scene-Aware Continuous Understanding of Temporal 3D Representation,2026-arxiv,实时/大规模/高效 3D 表示,训练/监督角度,解决稀疏视角几何不稳定,SLAM / pose graph / online mapping pipeline,SurgCUT3R,SurgCUT3R 针对「解决稀疏视角几何不稳定」，从「训练/监督角度」切入，主要采用「SLAM / pose graph / online mapping pipeline」来服务「实时/大规模/高效 3D 表示」。,/Volumes/UBag/Documents/l40server_mirror/lyra/Lyra-2/paper_collection_3d4d_reconstruction_2026_04_26/boardmix_mindmap/method_figures/2603.06971_SurgCUT3R.png,/Volumes/UBag/Documents/l40server_mirror/lyra/Lyra-2/paper_collection_3d4d_reconstruction_2026_04_26/pdfs/2026_SurgCUT3R_Surgical_Scene_Aware_Continuous_Understanding_of_Temporal_3D_Representation_2603.06971.pdf,https://github.com/eliahuhorwitz/Academic-project-page-template,code_link_found_not_audited,"Codex:3D-Reconstruction, Codex:3D4D-Reconstruction"
2603.07794,4DRC-OCC: Robust Semantic Occupancy Prediction Through Fusion of 4D Radar and Camera,2026-arxiv,SLAM/机器人/自动驾驶世界模型,训练/监督角度,提升几何一致性/表面质量,组合式/混合 pipeline,4DRC-OCC,4DRC-OCC 针对「提升几何一致性/表面质量」，从「训练/监督角度」切入，主要采用「组合式/混合 pipeline」来服务「SLAM/机器人/自动驾驶世界模型」。,/Volumes/UBag/Documents/l40server_mirror/lyra/Lyra-2/paper_collection_3d4d_reconstruction_2026_04_26/boardmix_mindmap/method_figures/2603.07794_4DRC-OCC.png,/Volumes/UBag/Documents/l40server_mirror/lyra/Lyra-2/paper_collection_3d4d_reconstruction_2026_04_26/pdfs/2026_4DRC_OCC_Robust_Semantic_Occupancy_Prediction_Through_Fusion_of_4D_Radar_and_Camera_2603.07794.pdf,,no_code_link_found,"Codex:3D-Reconstruction, Codex:3D4D-Reconstruction"
2603.07533,ACCURATE: Arbitrary-shaped Continuum Reconstruction Under Robust Adaptive Two-view Estimation,2026-arxiv,动态场景与 4D 重建,时空/动态角度,建模运动/形变/时间一致性,SLAM / pose graph / online mapping pipeline,ACCURATE,ACCURATE 针对「建模运动/形变/时间一致性」，从「时空/动态角度」切入，主要采用「SLAM / pose graph / online mapping pipeline」来服务「动态场景与 4D 重建」。,/Volumes/UBag/Documents/l40server_mirror/lyra/Lyra-2/paper_collection_3d4d_reconstruction_2026_04_26/boardmix_mindmap/method_figures/2603.07533_ACCURATE.png,/Volumes/UBag/Documents/l40server_mirror/lyra/Lyra-2/paper_collection_3d4d_reconstruction_2026_04_26/pdfs/2026_ACCURATE_Arbitrary_shaped_Continuum_Reconstruction_Under_Robust_Adaptive_Two_view_Estimati_2603.07533.pdf,,no_code_link_found,"Codex:3D-Reconstruction, Codex:3D4D-Reconstruction"
2603.07441,DogWeave: High-Fidelity 3D Canine Reconstruction from a Single Image via Normal Fusion and Conditional Inpainting,2026-arxiv,多视角几何/表面/场景重建,表示/几何角度,提升几何一致性/表面质量,SDF/隐式表面/网格/点云,DogWeave,DogWeave 针对「提升几何一致性/表面质量」，从「表示/几何角度」切入，主要采用「SDF/隐式表面/网格/点云」来服务「多视角几何/表面/场景重建」。,/Volumes/UBag/Documents/l40server_mirror/lyra/Lyra-2/paper_collection_3d4d_reconstruction_2026_04_26/boardmix_mindmap/method_figures/2603.07441_DogWeave.png,/Volumes/UBag/Documents/l40server_mirror/lyra/Lyra-2/paper_collection_3d4d_reconstruction_2026_04_26/pdfs/2026_DogWeave_High_Fidelity_3D_Canine_Reconstruction_from_a_Single_Image_via_Normal_Fusion_and_2603.07441.pdf,https://github.com/octree-nn/ognn-pytorch,code_link_found_not_audited,"Codex:3D-Reconstruction, Codex:3D4D-Reconstruction"
2603.07604,EmbedTalk: Triplane-Free Talking Head Synthesis using Embedding-Driven Gaussian Deformation,2026-arxiv,动态场景与 4D 重建,时空/动态角度,建模运动/形变/时间一致性,Motion decomposition / canonical space / deformation,EmbedTalk,EmbedTalk 针对「建模运动/形变/时间一致性」，从「时空/动态角度」切入，主要采用「Motion decomposition / canonical space / deformation」来服务「动态场景与 4D 重建」。,/Volumes/UBag/Documents/l40server_mirror/lyra/Lyra-2/paper_collection_3d4d_reconstruction_2026_04_26/boardmix_mindmap/method_figures/2603.07604_EmbedTalk.png,/Volumes/UBag/Documents/l40server_mirror/lyra/Lyra-2/paper_collection_3d4d_reconstruction_2026_04_26/pdfs/2026_EmbedTalk_Triplane_Free_Talking_Head_Synthesis_using_Embedding_Driven_Gaussian_Deformation_2603.07604.pdf,https://github.com/dendenxu/fast-gaussian-rasterization,code_link_found_not_audited,"Codex:3D-Reconstruction, Codex:3D4D-Reconstruction"
2603.07552,ReconDrive: Fast Feed-Forward 4D Gaussian Splatting for Autonomous Driving Scene Reconstruction,2026-arxiv,动态场景与 4D 重建,时空/动态角度,建模运动/形变/时间一致性,Feed-forward / Transformer / Foundation Model,ReconDrive,ReconDrive 针对「建模运动/形变/时间一致性」，从「时空/动态角度」切入，主要采用「Feed-forward / Transformer / Foundation Model」来服务「动态场景与 4D 重建」。,/Volumes/UBag/Documents/l40server_mirror/lyra/Lyra-2/paper_collection_3d4d_reconstruction_2026_04_26/boardmix_mindmap/method_figures/2603.07552_ReconDrive.png,/Volumes/UBag/Documents/l40server_mirror/lyra/Lyra-2/paper_collection_3d4d_reconstruction_2026_04_26/pdfs/2026_ReconDrive_Fast_Feed_Forward_4D_Gaussian_Splatting_for_Autonomous_Driving_Scene_Reconstruc_2603.07552.pdf,https://github.com/TuojingAI/ReconDrive,code_link_found_not_audited,"Codex:3D-Reconstruction, Codex:3D4D-Reconstruction, Codex:4D-Reconstruction"
2603.08519,AtomVLA: Scalable Post-Training for Robotic Manipulation via Predictive Latent World Models,2026-arxiv,SLAM/机器人/自动驾驶世界模型,生成/世界模型角度,提升可控生成/世界演化预测,SLAM / pose graph / online mapping pipeline,AtomVLA,AtomVLA 针对「提升可控生成/世界演化预测」，从「生成/世界模型角度」切入，主要采用「SLAM / pose graph / online mapping pipeline」来服务「SLAM/机器人/自动驾驶世界模型」。,/Volumes/UBag/Documents/l40server_mirror/lyra/Lyra-2/paper_collection_3d4d_reconstruction_2026_04_26/boardmix_mindmap/method_figures/2603.08519_AtomVLA.png,/Volumes/UBag/Documents/l40server_mirror/lyra/Lyra-2/paper_collection_3d4d_reconstruction_2026_04_26/pdfs/2026_AtomVLA_Scalable_Post_Training_for_Robotic_Manipulation_via_Predictive_Latent_World_Models_2603.08519.pdf,,no_code_link_found,"Codex:3D+4D-Evolution, Codex:3D4D-Reconstruction"
2603.08254,DynamicVGGT: Learning Dynamic Point Maps for 4D Scene Reconstruction in Autonomous Driving,2026-arxiv,动态场景与 4D 重建,表示/几何角度,建模运动/形变/时间一致性,Motion decomposition / canonical space / deformation,DynamicVGGT,DynamicVGGT 针对「建模运动/形变/时间一致性」，从「表示/几何角度」切入，主要采用「Motion decomposition / canonical space / deformation」来服务「动态场景与 4D 重建」。,/Volumes/UBag/Documents/l40server_mirror/lyra/Lyra-2/paper_collection_3d4d_reconstruction_2026_04_26/boardmix_mindmap/method_figures/2603.08254_DynamicVGGT.png,/Volumes/UBag/Documents/l40server_mirror/lyra/Lyra-2/paper_collection_3d4d_reconstruction_2026_04_26/pdfs/2026_DynamicVGGT_Learning_Dynamic_Point_Maps_for_4D_Scene_Reconstruction_in_Autonomous_Driving_2603.08254.pdf,,no_code_link_found,"Codex:3D-Reconstruction, Codex:3D4D-Reconstruction, Codex:4D-Reconstruction"
2603.08133,Fast Low-light Enhancement and Deblurring for 3D Dark Scenes,2026-arxiv,动态场景与 4D 重建,训练/监督角度,建模运动/形变/时间一致性,Pruning / compression / progressive coding,本文方法,本文方法 针对「建模运动/形变/时间一致性」，从「训练/监督角度」切入，主要采用「Pruning / compression / progressive coding」来服务「动态场景与 4D 重建」。,/Volumes/UBag/Documents/l40server_mirror/lyra/Lyra-2/paper_collection_3d4d_reconstruction_2026_04_26/boardmix_mindmap/method_figures/2603.08133_paper.png,/Volumes/UBag/Documents/l40server_mirror/lyra/Lyra-2/paper_collection_3d4d_reconstruction_2026_04_26/pdfs/2026_Fast_Low_light_Enhancement_and_Deblurring_for_3D_Dark_Scenes_2603.08133.pdf,,no_code_link_found,"Codex:3D-Reconstruction, Codex:3D4D-Reconstruction"
2603.08255,FlowTouch: View-Invariant Visuo-Tactile Prediction,2026-arxiv,SLAM/机器人/自动驾驶世界模型,表示/几何角度,提升几何一致性/表面质量,Sensor/domain-specific pipeline,FlowTouch,FlowTouch 针对「提升几何一致性/表面质量」，从「表示/几何角度」切入，主要采用「Sensor/domain-specific pipeline」来服务「SLAM/机器人/自动驾驶世界模型」。,/Volumes/UBag/Documents/l40server_mirror/lyra/Lyra-2/paper_collection_3d4d_reconstruction_2026_04_26/boardmix_mindmap/method_figures/2603.08255_FlowTouch.png,/Volumes/UBag/Documents/l40server_mirror/lyra/Lyra-2/paper_collection_3d4d_reconstruction_2026_04_26/pdfs/2026_FlowTouch_View_Invariant_Visuo_Tactile_Prediction_2603.08255.pdf,https://github.com/flowtouch/flowtouch,code_link_found_not_audited,"Codex:3D-Reconstruction, Codex:3D4D-Reconstruction"
2603.08313,HDR-NSFF: High Dynamic Range Neural Scene Flow Fields,2026-arxiv,动态场景与 4D 重建,时空/动态角度,建模运动/形变/时间一致性,Motion decomposition / canonical space / deformation,HDR-NSFF,HDR-NSFF 针对「建模运动/形变/时间一致性」，从「时空/动态角度」切入，主要采用「Motion decomposition / canonical space / deformation」来服务「动态场景与 4D 重建」。,/Volumes/UBag/Documents/l40server_mirror/lyra/Lyra-2/paper_collection_3d4d_reconstruction_2026_04_26/boardmix_mindmap/method_figures/2603.08313_HDR-NSFF.png,/Volumes/UBag/Documents/l40server_mirror/lyra/Lyra-2/paper_collection_3d4d_reconstruction_2026_04_26/pdfs/2026_HDR_NSFF_High_Dynamic_Range_Neural_Scene_Flow_Fields_2603.08313.pdf,https://github.com/kaist-ami/HDR-NSFF,code_link_found_not_audited,"Codex:3D4D-Reconstruction, Codex:4D-Reconstruction"
2603.08546,Interactive World Simulator for Robot Policy Training and Evaluation,2026-arxiv,生成式 3D/4D 内容与仿真,生成/世界模型角度,提升可控生成/世界演化预测,Pruning / compression / progressive coding,本文方法,本文方法 针对「提升可控生成/世界演化预测」，从「生成/世界模型角度」切入，主要采用「Pruning / compression / progressive coding」来服务「生成式 3D/4D 内容与仿真」。,/Volumes/UBag/Documents/l40server_mirror/lyra/Lyra-2/paper_collection_3d4d_reconstruction_2026_04_26/boardmix_mindmap/method_figures/2603.08546_paper.png,/Volumes/UBag/Documents/l40server_mirror/lyra/Lyra-2/paper_collection_3d4d_reconstruction_2026_04_26/pdfs/2026_Interactive_World_Simulator_for_Robot_Policy_Training_and_Evaluation_2603.08546.pdf,,no_code_link_found,"Codex:3D+4D-Evolution, Codex:3D4D-Reconstruction"
2603.08147,MV-Fashion: Towards Enabling Virtual Try-On and Size Estimation with Multi-View Paired Data,2026-arxiv,人体/头像/可动画资产,时空/动态角度,建模运动/形变/时间一致性,SDF/隐式表面/网格/点云,MV-Fashion,MV-Fashion 针对「建模运动/形变/时间一致性」，从「时空/动态角度」切入，主要采用「SDF/隐式表面/网格/点云」来服务「人体/头像/可动画资产」。,/Volumes/UBag/Documents/l40server_mirror/lyra/Lyra-2/paper_collection_3d4d_reconstruction_2026_04_26/boardmix_mindmap/method_figures/2603.08147_MV-Fashion.png,/Volumes/UBag/Documents/l40server_mirror/lyra/Lyra-2/paper_collection_3d4d_reconstruction_2026_04_26/pdfs/2026_MV_Fashion_Towards_Enabling_Virtual_Try_On_and_Size_Estimation_with_Multi_View_Paired_Data_2603.08147.pdf,https://github.com/HunorLaczko/MV-Fashion,code_link_found_not_audited,"Codex:3D-Reconstruction, Codex:3D4D-Reconstruction"
2603.08997,SkipGS: Post-Densification Backward Skipping for Efficient 3DGS Training,2026-arxiv,实时/大规模/高效 3D 表示,计算角度,减少优化/采样/渲染步骤,Gaussian Splatting 表示与正则化,SkipGS,SkipGS 针对「减少优化/采样/渲染步骤」，从「计算角度」切入，主要采用「Gaussian Splatting 表示与正则化」来服务「实时/大规模/高效 3D 表示」。,/Volumes/UBag/Documents/l40server_mirror/lyra/Lyra-2/paper_collection_3d4d_reconstruction_2026_04_26/boardmix_mindmap/method_figures/2603.08997_SkipGS.png,/Volumes/UBag/Documents/l40server_mirror/lyra/Lyra-2/paper_collection_3d4d_reconstruction_2026_04_26/pdfs/2026_SkipGS_Post_Densification_Backward_Skipping_for_Efficient_3DGS_Training_2603.08997.pdf,,no_code_link_found,"Codex:3D-Reconstruction, Codex:3D4D-Reconstruction"
2603.08055,Speed3R: Sparse Feed-forward 3D Reconstruction Models,2026-arxiv,实时/大规模/高效 3D 表示,计算角度,降低显存/存储/模型体积,Feed-forward / Transformer / Foundation Model,Speed3R,Speed3R 针对「降低显存/存储/模型体积」，从「计算角度」切入，主要采用「Feed-forward / Transformer / Foundation Model」来服务「实时/大规模/高效 3D 表示」。,/Volumes/UBag/Documents/l40server_mirror/lyra/Lyra-2/paper_collection_3d4d_reconstruction_2026_04_26/boardmix_mindmap/method_figures/2603.08055_Speed3R.png,/Volumes/UBag/Documents/l40server_mirror/lyra/Lyra-2/paper_collection_3d4d_reconstruction_2026_04_26/pdfs/2026_Speed3R_Sparse_Feed_forward_3D_Reconstruction_Models_2603.08055.pdf,https://github.com/Visual-AI/speed3r,code_link_found_not_audited,"Codex:3D-Reconstruction, Codex:3D4D-Reconstruction"
2603.08503,Spherical-GOF: Geometry-Aware Panoramic Gaussian Opacity Fields for 3D Scene Reconstruction,2026-arxiv,实时/大规模/高效 3D 表示,表示/几何角度,提升几何一致性/表面质量,Gaussian Splatting 表示与正则化,Spherical-GOF,Spherical-GOF 针对「提升几何一致性/表面质量」，从「表示/几何角度」切入，主要采用「Gaussian Splatting 表示与正则化」来服务「实时/大规模/高效 3D 表示」。,/Volumes/UBag/Documents/l40server_mirror/lyra/Lyra-2/paper_collection_3d4d_reconstruction_2026_04_26/boardmix_mindmap/method_figures/2603.08503_Spherical-GOF.png,/Volumes/UBag/Documents/l40server_mirror/lyra/Lyra-2/paper_collection_3d4d_reconstruction_2026_04_26/pdfs/2026_Spherical_GOF_Geometry_Aware_Panoramic_Gaussian_Opacity_Fields_for_3D_Scene_Reconstruction_2603.08503.pdf,https://github.com/1170632760/Spherical-GOF,code_link_found_not_audited,"Codex:3D-Reconstruction, Codex:3D4D-Reconstruction"
2603.08983,SurgCalib: Gaussian Splatting-Based Hand-Eye Calibration for Robot-Assisted Minimally Invasive Surgery,2026-arxiv,人体/头像/可动画资产,表示/几何角度,接入 SLAM/机器人闭环系统,SLAM / pose graph / online mapping pipeline,SurgCalib,SurgCalib 针对「接入 SLAM/机器人闭环系统」，从「表示/几何角度」切入，主要采用「SLAM / pose graph / online mapping pipeline」来服务「人体/头像/可动画资产」。,/Volumes/UBag/Documents/l40server_mirror/lyra/Lyra-2/paper_collection_3d4d_reconstruction_2026_04_26/boardmix_mindmap/method_figures/2603.08983_SurgCalib.png,/Volumes/UBag/Documents/l40server_mirror/lyra/Lyra-2/paper_collection_3d4d_reconstruction_2026_04_26/pdfs/2026_SurgCalib_Gaussian_Splatting_Based_Hand_Eye_Calibration_for_Robot_Assisted_Minimally_Invas_2603.08983.pdf,,code_link_found_not_audited,"Codex:3D-Reconstruction, Codex:3D4D-Reconstruction"
2603.10125,4DEquine: Disentangling Motion and Appearance for 4D Equine Reconstruction from Monocular Video,2026-arxiv,动态场景与 4D 重建,时空/动态角度,建模运动/形变/时间一致性,Motion decomposition / canonical space / deformation,4DEquine,4DEquine 针对「建模运动/形变/时间一致性」，从「时空/动态角度」切入，主要采用「Motion decomposition / canonical space / deformation」来服务「动态场景与 4D 重建」。,/Volumes/UBag/Documents/l40server_mirror/lyra/Lyra-2/paper_collection_3d4d_reconstruction_2026_04_26/boardmix_mindmap/method_figures/2603.10125_4DEquine.png,/Volumes/UBag/Documents/l40server_mirror/lyra/Lyra-2/paper_collection_3d4d_reconstruction_2026_04_26/pdfs/2026_4DEquine_Disentangling_Motion_and_Appearance_for_4D_Equine_Reconstruction_from_Monocular_V_2603.10125.pdf,https://github.com/luoxue-star/4DEquine,code_link_found_not_audited,"Codex:3D4D-Reconstruction, Codex:4D-Reconstruction"
2603.09291,DenoiseSplat: Feed-Forward Gaussian Splatting for Noisy 3D Scene Reconstruction,2026-arxiv,稀疏/单目/少视角 3D 重建,表示/几何角度,解决稀疏视角几何不稳定,Gaussian Splatting 表示与正则化,DenoiseSplat,DenoiseSplat 针对「解决稀疏视角几何不稳定」，从「表示/几何角度」切入，主要采用「Gaussian Splatting 表示与正则化」来服务「稀疏/单目/少视角 3D 重建」。,/Volumes/UBag/Documents/l40server_mirror/lyra/Lyra-2/paper_collection_3d4d_reconstruction_2026_04_26/boardmix_mindmap/method_figures/2603.09291_DenoiseSplat.png,/Volumes/UBag/Documents/l40server_mirror/lyra/Lyra-2/paper_collection_3d4d_reconstruction_2026_04_26/pdfs/2026_DenoiseSplat_Feed_Forward_Gaussian_Splatting_for_Noisy_3D_Scene_Reconstruction_2603.09291.pdf,https://github.com/dongjinkim9/IDF,code_link_found_not_audited,"Codex:3D-Reconstruction, Codex:3D4D-Reconstruction"
2603.09718,GSStream: 3D Gaussian Splatting based Volumetric Scene Streaming System,2026-arxiv,实时/大规模/高效 3D 表示,时空/动态角度,提升可控生成/世界演化预测,Gaussian Splatting 表示与正则化,GSStream,GSStream 针对「提升可控生成/世界演化预测」，从「时空/动态角度」切入，主要采用「Gaussian Splatting 表示与正则化」来服务「实时/大规模/高效 3D 表示」。,/Volumes/UBag/Documents/l40server_mirror/lyra/Lyra-2/paper_collection_3d4d_reconstruction_2026_04_26/boardmix_mindmap/method_figures/2603.09718_GSStream.png,/Volumes/UBag/Documents/l40server_mirror/lyra/Lyra-2/paper_collection_3d4d_reconstruction_2026_04_26/pdfs/2026_GSStream_3D_Gaussian_Splatting_based_Volumetric_Scene_Streaming_System_2603.09718.pdf,,code_link_found_not_audited,"Codex:3D-Reconstruction, Codex:3D4D-Reconstruction"
2603.09086,"Latent World Models for Automated Driving: A Unified Taxonomy, Evaluation Framework, and Open Challenges",2026-arxiv,生成式 3D/4D 内容与仿真,生成/世界模型角度,提升可控生成/世界演化预测,SLAM / pose graph / online mapping pipeline,Latent World Models for Automated Driving,Latent World Models for Automated Driving 针对「提升可控生成/世界演化预测」，从「生成/世界模型角度」切入，主要采用「SLAM / pose graph / online mapping pipeline」来服务「生成式 3D/4D 内容与仿真」。,/Volumes/UBag/Documents/l40server_mirror/lyra/Lyra-2/paper_collection_3d4d_reconstruction_2026_04_26/boardmix_mindmap/method_figures/2603.09086_Latent_World_Models_for_Automated_Driving.png,/Volumes/UBag/Documents/l40server_mirror/lyra/Lyra-2/paper_collection_3d4d_reconstruction_2026_04_26/pdfs/2026_Latent_World_Models_for_Automated_Driving_A_Unified_Taxonomy_Evaluation_Framework_and_Open_2603.09086.pdf,,code_link_found_not_audited,"Codex:3D+4D-Evolution, Codex:3D4D-Reconstruction"
2603.09319,NLiPsCalib: An Efficient Calibration Framework for High-Fidelity 3D Reconstruction of Curved Visuotactile Sensors,2026-arxiv,实时/大规模/高效 3D 表示,表示/几何角度,提升几何一致性/表面质量,Sensor/domain-specific pipeline,NLiPsCalib,NLiPsCalib 针对「提升几何一致性/表面质量」，从「表示/几何角度」切入，主要采用「Sensor/domain-specific pipeline」来服务「实时/大规模/高效 3D 表示」。,/Volumes/UBag/Documents/l40server_mirror/lyra/Lyra-2/paper_collection_3d4d_reconstruction_2026_04_26/boardmix_mindmap/method_figures/2603.09319_NLiPsCalib.png,/Volumes/UBag/Documents/l40server_mirror/lyra/Lyra-2/paper_collection_3d4d_reconstruction_2026_04_26/pdfs/2026_NLiPsCalib_An_Efficient_Calibration_Framework_for_High_Fidelity_3D_Reconstruction_of_Curve_2603.09319.pdf,https://github.com/FerryRain/NLiPs,code_link_found_not_audited,"Codex:3D-Reconstruction, Codex:3D4D-Reconstruction"
2603.09925,On the Structural Failure of Chamfer Distance in 3D Shape Optimization,2026-arxiv,生成式 3D/4D 内容与仿真,训练/监督角度,建模运动/形变/时间一致性,SDF/隐式表面/网格/点云,本文方法,本文方法 针对「建模运动/形变/时间一致性」，从「训练/监督角度」切入，主要采用「SDF/隐式表面/网格/点云」来服务「生成式 3D/4D 内容与仿真」。,/Volumes/UBag/Documents/l40server_mirror/lyra/Lyra-2/paper_collection_3d4d_reconstruction_2026_04_26/boardmix_mindmap/method_figures/2603.09925_paper.png,/Volumes/UBag/Documents/l40server_mirror/lyra/Lyra-2/paper_collection_3d4d_reconstruction_2026_04_26/pdfs/2026_On_the_Structural_Failure_of_Chamfer_Distance_in_3D_Shape_Optimization_2603.09925.pdf,,no_code_link_found,"Codex:3D-Reconstruction, Codex:3D4D-Reconstruction"
2603.09703,ProGS: Towards Progressive Coding for 3D Gaussian Splatting,2026-arxiv,实时/大规模/高效 3D 表示,内存/存储角度,降低显存/存储/模型体积,Pruning / compression / progressive coding,ProGS,ProGS 针对「降低显存/存储/模型体积」，从「内存/存储角度」切入，主要采用「Pruning / compression / progressive coding」来服务「实时/大规模/高效 3D 表示」。,/Volumes/UBag/Documents/l40server_mirror/lyra/Lyra-2/paper_collection_3d4d_reconstruction_2026_04_26/boardmix_mindmap/method_figures/2603.09703_ProGS.png,/Volumes/UBag/Documents/l40server_mirror/lyra/Lyra-2/paper_collection_3d4d_reconstruction_2026_04_26/pdfs/2026_ProGS_Towards_Progressive_Coding_for_3D_Gaussian_Splatting_2603.09703.pdf,,code_link_found_not_audited,"Codex:3D-Reconstruction, Codex:3D4D-Reconstruction"
2603.09241,RAE-NWM: Navigation World Model in Dense Visual Representation Space,2026-arxiv,SLAM/机器人/自动驾驶世界模型,生成/世界模型角度,提升可控生成/世界演化预测,Diffusion/生成先验/视频模型,RAE-NWM,RAE-NWM 针对「提升可控生成/世界演化预测」，从「生成/世界模型角度」切入，主要采用「Diffusion/生成先验/视频模型」来服务「SLAM/机器人/自动驾驶世界模型」。,/Volumes/UBag/Documents/l40server_mirror/lyra/Lyra-2/paper_collection_3d4d_reconstruction_2026_04_26/boardmix_mindmap/method_figures/2603.09241_RAE-NWM.png,/Volumes/UBag/Documents/l40server_mirror/lyra/Lyra-2/paper_collection_3d4d_reconstruction_2026_04_26/pdfs/2026_RAE_NWM_Navigation_World_Model_in_Dense_Visual_Representation_Space_2603.09241.pdf,https://github.com/20robo/raenwm.git,code_link_found_not_audited,"Codex:3D+4D-Evolution, Codex:3D4D-Reconstruction"
2603.09968,ReCoSplat: Autoregressive Feed-Forward Gaussian Splatting Using Render-and-Compare,2026-arxiv,稀疏/单目/少视角 3D 重建,表示/几何角度,降低显存/存储/模型体积,SLAM / pose graph / online mapping pipeline,ReCoSplat,ReCoSplat 针对「降低显存/存储/模型体积」，从「表示/几何角度」切入，主要采用「SLAM / pose graph / online mapping pipeline」来服务「稀疏/单目/少视角 3D 重建」。,/Volumes/UBag/Documents/l40server_mirror/lyra/Lyra-2/paper_collection_3d4d_reconstruction_2026_04_26/boardmix_mindmap/method_figures/2603.09968_ReCoSplat.png,/Volumes/UBag/Documents/l40server_mirror/lyra/Lyra-2/paper_collection_3d4d_reconstruction_2026_04_26/pdfs/2026_ReCoSplat_Autoregressive_Feed_Forward_Gaussian_Splatting_Using_Render_and_Compare_2603.09968.pdf,,no_code_link_found,"Codex:3D-Reconstruction, Codex:3D4D-Reconstruction"
2603.09277,Speeding Up the Learning of 3D Gaussians with Much Shorter Gaussian Lists,2026-arxiv,动态场景与 4D 重建,表示/几何角度,降低显存/存储/模型体积,NeRF/辐射场/体渲染,本文方法,本文方法 针对「降低显存/存储/模型体积」，从「表示/几何角度」切入，主要采用「NeRF/辐射场/体渲染」来服务「动态场景与 4D 重建」。,/Volumes/UBag/Documents/l40server_mirror/lyra/Lyra-2/paper_collection_3d4d_reconstruction_2026_04_26/boardmix_mindmap/method_figures/2603.09277_paper.png,/Volumes/UBag/Documents/l40server_mirror/lyra/Lyra-2/paper_collection_3d4d_reconstruction_2026_04_26/pdfs/2026_Speeding_Up_the_Learning_of_3D_Gaussians_with_Much_Shorter_Gaussian_Lists_2603.09277.pdf,https://github.com/MachinePerceptionLab/ShorterSplatting,code_link_found_not_audited,"Codex:3D-Reconstruction, Codex:3D4D-Reconstruction"
2603.09673,VarSplat: Uncertainty-aware 3D Gaussian Splatting for Robust RGB-D SLAM,2026-arxiv,实时/大规模/高效 3D 表示,表示/几何角度,接入 SLAM/机器人闭环系统,SLAM / pose graph / online mapping pipeline,VarSplat,VarSplat 针对「接入 SLAM/机器人闭环系统」，从「表示/几何角度」切入，主要采用「SLAM / pose graph / online mapping pipeline」来服务「实时/大规模/高效 3D 表示」。,/Volumes/UBag/Documents/l40server_mirror/lyra/Lyra-2/paper_collection_3d4d_reconstruction_2026_04_26/boardmix_mindmap/method_figures/2603.09673_VarSplat.png,/Volumes/UBag/Documents/l40server_mirror/lyra/Lyra-2/paper_collection_3d4d_reconstruction_2026_04_26/pdfs/2026_VarSplat_Uncertainty_aware_3D_Gaussian_Splatting_for_Robust_RGB_D_SLAM_2603.09673.pdf,https://github.com/anhthuan1999/varsplat,code_link_found_not_audited,"Codex:3D-Reconstruction, Codex:3D4D-Reconstruction"
2602.08958,Grow with the Flow: 4D Reconstruction of Growing Plants with Gaussian Flow Fields,2026-arxiv,动态场景与 4D 重建,时空/动态角度,建模运动/形变/时间一致性,SLAM / pose graph / online mapping pipeline,Grow with the Flow,Grow with the Flow 针对「建模运动/形变/时间一致性」，从「时空/动态角度」切入，主要采用「SLAM / pose graph / online mapping pipeline」来服务「动态场景与 4D 重建」。,/Volumes/UBag/Documents/l40server_mirror/lyra/Lyra-2/paper_collection_3d4d_reconstruction_2026_04_26/boardmix_mindmap/method_figures/2602.08958_Grow_with_the_Flow.png,/Volumes/UBag/Documents/l40server_mirror/lyra/Lyra-2/paper_collection_3d4d_reconstruction_2026_04_26/pdfs/2026_Grow_with_the_Flow_4D_Reconstruction_of_Growing_Plants_with_Gaussian_Flow_Fields_2602.08958.pdf,,no_code_link_found,"Codex:3D4D-Reconstruction, Codex:4D-Reconstruction"
2603.10551,P-GSVC: Layered Progressive 2D Gaussian Splatting for Scalable Image and Video,2026-arxiv,实时/大规模/高效 3D 表示,训练/监督角度,降低显存/存储/模型体积,Gaussian Splatting 表示与正则化,P-GSVC,P-GSVC 针对「降低显存/存储/模型体积」，从「训练/监督角度」切入，主要采用「Gaussian Splatting 表示与正则化」来服务「实时/大规模/高效 3D 表示」。,/Volumes/UBag/Documents/l40server_mirror/lyra/Lyra-2/paper_collection_3d4d_reconstruction_2026_04_26/boardmix_mindmap/method_figures/2603.10551_P-GSVC.png,/Volumes/UBag/Documents/l40server_mirror/lyra/Lyra-2/paper_collection_3d4d_reconstruction_2026_04_26/pdfs/2026_P_GSVC_Layered_Progressive_2D_Gaussian_Splatting_for_Scalable_Image_and_Video_2603.10551.pdf,https://github.com/LonganWANG-cs/PGSVC,code_link_found_not_audited,"Codex:3D-Reconstruction, Codex:3D4D-Reconstruction"
2601.22046,PLANING: A Loosely Coupled Triangle-Gaussian Framework for Streaming 3D Reconstruction,2026-arxiv,实时/大规模/高效 3D 表示,计算角度,解决稀疏视角几何不稳定,Gaussian Splatting 表示与正则化,PLANING,PLANING 针对「解决稀疏视角几何不稳定」，从「计算角度」切入，主要采用「Gaussian Splatting 表示与正则化」来服务「实时/大规模/高效 3D 表示」。,/Volumes/UBag/Documents/l40server_mirror/lyra/Lyra-2/paper_collection_3d4d_reconstruction_2026_04_26/boardmix_mindmap/method_figures/2601.22046_PLANING.png,/Volumes/UBag/Documents/l40server_mirror/lyra/Lyra-2/paper_collection_3d4d_reconstruction_2026_04_26/pdfs/2026_PLANING_A_Loosely_Coupled_Triangle_Gaussian_Framework_for_Streaming_3D_Reconstruction_2601.22046.pdf,https://github.com/InternRobotics/PLANING,code_link_found_not_audited,"Codex:3D-Reconstruction, Codex:3D4D-Reconstruction"
2603.10801,PolGS++: Physically-Guided Polarimetric Gaussian Splatting for Fast Reflective Surface Reconstruction,2026-arxiv,实时/大规模/高效 3D 表示,表示/几何角度,提升几何一致性/表面质量,SDF/隐式表面/网格/点云,PolGS++,PolGS++ 针对「提升几何一致性/表面质量」，从「表示/几何角度」切入，主要采用「SDF/隐式表面/网格/点云」来服务「实时/大规模/高效 3D 表示」。,/Volumes/UBag/Documents/l40server_mirror/lyra/Lyra-2/paper_collection_3d4d_reconstruction_2026_04_26/boardmix_mindmap/method_figures/2603.10801_PolGS.png,/Volumes/UBag/Documents/l40server_mirror/lyra/Lyra-2/paper_collection_3d4d_reconstruction_2026_04_26/pdfs/2026_PolGS_Physically_Guided_Polarimetric_Gaussian_Splatting_for_Fast_Reflective_Surface_Recons_2603.10801.pdf,https://github.com/PRIS-CV/PolGS_plus,code_link_found_not_audited,"Codex:3D-Reconstruction, Codex:3D4D-Reconstruction"
2603.10893,S2D: Sparse to Dense Lifting for 3D Reconstruction with Minimal Inputs,2026-arxiv,生成式 3D/4D 内容与仿真,表示/几何角度,减少优化/采样/渲染步骤,Gaussian Splatting 表示与正则化,S2D,S2D 针对「减少优化/采样/渲染步骤」，从「表示/几何角度」切入，主要采用「Gaussian Splatting 表示与正则化」来服务「生成式 3D/4D 内容与仿真」。,/Volumes/UBag/Documents/l40server_mirror/lyra/Lyra-2/paper_collection_3d4d_reconstruction_2026_04_26/boardmix_mindmap/method_figures/2603.10893_S2D.png,/Volumes/UBag/Documents/l40server_mirror/lyra/Lyra-2/paper_collection_3d4d_reconstruction_2026_04_26/pdfs/2026_S2D_Sparse_to_Dense_Lifting_for_3D_Reconstruction_with_Minimal_Inputs_2603.10893.pdf,https://github.com/George-Attano/S2D_Base/tree/main,code_link_found_not_audited,"Codex:3D-Reconstruction, Codex:3D4D-Reconstruction"
2603.10638,Splat2Real: Novel-view Scaling for Physical AI with 3D Gaussian Splatting,2026-arxiv,多视角几何/表面/场景重建,表示/几何角度,提升几何一致性/表面质量,Gaussian Splatting 表示与正则化,Splat2Real,Splat2Real 针对「提升几何一致性/表面质量」，从「表示/几何角度」切入，主要采用「Gaussian Splatting 表示与正则化」来服务「多视角几何/表面/场景重建」。,/Volumes/UBag/Documents/l40server_mirror/lyra/Lyra-2/paper_collection_3d4d_reconstruction_2026_04_26/boardmix_mindmap/method_figures/2603.10638_Splat2Real.png,/Volumes/UBag/Documents/l40server_mirror/lyra/Lyra-2/paper_collection_3d4d_reconstruction_2026_04_26/pdfs/2026_Splat2Real_Novel_view_Scaling_for_Physical_AI_with_3D_Gaussian_Splatting_2603.10638.pdf,,no_code_link_found,"Codex:3D-Reconstruction, Codex:3D4D-Reconstruction"
2603.11969,AstroSplat: Physics-Based Gaussian Splatting for Rendering and Reconstruction of Small Celestial Bodies,2026-arxiv,SLAM/机器人/自动驾驶世界模型,表示/几何角度,提升可控生成/世界演化预测,Gaussian Splatting 表示与正则化,AstroSplat,AstroSplat 针对「提升可控生成/世界演化预测」，从「表示/几何角度」切入，主要采用「Gaussian Splatting 表示与正则化」来服务「SLAM/机器人/自动驾驶世界模型」。,/Volumes/UBag/Documents/l40server_mirror/lyra/Lyra-2/paper_collection_3d4d_reconstruction_2026_04_26/boardmix_mindmap/method_figures/2603.11969_AstroSplat.png,/Volumes/UBag/Documents/l40server_mirror/lyra/Lyra-2/paper_collection_3d4d_reconstruction_2026_04_26/pdfs/2026_AstroSplat_Physics_Based_Gaussian_Splatting_for_Rendering_and_Reconstruction_of_Small_Cele_2603.11969.pdf,,no_code_link_found,"Codex:3D-Reconstruction, Codex:3D4D-Reconstruction"
2603.11810,CEI-3D: Collaborative Explicit-Implicit 3D Reconstruction for Realistic and Fine-Grained Object Editing,2026-arxiv,多视角几何/表面/场景重建,表示/几何角度,提升几何一致性/表面质量,SLAM / pose graph / online mapping pipeline,CEI-3D,CEI-3D 针对「提升几何一致性/表面质量」，从「表示/几何角度」切入，主要采用「SLAM / pose graph / online mapping pipeline」来服务「多视角几何/表面/场景重建」。,/Volumes/UBag/Documents/l40server_mirror/lyra/Lyra-2/paper_collection_3d4d_reconstruction_2026_04_26/boardmix_mindmap/method_figures/2603.11810_CEI-3D.png,/Volumes/UBag/Documents/l40server_mirror/lyra/Lyra-2/paper_collection_3d4d_reconstruction_2026_04_26/pdfs/2026_CEI_3D_Collaborative_Explicit_Implicit_3D_Reconstruction_for_Realistic_and_Fine_Grained_Ob_2603.11810.pdf,https://github.com/shiyue001/CEI-3D,code_link_found_not_audited,"Codex:3D-Reconstruction, Codex:3D4D-Reconstruction"
2602.24161,GeoDiff4D: Geometry-Aware Diffusion for 4D Head Avatar Reconstruction,2026-arxiv,人体/头像/可动画资产,表示/几何角度,提升几何一致性/表面质量,Diffusion/生成先验/视频模型,GeoDiff4D,GeoDiff4D 针对「提升几何一致性/表面质量」，从「表示/几何角度」切入，主要采用「Diffusion/生成先验/视频模型」来服务「人体/头像/可动画资产」。,/Volumes/UBag/Documents/l40server_mirror/lyra/Lyra-2/paper_collection_3d4d_reconstruction_2026_04_26/boardmix_mindmap/method_figures/2602.24161_GeoDiff4D.png,/Volumes/UBag/Documents/l40server_mirror/lyra/Lyra-2/paper_collection_3d4d_reconstruction_2026_04_26/pdfs/2026_GeoDiff4D_Geometry_Aware_Diffusion_for_4D_Head_Avatar_Reconstruction_2602.24161.pdf,,no_code_link_found,"Codex:3D-Reconstruction, Codex:3D4D-Reconstruction"
2603.01928,LaST-VLA: Thinking in Latent Spatio-Temporal Space for Vision-Language-Action in Autonomous Driving,2026-arxiv,SLAM/机器人/自动驾驶世界模型,训练/监督角度,提升可控生成/世界演化预测,SLAM / pose graph / online mapping pipeline,LaST-VLA,LaST-VLA 针对「提升可控生成/世界演化预测」，从「训练/监督角度」切入，主要采用「SLAM / pose graph / online mapping pipeline」来服务「SLAM/机器人/自动驾驶世界模型」。,/Volumes/UBag/Documents/l40server_mirror/lyra/Lyra-2/paper_collection_3d4d_reconstruction_2026_04_26/boardmix_mindmap/method_figures/2603.01928_LaST-VLA.png,/Volumes/UBag/Documents/l40server_mirror/lyra/Lyra-2/paper_collection_3d4d_reconstruction_2026_04_26/pdfs/2026_LaST_VLA_Thinking_in_Latent_Spatio_Temporal_Space_for_Vision_Language_Action_in_Autonomous_2603.01928.pdf,https://github.com/luo-yc17/LaST-VLA,code_link_found_not_audited,"Codex:3D+4D-Evolution, Codex:3D4D-Reconstruction"
2603.11543,Mango-GS: Enhancing Spatio-Temporal Consistency in Dynamic Scenes Reconstruction using Multi-Frame Node-Guided 4D Gaussian Splatting,2026-arxiv,动态场景与 4D 重建,时空/动态角度,建模运动/形变/时间一致性,Motion decomposition / canonical space / deformation,Mango-GS,Mango-GS 针对「建模运动/形变/时间一致性」，从「时空/动态角度」切入，主要采用「Motion decomposition / canonical space / deformation」来服务「动态场景与 4D 重建」。,/Volumes/UBag/Documents/l40server_mirror/lyra/Lyra-2/paper_collection_3d4d_reconstruction_2026_04_26/boardmix_mindmap/method_figures/2603.11543_Mango-GS.png,/Volumes/UBag/Documents/l40server_mirror/lyra/Lyra-2/paper_collection_3d4d_reconstruction_2026_04_26/pdfs/2026_Mango_GS_Enhancing_Spatio_Temporal_Consistency_in_Dynamic_Scenes_Reconstruction_using_Mult_2603.11543.pdf,https://github.com/htx0601/Mango-GS,code_link_found_not_audited,"Codex:3D-Reconstruction, Codex:3D4D-Reconstruction, Codex:4D-Reconstruction"
2603.11531,Mobile-GS: Real-time Gaussian Splatting for Mobile Devices,2026-arxiv,实时/大规模/高效 3D 表示,内存/存储角度,降低显存/存储/模型体积,Pruning / compression / progressive coding,Mobile-GS,Mobile-GS 针对「降低显存/存储/模型体积」，从「内存/存储角度」切入，主要采用「Pruning / compression / progressive coding」来服务「实时/大规模/高效 3D 表示」。,/Volumes/UBag/Documents/l40server_mirror/lyra/Lyra-2/paper_collection_3d4d_reconstruction_2026_04_26/boardmix_mindmap/method_figures/2603.11531_Mobile-GS.png,/Volumes/UBag/Documents/l40server_mirror/lyra/Lyra-2/paper_collection_3d4d_reconstruction_2026_04_26/pdfs/2026_Mobile_GS_Real_time_Gaussian_Splatting_for_Mobile_Devices_2603.11531.pdf,https://github.com/xiaobiaodu/mobile-gs,code_link_found_not_audited,"Codex:3D-Reconstruction, Codex:3D4D-Reconstruction"
2603.11534,Risk-Controllable Multi-View Diffusion for Driving Scenario Generation,2026-arxiv,动态场景与 4D 重建,时空/动态角度,建模运动/形变/时间一致性,Diffusion/生成先验/视频模型,Risk-Controllable,Risk-Controllable 针对「建模运动/形变/时间一致性」，从「时空/动态角度」切入，主要采用「Diffusion/生成先验/视频模型」来服务「动态场景与 4D 重建」。,/Volumes/UBag/Documents/l40server_mirror/lyra/Lyra-2/paper_collection_3d4d_reconstruction_2026_04_26/boardmix_mindmap/method_figures/2603.11534_Risk-Controllable.png,/Volumes/UBag/Documents/l40server_mirror/lyra/Lyra-2/paper_collection_3d4d_reconstruction_2026_04_26/pdfs/2026_Risk_Controllable_Multi_View_Diffusion_for_Driving_Scenario_Generation_2603.11534.pdf,https://github.com/venshow-w/RiskMV-DPO,code_link_found_not_audited,"Codex:3D+4D-Evolution, Codex:3D4D-Reconstruction"
2603.09632,X-GS: An Extensible Open Framework for Perceiving and Thinking via 3D Gaussian Splatting,2026-arxiv,实时/大规模/高效 3D 表示,计算角度,减少优化/采样/渲染步骤,SLAM / pose graph / online mapping pipeline,X-GS,X-GS 针对「减少优化/采样/渲染步骤」，从「计算角度」切入，主要采用「SLAM / pose graph / online mapping pipeline」来服务「实时/大规模/高效 3D 表示」。,/Volumes/UBag/Documents/l40server_mirror/lyra/Lyra-2/paper_collection_3d4d_reconstruction_2026_04_26/boardmix_mindmap/method_figures/2603.09632_X-GS.png,/Volumes/UBag/Documents/l40server_mirror/lyra/Lyra-2/paper_collection_3d4d_reconstruction_2026_04_26/pdfs/2026_X_GS_An_Extensible_Open_Framework_for_Perceiving_and_Thinking_via_3D_Gaussian_Splatting_2603.09632.pdf,,no_code_link_found,"Codex:3D-Reconstruction, Codex:3D4D-Reconstruction"
2603.12553,Beyond Dense Futures: World Models as Structured Planners for Robotic Manipulation,2026-arxiv,动态场景与 4D 重建,时空/动态角度,提升可控生成/世界演化预测,Motion decomposition / canonical space / deformation,Beyond Dense Futures,Beyond Dense Futures 针对「提升可控生成/世界演化预测」，从「时空/动态角度」切入，主要采用「Motion decomposition / canonical space / deformation」来服务「动态场景与 4D 重建」。,/Volumes/UBag/Documents/l40server_mirror/lyra/Lyra-2/paper_collection_3d4d_reconstruction_2026_04_26/boardmix_mindmap/method_figures/2603.12553_Beyond_Dense_Futures.png,/Volumes/UBag/Documents/l40server_mirror/lyra/Lyra-2/paper_collection_3d4d_reconstruction_2026_04_26/pdfs/2026_Beyond_Dense_Futures_World_Models_as_Structured_Planners_for_Robotic_Manipulation_2603.12553.pdf,https://github.com/wm-planner/structvla,code_link_found_not_audited,"Codex:3D+4D-Evolution, Codex:3D4D-Reconstruction"
2603.12721,CMHANet: A Cross-Modal Hybrid Attention Network for Point Cloud Registration,2026-arxiv,多视角几何/表面/场景重建,训练/监督角度,解决稀疏视角几何不稳定,SLAM / pose graph / online mapping pipeline,CMHANet,CMHANet 针对「解决稀疏视角几何不稳定」，从「训练/监督角度」切入，主要采用「SLAM / pose graph / online mapping pipeline」来服务「多视角几何/表面/场景重建」。,/Volumes/UBag/Documents/l40server_mirror/lyra/Lyra-2/paper_collection_3d4d_reconstruction_2026_04_26/boardmix_mindmap/method_figures/2603.12721_CMHANet.png,/Volumes/UBag/Documents/l40server_mirror/lyra/Lyra-2/paper_collection_3d4d_reconstruction_2026_04_26/pdfs/2026_CMHANet_A_Cross_Modal_Hybrid_Attention_Network_for_Point_Cloud_Registration_2603.12721.pdf,https://github.com/DongXu-Zhang/CMHANet,code_link_found_not_audited,"Codex:3D-Reconstruction, Codex:3D4D-Reconstruction"
2601.07540,Enhancing Novel View Synthesis via Geometry Grounded Set Diffusion,2026-arxiv,SLAM/机器人/自动驾驶世界模型,表示/几何角度,降低显存/存储/模型体积,Gaussian Splatting 表示与正则化,本文方法,本文方法 针对「降低显存/存储/模型体积」，从「表示/几何角度」切入，主要采用「Gaussian Splatting 表示与正则化」来服务「SLAM/机器人/自动驾驶世界模型」。,/Volumes/UBag/Documents/l40server_mirror/lyra/Lyra-2/paper_collection_3d4d_reconstruction_2026_04_26/boardmix_mindmap/method_figures/2601.07540_paper.png,/Volumes/UBag/Documents/l40server_mirror/lyra/Lyra-2/paper_collection_3d4d_reconstruction_2026_04_26/pdfs/2026_Enhancing_Novel_View_Synthesis_via_Geometry_Grounded_Set_Diffusion_2601.07540.pdf,https://github.com/eliahuhorwitz/Academic-project-page-template,code_link_found_not_audited,"Codex:3D-Reconstruction, Codex:3D4D-Reconstruction"
2603.13423,From Gradients to Riccati Geometry: Kalman World Models for Single-Pass Learning,2026-arxiv,动态场景与 4D 重建,时空/动态角度,提升可控生成/世界演化预测,SLAM / pose graph / online mapping pipeline,From Gradients to Riccati Geometry,From Gradients to Riccati Geometry 针对「提升可控生成/世界演化预测」，从「时空/动态角度」切入，主要采用「SLAM / pose graph / online mapping pipeline」来服务「动态场景与 4D 重建」。,/Volumes/UBag/Documents/l40server_mirror/lyra/Lyra-2/paper_collection_3d4d_reconstruction_2026_04_26/boardmix_mindmap/method_figures/2603.13423_From_Gradients_to_Riccati_Geometry.png,/Volumes/UBag/Documents/l40server_mirror/lyra/Lyra-2/paper_collection_3d4d_reconstruction_2026_04_26/pdfs/2026_From_Gradients_to_Riccati_Geometry_Kalman_World_Models_for_Single_Pass_Learning_2603.13423.pdf,,no_code_link_found,"Codex:3D+4D-Evolution, Codex:3D4D-Reconstruction"
2603.12647,LR-SGS: Robust LiDAR-Reflectance-Guided Salient Gaussian Splatting for Self-Driving Scene Reconstruction,2026-arxiv,多视角几何/表面/场景重建,表示/几何角度,解决稀疏视角几何不稳定,Gaussian Splatting 表示与正则化,LR-SGS,LR-SGS 针对「解决稀疏视角几何不稳定」，从「表示/几何角度」切入，主要采用「Gaussian Splatting 表示与正则化」来服务「多视角几何/表面/场景重建」。,/Volumes/UBag/Documents/l40server_mirror/lyra/Lyra-2/paper_collection_3d4d_reconstruction_2026_04_26/boardmix_mindmap/method_figures/2603.12647_LR-SGS.png,/Volumes/UBag/Documents/l40server_mirror/lyra/Lyra-2/paper_collection_3d4d_reconstruction_2026_04_26/pdfs/2026_LR_SGS_Robust_LiDAR_Reflectance_Guided_Salient_Gaussian_Splatting_for_Self_Driving_Scene_R_2603.12647.pdf,,no_code_link_found,"Codex:3D-Reconstruction, Codex:3D4D-Reconstruction"
2603.13215,"Out of Sight, Out of Mind? Evaluating State Evolution in Video World Models",2026-arxiv,动态场景与 4D 重建,时空/动态角度,提升可控生成/世界演化预测,SLAM / pose graph / online mapping pipeline,本文方法,本文方法 针对「提升可控生成/世界演化预测」，从「时空/动态角度」切入，主要采用「SLAM / pose graph / online mapping pipeline」来服务「动态场景与 4D 重建」。,/Volumes/UBag/Documents/l40server_mirror/lyra/Lyra-2/paper_collection_3d4d_reconstruction_2026_04_26/boardmix_mindmap/method_figures/2603.13215_paper.png,/Volumes/UBag/Documents/l40server_mirror/lyra/Lyra-2/paper_collection_3d4d_reconstruction_2026_04_26/pdfs/2026_Out_of_Sight_Out_of_Mind_Evaluating_State_Evolution_in_Video_World_Models_2603.13215.pdf,https://github.com/alshedivat/al-folio,code_link_found_not_audited,"Codex:3D+4D-Evolution, Codex:3D4D-Reconstruction"
2603.07664,Ref-DGS: Reflective Dual Gaussian Splatting,2026-arxiv,实时/大规模/高效 3D 表示,表示/几何角度,提升几何一致性/表面质量,Gaussian Splatting 表示与正则化,Ref-DGS,Ref-DGS 针对「提升几何一致性/表面质量」，从「表示/几何角度」切入，主要采用「Gaussian Splatting 表示与正则化」来服务「实时/大规模/高效 3D 表示」。,/Volumes/UBag/Documents/l40server_mirror/lyra/Lyra-2/paper_collection_3d4d_reconstruction_2026_04_26/boardmix_mindmap/method_figures/2603.07664_Ref-DGS.png,/Volumes/UBag/Documents/l40server_mirror/lyra/Lyra-2/paper_collection_3d4d_reconstruction_2026_04_26/pdfs/2026_Ref_DGS_Reflective_Dual_Gaussian_Splatting_2603.07664.pdf,,code_link_found_not_audited,"Codex:3D-Reconstruction, Codex:3D4D-Reconstruction"
2603.13024,SAW: Toward a Surgical Action World Model via Controllable and Scalable Video Generation,2026-arxiv,生成式 3D/4D 内容与仿真,生成/世界模型角度,提升可控生成/世界演化预测,Diffusion/生成先验/视频模型,SAW,SAW 针对「提升可控生成/世界演化预测」，从「生成/世界模型角度」切入，主要采用「Diffusion/生成先验/视频模型」来服务「生成式 3D/4D 内容与仿真」。,/Volumes/UBag/Documents/l40server_mirror/lyra/Lyra-2/paper_collection_3d4d_reconstruction_2026_04_26/boardmix_mindmap/method_figures/2603.13024_SAW.png,/Volumes/UBag/Documents/l40server_mirror/lyra/Lyra-2/paper_collection_3d4d_reconstruction_2026_04_26/pdfs/2026_SAW_Toward_a_Surgical_Action_World_Model_via_Controllable_and_Scalable_Video_Generation_2603.13024.pdf,,no_code_link_found,"Codex:3D+4D-Evolution, Codex:3D4D-Reconstruction"
2603.13556,Semantic Aware Feature Extraction for Enhanced 3D Reconstruction,2026-arxiv,多视角几何/表面/场景重建,训练/监督角度,解决稀疏视角几何不稳定,SLAM / pose graph / online mapping pipeline,本文方法,本文方法 针对「解决稀疏视角几何不稳定」，从「训练/监督角度」切入，主要采用「SLAM / pose graph / online mapping pipeline」来服务「多视角几何/表面/场景重建」。,/Volumes/UBag/Documents/l40server_mirror/lyra/Lyra-2/paper_collection_3d4d_reconstruction_2026_04_26/boardmix_mindmap/method_figures/2603.13556_paper.png,/Volumes/UBag/Documents/l40server_mirror/lyra/Lyra-2/paper_collection_3d4d_reconstruction_2026_04_26/pdfs/2026_Semantic_Aware_Feature_Extraction_for_Enhanced_3D_Reconstruction_2603.13556.pdf,,no_code_link_found,"Codex:3D-Reconstruction, Codex:3D4D-Reconstruction"
2603.13585,"Sonar-MASt3R: Real-Time Opti-Acoustic Fusion in Turbid, Unstructured Environments",2026-arxiv,领域/传感器特化重建,时空/动态角度,适配特殊传感器/行业场景,Sensor/domain-specific pipeline,Sonar-MASt3R,Sonar-MASt3R 针对「适配特殊传感器/行业场景」，从「时空/动态角度」切入，主要采用「Sensor/domain-specific pipeline」来服务「领域/传感器特化重建」。,/Volumes/UBag/Documents/l40server_mirror/lyra/Lyra-2/paper_collection_3d4d_reconstruction_2026_04_26/boardmix_mindmap/method_figures/2603.13585_Sonar-MASt3R.png,/Volumes/UBag/Documents/l40server_mirror/lyra/Lyra-2/paper_collection_3d4d_reconstruction_2026_04_26/pdfs/2026_Sonar_MASt3R_Real_Time_Opti_Acoustic_Fusion_in_Turbid_Unstructured_Environments_2603.13585.pdf,,no_code_link_found,"Codex:3D-Reconstruction, Codex:3D4D-Reconstruction"
2603.12796,Spectral Defense Against Resource-Targeting Attack in 3D Gaussian Splatting,2026-arxiv,多视角几何/表面/场景重建,表示/几何角度,提升几何一致性/表面质量,Gaussian Splatting 表示与正则化,Resource-Targeting,Resource-Targeting 针对「提升几何一致性/表面质量」，从「表示/几何角度」切入，主要采用「Gaussian Splatting 表示与正则化」来服务「多视角几何/表面/场景重建」。,/Volumes/UBag/Documents/l40server_mirror/lyra/Lyra-2/paper_collection_3d4d_reconstruction_2026_04_26/boardmix_mindmap/method_figures/2603.12796_Resource-Targeting.png,/Volumes/UBag/Documents/l40server_mirror/lyra/Lyra-2/paper_collection_3d4d_reconstruction_2026_04_26/pdfs/2026_Spectral_Defense_Against_Resource_Targeting_Attack_in_3D_Gaussian_Splatting_2603.12796.pdf,,code_link_found_not_audited,"Codex:3D-Reconstruction, Codex:3D4D-Reconstruction"
2603.12903,Spectral-Geometric Neural Fields for Pose-Free LiDAR View Synthesis,2026-arxiv,稀疏/单目/少视角 3D 重建,表示/几何角度,提升几何一致性/表面质量,NeRF/辐射场/体渲染,Spectral-Geometric,Spectral-Geometric 针对「提升几何一致性/表面质量」，从「表示/几何角度」切入，主要采用「NeRF/辐射场/体渲染」来服务「稀疏/单目/少视角 3D 重建」。,/Volumes/UBag/Documents/l40server_mirror/lyra/Lyra-2/paper_collection_3d4d_reconstruction_2026_04_26/boardmix_mindmap/method_figures/2603.12903_Spectral-Geometric.png,/Volumes/UBag/Documents/l40server_mirror/lyra/Lyra-2/paper_collection_3d4d_reconstruction_2026_04_26/pdfs/2026_Spectral_Geometric_Neural_Fields_for_Pose_Free_LiDAR_View_Synthesis_2603.12903.pdf,,no_code_link_found,"Codex:3D-Reconstruction, Codex:3D4D-Reconstruction"
2601.12823,TreeDGS: Aerial Gaussian Splatting for Distant DBH Measurement,2026-arxiv,多视角几何/表面/场景重建,表示/几何角度,解决稀疏视角几何不稳定,NeRF/辐射场/体渲染,TreeDGS,TreeDGS 针对「解决稀疏视角几何不稳定」，从「表示/几何角度」切入，主要采用「NeRF/辐射场/体渲染」来服务「多视角几何/表面/场景重建」。,/Volumes/UBag/Documents/l40server_mirror/lyra/Lyra-2/paper_collection_3d4d_reconstruction_2026_04_26/boardmix_mindmap/method_figures/2601.12823_TreeDGS.png,/Volumes/UBag/Documents/l40server_mirror/lyra/Lyra-2/paper_collection_3d4d_reconstruction_2026_04_26/pdfs/2026_TreeDGS_Aerial_Gaussian_Splatting_for_Distant_DBH_Measurement_2601.12823.pdf,https://github.com/cdcseacave/openMVS,code_link_found_not_audited,"Codex:3D-Reconstruction, Codex:3D4D-Reconstruction"
2603.12655,VGGT-World: Transforming VGGT into an Autoregressive Geometry World Model,2026-arxiv,生成式 3D/4D 内容与仿真,时空/动态角度,提升可控生成/世界演化预测,Feed-forward / Transformer / Foundation Model,VGGT-World,VGGT-World 针对「提升可控生成/世界演化预测」，从「时空/动态角度」切入，主要采用「Feed-forward / Transformer / Foundation Model」来服务「生成式 3D/4D 内容与仿真」。,/Volumes/UBag/Documents/l40server_mirror/lyra/Lyra-2/paper_collection_3d4d_reconstruction_2026_04_26/boardmix_mindmap/method_figures/2603.12655_VGGT-World.png,/Volumes/UBag/Documents/l40server_mirror/lyra/Lyra-2/paper_collection_3d4d_reconstruction_2026_04_26/pdfs/2026_VGGT_World_Transforming_VGGT_into_an_Autoregressive_Geometry_World_Model_2603.12655.pdf,,no_code_link_found,"Codex:3D+4D-Evolution, Codex:3D-Reconstruction, Codex:3D4D-Reconstruction"
2603.13825,Building Explicit World Model for Zero-Shot Open-World Object Manipulation,2026-arxiv,SLAM/机器人/自动驾驶世界模型,生成/世界模型角度,提升可控生成/世界演化预测,SLAM / pose graph / online mapping pipeline,Zero-Shot,Zero-Shot 针对「提升可控生成/世界演化预测」，从「生成/世界模型角度」切入，主要采用「SLAM / pose graph / online mapping pipeline」来服务「SLAM/机器人/自动驾驶世界模型」。,/Volumes/UBag/Documents/l40server_mirror/lyra/Lyra-2/paper_collection_3d4d_reconstruction_2026_04_26/boardmix_mindmap/method_figures/2603.13825_Zero-Shot.png,/Volumes/UBag/Documents/l40server_mirror/lyra/Lyra-2/paper_collection_3d4d_reconstruction_2026_04_26/pdfs/2026_Building_Explicit_World_Model_for_Zero_Shot_Open_World_Object_Manipulation_2603.13825.pdf,,no_code_link_found,"Codex:3D+4D-Evolution, Codex:3D4D-Reconstruction"
2603.12064,Dense Dynamic Scene Reconstruction and Camera Pose Estimation from Multi-View Videos,2026-arxiv,动态场景与 4D 重建,时空/动态角度,建模运动/形变/时间一致性,Motion decomposition / canonical space / deformation,Multi-View,Multi-View 针对「建模运动/形变/时间一致性」，从「时空/动态角度」切入，主要采用「Motion decomposition / canonical space / deformation」来服务「动态场景与 4D 重建」。,/Volumes/UBag/Documents/l40server_mirror/lyra/Lyra-2/paper_collection_3d4d_reconstruction_2026_04_26/boardmix_mindmap/method_figures/2603.12064_Multi-View.png,/Volumes/UBag/Documents/l40server_mirror/lyra/Lyra-2/paper_collection_3d4d_reconstruction_2026_04_26/pdfs/2026_Dense_Dynamic_Scene_Reconstruction_and_Camera_Pose_Estimation_from_Multi_View_Videos_2603.12064.pdf,,no_code_link_found,"Codex:3D-Reconstruction, Codex:3D4D-Reconstruction, Codex:4D-Reconstruction"
2603.14104,GelSphere: An Omnidirectional Rolling Vision-Based Tactile Sensor for Online 3D Reconstruction and Normal Force Estimation,2026-arxiv,多视角几何/表面/场景重建,时空/动态角度,提升几何一致性/表面质量,SDF/隐式表面/网格/点云,GelSphere,GelSphere 针对「提升几何一致性/表面质量」，从「时空/动态角度」切入，主要采用「SDF/隐式表面/网格/点云」来服务「多视角几何/表面/场景重建」。,/Volumes/UBag/Documents/l40server_mirror/lyra/Lyra-2/paper_collection_3d4d_reconstruction_2026_04_26/boardmix_mindmap/method_figures/2603.14104_GelSphere.png,/Volumes/UBag/Documents/l40server_mirror/lyra/Lyra-2/paper_collection_3d4d_reconstruction_2026_04_26/pdfs/2026_GelSphere_An_Omnidirectional_Rolling_Vision_Based_Tactile_Sensor_for_Online_3D_Reconstruct_2603.14104.pdf,https://github.com/nerfies/nerfies.github.io,code_link_found_not_audited,"Codex:3D-Reconstruction, Codex:3D4D-Reconstruction"
2603.13859,Geo-ID: Test-Time Geometric Consensus for Cross-View Consistent Intrinsics,2026-arxiv,稀疏/单目/少视角 3D 重建,训练/监督角度,解决稀疏视角几何不稳定,SLAM / pose graph / online mapping pipeline,Geo-ID,Geo-ID 针对「解决稀疏视角几何不稳定」，从「训练/监督角度」切入，主要采用「SLAM / pose graph / online mapping pipeline」来服务「稀疏/单目/少视角 3D 重建」。,/Volumes/UBag/Documents/l40server_mirror/lyra/Lyra-2/paper_collection_3d4d_reconstruction_2026_04_26/boardmix_mindmap/method_figures/2603.13859_Geo-ID.png,/Volumes/UBag/Documents/l40server_mirror/lyra/Lyra-2/paper_collection_3d4d_reconstruction_2026_04_26/pdfs/2026_Geo_ID_Test_Time_Geometric_Consensus_for_Cross_View_Consistent_Intrinsics_2603.13859.pdf,,no_code_link_found,"Codex:3D-Reconstruction, Codex:3D4D-Reconstruction"
2603.14031,Intrinsic Tolerance in C-Arm Imaging: How Extrinsic Re-optimization Preserves 3D Reconstruction Accuracy,2026-arxiv,生成式 3D/4D 内容与仿真,表示/几何角度,解决稀疏视角几何不稳定,SLAM / pose graph / online mapping pipeline,Intrinsic Tolerance in C-Arm Imaging,Intrinsic Tolerance in C-Arm Imaging 针对「解决稀疏视角几何不稳定」，从「表示/几何角度」切入，主要采用「SLAM / pose graph / online mapping pipeline」来服务「生成式 3D/4D 内容与仿真」。,/Volumes/UBag/Documents/l40server_mirror/lyra/Lyra-2/paper_collection_3d4d_reconstruction_2026_04_26/boardmix_mindmap/method_figures/2603.14031_Intrinsic_Tolerance_in_C-Arm_Imaging.png,/Volumes/UBag/Documents/l40server_mirror/lyra/Lyra-2/paper_collection_3d4d_reconstruction_2026_04_26/pdfs/2026_Intrinsic_Tolerance_in_C_Arm_Imaging_How_Extrinsic_Re_optimization_Preserves_3D_Reconstruc_2603.14031.pdf,,no_code_link_found,"Codex:3D-Reconstruction, Codex:3D4D-Reconstruction"
2603.13783,RetimeGS: Continuous-Time Reconstruction of 4D Gaussian Splatting,2026-arxiv,动态场景与 4D 重建,时空/动态角度,建模运动/形变/时间一致性,Motion decomposition / canonical space / deformation,RetimeGS,RetimeGS 针对「建模运动/形变/时间一致性」，从「时空/动态角度」切入，主要采用「Motion decomposition / canonical space / deformation」来服务「动态场景与 4D 重建」。,/Volumes/UBag/Documents/l40server_mirror/lyra/Lyra-2/paper_collection_3d4d_reconstruction_2026_04_26/boardmix_mindmap/method_figures/2603.13783_RetimeGS.png,/Volumes/UBag/Documents/l40server_mirror/lyra/Lyra-2/paper_collection_3d4d_reconstruction_2026_04_26/pdfs/2026_RetimeGS_Continuous_Time_Reconstruction_of_4D_Gaussian_Splatting_2603.13783.pdf,https://github.com/google/nerfies,code_link_found_not_audited,"Codex:3D-Reconstruction, Codex:3D4D-Reconstruction, Codex:4D-Reconstruction"
2603.13869,TransDex: Pre-training Visuo-Tactile Policy with Point Cloud Reconstruction for Dexterous Manipulation of Transparent Objects,2026-arxiv,多视角几何/表面/场景重建,训练/监督角度,建模运动/形变/时间一致性,Sensor/domain-specific pipeline,TransDex,TransDex 针对「建模运动/形变/时间一致性」，从「训练/监督角度」切入，主要采用「Sensor/domain-specific pipeline」来服务「多视角几何/表面/场景重建」。,/Volumes/UBag/Documents/l40server_mirror/lyra/Lyra-2/paper_collection_3d4d_reconstruction_2026_04_26/boardmix_mindmap/method_figures/2603.13869_TransDex.png,/Volumes/UBag/Documents/l40server_mirror/lyra/Lyra-2/paper_collection_3d4d_reconstruction_2026_04_26/pdfs/2026_TransDex_Pre_training_Visuo_Tactile_Policy_with_Point_Cloud_Reconstruction_for_Dexterous_M_2603.13869.pdf,https://github.com/LFGfg/TransDex,code_link_found_not_audited,"Codex:3D-Reconstruction, Codex:3D4D-Reconstruction"
2603.14301,4D Synchronized Fields: Motion-Language Gaussian Splatting for Temporal Scene Understanding,2026-arxiv,动态场景与 4D 重建,表示/几何角度,建模运动/形变/时间一致性,SLAM / pose graph / online mapping pipeline,4D Synchronized Fields,4D Synchronized Fields 针对「建模运动/形变/时间一致性」，从「表示/几何角度」切入，主要采用「SLAM / pose graph / online mapping pipeline」来服务「动态场景与 4D 重建」。,/Volumes/UBag/Documents/l40server_mirror/lyra/Lyra-2/paper_collection_3d4d_reconstruction_2026_04_26/boardmix_mindmap/method_figures/2603.14301_4D_Synchronized_Fields.png,/Volumes/UBag/Documents/l40server_mirror/lyra/Lyra-2/paper_collection_3d4d_reconstruction_2026_04_26/pdfs/2026_4D_Synchronized_Fields_Motion_Language_Gaussian_Splatting_for_Temporal_Scene_Understanding_2603.14301.pdf,,no_code_link_found,"Codex:3D-Reconstruction, Codex:3D4D-Reconstruction"
2603.14249,OAHuman: Occlusion-Aware 3D Human Reconstruction from Monocular Images,2026-arxiv,人体/头像/可动画资产,表示/几何角度,解决稀疏视角几何不稳定,SLAM / pose graph / online mapping pipeline,OAHuman,OAHuman 针对「解决稀疏视角几何不稳定」，从「表示/几何角度」切入，主要采用「SLAM / pose graph / online mapping pipeline」来服务「人体/头像/可动画资产」。,/Volumes/UBag/Documents/l40server_mirror/lyra/Lyra-2/paper_collection_3d4d_reconstruction_2026_04_26/boardmix_mindmap/method_figures/2603.14249_OAHuman.png,/Volumes/UBag/Documents/l40server_mirror/lyra/Lyra-2/paper_collection_3d4d_reconstruction_2026_04_26/pdfs/2026_OAHuman_Occlusion_Aware_3D_Human_Reconstruction_from_Monocular_Images_2603.14249.pdf,https://github.com/black-forest-labs/flux,code_link_found_not_audited,"Codex:3D-Reconstruction, Codex:3D4D-Reconstruction"
2603.14232,S2GS: Streaming Semantic Gaussian Splatting for Online Scene Understanding and Reconstruction,2026-arxiv,实时/大规模/高效 3D 表示,计算角度,降低显存/存储/模型体积,SLAM / pose graph / online mapping pipeline,S2GS,S2GS 针对「降低显存/存储/模型体积」，从「计算角度」切入，主要采用「SLAM / pose graph / online mapping pipeline」来服务「实时/大规模/高效 3D 表示」。,/Volumes/UBag/Documents/l40server_mirror/lyra/Lyra-2/paper_collection_3d4d_reconstruction_2026_04_26/boardmix_mindmap/method_figures/2603.14232_S2GS.png,/Volumes/UBag/Documents/l40server_mirror/lyra/Lyra-2/paper_collection_3d4d_reconstruction_2026_04_26/pdfs/2026_S2GS_Streaming_Semantic_Gaussian_Splatting_for_Online_Scene_Understanding_and_Reconstructi_2603.14232.pdf,,no_code_link_found,"Codex:3D-Reconstruction, Codex:3D4D-Reconstruction"
2603.14392,WestWorld: A Knowledge-Encoded Scalable Trajectory World Model for Diverse Robotic Systems,2026-arxiv,动态场景与 4D 重建,训练/监督角度,提升可控生成/世界演化预测,SLAM / pose graph / online mapping pipeline,WestWorld,WestWorld 针对「提升可控生成/世界演化预测」，从「训练/监督角度」切入，主要采用「SLAM / pose graph / online mapping pipeline」来服务「动态场景与 4D 重建」。,/Volumes/UBag/Documents/l40server_mirror/lyra/Lyra-2/paper_collection_3d4d_reconstruction_2026_04_26/boardmix_mindmap/method_figures/2603.14392_WestWorld.png,/Volumes/UBag/Documents/l40server_mirror/lyra/Lyra-2/paper_collection_3d4d_reconstruction_2026_04_26/pdfs/2026_WestWorld_A_Knowledge_Encoded_Scalable_Trajectory_World_Model_for_Diverse_Robotic_Systems_2603.14392.pdf,,code_link_found_not_audited,"Codex:3D+4D-Evolution, Codex:3D4D-Reconstruction"
2603.13049,3DTCR: A Physics-Based Generative Framework for Vortex-Following 3D Reconstruction to Improve Tropical Cyclone Intensity Forecasting,2026-arxiv,生成式 3D/4D 内容与仿真,时空/动态角度,解决稀疏视角几何不稳定,SLAM / pose graph / online mapping pipeline,3DTCR,3DTCR 针对「解决稀疏视角几何不稳定」，从「时空/动态角度」切入，主要采用「SLAM / pose graph / online mapping pipeline」来服务「生成式 3D/4D 内容与仿真」。,/Volumes/UBag/Documents/l40server_mirror/lyra/Lyra-2/paper_collection_3d4d_reconstruction_2026_04_26/boardmix_mindmap/method_figures/2603.13049_3DTCR.png,/Volumes/UBag/Documents/l40server_mirror/lyra/Lyra-2/paper_collection_3d4d_reconstruction_2026_04_26/pdfs/2026_3DTCR_A_Physics_Based_Generative_Framework_for_Vortex_Following_3D_Reconstruction_to_Impro_2603.13049.pdf,https://github.com/JunLiu88/3DTCR,code_link_found_not_audited,"Codex:3D-Reconstruction, Codex:3D4D-Reconstruction"
2603.14948,Bridging Scene Generation and Planning: Driving with World Model via Unifying Vision and Motion Representation,2026-arxiv,SLAM/机器人/自动驾驶世界模型,时空/动态角度,提升可控生成/世界演化预测,Diffusion/生成先验/视频模型,Bridging Scene Generation and Planning,Bridging Scene Generation and Planning 针对「提升可控生成/世界演化预测」，从「时空/动态角度」切入，主要采用「Diffusion/生成先验/视频模型」来服务「SLAM/机器人/自动驾驶世界模型」。,/Volumes/UBag/Documents/l40server_mirror/lyra/Lyra-2/paper_collection_3d4d_reconstruction_2026_04_26/boardmix_mindmap/method_figures/2603.14948_Bridging_Scene_Generation_and_Planning.png,/Volumes/UBag/Documents/l40server_mirror/lyra/Lyra-2/paper_collection_3d4d_reconstruction_2026_04_26/pdfs/2026_Bridging_Scene_Generation_and_Planning_Driving_with_World_Model_via_Unifying_Vision_and_Mo_2603.14948.pdf,https://github.com/TabGuigui/WorldDrive,code_link_found_not_audited,"Codex:3D+4D-Evolution, Codex:3D4D-Reconstruction"
2603.15771,CorrectionPlanner: Self-Correction Planner with Reinforcement Learning in Autonomous Driving,2026-arxiv,SLAM/机器人/自动驾驶世界模型,生成/世界模型角度,提升可控生成/世界演化预测,SLAM / pose graph / online mapping pipeline,CorrectionPlanner,CorrectionPlanner 针对「提升可控生成/世界演化预测」，从「生成/世界模型角度」切入，主要采用「SLAM / pose graph / online mapping pipeline」来服务「SLAM/机器人/自动驾驶世界模型」。,/Volumes/UBag/Documents/l40server_mirror/lyra/Lyra-2/paper_collection_3d4d_reconstruction_2026_04_26/boardmix_mindmap/method_figures/2603.15771_CorrectionPlanner.png,/Volumes/UBag/Documents/l40server_mirror/lyra/Lyra-2/paper_collection_3d4d_reconstruction_2026_04_26/pdfs/2026_CorrectionPlanner_Self_Correction_Planner_with_Reinforcement_Learning_in_Autonomous_Drivin_2603.15771.pdf,,no_code_link_found,"Codex:3D+4D-Evolution, Codex:3D4D-Reconstruction"
2603.14684,E2EGS: Event-to-Edge Gaussian Splatting for Pose-Free 3D Reconstruction,2026-arxiv,动态场景与 4D 重建,表示/几何角度,建模运动/形变/时间一致性,Motion decomposition / canonical space / deformation,E2EGS,E2EGS 针对「建模运动/形变/时间一致性」，从「表示/几何角度」切入，主要采用「Motion decomposition / canonical space / deformation」来服务「动态场景与 4D 重建」。,/Volumes/UBag/Documents/l40server_mirror/lyra/Lyra-2/paper_collection_3d4d_reconstruction_2026_04_26/boardmix_mindmap/method_figures/2603.14684_E2EGS.png,/Volumes/UBag/Documents/l40server_mirror/lyra/Lyra-2/paper_collection_3d4d_reconstruction_2026_04_26/pdfs/2026_E2EGS_Event_to_Edge_Gaussian_Splatting_for_Pose_Free_3D_Reconstruction_2603.14684.pdf,https://github.com/MichaelGrupp/evo,code_link_found_not_audited,"Codex:3D-Reconstruction, Codex:3D4D-Reconstruction"
2603.14965,GeoNVS: Geometry Grounded Video Diffusion for Novel View Synthesis,2026-arxiv,稀疏/单目/少视角 3D 重建,训练/监督角度,提升几何一致性/表面质量,Gaussian Splatting 表示与正则化,GeoNVS,GeoNVS 针对「提升几何一致性/表面质量」，从「训练/监督角度」切入，主要采用「Gaussian Splatting 表示与正则化」来服务「稀疏/单目/少视角 3D 重建」。,/Volumes/UBag/Documents/l40server_mirror/lyra/Lyra-2/paper_collection_3d4d_reconstruction_2026_04_26/boardmix_mindmap/method_figures/2603.14965_GeoNVS.png,/Volumes/UBag/Documents/l40server_mirror/lyra/Lyra-2/paper_collection_3d4d_reconstruction_2026_04_26/pdfs/2026_GeoNVS_Geometry_Grounded_Video_Diffusion_for_Novel_View_Synthesis_2603.14965.pdf,,no_code_link_found,"Codex:3D-Reconstruction, Codex:3D4D-Reconstruction"
2603.15583,Grounding World Simulation Models in a Real-World Metropolis,2026-arxiv,生成式 3D/4D 内容与仿真,时空/动态角度,提升可控生成/世界演化预测,Diffusion/生成先验/视频模型,Real-World,Real-World 针对「提升可控生成/世界演化预测」，从「时空/动态角度」切入，主要采用「Diffusion/生成先验/视频模型」来服务「生成式 3D/4D 内容与仿真」。,/Volumes/UBag/Documents/l40server_mirror/lyra/Lyra-2/paper_collection_3d4d_reconstruction_2026_04_26/boardmix_mindmap/method_figures/2603.15583_Real-World.png,/Volumes/UBag/Documents/l40server_mirror/lyra/Lyra-2/paper_collection_3d4d_reconstruction_2026_04_26/pdfs/2026_Grounding_World_Simulation_Models_in_a_Real_World_Metropolis_2603.15583.pdf,https://github.com/naver-ai/seoul-world-model,code_link_found_not_audited,"Codex:3D+4D-Evolution, Codex:3D4D-Reconstruction"
2603.16943,KGS-GCN: Enhancing Sparse Skeleton Sensing via Kinematics-Driven Gaussian Splatting and Probabilistic Topology for Action Recognition,2026-arxiv,动态场景与 4D 重建,时空/动态角度,建模运动/形变/时间一致性,Gaussian Splatting 表示与正则化,KGS-GCN,KGS-GCN 针对「建模运动/形变/时间一致性」，从「时空/动态角度」切入，主要采用「Gaussian Splatting 表示与正则化」来服务「动态场景与 4D 重建」。,/Volumes/UBag/Documents/l40server_mirror/lyra/Lyra-2/paper_collection_3d4d_reconstruction_2026_04_26/boardmix_mindmap/method_figures/2603.16943_KGS-GCN.png,/Volumes/UBag/Documents/l40server_mirror/lyra/Lyra-2/paper_collection_3d4d_reconstruction_2026_04_26/pdfs/2026_KGS_GCN_Enhancing_Sparse_Skeleton_Sensing_via_Kinematics_Driven_Gaussian_Splatting_and_Pro_2603.16943.pdf,,no_code_link_found,"Codex:3D-Reconstruction, Codex:3D4D-Reconstruction"
2603.14763,LiDAR-EVS: Enhance Extrapolated View Synthesis for 3D Gaussian Splatting with Pseudo-LiDAR Supervision,2026-arxiv,生成式 3D/4D 内容与仿真,训练/监督角度,提升几何一致性/表面质量,Gaussian Splatting 表示与正则化,LiDAR-EVS,LiDAR-EVS 针对「提升几何一致性/表面质量」，从「训练/监督角度」切入，主要采用「Gaussian Splatting 表示与正则化」来服务「生成式 3D/4D 内容与仿真」。,/Volumes/UBag/Documents/l40server_mirror/lyra/Lyra-2/paper_collection_3d4d_reconstruction_2026_04_26/boardmix_mindmap/method_figures/2603.14763_LiDAR-EVS.png,/Volumes/UBag/Documents/l40server_mirror/lyra/Lyra-2/paper_collection_3d4d_reconstruction_2026_04_26/pdfs/2026_LiDAR_EVS_Enhance_Extrapolated_View_Synthesis_for_3D_Gaussian_Splatting_with_Pseudo_LiDAR_2603.14763.pdf,,no_code_link_found,"Codex:3D-Reconstruction, Codex:3D4D-Reconstruction"
2603.15330,"MeMix: Writing Less, Remembering More for Streaming 3D Reconstruction",2026-arxiv,实时/大规模/高效 3D 表示,计算角度,降低显存/存储/模型体积,SLAM / pose graph / online mapping pipeline,MeMix,MeMix 针对「降低显存/存储/模型体积」，从「计算角度」切入，主要采用「SLAM / pose graph / online mapping pipeline」来服务「实时/大规模/高效 3D 表示」。,/Volumes/UBag/Documents/l40server_mirror/lyra/Lyra-2/paper_collection_3d4d_reconstruction_2026_04_26/boardmix_mindmap/method_figures/2603.15330_MeMix.png,/Volumes/UBag/Documents/l40server_mirror/lyra/Lyra-2/paper_collection_3d4d_reconstruction_2026_04_26/pdfs/2026_MeMix_Writing_Less_Remembering_More_for_Streaming_3D_Reconstruction_2603.15330.pdf,https://github.com/Hopding/pdf-lib,code_link_found_not_audited,"Codex:3D-Reconstruction, Codex:3D4D-Reconstruction"
2601.02716,MorphGS: Morphology-Adaptive Articulated 3D Motion Transfer from Videos,2026-arxiv,多视角几何/表面/场景重建,时空/动态角度,解决稀疏视角几何不稳定,SLAM / pose graph / online mapping pipeline,MorphGS,MorphGS 针对「解决稀疏视角几何不稳定」，从「时空/动态角度」切入，主要采用「SLAM / pose graph / online mapping pipeline」来服务「多视角几何/表面/场景重建」。,/Volumes/UBag/Documents/l40server_mirror/lyra/Lyra-2/paper_collection_3d4d_reconstruction_2026_04_26/boardmix_mindmap/method_figures/2601.02716_MorphGS.png,/Volumes/UBag/Documents/l40server_mirror/lyra/Lyra-2/paper_collection_3d4d_reconstruction_2026_04_26/pdfs/2026_MorphGS_Morphology_Adaptive_Articulated_3D_Motion_Transfer_from_Videos_2601.02716.pdf,,no_code_link_found,"Codex:3D-Reconstruction, Codex:3D4D-Reconstruction"
2603.15186,NavGSim: High-Fidelity Gaussian Splatting Simulator for Large-Scale Navigation,2026-arxiv,SLAM/机器人/自动驾驶世界模型,生成/世界模型角度,提升可控生成/世界演化预测,Gaussian Splatting 表示与正则化,NavGSim,NavGSim 针对「提升可控生成/世界演化预测」，从「生成/世界模型角度」切入，主要采用「Gaussian Splatting 表示与正则化」来服务「SLAM/机器人/自动驾驶世界模型」。,/Volumes/UBag/Documents/l40server_mirror/lyra/Lyra-2/paper_collection_3d4d_reconstruction_2026_04_26/boardmix_mindmap/method_figures/2603.15186_NavGSim.png,/Volumes/UBag/Documents/l40server_mirror/lyra/Lyra-2/paper_collection_3d4d_reconstruction_2026_04_26/pdfs/2026_NavGSim_High_Fidelity_Gaussian_Splatting_Simulator_for_Large_Scale_Navigation_2603.15186.pdf,,no_code_link_found,"Codex:3D-Reconstruction, Codex:3D4D-Reconstruction"
2603.14908,PerlAD: Towards Enhanced Closed-loop End-to-end Autonomous Driving with Pseudo-simulation-based Reinforcement Learning,2026-arxiv,SLAM/机器人/自动驾驶世界模型,生成/世界模型角度,提升可控生成/世界演化预测,SLAM / pose graph / online mapping pipeline,PerlAD,PerlAD 针对「提升可控生成/世界演化预测」，从「生成/世界模型角度」切入，主要采用「SLAM / pose graph / online mapping pipeline」来服务「SLAM/机器人/自动驾驶世界模型」。,/Volumes/UBag/Documents/l40server_mirror/lyra/Lyra-2/paper_collection_3d4d_reconstruction_2026_04_26/boardmix_mindmap/method_figures/2603.14908_PerlAD.png,/Volumes/UBag/Documents/l40server_mirror/lyra/Lyra-2/paper_collection_3d4d_reconstruction_2026_04_26/pdfs/2026_PerlAD_Towards_Enhanced_Closed_loop_End_to_end_Autonomous_Driving_with_Pseudo_simulation_b_2603.14908.pdf,,no_code_link_found,"Codex:3D+4D-Evolution, Codex:3D4D-Reconstruction"
2603.15433,Real-Time Human Frontal View Synthesis from a Single Image,2026-arxiv,稀疏/单目/少视角 3D 重建,表示/几何角度,解决稀疏视角几何不稳定,SDF/隐式表面/网格/点云,Real-Time,Real-Time 针对「解决稀疏视角几何不稳定」，从「表示/几何角度」切入，主要采用「SDF/隐式表面/网格/点云」来服务「稀疏/单目/少视角 3D 重建」。,/Volumes/UBag/Documents/l40server_mirror/lyra/Lyra-2/paper_collection_3d4d_reconstruction_2026_04_26/boardmix_mindmap/method_figures/2603.15433_Real-Time.png,/Volumes/UBag/Documents/l40server_mirror/lyra/Lyra-2/paper_collection_3d4d_reconstruction_2026_04_26/pdfs/2026_Real_Time_Human_Frontal_View_Synthesis_from_a_Single_Image_2603.15433.pdf,https://github.com/rslinfy/PrismMirror,code_link_found_not_audited,"Codex:3D-Reconstruction, Codex:3D4D-Reconstruction"
2603.15759,Simulation Distillation: Pretraining World Models in Simulation for Rapid Real-World Adaptation,2026-arxiv,SLAM/机器人/自动驾驶世界模型,训练/监督角度,提升可控生成/世界演化预测,SLAM / pose graph / online mapping pipeline,Simulation Distillation,Simulation Distillation 针对「提升可控生成/世界演化预测」，从「训练/监督角度」切入，主要采用「SLAM / pose graph / online mapping pipeline」来服务「SLAM/机器人/自动驾驶世界模型」。,/Volumes/UBag/Documents/l40server_mirror/lyra/Lyra-2/paper_collection_3d4d_reconstruction_2026_04_26/boardmix_mindmap/method_figures/2603.15759_Simulation_Distillation.png,/Volumes/UBag/Documents/l40server_mirror/lyra/Lyra-2/paper_collection_3d4d_reconstruction_2026_04_26/pdfs/2026_Simulation_Distillation_Pretraining_World_Models_in_Simulation_for_Rapid_Real_World_Adapta_2603.15759.pdf,https://github.com/CLeARoboticsLab/simdist,code_link_found_not_audited,"Codex:3D+4D-Evolution, Codex:3D4D-Reconstruction"
2603.14765,SSR: A Training-Free Approach for Streaming 3D Reconstruction,2026-arxiv,动态场景与 4D 重建,时空/动态角度,建模运动/形变/时间一致性,SLAM / pose graph / online mapping pipeline,SSR,SSR 针对「建模运动/形变/时间一致性」，从「时空/动态角度」切入，主要采用「SLAM / pose graph / online mapping pipeline」来服务「动态场景与 4D 重建」。,/Volumes/UBag/Documents/l40server_mirror/lyra/Lyra-2/paper_collection_3d4d_reconstruction_2026_04_26/boardmix_mindmap/method_figures/2603.14765_SSR.png,/Volumes/UBag/Documents/l40server_mirror/lyra/Lyra-2/paper_collection_3d4d_reconstruction_2026_04_26/pdfs/2026_SSR_A_Training_Free_Approach_for_Streaming_3D_Reconstruction_2603.14765.pdf,,no_code_link_found,"Codex:3D-Reconstruction, Codex:3D4D-Reconstruction"
2603.16860,DreamPlan: Efficient Reinforcement Fine-Tuning of Vision-Language Planners via Video World Models,2026-arxiv,动态场景与 4D 重建,时空/动态角度,提升可控生成/世界演化预测,Diffusion/生成先验/视频模型,DreamPlan,DreamPlan 针对「提升可控生成/世界演化预测」，从「时空/动态角度」切入，主要采用「Diffusion/生成先验/视频模型」来服务「动态场景与 4D 重建」。,/Volumes/UBag/Documents/l40server_mirror/lyra/Lyra-2/paper_collection_3d4d_reconstruction_2026_04_26/boardmix_mindmap/method_figures/2603.16860_DreamPlan.png,/Volumes/UBag/Documents/l40server_mirror/lyra/Lyra-2/paper_collection_3d4d_reconstruction_2026_04_26/pdfs/2026_DreamPlan_Efficient_Reinforcement_Fine_Tuning_of_Vision_Language_Planners_via_Video_World_2603.16860.pdf,https://github.com/physical-superintelligence-lab/DreamPlan/tree/main,code_link_found_not_audited,"Codex:3D+4D-Evolution, Codex:3D4D-Reconstruction"
2603.16133,DualPrim: Compact 3D Reconstruction with Positive and Negative Primitives,2026-arxiv,多视角几何/表面/场景重建,表示/几何角度,降低显存/存储/模型体积,SDF/隐式表面/网格/点云,DualPrim,DualPrim 针对「降低显存/存储/模型体积」，从「表示/几何角度」切入，主要采用「SDF/隐式表面/网格/点云」来服务「多视角几何/表面/场景重建」。,/Volumes/UBag/Documents/l40server_mirror/lyra/Lyra-2/paper_collection_3d4d_reconstruction_2026_04_26/boardmix_mindmap/method_figures/2603.16133_DualPrim.png,/Volumes/UBag/Documents/l40server_mirror/lyra/Lyra-2/paper_collection_3d4d_reconstruction_2026_04_26/pdfs/2026_DualPrim_Compact_3D_Reconstruction_with_Positive_and_Negative_Primitives_2603.16133.pdf,,no_code_link_found,"Codex:3D-Reconstruction, Codex:3D4D-Reconstruction"
2603.16444,Fast-HaMeR: Boosting Hand Mesh Reconstruction using Knowledge Distillation,2026-arxiv,实时/大规模/高效 3D 表示,计算角度,减少优化/采样/渲染步骤,SDF/隐式表面/网格/点云,Fast-HaMeR,Fast-HaMeR 针对「减少优化/采样/渲染步骤」，从「计算角度」切入，主要采用「SDF/隐式表面/网格/点云」来服务「实时/大规模/高效 3D 表示」。,/Volumes/UBag/Documents/l40server_mirror/lyra/Lyra-2/paper_collection_3d4d_reconstruction_2026_04_26/boardmix_mindmap/method_figures/2603.16444_Fast-HaMeR.png,/Volumes/UBag/Documents/l40server_mirror/lyra/Lyra-2/paper_collection_3d4d_reconstruction_2026_04_26/pdfs/2026_Fast_HaMeR_Boosting_Hand_Mesh_Reconstruction_using_Knowledge_Distillation_2603.16444.pdf,https://github.com/hunainahmedj/Fast-HaMeR,code_link_found_not_audited,"Codex:3D-Reconstruction, Codex:3D4D-Reconstruction"
2603.17201,FastLoop: Parallel Loop Closing with GPU-Acceleration in Visual SLAM,2026-arxiv,实时/大规模/高效 3D 表示,计算角度,建模运动/形变/时间一致性,SLAM / pose graph / online mapping pipeline,FastLoop,FastLoop 针对「建模运动/形变/时间一致性」，从「计算角度」切入，主要采用「SLAM / pose graph / online mapping pipeline」来服务「实时/大规模/高效 3D 表示」。,/Volumes/UBag/Documents/l40server_mirror/lyra/Lyra-2/paper_collection_3d4d_reconstruction_2026_04_26/boardmix_mindmap/method_figures/2603.17201_FastLoop.png,/Volumes/UBag/Documents/l40server_mirror/lyra/Lyra-2/paper_collection_3d4d_reconstruction_2026_04_26/pdfs/2026_FastLoop_Parallel_Loop_Closing_with_GPU_Acceleration_in_Visual_SLAM_2603.17201.pdf,https://github.com/sfu-rsl/FastLoop,code_link_found_not_audited,"Codex:3D-Reconstruction, Codex:3D4D-Reconstruction"
2603.16461,GAP-MLLM: Geometry-Aligned Pre-training for Activating 3D Spatial Perception in Multimodal Large Language Models,2026-arxiv,多视角几何/表面/场景重建,训练/监督角度,降低显存/存储/模型体积,SLAM / pose graph / online mapping pipeline,GAP-MLLM,GAP-MLLM 针对「降低显存/存储/模型体积」，从「训练/监督角度」切入，主要采用「SLAM / pose graph / online mapping pipeline」来服务「多视角几何/表面/场景重建」。,/Volumes/UBag/Documents/l40server_mirror/lyra/Lyra-2/paper_collection_3d4d_reconstruction_2026_04_26/boardmix_mindmap/method_figures/2603.16461_GAP-MLLM.png,/Volumes/UBag/Documents/l40server_mirror/lyra/Lyra-2/paper_collection_3d4d_reconstruction_2026_04_26/pdfs/2026_GAP_MLLM_Geometry_Aligned_Pre_training_for_Activating_3D_Spatial_Perception_in_Multimodal_2603.16461.pdf,,no_code_link_found,"Codex:3D-Reconstruction, Codex:3D4D-Reconstruction"
2603.11298,InstantHDR: Single-forward Gaussian Splatting for High Dynamic Range 3D Reconstruction,2026-arxiv,稀疏/单目/少视角 3D 重建,表示/几何角度,建模运动/形变/时间一致性,SLAM / pose graph / online mapping pipeline,InstantHDR,InstantHDR 针对「建模运动/形变/时间一致性」，从「表示/几何角度」切入，主要采用「SLAM / pose graph / online mapping pipeline」来服务「稀疏/单目/少视角 3D 重建」。,/Volumes/UBag/Documents/l40server_mirror/lyra/Lyra-2/paper_collection_3d4d_reconstruction_2026_04_26/boardmix_mindmap/method_figures/2603.11298_InstantHDR.png,/Volumes/UBag/Documents/l40server_mirror/lyra/Lyra-2/paper_collection_3d4d_reconstruction_2026_04_26/pdfs/2026_InstantHDR_Single_forward_Gaussian_Splatting_for_High_Dynamic_Range_3D_Reconstruction_2603.11298.pdf,,no_code_link_found,"Codex:3D-Reconstruction, Codex:3D4D-Reconstruction"
2603.16211,Leveling3D: Leveling Up 3D Reconstruction with Feed-Forward 3D Gaussian Splatting and Geometry-Aware Generation,2026-arxiv,生成式 3D/4D 内容与仿真,训练/监督角度,提升几何一致性/表面质量,Gaussian Splatting 表示与正则化,Leveling3D,Leveling3D 针对「提升几何一致性/表面质量」，从「训练/监督角度」切入，主要采用「Gaussian Splatting 表示与正则化」来服务「生成式 3D/4D 内容与仿真」。,/Volumes/UBag/Documents/l40server_mirror/lyra/Lyra-2/paper_collection_3d4d_reconstruction_2026_04_26/boardmix_mindmap/method_figures/2603.16211_Leveling3D.png,/Volumes/UBag/Documents/l40server_mirror/lyra/Lyra-2/paper_collection_3d4d_reconstruction_2026_04_26/pdfs/2026_Leveling3D_Leveling_Up_3D_Reconstruction_with_Feed_Forward_3D_Gaussian_Splatting_and_Geome_2603.16211.pdf,,no_code_link_found,"Codex:3D-Reconstruction, Codex:3D4D-Reconstruction"
2603.16844,M^3: Dense Matching Meets Multi-View Foundation Models for Monocular Gaussian Splatting SLAM,2026-arxiv,动态场景与 4D 重建,计算角度,建模运动/形变/时间一致性,SLAM / pose graph / online mapping pipeline,M^3,M^3 针对「建模运动/形变/时间一致性」，从「计算角度」切入，主要采用「SLAM / pose graph / online mapping pipeline」来服务「动态场景与 4D 重建」。,/Volumes/UBag/Documents/l40server_mirror/lyra/Lyra-2/paper_collection_3d4d_reconstruction_2026_04_26/boardmix_mindmap/method_figures/2603.16844_M_3.png,/Volumes/UBag/Documents/l40server_mirror/lyra/Lyra-2/paper_collection_3d4d_reconstruction_2026_04_26/pdfs/2026_M_3_Dense_Matching_Meets_Multi_View_Foundation_Models_for_Monocular_Gaussian_Splatting_SLA_2603.16844.pdf,https://github.com/InternRobotics/M3,code_link_found_not_audited,"Codex:3D-Reconstruction, Codex:3D4D-Reconstruction"
2603.17117,MosaicMem: Hybrid Spatial Memory for Controllable Video World Models,2026-arxiv,生成式 3D/4D 内容与仿真,时空/动态角度,提升可控生成/世界演化预测,Diffusion/生成先验/视频模型,MosaicMem,MosaicMem 针对「提升可控生成/世界演化预测」，从「时空/动态角度」切入，主要采用「Diffusion/生成先验/视频模型」来服务「生成式 3D/4D 内容与仿真」。,/Volumes/UBag/Documents/l40server_mirror/lyra/Lyra-2/paper_collection_3d4d_reconstruction_2026_04_26/boardmix_mindmap/method_figures/2603.17117_MosaicMem.png,/Volumes/UBag/Documents/l40server_mirror/lyra/Lyra-2/paper_collection_3d4d_reconstruction_2026_04_26/pdfs/2026_MosaicMem_Hybrid_Spatial_Memory_for_Controllable_Video_World_Models_2603.17117.pdf,,no_code_link_found,"Codex:3D+4D-Evolution, Codex:3D4D-Reconstruction"
2603.16103,NanoGS: Training-Free Gaussian Splat Simplification,2026-arxiv,实时/大规模/高效 3D 表示,内存/存储角度,降低显存/存储/模型体积,Pruning / compression / progressive coding,NanoGS,NanoGS 针对「降低显存/存储/模型体积」，从「内存/存储角度」切入，主要采用「Pruning / compression / progressive coding」来服务「实时/大规模/高效 3D 表示」。,/Volumes/UBag/Documents/l40server_mirror/lyra/Lyra-2/paper_collection_3d4d_reconstruction_2026_04_26/boardmix_mindmap/method_figures/2603.16103_NanoGS.png,/Volumes/UBag/Documents/l40server_mirror/lyra/Lyra-2/paper_collection_3d4d_reconstruction_2026_04_26/pdfs/2026_NanoGS_Training_Free_Gaussian_Splat_Simplification_2603.16103.pdf,https://github.com/RongLiu-Leo/NanoGS,code_link_found_not_audited,"Codex:3D-Reconstruction, Codex:3D4D-Reconstruction"
2603.16447,ProgressiveAvatars: Progressive Animatable 3D Gaussian Avatars,2026-arxiv,人体/头像/可动画资产,表示/几何角度,降低显存/存储/模型体积,SLAM / pose graph / online mapping pipeline,ProgressiveAvatars,ProgressiveAvatars 针对「降低显存/存储/模型体积」，从「表示/几何角度」切入，主要采用「SLAM / pose graph / online mapping pipeline」来服务「人体/头像/可动画资产」。,/Volumes/UBag/Documents/l40server_mirror/lyra/Lyra-2/paper_collection_3d4d_reconstruction_2026_04_26/boardmix_mindmap/method_figures/2603.16447_ProgressiveAvatars.png,/Volumes/UBag/Documents/l40server_mirror/lyra/Lyra-2/paper_collection_3d4d_reconstruction_2026_04_26/pdfs/2026_ProgressiveAvatars_Progressive_Animatable_3D_Gaussian_Avatars_2603.16447.pdf,,no_code_link_found,"Codex:3D-Reconstruction, Codex:3D4D-Reconstruction"
2603.16538,Rethinking Pose Refinement in 3D Gaussian Splatting under Pose Prior and Geometric Uncertainty,2026-arxiv,多视角几何/表面/场景重建,表示/几何角度,提升几何一致性/表面质量,Gaussian Splatting 表示与正则化,本文方法,本文方法 针对「提升几何一致性/表面质量」，从「表示/几何角度」切入，主要采用「Gaussian Splatting 表示与正则化」来服务「多视角几何/表面/场景重建」。,/Volumes/UBag/Documents/l40server_mirror/lyra/Lyra-2/paper_collection_3d4d_reconstruction_2026_04_26/boardmix_mindmap/method_figures/2603.16538_paper.png,/Volumes/UBag/Documents/l40server_mirror/lyra/Lyra-2/paper_collection_3d4d_reconstruction_2026_04_26/pdfs/2026_Rethinking_Pose_Refinement_in_3D_Gaussian_Splatting_under_Pose_Prior_and_Geometric_Uncerta_2603.16538.pdf,https://github.com/kmk97/UGSLoc,code_link_found_not_audited,"Codex:3D-Reconstruction, Codex:3D4D-Reconstruction"
2603.17165,SLAM Adversarial Lab: An Extensible Framework for Visual SLAM Robustness Evaluation under Adverse Conditions,2026-arxiv,动态场景与 4D 重建,时空/动态角度,接入 SLAM/机器人闭环系统,SLAM / pose graph / online mapping pipeline,SLAM Adversarial Lab,SLAM Adversarial Lab 针对「接入 SLAM/机器人闭环系统」，从「时空/动态角度」切入，主要采用「SLAM / pose graph / online mapping pipeline」来服务「动态场景与 4D 重建」。,/Volumes/UBag/Documents/l40server_mirror/lyra/Lyra-2/paper_collection_3d4d_reconstruction_2026_04_26/boardmix_mindmap/method_figures/2603.17165_SLAM_Adversarial_Lab.png,/Volumes/UBag/Documents/l40server_mirror/lyra/Lyra-2/paper_collection_3d4d_reconstruction_2026_04_26/pdfs/2026_SLAM_Adversarial_Lab_An_Extensible_Framework_for_Visual_SLAM_Robustness_Evaluation_under_A_2603.17165.pdf,https://github.com/sfu-rsl/SLAMAdversarialLab,code_link_found_not_audited,"Codex:3D-Reconstruction, Codex:3D4D-Reconstruction"
2603.16871,WorldCam: Interactive Autoregressive 3D Gaming Worlds with Camera Pose as a Unifying Geometric Representation,2026-arxiv,生成式 3D/4D 内容与仿真,生成/世界模型角度,提升可控生成/世界演化预测,Diffusion/生成先验/视频模型,WorldCam,WorldCam 针对「提升可控生成/世界演化预测」，从「生成/世界模型角度」切入，主要采用「Diffusion/生成先验/视频模型」来服务「生成式 3D/4D 内容与仿真」。,/Volumes/UBag/Documents/l40server_mirror/lyra/Lyra-2/paper_collection_3d4d_reconstruction_2026_04_26/boardmix_mindmap/method_figures/2603.16871_WorldCam.png,/Volumes/UBag/Documents/l40server_mirror/lyra/Lyra-2/paper_collection_3d4d_reconstruction_2026_04_26/pdfs/2026_WorldCam_Interactive_Autoregressive_3D_Gaming_Worlds_with_Camera_Pose_as_a_Unifying_Geomet_2603.16871.pdf,https://github.com/cvlab-kaist/WorldCam,code_link_found_not_audited,"Codex:3D+4D-Evolution, Codex:3D4D-Reconstruction"
2603.17358,A 3D Reconstruction Benchmark for Asset Inspection,2026-arxiv,多视角几何/表面/场景重建,表示/几何角度,提升几何一致性/表面质量,SLAM / pose graph / online mapping pipeline,A 3D Reconstruction Benchmark for Asset Inspection,A 3D Reconstruction Benchmark for Asset Inspection 针对「提升几何一致性/表面质量」，从「表示/几何角度」切入，主要采用「SLAM / pose graph / online mapping pipeline」来服务「多视角几何/表面/场景重建」。,/Volumes/UBag/Documents/l40server_mirror/lyra/Lyra-2/paper_collection_3d4d_reconstruction_2026_04_26/boardmix_mindmap/method_figures/2603.17358_A_3D_Reconstruction_Benchmark_for_Asset_Inspection.png,/Volumes/UBag/Documents/l40server_mirror/lyra/Lyra-2/paper_collection_3d4d_reconstruction_2026_04_26/pdfs/2026_A_3D_Reconstruction_Benchmark_for_Asset_Inspection_2603.17358.pdf,https://github.com/MichaelGrupp/evo,code_link_found_not_audited,"Codex:3D-Reconstruction, Codex:3D4D-Reconstruction"
2603.17975,AHOY! Animatable Humans under Occlusion from YouTube Videos with Gaussian Splatting and Video Diffusion Priors,2026-arxiv,人体/头像/可动画资产,训练/监督角度,解决稀疏视角几何不稳定,Gaussian Splatting 表示与正则化,AHOY,AHOY 针对「解决稀疏视角几何不稳定」，从「训练/监督角度」切入，主要采用「Gaussian Splatting 表示与正则化」来服务「人体/头像/可动画资产」。,/Volumes/UBag/Documents/l40server_mirror/lyra/Lyra-2/paper_collection_3d4d_reconstruction_2026_04_26/boardmix_mindmap/method_figures/2603.17975_AHOY.png,/Volumes/UBag/Documents/l40server_mirror/lyra/Lyra-2/paper_collection_3d4d_reconstruction_2026_04_26/pdfs/2026_AHOY_Animatable_Humans_under_Occlusion_from_YouTube_Videos_with_Gaussian_Splatting_and_Vid_2603.17975.pdf,,no_code_link_found,"Codex:3D-Reconstruction, Codex:3D4D-Reconstruction"
2603.12789,Coherent Human-Scene Reconstruction from Multi-Person Multi-View Video in a Single Pass,2026-arxiv,多视角几何/表面/场景重建,训练/监督角度,解决稀疏视角几何不稳定,SDF/隐式表面/网格/点云,Human-Scene,Human-Scene 针对「解决稀疏视角几何不稳定」，从「训练/监督角度」切入，主要采用「SDF/隐式表面/网格/点云」来服务「多视角几何/表面/场景重建」。,/Volumes/UBag/Documents/l40server_mirror/lyra/Lyra-2/paper_collection_3d4d_reconstruction_2026_04_26/boardmix_mindmap/method_figures/2603.12789_Human-Scene.png,/Volumes/UBag/Documents/l40server_mirror/lyra/Lyra-2/paper_collection_3d4d_reconstruction_2026_04_26/pdfs/2026_Coherent_Human_Scene_Reconstruction_from_Multi_Person_Multi_View_Video_in_a_Single_Pass_2603.12789.pdf,,no_code_link_found,"Codex:3D-Reconstruction, Codex:3D4D-Reconstruction"
2603.18266,Enactor: From Traffic Simulators to Surrogate World Models,2026-arxiv,生成式 3D/4D 内容与仿真,生成/世界模型角度,提升可控生成/世界演化预测,SLAM / pose graph / online mapping pipeline,Enactor,Enactor 针对「提升可控生成/世界演化预测」，从「生成/世界模型角度」切入，主要采用「SLAM / pose graph / online mapping pipeline」来服务「生成式 3D/4D 内容与仿真」。,/Volumes/UBag/Documents/l40server_mirror/lyra/Lyra-2/paper_collection_3d4d_reconstruction_2026_04_26/boardmix_mindmap/method_figures/2603.18266_Enactor.png,/Volumes/UBag/Documents/l40server_mirror/lyra/Lyra-2/paper_collection_3d4d_reconstruction_2026_04_26/pdfs/2026_Enactor_From_Traffic_Simulators_to_Surrogate_World_Models_2603.18266.pdf,,no_code_link_found,"Codex:3D+4D-Evolution, Codex:3D4D-Reconstruction"
2603.18306,Fast and Generalizable NeRF Architecture Selection for Satellite Scene Reconstruction,2026-arxiv,多视角几何/表面/场景重建,训练/监督角度,适配特殊传感器/行业场景,NeRF/辐射场/体渲染,NeRF,NeRF 针对「适配特殊传感器/行业场景」，从「训练/监督角度」切入，主要采用「NeRF/辐射场/体渲染」来服务「多视角几何/表面/场景重建」。,/Volumes/UBag/Documents/l40server_mirror/lyra/Lyra-2/paper_collection_3d4d_reconstruction_2026_04_26/boardmix_mindmap/method_figures/2603.18306_NeRF.png,/Volumes/UBag/Documents/l40server_mirror/lyra/Lyra-2/paper_collection_3d4d_reconstruction_2026_04_26/pdfs/2026_Fast_and_Generalizable_NeRF_Architecture_Selection_for_Satellite_Scene_Reconstruction_2603.18306.pdf,,no_code_link_found,"Codex:3D-Reconstruction, Codex:3D4D-Reconstruction"
2603.15359,NavThinker: Action-Conditioned World Models for Coupled Prediction and Planning in Social Navigation,2026-arxiv,SLAM/机器人/自动驾驶世界模型,生成/世界模型角度,提升可控生成/世界演化预测,SLAM / pose graph / online mapping pipeline,NavThinker,NavThinker 针对「提升可控生成/世界演化预测」，从「生成/世界模型角度」切入，主要采用「SLAM / pose graph / online mapping pipeline」来服务「SLAM/机器人/自动驾驶世界模型」。,/Volumes/UBag/Documents/l40server_mirror/lyra/Lyra-2/paper_collection_3d4d_reconstruction_2026_04_26/boardmix_mindmap/method_figures/2603.15359_NavThinker.png,/Volumes/UBag/Documents/l40server_mirror/lyra/Lyra-2/paper_collection_3d4d_reconstruction_2026_04_26/pdfs/2026_NavThinker_Action_Conditioned_World_Models_for_Coupled_Prediction_and_Planning_in_Social_N_2603.15359.pdf,https://github.com/hutslib/NavThinker,code_link_found_not_audited,"Codex:3D+4D-Evolution, Codex:3D4D-Reconstruction"
2603.17236,Neural Radiance Maps for Extraterrestrial Navigation and Path Planning,2026-arxiv,SLAM/机器人/自动驾驶世界模型,计算角度,解决稀疏视角几何不稳定,SLAM / pose graph / online mapping pipeline,本文方法,本文方法 针对「解决稀疏视角几何不稳定」，从「计算角度」切入，主要采用「SLAM / pose graph / online mapping pipeline」来服务「SLAM/机器人/自动驾驶世界模型」。,/Volumes/UBag/Documents/l40server_mirror/lyra/Lyra-2/paper_collection_3d4d_reconstruction_2026_04_26/boardmix_mindmap/method_figures/2603.17236_paper.png,/Volumes/UBag/Documents/l40server_mirror/lyra/Lyra-2/paper_collection_3d4d_reconstruction_2026_04_26/pdfs/2026_Neural_Radiance_Maps_for_Extraterrestrial_Navigation_and_Path_Planning_2603.17236.pdf,https://github.com/adamdai/rover_nerf_planning,code_link_found_not_audited,"Codex:3D-Reconstruction, Codex:3D4D-Reconstruction"
2603.16301,OGScene3D: Incremental Open-Vocabulary 3D Gaussian Scene Graph Mapping for Scene Understanding,2026-arxiv,动态场景与 4D 重建,系统/在线部署角度,接入 SLAM/机器人闭环系统,SLAM / pose graph / online mapping pipeline,OGScene3D,OGScene3D 针对「接入 SLAM/机器人闭环系统」，从「系统/在线部署角度」切入，主要采用「SLAM / pose graph / online mapping pipeline」来服务「动态场景与 4D 重建」。,/Volumes/UBag/Documents/l40server_mirror/lyra/Lyra-2/paper_collection_3d4d_reconstruction_2026_04_26/boardmix_mindmap/method_figures/2603.16301_OGScene3D.png,/Volumes/UBag/Documents/l40server_mirror/lyra/Lyra-2/paper_collection_3d4d_reconstruction_2026_04_26/pdfs/2026_OGScene3D_Incremental_Open_Vocabulary_3D_Gaussian_Scene_Graph_Mapping_for_Scene_Understand_2603.16301.pdf,https://github.com/IRMVLab/OGScene3D,code_link_found_not_audited,"Codex:3D-Reconstruction, Codex:3D4D-Reconstruction"
2603.17571,PanoVGGT: Feed-Forward 3D Reconstruction from Panoramic Imagery,2026-arxiv,多视角几何/表面/场景重建,训练/监督角度,解决稀疏视角几何不稳定,Feed-forward / Transformer / Foundation Model,PanoVGGT,PanoVGGT 针对「解决稀疏视角几何不稳定」，从「训练/监督角度」切入，主要采用「Feed-forward / Transformer / Foundation Model」来服务「多视角几何/表面/场景重建」。,/Volumes/UBag/Documents/l40server_mirror/lyra/Lyra-2/paper_collection_3d4d_reconstruction_2026_04_26/boardmix_mindmap/method_figures/2603.17571_PanoVGGT.png,/Volumes/UBag/Documents/l40server_mirror/lyra/Lyra-2/paper_collection_3d4d_reconstruction_2026_04_26/pdfs/2026_PanoVGGT_Feed_Forward_3D_Reconstruction_from_Panoramic_Imagery_2603.17571.pdf,,no_code_link_found,"Codex:3D-Reconstruction, Codex:3D4D-Reconstruction"
2603.17605,ReLaGS: Relational Language Gaussian Splatting,2026-arxiv,实时/大规模/高效 3D 表示,训练/监督角度,降低显存/存储/模型体积,Gaussian Splatting 表示与正则化,ReLaGS,ReLaGS 针对「降低显存/存储/模型体积」，从「训练/监督角度」切入，主要采用「Gaussian Splatting 表示与正则化」来服务「实时/大规模/高效 3D 表示」。,/Volumes/UBag/Documents/l40server_mirror/lyra/Lyra-2/paper_collection_3d4d_reconstruction_2026_04_26/boardmix_mindmap/method_figures/2603.17605_ReLaGS.png,/Volumes/UBag/Documents/l40server_mirror/lyra/Lyra-2/paper_collection_3d4d_reconstruction_2026_04_26/pdfs/2026_ReLaGS_Relational_Language_Gaussian_Splatting_2603.17605.pdf,https://github.com/dfki-av/ReLaGS,code_link_found_not_audited,"Codex:3D-Reconstruction, Codex:3D4D-Reconstruction"
2603.17625,S-VGGT: Structure-Aware Subscene Decomposition for Scalable 3D Foundation Models,2026-arxiv,实时/大规模/高效 3D 表示,计算角度,减少优化/采样/渲染步骤,Feed-forward / Transformer / Foundation Model,S-VGGT,S-VGGT 针对「减少优化/采样/渲染步骤」，从「计算角度」切入，主要采用「Feed-forward / Transformer / Foundation Model」来服务「实时/大规模/高效 3D 表示」。,/Volumes/UBag/Documents/l40server_mirror/lyra/Lyra-2/paper_collection_3d4d_reconstruction_2026_04_26/boardmix_mindmap/method_figures/2603.17625_S-VGGT.png,/Volumes/UBag/Documents/l40server_mirror/lyra/Lyra-2/paper_collection_3d4d_reconstruction_2026_04_26/pdfs/2026_S_VGGT_Structure_Aware_Subscene_Decomposition_for_Scalable_3D_Foundation_Models_2603.17625.pdf,https://github.com/Powertony102/S-VGGT,code_link_found_not_audited,"Codex:3D-Reconstruction, Codex:3D4D-Reconstruction"
2603.17375,Stereo World Model: Camera-Guided Stereo Video Generation,2026-arxiv,生成式 3D/4D 内容与仿真,时空/动态角度,提升可控生成/世界演化预测,Diffusion/生成先验/视频模型,Stereo World Model,Stereo World Model 针对「提升可控生成/世界演化预测」，从「时空/动态角度」切入，主要采用「Diffusion/生成先验/视频模型」来服务「生成式 3D/4D 内容与仿真」。,/Volumes/UBag/Documents/l40server_mirror/lyra/Lyra-2/paper_collection_3d4d_reconstruction_2026_04_26/boardmix_mindmap/method_figures/2603.17375_Stereo_World_Model.png,/Volumes/UBag/Documents/l40server_mirror/lyra/Lyra-2/paper_collection_3d4d_reconstruction_2026_04_26/pdfs/2026_Stereo_World_Model_Camera_Guided_Stereo_Video_Generation_2603.17375.pdf,https://github.com/SunYangtian/StereoWorld,code_link_found_not_audited,"Codex:3D+4D-Evolution, Codex:3D4D-Reconstruction"
2603.17519,UniSem: Generalizable Semantic 3D Reconstruction from Sparse Unposed Images,2026-arxiv,稀疏/单目/少视角 3D 重建,表示/几何角度,解决稀疏视角几何不稳定,Gaussian Splatting 表示与正则化,UniSem,UniSem 针对「解决稀疏视角几何不稳定」，从「表示/几何角度」切入，主要采用「Gaussian Splatting 表示与正则化」来服务「稀疏/单目/少视角 3D 重建」。,/Volumes/UBag/Documents/l40server_mirror/lyra/Lyra-2/paper_collection_3d4d_reconstruction_2026_04_26/boardmix_mindmap/method_figures/2603.17519_UniSem.png,/Volumes/UBag/Documents/l40server_mirror/lyra/Lyra-2/paper_collection_3d4d_reconstruction_2026_04_26/pdfs/2026_UniSem_Generalizable_Semantic_3D_Reconstruction_from_Sparse_Unposed_Images_2603.17519.pdf,,no_code_link_found,"Codex:3D-Reconstruction, Codex:3D4D-Reconstruction"
2603.17382,VisionNVS: Self-Supervised Inpainting for Novel View Synthesis under the Virtual-Shift Paradigm,2026-arxiv,稀疏/单目/少视角 3D 重建,训练/监督角度,解决稀疏视角几何不稳定,SLAM / pose graph / online mapping pipeline,VisionNVS,VisionNVS 针对「解决稀疏视角几何不稳定」，从「训练/监督角度」切入，主要采用「SLAM / pose graph / online mapping pipeline」来服务「稀疏/单目/少视角 3D 重建」。,/Volumes/UBag/Documents/l40server_mirror/lyra/Lyra-2/paper_collection_3d4d_reconstruction_2026_04_26/boardmix_mindmap/method_figures/2603.17382_VisionNVS.png,/Volumes/UBag/Documents/l40server_mirror/lyra/Lyra-2/paper_collection_3d4d_reconstruction_2026_04_26/pdfs/2026_VisionNVS_Self_Supervised_Inpainting_for_Novel_View_Synthesis_under_the_Virtual_Shift_Para_2603.17382.pdf,,no_code_link_found,"Codex:3D-Reconstruction, Codex:3D4D-Reconstruction"
2603.17229,Visual SLAM with DEM Anchoring for Lunar Surface Navigation,2026-arxiv,SLAM/机器人/自动驾驶世界模型,系统/在线部署角度,接入 SLAM/机器人闭环系统,SLAM / pose graph / online mapping pipeline,SLAM,SLAM 针对「接入 SLAM/机器人闭环系统」，从「系统/在线部署角度」切入，主要采用「SLAM / pose graph / online mapping pipeline」来服务「SLAM/机器人/自动驾驶世界模型」。,/Volumes/UBag/Documents/l40server_mirror/lyra/Lyra-2/paper_collection_3d4d_reconstruction_2026_04_26/boardmix_mindmap/method_figures/2603.17229_SLAM.png,/Volumes/UBag/Documents/l40server_mirror/lyra/Lyra-2/paper_collection_3d4d_reconstruction_2026_04_26/pdfs/2026_Visual_SLAM_with_DEM_Anchoring_for_Lunar_Surface_Navigation_2603.17229.pdf,https://github.com/MichaelGrupp/evo,code_link_found_not_audited,"Codex:3D-Reconstruction, Codex:3D4D-Reconstruction"
2603.19219,DriveTok: 3D Driving Scene Tokenization for Unified Multi-View Reconstruction and Understanding,2026-arxiv,SLAM/机器人/自动驾驶世界模型,训练/监督角度,提升可控生成/世界演化预测,Feed-forward / Transformer / Foundation Model,DriveTok,DriveTok 针对「提升可控生成/世界演化预测」，从「训练/监督角度」切入，主要采用「Feed-forward / Transformer / Foundation Model」来服务「SLAM/机器人/自动驾驶世界模型」。,/Volumes/UBag/Documents/l40server_mirror/lyra/Lyra-2/paper_collection_3d4d_reconstruction_2026_04_26/boardmix_mindmap/method_figures/2603.19219_DriveTok.png,/Volumes/UBag/Documents/l40server_mirror/lyra/Lyra-2/paper_collection_3d4d_reconstruction_2026_04_26/pdfs/2026_DriveTok_3D_Driving_Scene_Tokenization_for_Unified_Multi_View_Reconstruction_and_Understan_2603.19219.pdf,https://github.com/paryi555/DriveTok,code_link_found_not_audited,"Codex:3D+4D-Evolution, Codex:3D4D-Reconstruction"
2601.05738,FeatureSLAM: Feature-enriched 3D gaussian splatting SLAM in real time,2026-arxiv,实时/大规模/高效 3D 表示,表示/几何角度,接入 SLAM/机器人闭环系统,SLAM / pose graph / online mapping pipeline,FeatureSLAM,FeatureSLAM 针对「接入 SLAM/机器人闭环系统」，从「表示/几何角度」切入，主要采用「SLAM / pose graph / online mapping pipeline」来服务「实时/大规模/高效 3D 表示」。,/Volumes/UBag/Documents/l40server_mirror/lyra/Lyra-2/paper_collection_3d4d_reconstruction_2026_04_26/boardmix_mindmap/method_figures/2601.05738_FeatureSLAM.png,/Volumes/UBag/Documents/l40server_mirror/lyra/Lyra-2/paper_collection_3d4d_reconstruction_2026_04_26/pdfs/2026_FeatureSLAM_Feature_enriched_3D_gaussian_splatting_SLAM_in_real_time_2601.05738.pdf,,no_code_link_found,"Codex:3D-Reconstruction, Codex:3D4D-Reconstruction"
2603.18493,FILT3R: Latent State Adaptive Kalman Filter for Streaming 3D Reconstruction,2026-arxiv,多视角几何/表面/场景重建,训练/监督角度,提升几何一致性/表面质量,SLAM / pose graph / online mapping pipeline,FILT3R,FILT3R 针对「提升几何一致性/表面质量」，从「训练/监督角度」切入，主要采用「SLAM / pose graph / online mapping pipeline」来服务「多视角几何/表面/场景重建」。,/Volumes/UBag/Documents/l40server_mirror/lyra/Lyra-2/paper_collection_3d4d_reconstruction_2026_04_26/boardmix_mindmap/method_figures/2603.18493_FILT3R.png,/Volumes/UBag/Documents/l40server_mirror/lyra/Lyra-2/paper_collection_3d4d_reconstruction_2026_04_26/pdfs/2026_FILT3R_Latent_State_Adaptive_Kalman_Filter_for_Streaming_3D_Reconstruction_2603.18493.pdf,https://github.com/jinotter3/FILT3R,code_link_found_not_audited,"Codex:3D-Reconstruction, Codex:3D4D-Reconstruction"
2603.18912,GHOST: Fast Category-agnostic Hand-Object Interaction Reconstruction from RGB Videos using Gaussian Splatting,2026-arxiv,实时/大规模/高效 3D 表示,时空/动态角度,建模运动/形变/时间一致性,Gaussian Splatting 表示与正则化,GHOST,GHOST 针对「建模运动/形变/时间一致性」，从「时空/动态角度」切入，主要采用「Gaussian Splatting 表示与正则化」来服务「实时/大规模/高效 3D 表示」。,/Volumes/UBag/Documents/l40server_mirror/lyra/Lyra-2/paper_collection_3d4d_reconstruction_2026_04_26/boardmix_mindmap/method_figures/2603.18912_GHOST.png,/Volumes/UBag/Documents/l40server_mirror/lyra/Lyra-2/paper_collection_3d4d_reconstruction_2026_04_26/pdfs/2026_GHOST_Fast_Category_agnostic_Hand_Object_Interaction_Reconstruction_from_RGB_Videos_using_2603.18912.pdf,https://github.com/ATAboukhadra/GHOST,code_link_found_not_audited,"Codex:3D-Reconstruction, Codex:3D4D-Reconstruction"
2603.19137,GSMem: 3D Gaussian Splatting as Persistent Spatial Memory for Zero-Shot Embodied Exploration and Reasoning,2026-arxiv,SLAM/机器人/自动驾驶世界模型,表示/几何角度,降低显存/存储/模型体积,Gaussian Splatting 表示与正则化,GSMem,GSMem 针对「降低显存/存储/模型体积」，从「表示/几何角度」切入，主要采用「Gaussian Splatting 表示与正则化」来服务「SLAM/机器人/自动驾驶世界模型」。,/Volumes/UBag/Documents/l40server_mirror/lyra/Lyra-2/paper_collection_3d4d_reconstruction_2026_04_26/boardmix_mindmap/method_figures/2603.19137_GSMem.png,/Volumes/UBag/Documents/l40server_mirror/lyra/Lyra-2/paper_collection_3d4d_reconstruction_2026_04_26/pdfs/2026_GSMem_3D_Gaussian_Splatting_as_Persistent_Spatial_Memory_for_Zero_Shot_Embodied_Exploratio_2603.19137.pdf,,no_code_link_found,"Codex:3D-Reconstruction, Codex:3D4D-Reconstruction"
2603.18402,Inst4DGS: Instance-Decomposed 4D Gaussian Splatting with Multi-Video Label Permutation Learning,2026-arxiv,动态场景与 4D 重建,时空/动态角度,建模运动/形变/时间一致性,Motion decomposition / canonical space / deformation,Inst4DGS,Inst4DGS 针对「建模运动/形变/时间一致性」，从「时空/动态角度」切入，主要采用「Motion decomposition / canonical space / deformation」来服务「动态场景与 4D 重建」。,/Volumes/UBag/Documents/l40server_mirror/lyra/Lyra-2/paper_collection_3d4d_reconstruction_2026_04_26/boardmix_mindmap/method_figures/2603.18402_Inst4DGS.png,/Volumes/UBag/Documents/l40server_mirror/lyra/Lyra-2/paper_collection_3d4d_reconstruction_2026_04_26/pdfs/2026_Inst4DGS_Instance_Decomposed_4D_Gaussian_Splatting_with_Multi_Video_Label_Permutation_Lear_2603.18402.pdf,,no_code_link_found,"Codex:3D-Reconstruction, Codex:3D4D-Reconstruction, Codex:4D-Reconstruction"
2603.19231,MonoArt: Progressive Structural Reasoning for Monocular Articulated 3D Reconstruction,2026-arxiv,稀疏/单目/少视角 3D 重建,时空/动态角度,解决稀疏视角几何不稳定,Motion decomposition / canonical space / deformation,MonoArt,MonoArt 针对「解决稀疏视角几何不稳定」，从「时空/动态角度」切入，主要采用「Motion decomposition / canonical space / deformation」来服务「稀疏/单目/少视角 3D 重建」。,/Volumes/UBag/Documents/l40server_mirror/lyra/Lyra-2/paper_collection_3d4d_reconstruction_2026_04_26/boardmix_mindmap/method_figures/2603.19231_MonoArt.png,/Volumes/UBag/Documents/l40server_mirror/lyra/Lyra-2/paper_collection_3d4d_reconstruction_2026_04_26/pdfs/2026_MonoArt_Progressive_Structural_Reasoning_for_Monocular_Articulated_3D_Reconstruction_2603.19231.pdf,,no_code_link_found,"Codex:3D-Reconstruction, Codex:3D4D-Reconstruction"
2603.18510,OnlinePG: Online Open-Vocabulary Panoptic Mapping with 3D Gaussian Splatting,2026-arxiv,实时/大规模/高效 3D 表示,计算角度,接入 SLAM/机器人闭环系统,SLAM / pose graph / online mapping pipeline,OnlinePG,OnlinePG 针对「接入 SLAM/机器人闭环系统」，从「计算角度」切入，主要采用「SLAM / pose graph / online mapping pipeline」来服务「实时/大规模/高效 3D 表示」。,/Volumes/UBag/Documents/l40server_mirror/lyra/Lyra-2/paper_collection_3d4d_reconstruction_2026_04_26/boardmix_mindmap/method_figures/2603.18510_OnlinePG.png,/Volumes/UBag/Documents/l40server_mirror/lyra/Lyra-2/paper_collection_3d4d_reconstruction_2026_04_26/pdfs/2026_OnlinePG_Online_Open_Vocabulary_Panoptic_Mapping_with_3D_Gaussian_Splatting_2603.18510.pdf,,no_code_link_found,"Codex:3D-Reconstruction, Codex:3D4D-Reconstruction"
2603.19193,Reconstruction Matters: Learning Geometry-Aligned BEV Representation through 3D Gaussian Splatting,2026-arxiv,多视角几何/表面/场景重建,表示/几何角度,建模运动/形变/时间一致性,Gaussian Splatting 表示与正则化,Reconstruction Matters,Reconstruction Matters 针对「建模运动/形变/时间一致性」，从「表示/几何角度」切入，主要采用「Gaussian Splatting 表示与正则化」来服务「多视角几何/表面/场景重建」。,/Volumes/UBag/Documents/l40server_mirror/lyra/Lyra-2/paper_collection_3d4d_reconstruction_2026_04_26/boardmix_mindmap/method_figures/2603.19193_Reconstruction_Matters.png,/Volumes/UBag/Documents/l40server_mirror/lyra/Lyra-2/paper_collection_3d4d_reconstruction_2026_04_26/pdfs/2026_Reconstruction_Matters_Learning_Geometry_Aligned_BEV_Representation_through_3D_Gaussian_Sp_2603.19193.pdf,,no_code_link_found,"Codex:3D-Reconstruction, Codex:3D4D-Reconstruction"
2603.18774,SEAR: Simple and Efficient Adaptation of Visual Geometric Transformers for RGB+Thermal 3D Reconstruction,2026-arxiv,稀疏/单目/少视角 3D 重建,训练/监督角度,提升几何一致性/表面质量,Feed-forward / Transformer / Foundation Model,SEAR,SEAR 针对「提升几何一致性/表面质量」，从「训练/监督角度」切入，主要采用「Feed-forward / Transformer / Foundation Model」来服务「稀疏/单目/少视角 3D 重建」。,/Volumes/UBag/Documents/l40server_mirror/lyra/Lyra-2/paper_collection_3d4d_reconstruction_2026_04_26/boardmix_mindmap/method_figures/2603.18774_SEAR.png,/Volumes/UBag/Documents/l40server_mirror/lyra/Lyra-2/paper_collection_3d4d_reconstruction_2026_04_26/pdfs/2026_SEAR_Simple_and_Efficient_Adaptation_of_Visual_Geometric_Transformers_for_RGB_Thermal_3D_R_2603.18774.pdf,https://www.github.com/Schindler-EPFL-Lab/SEAR,code_link_found_not_audited,"Codex:3D-Reconstruction, Codex:3D4D-Reconstruction"
2603.18943,VGGT-360: Geometry-Consistent Zero-Shot Panoramic Depth Estimation,2026-arxiv,多视角几何/表面/场景重建,训练/监督角度,提升几何一致性/表面质量,Feed-forward / Transformer / Foundation Model,VGGT-360,VGGT-360 针对「提升几何一致性/表面质量」，从「训练/监督角度」切入，主要采用「Feed-forward / Transformer / Foundation Model」来服务「多视角几何/表面/场景重建」。,/Volumes/UBag/Documents/l40server_mirror/lyra/Lyra-2/paper_collection_3d4d_reconstruction_2026_04_26/boardmix_mindmap/method_figures/2603.18943_VGGT-360.png,/Volumes/UBag/Documents/l40server_mirror/lyra/Lyra-2/paper_collection_3d4d_reconstruction_2026_04_26/pdfs/2026_VGGT_360_Geometry_Consistent_Zero_Shot_Panoramic_Depth_Estimation_2603.18943.pdf,,no_code_link_found,"Codex:3D-Reconstruction, Codex:3D4D-Reconstruction"
2603.20077,"A Unified Platform and Quality Assurance Framework for 3D Ultrasound Reconstruction with Robotic, Optical, and Electromagnetic Tracking",2026-arxiv,实时/大规模/高效 3D 表示,计算角度,接入 SLAM/机器人闭环系统,SLAM / pose graph / online mapping pipeline,本文方法,本文方法 针对「接入 SLAM/机器人闭环系统」，从「计算角度」切入，主要采用「SLAM / pose graph / online mapping pipeline」来服务「实时/大规模/高效 3D 表示」。,/Volumes/UBag/Documents/l40server_mirror/lyra/Lyra-2/paper_collection_3d4d_reconstruction_2026_04_26/boardmix_mindmap/method_figures/2603.20077_paper.png,/Volumes/UBag/Documents/l40server_mirror/lyra/Lyra-2/paper_collection_3d4d_reconstruction_2026_04_26/pdfs/2026_A_Unified_Platform_and_Quality_Assurance_Framework_for_3D_Ultrasound_Reconstruction_with_R_2603.20077.pdf,,no_code_link_found,"Codex:3D-Reconstruction, Codex:3D4D-Reconstruction"
2603.20428,Benchmarking Efficient & Effective Camera Pose Estimation Strategies for Novel View Synthesis,2026-arxiv,稀疏/单目/少视角 3D 重建,计算角度,解决稀疏视角几何不稳定,SLAM / pose graph / online mapping pipeline,本文方法,本文方法 针对「解决稀疏视角几何不稳定」，从「计算角度」切入，主要采用「SLAM / pose graph / online mapping pipeline」来服务「稀疏/单目/少视角 3D 重建」。,/Volumes/UBag/Documents/l40server_mirror/lyra/Lyra-2/paper_collection_3d4d_reconstruction_2026_04_26/boardmix_mindmap/method_figures/2603.20428_paper.png,/Volumes/UBag/Documents/l40server_mirror/lyra/Lyra-2/paper_collection_3d4d_reconstruction_2026_04_26/pdfs/2026_Benchmarking_Efficient_Effective_Camera_Pose_Estimation_Strategies_for_Novel_View_Synthesi_2603.20428.pdf,https://github.com/ubc-vision/image-matching-benchmark,code_link_found_not_audited,"Codex:3D-Reconstruction, Codex:3D4D-Reconstruction"
2603.19563,Dual-Domain Representation Alignment: Bridging 2D and 3D Vision via Geometry-Aware Architecture Search,2026-arxiv,实时/大规模/高效 3D 表示,训练/监督角度,提升几何一致性/表面质量,SLAM / pose graph / online mapping pipeline,Dual-Domain Representation Alignment,Dual-Domain Representation Alignment 针对「提升几何一致性/表面质量」，从「训练/监督角度」切入，主要采用「SLAM / pose graph / online mapping pipeline」来服务「实时/大规模/高效 3D 表示」。,/Volumes/UBag/Documents/l40server_mirror/lyra/Lyra-2/paper_collection_3d4d_reconstruction_2026_04_26/boardmix_mindmap/method_figures/2603.19563_Dual-Domain_Representation_Alignment.png,/Volumes/UBag/Documents/l40server_mirror/lyra/Lyra-2/paper_collection_3d4d_reconstruction_2026_04_26/pdfs/2026_Dual_Domain_Representation_Alignment_Bridging_2D_and_3D_Vision_via_Geometry_Aware_Architec_2603.19563.pdf,https://github.com/EMI-Group/evonas,code_link_found_not_audited,"Codex:3D-Reconstruction, Codex:3D4D-Reconstruction"
2603.19675,DynFlowDrive: Flow-Based Dynamic World Modeling for Autonomous Driving,2026-arxiv,SLAM/机器人/自动驾驶世界模型,生成/世界模型角度,提升可控生成/世界演化预测,SLAM / pose graph / online mapping pipeline,DynFlowDrive,DynFlowDrive 针对「提升可控生成/世界演化预测」，从「生成/世界模型角度」切入，主要采用「SLAM / pose graph / online mapping pipeline」来服务「SLAM/机器人/自动驾驶世界模型」。,/Volumes/UBag/Documents/l40server_mirror/lyra/Lyra-2/paper_collection_3d4d_reconstruction_2026_04_26/boardmix_mindmap/method_figures/2603.19675_DynFlowDrive.png,/Volumes/UBag/Documents/l40server_mirror/lyra/Lyra-2/paper_collection_3d4d_reconstruction_2026_04_26/pdfs/2026_DynFlowDrive_Flow_Based_Dynamic_World_Modeling_for_Autonomous_Driving_2603.19675.pdf,https://github.com/xiaolul2/DynFlowDrive,code_link_found_not_audited,"Codex:3D+4D-Evolution, Codex:3D4D-Reconstruction"
2603.20128,Generalizable NGP-SR: Generalizable Neural Radiance Fields Super-Resolution via Neural Graph Primitives,2026-arxiv,稀疏/单目/少视角 3D 重建,表示/几何角度,减少优化/采样/渲染步骤,NeRF/辐射场/体渲染,Generalizable NGP-SR,Generalizable NGP-SR 针对「减少优化/采样/渲染步骤」，从「表示/几何角度」切入，主要采用「NeRF/辐射场/体渲染」来服务「稀疏/单目/少视角 3D 重建」。,/Volumes/UBag/Documents/l40server_mirror/lyra/Lyra-2/paper_collection_3d4d_reconstruction_2026_04_26/boardmix_mindmap/method_figures/2603.20128_Generalizable_NGP-SR.png,/Volumes/UBag/Documents/l40server_mirror/lyra/Lyra-2/paper_collection_3d4d_reconstruction_2026_04_26/pdfs/2026_Generalizable_NGP_SR_Generalizable_Neural_Radiance_Fields_Super_Resolution_via_Neural_Grap_2603.20128.pdf,https://github.com/WanqiYuan/NGP-SR,code_link_found_not_audited,"Codex:3D-Reconstruction, Codex:3D4D-Reconstruction"
2603.20337,High-fidelity Multi-view Normal Integration with Scale-encoded Neural Surface Representation,2026-arxiv,多视角几何/表面/场景重建,表示/几何角度,提升几何一致性/表面质量,SDF/隐式表面/网格/点云,本文方法,本文方法 针对「提升几何一致性/表面质量」，从「表示/几何角度」切入，主要采用「SDF/隐式表面/网格/点云」来服务「多视角几何/表面/场景重建」。,/Volumes/UBag/Documents/l40server_mirror/lyra/Lyra-2/paper_collection_3d4d_reconstruction_2026_04_26/boardmix_mindmap/method_figures/2603.20337_paper.png,/Volumes/UBag/Documents/l40server_mirror/lyra/Lyra-2/paper_collection_3d4d_reconstruction_2026_04_26/pdfs/2026_High_fidelity_Multi_view_Normal_Integration_with_Scale_encoded_Neural_Surface_Representati_2603.20337.pdf,,code_link_found_not_audited,"Codex:3D-Reconstruction, Codex:3D4D-Reconstruction"
2603.19234,Matryoshka Gaussian Splatting,2026-arxiv,动态场景与 4D 重建,表示/几何角度,解决稀疏视角几何不稳定,Gaussian Splatting 表示与正则化,Matryoshka Gaussian Splatting,Matryoshka Gaussian Splatting 针对「解决稀疏视角几何不稳定」，从「表示/几何角度」切入，主要采用「Gaussian Splatting 表示与正则化」来服务「动态场景与 4D 重建」。,/Volumes/UBag/Documents/l40server_mirror/lyra/Lyra-2/paper_collection_3d4d_reconstruction_2026_04_26/boardmix_mindmap/method_figures/2603.19234_Matryoshka_Gaussian_Splatting.png,/Volumes/UBag/Documents/l40server_mirror/lyra/Lyra-2/paper_collection_3d4d_reconstruction_2026_04_26/pdfs/2026_Matryoshka_Gaussian_Splatting_2603.19234.pdf,https://github.com/ZhilinGuo/matryoshka-gaussian-splatting,code_link_found_not_audited,"Codex:3D-Reconstruction, Codex:3D4D-Reconstruction"
2603.19613,OrbitNVS: Harnessing Video Diffusion Priors for Novel View Synthesis,2026-arxiv,生成式 3D/4D 内容与仿真,训练/监督角度,提升几何一致性/表面质量,Diffusion/生成先验/视频模型,OrbitNVS,OrbitNVS 针对「提升几何一致性/表面质量」，从「训练/监督角度」切入，主要采用「Diffusion/生成先验/视频模型」来服务「生成式 3D/4D 内容与仿真」。,/Volumes/UBag/Documents/l40server_mirror/lyra/Lyra-2/paper_collection_3d4d_reconstruction_2026_04_26/boardmix_mindmap/method_figures/2603.19613_OrbitNVS.png,/Volumes/UBag/Documents/l40server_mirror/lyra/Lyra-2/paper_collection_3d4d_reconstruction_2026_04_26/pdfs/2026_OrbitNVS_Harnessing_Video_Diffusion_Priors_for_Novel_View_Synthesis_2603.19613.pdf,,no_code_link_found,"Codex:3D-Reconstruction, Codex:3D4D-Reconstruction"
2603.19762,PCSTracker: Long-Term Scene Flow Estimation for Point Cloud Sequences,2026-arxiv,动态场景与 4D 重建,时空/动态角度,建模运动/形变/时间一致性,Motion decomposition / canonical space / deformation,PCSTracker,PCSTracker 针对「建模运动/形变/时间一致性」，从「时空/动态角度」切入，主要采用「Motion decomposition / canonical space / deformation」来服务「动态场景与 4D 重建」。,/Volumes/UBag/Documents/l40server_mirror/lyra/Lyra-2/paper_collection_3d4d_reconstruction_2026_04_26/boardmix_mindmap/method_figures/2603.19762_PCSTracker.png,/Volumes/UBag/Documents/l40server_mirror/lyra/Lyra-2/paper_collection_3d4d_reconstruction_2026_04_26/pdfs/2026_PCSTracker_Long_Term_Scene_Flow_Estimation_for_Point_Cloud_Sequences_2603.19762.pdf,,no_code_link_found,"Codex:3D4D-Reconstruction, Codex:4D-Reconstruction"
2603.19753,ReLi3D: Relightable Multi-view 3D Reconstruction with Disentangled Illumination,2026-arxiv,多视角几何/表面/场景重建,训练/监督角度,解决稀疏视角几何不稳定,Feed-forward / Transformer / Foundation Model,ReLi3D,ReLi3D 针对「解决稀疏视角几何不稳定」，从「训练/监督角度」切入，主要采用「Feed-forward / Transformer / Foundation Model」来服务「多视角几何/表面/场景重建」。,/Volumes/UBag/Documents/l40server_mirror/lyra/Lyra-2/paper_collection_3d4d_reconstruction_2026_04_26/boardmix_mindmap/method_figures/2603.19753_ReLi3D.png,/Volumes/UBag/Documents/l40server_mirror/lyra/Lyra-2/paper_collection_3d4d_reconstruction_2026_04_26/pdfs/2026_ReLi3D_Relightable_Multi_view_3D_Reconstruction_with_Disentangled_Illumination_2603.19753.pdf,,no_code_link_found,"Codex:3D-Reconstruction, Codex:3D4D-Reconstruction"
2603.19926,SegVGGT: Joint 3D Reconstruction and Instance Segmentation from Multi-View Images,2026-arxiv,多视角几何/表面/场景重建,训练/监督角度,解决稀疏视角几何不稳定,Feed-forward / Transformer / Foundation Model,SegVGGT,SegVGGT 针对「解决稀疏视角几何不稳定」，从「训练/监督角度」切入，主要采用「Feed-forward / Transformer / Foundation Model」来服务「多视角几何/表面/场景重建」。,/Volumes/UBag/Documents/l40server_mirror/lyra/Lyra-2/paper_collection_3d4d_reconstruction_2026_04_26/boardmix_mindmap/method_figures/2603.19926_SegVGGT.png,/Volumes/UBag/Documents/l40server_mirror/lyra/Lyra-2/paper_collection_3d4d_reconstruction_2026_04_26/pdfs/2026_SegVGGT_Joint_3D_Reconstruction_and_Instance_Segmentation_from_Multi_View_Images_2603.19926.pdf,,no_code_link_found,"Codex:3D-Reconstruction, Codex:3D4D-Reconstruction"
2603.20448,Thermal is Always Wild: Characterizing and Addressing Challenges in Thermal-Only Novel View Synthesis,2026-arxiv,动态场景与 4D 重建,时空/动态角度,建模运动/形变/时间一致性,SLAM / pose graph / online mapping pipeline,Thermal is Always Wild,Thermal is Always Wild 针对「建模运动/形变/时间一致性」，从「时空/动态角度」切入，主要采用「SLAM / pose graph / online mapping pipeline」来服务「动态场景与 4D 重建」。,/Volumes/UBag/Documents/l40server_mirror/lyra/Lyra-2/paper_collection_3d4d_reconstruction_2026_04_26/boardmix_mindmap/method_figures/2603.20448_Thermal_is_Always_Wild.png,/Volumes/UBag/Documents/l40server_mirror/lyra/Lyra-2/paper_collection_3d4d_reconstruction_2026_04_26/pdfs/2026_Thermal_is_Always_Wild_Characterizing_and_Addressing_Challenges_in_Thermal_Only_Novel_View_2603.20448.pdf,https://github.com/NUBIVlab/wild_thermal,code_link_found_not_audited,"Codex:3D-Reconstruction, Codex:3D4D-Reconstruction"
2603.20443,"TRGS-SLAM: IMU-Aided Gaussian Splatting SLAM for Blurry, Rolling Shutter, and Noisy Thermal Images",2026-arxiv,动态场景与 4D 重建,时空/动态角度,建模运动/形变/时间一致性,SLAM / pose graph / online mapping pipeline,TRGS-SLAM,TRGS-SLAM 针对「建模运动/形变/时间一致性」，从「时空/动态角度」切入，主要采用「SLAM / pose graph / online mapping pipeline」来服务「动态场景与 4D 重建」。,/Volumes/UBag/Documents/l40server_mirror/lyra/Lyra-2/paper_collection_3d4d_reconstruction_2026_04_26/boardmix_mindmap/method_figures/2603.20443_TRGS-SLAM.png,/Volumes/UBag/Documents/l40server_mirror/lyra/Lyra-2/paper_collection_3d4d_reconstruction_2026_04_26/pdfs/2026_TRGS_SLAM_IMU_Aided_Gaussian_Splatting_SLAM_for_Blurry_Rolling_Shutter_and_Noisy_Thermal_I_2603.20443.pdf,https://github.com/umautobots/trgs_slam,code_link_found_not_audited,"Codex:3D-Reconstruction, Codex:3D4D-Reconstruction"
2603.19708,WorldAgents: Can Foundation Image Models be Agents for 3D World Models?,2026-arxiv,生成式 3D/4D 内容与仿真,时空/动态角度,提升可控生成/世界演化预测,SLAM / pose graph / online mapping pipeline,WorldAgents,WorldAgents 针对「提升可控生成/世界演化预测」，从「时空/动态角度」切入，主要采用「SLAM / pose graph / online mapping pipeline」来服务「生成式 3D/4D 内容与仿真」。,/Volumes/UBag/Documents/l40server_mirror/lyra/Lyra-2/paper_collection_3d4d_reconstruction_2026_04_26/boardmix_mindmap/method_figures/2603.19708_WorldAgents.png,/Volumes/UBag/Documents/l40server_mirror/lyra/Lyra-2/paper_collection_3d4d_reconstruction_2026_04_26/pdfs/2026_WorldAgents_Can_Foundation_Image_Models_be_Agents_for_3D_World_Models_2603.19708.pdf,https://github.com/black-forest-labs/flux2,code_link_found_not_audited,"Codex:3D+4D-Evolution, Codex:3D-Reconstruction, Codex:3D4D-Reconstruction"
2603.19543,Zero Shot Deformation Reconstruction for Soft Robots Using a Flexible Sensor Array and Cage Based 3D Gaussian Modeling,2026-arxiv,实时/大规模/高效 3D 表示,时空/动态角度,建模运动/形变/时间一致性,Motion decomposition / canonical space / deformation,本文方法,本文方法 针对「建模运动/形变/时间一致性」，从「时空/动态角度」切入，主要采用「Motion decomposition / canonical space / deformation」来服务「实时/大规模/高效 3D 表示」。,/Volumes/UBag/Documents/l40server_mirror/lyra/Lyra-2/paper_collection_3d4d_reconstruction_2026_04_26/boardmix_mindmap/method_figures/2603.19543_paper.png,/Volumes/UBag/Documents/l40server_mirror/lyra/Lyra-2/paper_collection_3d4d_reconstruction_2026_04_26/pdfs/2026_Zero_Shot_Deformation_Reconstruction_for_Soft_Robots_Using_a_Flexible_Sensor_Array_and_Cag_2603.19543.pdf,,code_link_found_not_audited,"Codex:3D-Reconstruction, Codex:3D4D-Reconstruction"
2603.20857,Fast and Robust Deformable 3D Gaussian Splatting,2026-arxiv,实时/大规模/高效 3D 表示,计算角度,减少优化/采样/渲染步骤,Motion decomposition / canonical space / deformation,Fast and Robust Deformable 3D Gaussian Splatting,Fast and Robust Deformable 3D Gaussian Splatting 针对「减少优化/采样/渲染步骤」，从「计算角度」切入，主要采用「Motion decomposition / canonical space / deformation」来服务「实时/大规模/高效 3D 表示」。,/Volumes/UBag/Documents/l40server_mirror/lyra/Lyra-2/paper_collection_3d4d_reconstruction_2026_04_26/boardmix_mindmap/method_figures/2603.20857_Fast_and_Robust_Deformable_3D_Gaussian_Splatting.png,/Volumes/UBag/Documents/l40server_mirror/lyra/Lyra-2/paper_collection_3d4d_reconstruction_2026_04_26/pdfs/2026_Fast_and_Robust_Deformable_3D_Gaussian_Splatting_2603.20857.pdf,,code_link_found_not_audited,"Codex:3D-Reconstruction, Codex:3D4D-Reconstruction, Codex:4D-Reconstruction"
2603.20611,GaussianPile: A Unified Sparse Gaussian Splatting Framework for Slice-based Volumetric Reconstruction,2026-arxiv,实时/大规模/高效 3D 表示,内存/存储角度,降低显存/存储/模型体积,Pruning / compression / progressive coding,GaussianPile,GaussianPile 针对「降低显存/存储/模型体积」，从「内存/存储角度」切入，主要采用「Pruning / compression / progressive coding」来服务「实时/大规模/高效 3D 表示」。,/Volumes/UBag/Documents/l40server_mirror/lyra/Lyra-2/paper_collection_3d4d_reconstruction_2026_04_26/boardmix_mindmap/method_figures/2603.20611_GaussianPile.png,/Volumes/UBag/Documents/l40server_mirror/lyra/Lyra-2/paper_collection_3d4d_reconstruction_2026_04_26/pdfs/2026_GaussianPile_A_Unified_Sparse_Gaussian_Splatting_Framework_for_Slice_based_Volumetric_Reco_2603.20611.pdf,,no_code_link_found,"Codex:3D-Reconstruction, Codex:3D4D-Reconstruction"
2603.20588,RayMap3R: Inference-Time RayMap for Dynamic 3D Reconstruction,2026-arxiv,实时/大规模/高效 3D 表示,计算角度,提升几何一致性/表面质量,SLAM / pose graph / online mapping pipeline,RayMap3R,RayMap3R 针对「提升几何一致性/表面质量」，从「计算角度」切入，主要采用「SLAM / pose graph / online mapping pipeline」来服务「实时/大规模/高效 3D 表示」。,/Volumes/UBag/Documents/l40server_mirror/lyra/Lyra-2/paper_collection_3d4d_reconstruction_2026_04_26/boardmix_mindmap/method_figures/2603.20588_RayMap3R.png,/Volumes/UBag/Documents/l40server_mirror/lyra/Lyra-2/paper_collection_3d4d_reconstruction_2026_04_26/pdfs/2026_RayMap3R_Inference_Time_RayMap_for_Dynamic_3D_Reconstruction_2603.20588.pdf,https://github.com/Brack-Wang/raymap3r,code_link_found_not_audited,"Codex:3D-Reconstruction, Codex:3D4D-Reconstruction, Codex:4D-Reconstruction"
2601.21998,Causal World Modeling for Robot Control,2026-arxiv,SLAM/机器人/自动驾驶世界模型,生成/世界模型角度,提升可控生成/世界演化预测,Feed-forward / Transformer / Foundation Model,Causal World Modeling for Robot Control,Causal World Modeling for Robot Control 针对「提升可控生成/世界演化预测」，从「生成/世界模型角度」切入，主要采用「Feed-forward / Transformer / Foundation Model」来服务「SLAM/机器人/自动驾驶世界模型」。,/Volumes/UBag/Documents/l40server_mirror/lyra/Lyra-2/paper_collection_3d4d_reconstruction_2026_04_26/boardmix_mindmap/method_figures/2601.21998_Causal_World_Modeling_for_Robot_Control.png,/Volumes/UBag/Documents/l40server_mirror/lyra/Lyra-2/paper_collection_3d4d_reconstruction_2026_04_26/pdfs/2026_Causal_World_Modeling_for_Robot_Control_2601.21998.pdf,https://github.com/UT-HCRL/LEGATO,code_link_found_not_audited,"Codex:3D+4D-Evolution, Codex:3D4D-Reconstruction"
2601.05237,ObjectForesight: Predicting Future 3D Object Trajectories from Human Videos,2026-arxiv,动态场景与 4D 重建,时空/动态角度,建模运动/形变/时间一致性,Motion decomposition / canonical space / deformation,ObjectForesight,ObjectForesight 针对「建模运动/形变/时间一致性」，从「时空/动态角度」切入，主要采用「Motion decomposition / canonical space / deformation」来服务「动态场景与 4D 重建」。,/Volumes/UBag/Documents/l40server_mirror/lyra/Lyra-2/paper_collection_3d4d_reconstruction_2026_04_26/boardmix_mindmap/method_figures/2601.05237_ObjectForesight.png,/Volumes/UBag/Documents/l40server_mirror/lyra/Lyra-2/paper_collection_3d4d_reconstruction_2026_04_26/pdfs/2026_ObjectForesight_Predicting_Future_3D_Object_Trajectories_from_Human_Videos_2601.05237.pdf,,no_code_link_found,"Codex:3D-Reconstruction, Codex:3D4D-Reconstruction"
2603.21436,PAS3R: Pose-Adaptive Streaming 3D Reconstruction for Long Video Sequences,2026-arxiv,多视角几何/表面/场景重建,计算角度,建模运动/形变/时间一致性,SLAM / pose graph / online mapping pipeline,PAS3R,PAS3R 针对「建模运动/形变/时间一致性」，从「计算角度」切入，主要采用「SLAM / pose graph / online mapping pipeline」来服务「多视角几何/表面/场景重建」。,/Volumes/UBag/Documents/l40server_mirror/lyra/Lyra-2/paper_collection_3d4d_reconstruction_2026_04_26/boardmix_mindmap/method_figures/2603.21436_PAS3R.png,/Volumes/UBag/Documents/l40server_mirror/lyra/Lyra-2/paper_collection_3d4d_reconstruction_2026_04_26/pdfs/2026_PAS3R_Pose_Adaptive_Streaming_3D_Reconstruction_for_Long_Video_Sequences_2603.21436.pdf,https://github.com/xlbjyxqc/PAS3R,code_link_found_not_audited,"Codex:3D-Reconstruction, Codex:3D4D-Reconstruction"
2603.21055,SGAD-SLAM: Splatting Gaussians at Adjusted Depth for Better Radiance Fields in RGBD SLAM,2026-arxiv,动态场景与 4D 重建,表示/几何角度,接入 SLAM/机器人闭环系统,SLAM / pose graph / online mapping pipeline,SGAD-SLAM,SGAD-SLAM 针对「接入 SLAM/机器人闭环系统」，从「表示/几何角度」切入，主要采用「SLAM / pose graph / online mapping pipeline」来服务「动态场景与 4D 重建」。,/Volumes/UBag/Documents/l40server_mirror/lyra/Lyra-2/paper_collection_3d4d_reconstruction_2026_04_26/boardmix_mindmap/method_figures/2603.21055_SGAD-SLAM.png,/Volumes/UBag/Documents/l40server_mirror/lyra/Lyra-2/paper_collection_3d4d_reconstruction_2026_04_26/pdfs/2026_SGAD_SLAM_Splatting_Gaussians_at_Adjusted_Depth_for_Better_Radiance_Fields_in_RGBD_SLAM_2603.21055.pdf,https://github.com/MachinePerceptionLab/SGAD-SLAM,code_link_found_not_audited,"Codex:3D-Reconstruction, Codex:3D4D-Reconstruction"
2603.21166,Training-Free Instance-Aware 3D Scene Reconstruction and Diffusion-Based View Synthesis from Sparse Images,2026-arxiv,生成式 3D/4D 内容与仿真,训练/监督角度,解决稀疏视角几何不稳定,Diffusion/生成先验/视频模型,Training-Free,Training-Free 针对「解决稀疏视角几何不稳定」，从「训练/监督角度」切入，主要采用「Diffusion/生成先验/视频模型」来服务「生成式 3D/4D 内容与仿真」。,/Volumes/UBag/Documents/l40server_mirror/lyra/Lyra-2/paper_collection_3d4d_reconstruction_2026_04_26/boardmix_mindmap/method_figures/2603.21166_Training-Free.png,/Volumes/UBag/Documents/l40server_mirror/lyra/Lyra-2/paper_collection_3d4d_reconstruction_2026_04_26/pdfs/2026_Training_Free_Instance_Aware_3D_Scene_Reconstruction_and_Diffusion_Based_View_Synthesis_fr_2603.21166.pdf,https://github.com/nerfies/nerfies.github.io,code_link_found_not_audited,"Codex:3D-Reconstruction, Codex:3D4D-Reconstruction"
2603.22631,CAM3R: Camera-Agnostic Model for 3D Reconstruction,2026-arxiv,稀疏/单目/少视角 3D 重建,训练/监督角度,解决稀疏视角几何不稳定,Feed-forward / Transformer / Foundation Model,CAM3R,CAM3R 针对「解决稀疏视角几何不稳定」，从「训练/监督角度」切入，主要采用「Feed-forward / Transformer / Foundation Model」来服务「稀疏/单目/少视角 3D 重建」。,/Volumes/UBag/Documents/l40server_mirror/lyra/Lyra-2/paper_collection_3d4d_reconstruction_2026_04_26/boardmix_mindmap/method_figures/2603.22631_CAM3R.png,/Volumes/UBag/Documents/l40server_mirror/lyra/Lyra-2/paper_collection_3d4d_reconstruction_2026_04_26/pdfs/2026_CAM3R_Camera_Agnostic_Model_for_3D_Reconstruction_2603.22631.pdf,https://github.com/nam1410/cam3r,code_link_found_not_audited,"Codex:3D-Reconstruction, Codex:3D4D-Reconstruction"
2603.21933,Camera-Agnostic Pruning of 3D Gaussian Splats via Descriptor-Based Beta Evidence,2026-arxiv,稀疏/单目/少视角 3D 重建,表示/几何角度,降低显存/存储/模型体积,Pruning / compression / progressive coding,Camera-Agnostic,Camera-Agnostic 针对「降低显存/存储/模型体积」，从「表示/几何角度」切入，主要采用「Pruning / compression / progressive coding」来服务「稀疏/单目/少视角 3D 重建」。,/Volumes/UBag/Documents/l40server_mirror/lyra/Lyra-2/paper_collection_3d4d_reconstruction_2026_04_26/boardmix_mindmap/method_figures/2603.21933_Camera-Agnostic.png,/Volumes/UBag/Documents/l40server_mirror/lyra/Lyra-2/paper_collection_3d4d_reconstruction_2026_04_26/pdfs/2026_Camera_Agnostic_Pruning_of_3D_Gaussian_Splats_via_Descriptor_Based_Beta_Evidence_2603.21933.pdf,,no_code_link_found,"Codex:3D-Reconstruction, Codex:3D4D-Reconstruction"
2603.23297,Drop-In Perceptual Optimization for 3D Gaussian Splatting,2026-arxiv,实时/大规模/高效 3D 表示,表示/几何角度,降低显存/存储/模型体积,Gaussian Splatting 表示与正则化,Drop-In,Drop-In 针对「降低显存/存储/模型体积」，从「表示/几何角度」切入，主要采用「Gaussian Splatting 表示与正则化」来服务「实时/大规模/高效 3D 表示」。,/Volumes/UBag/Documents/l40server_mirror/lyra/Lyra-2/paper_collection_3d4d_reconstruction_2026_04_26/boardmix_mindmap/method_figures/2603.23297_Drop-In.png,/Volumes/UBag/Documents/l40server_mirror/lyra/Lyra-2/paper_collection_3d4d_reconstruction_2026_04_26/pdfs/2026_Drop_In_Perceptual_Optimization_for_3D_Gaussian_Splatting_2603.23297.pdf,https://github.com/apple/ml-perceptual-3dgs,code_link_found_not_audited,"Codex:3D-Reconstruction, Codex:3D4D-Reconstruction"
2603.21557,From Part to Whole: 3D Generative World Model with an Adaptive Structural Hierarchy,2026-arxiv,生成式 3D/4D 内容与仿真,训练/监督角度,降低显存/存储/模型体积,Diffusion/生成先验/视频模型,From Part to Whole,From Part to Whole 针对「降低显存/存储/模型体积」，从「训练/监督角度」切入，主要采用「Diffusion/生成先验/视频模型」来服务「生成式 3D/4D 内容与仿真」。,/Volumes/UBag/Documents/l40server_mirror/lyra/Lyra-2/paper_collection_3d4d_reconstruction_2026_04_26/boardmix_mindmap/method_figures/2603.21557_From_Part_to_Whole.png,/Volumes/UBag/Documents/l40server_mirror/lyra/Lyra-2/paper_collection_3d4d_reconstruction_2026_04_26/pdfs/2026_From_Part_to_Whole_3D_Generative_World_Model_with_an_Adaptive_Structural_Hierarchy_2603.21557.pdf,,no_code_link_found,"Codex:3D+4D-Evolution, Codex:3D4D-Reconstruction"
2603.22572,FullCircle: Effortless 3D Reconstruction from Casual 360$^\circ$ Captures,2026-arxiv,多视角几何/表面/场景重建,表示/几何角度,解决稀疏视角几何不稳定,SLAM / pose graph / online mapping pipeline,FullCircle,FullCircle 针对「解决稀疏视角几何不稳定」，从「表示/几何角度」切入，主要采用「SLAM / pose graph / online mapping pipeline」来服务「多视角几何/表面/场景重建」。,/Volumes/UBag/Documents/l40server_mirror/lyra/Lyra-2/paper_collection_3d4d_reconstruction_2026_04_26/boardmix_mindmap/method_figures/2603.22572_FullCircle.png,/Volumes/UBag/Documents/l40server_mirror/lyra/Lyra-2/paper_collection_3d4d_reconstruction_2026_04_26/pdfs/2026_FullCircle_Effortless_3D_Reconstruction_from_Casual_360_circ_Captures_2603.22572.pdf,https://github.com/theialab/fullcircle,code_link_found_not_audited,"Codex:3D-Reconstruction, Codex:3D4D-Reconstruction"
2601.05848,Goal Force: Teaching Video Models To Accomplish Physics-Conditioned Goals,2026-arxiv,SLAM/机器人/自动驾驶世界模型,生成/世界模型角度,提升可控生成/世界演化预测,Diffusion/生成先验/视频模型,Goal Force,Goal Force 针对「提升可控生成/世界演化预测」，从「生成/世界模型角度」切入，主要采用「Diffusion/生成先验/视频模型」来服务「SLAM/机器人/自动驾驶世界模型」。,/Volumes/UBag/Documents/l40server_mirror/lyra/Lyra-2/paper_collection_3d4d_reconstruction_2026_04_26/boardmix_mindmap/method_figures/2601.05848_Goal_Force.png,/Volumes/UBag/Documents/l40server_mirror/lyra/Lyra-2/paper_collection_3d4d_reconstruction_2026_04_26/pdfs/2026_Goal_Force_Teaching_Video_Models_To_Accomplish_Physics_Conditioned_Goals_2601.05848.pdf,https://github.com/brown-palm/goal-force,code_link_found_not_audited,"Codex:3D+4D-Evolution, Codex:3D4D-Reconstruction"
2603.22036,GTSR: Subsurface Scattering Awared 3D Gaussians for Translucent Surface Reconstruction,2026-arxiv,多视角几何/表面/场景重建,表示/几何角度,提升几何一致性/表面质量,SDF/隐式表面/网格/点云,GTSR,GTSR 针对「提升几何一致性/表面质量」，从「表示/几何角度」切入，主要采用「SDF/隐式表面/网格/点云」来服务「多视角几何/表面/场景重建」。,/Volumes/UBag/Documents/l40server_mirror/lyra/Lyra-2/paper_collection_3d4d_reconstruction_2026_04_26/boardmix_mindmap/method_figures/2603.22036_GTSR.png,/Volumes/UBag/Documents/l40server_mirror/lyra/Lyra-2/paper_collection_3d4d_reconstruction_2026_04_26/pdfs/2026_GTSR_Subsurface_Scattering_Awared_3D_Gaussians_for_Translucent_Surface_Reconstruction_2603.22036.pdf,,code_link_found_not_audited,"Codex:3D-Reconstruction, Codex:3D4D-Reconstruction"
2603.06989,MipSLAM: Alias-Free Gaussian Splatting SLAM,2026-arxiv,稀疏/单目/少视角 3D 重建,表示/几何角度,解决稀疏视角几何不稳定,SLAM / pose graph / online mapping pipeline,MipSLAM,MipSLAM 针对「解决稀疏视角几何不稳定」，从「表示/几何角度」切入，主要采用「SLAM / pose graph / online mapping pipeline」来服务「稀疏/单目/少视角 3D 重建」。,/Volumes/UBag/Documents/l40server_mirror/lyra/Lyra-2/paper_collection_3d4d_reconstruction_2026_04_26/boardmix_mindmap/method_figures/2603.06989_MipSLAM.png,/Volumes/UBag/Documents/l40server_mirror/lyra/Lyra-2/paper_collection_3d4d_reconstruction_2026_04_26/pdfs/2026_MipSLAM_Alias_Free_Gaussian_Splatting_SLAM_2603.06989.pdf,https://github.com/yzli1998/MipSLAM,code_link_found_not_audited,"Codex:3D-Reconstruction, Codex:3D4D-Reconstruction"
2603.21695,RefracGS: Novel View Synthesis Through Refractive Water Surfaces with 3D Gaussian Ray Tracing,2026-arxiv,实时/大规模/高效 3D 表示,表示/几何角度,减少优化/采样/渲染步骤,Gaussian Splatting 表示与正则化,RefracGS,RefracGS 针对「减少优化/采样/渲染步骤」，从「表示/几何角度」切入，主要采用「Gaussian Splatting 表示与正则化」来服务「实时/大规模/高效 3D 表示」。,/Volumes/UBag/Documents/l40server_mirror/lyra/Lyra-2/paper_collection_3d4d_reconstruction_2026_04_26/boardmix_mindmap/method_figures/2603.21695_RefracGS.png,/Volumes/UBag/Documents/l40server_mirror/lyra/Lyra-2/paper_collection_3d4d_reconstruction_2026_04_26/pdfs/2026_RefracGS_Novel_View_Synthesis_Through_Refractive_Water_Surfaces_with_3D_Gaussian_Ray_Traci_2603.21695.pdf,https://github.com/eliahuhorwitz/Academic-project-page-template,code_link_found_not_audited,"Codex:3D-Reconstruction, Codex:3D4D-Reconstruction"
2603.22275,Repurposing Geometric Foundation Models for Multi-view Diffusion,2026-arxiv,生成式 3D/4D 内容与仿真,训练/监督角度,解决稀疏视角几何不稳定,Diffusion/生成先验/视频模型,本文方法,本文方法 针对「解决稀疏视角几何不稳定」，从「训练/监督角度」切入，主要采用「Diffusion/生成先验/视频模型」来服务「生成式 3D/4D 内容与仿真」。,/Volumes/UBag/Documents/l40server_mirror/lyra/Lyra-2/paper_collection_3d4d_reconstruction_2026_04_26/boardmix_mindmap/method_figures/2603.22275_paper.png,/Volumes/UBag/Documents/l40server_mirror/lyra/Lyra-2/paper_collection_3d4d_reconstruction_2026_04_26/pdfs/2026_Repurposing_Geometric_Foundation_Models_for_Multi_view_Diffusion_2603.22275.pdf,https://github.com/cvlab-kaist/GLD/,code_link_found_not_audited,"Codex:3D-Reconstruction, Codex:3D4D-Reconstruction"
2603.21931,SatGeo-NeRF: Geometrically Regularized NeRF for Satellite Imagery,2026-arxiv,多视角几何/表面/场景重建,表示/几何角度,提升几何一致性/表面质量,Sensor/domain-specific pipeline,SatGeo-NeRF,SatGeo-NeRF 针对「提升几何一致性/表面质量」，从「表示/几何角度」切入，主要采用「Sensor/domain-specific pipeline」来服务「多视角几何/表面/场景重建」。,/Volumes/UBag/Documents/l40server_mirror/lyra/Lyra-2/paper_collection_3d4d_reconstruction_2026_04_26/boardmix_mindmap/method_figures/2603.21931_SatGeo-NeRF.png,/Volumes/UBag/Documents/l40server_mirror/lyra/Lyra-2/paper_collection_3d4d_reconstruction_2026_04_26/pdfs/2026_SatGeo_NeRF_Geometrically_Regularized_NeRF_for_Satellite_Imagery_2603.21931.pdf,,no_code_link_found,"Codex:3D-Reconstruction, Codex:3D4D-Reconstruction"
2603.22450,Static Scene Reconstruction from Dynamic Egocentric Videos,2026-arxiv,动态场景与 4D 重建,时空/动态角度,建模运动/形变/时间一致性,SLAM / pose graph / online mapping pipeline,本文方法,本文方法 针对「建模运动/形变/时间一致性」，从「时空/动态角度」切入，主要采用「SLAM / pose graph / online mapping pipeline」来服务「动态场景与 4D 重建」。,/Volumes/UBag/Documents/l40server_mirror/lyra/Lyra-2/paper_collection_3d4d_reconstruction_2026_04_26/boardmix_mindmap/method_figures/2603.22450_paper.png,/Volumes/UBag/Documents/l40server_mirror/lyra/Lyra-2/paper_collection_3d4d_reconstruction_2026_04_26/pdfs/2026_Static_Scene_Reconstruction_from_Dynamic_Egocentric_Videos_2603.22450.pdf,,no_code_link_found,"Codex:3D-Reconstruction, Codex:3D4D-Reconstruction"
2601.04453,"UniDrive-WM: Unified Understanding, Planning and Generation World Model For Autonomous Driving",2026-arxiv,SLAM/机器人/自动驾驶世界模型,生成/世界模型角度,提升可控生成/世界演化预测,Diffusion/生成先验/视频模型,UniDrive-WM,UniDrive-WM 针对「提升可控生成/世界演化预测」，从「生成/世界模型角度」切入，主要采用「Diffusion/生成先验/视频模型」来服务「SLAM/机器人/自动驾驶世界模型」。,/Volumes/UBag/Documents/l40server_mirror/lyra/Lyra-2/paper_collection_3d4d_reconstruction_2026_04_26/boardmix_mindmap/method_figures/2601.04453_UniDrive-WM.png,/Volumes/UBag/Documents/l40server_mirror/lyra/Lyra-2/paper_collection_3d4d_reconstruction_2026_04_26/pdfs/2026_UniDrive_WM_Unified_Understanding_Planning_and_Generation_World_Model_For_Autonomous_Drivi_2601.04453.pdf,https://github.com/UniDrive-WM/UniDrive-WM,code_link_found_not_audited,"Codex:3D+4D-Evolution, Codex:3D4D-Reconstruction"
2603.22531,UrbanVGGT: Scalable Sidewalk Width Estimation from Street View Images,2026-arxiv,实时/大规模/高效 3D 表示,计算角度,提升可控生成/世界演化预测,Feed-forward / Transformer / Foundation Model,UrbanVGGT,UrbanVGGT 针对「提升可控生成/世界演化预测」，从「计算角度」切入，主要采用「Feed-forward / Transformer / Foundation Model」来服务「实时/大规模/高效 3D 表示」。,/Volumes/UBag/Documents/l40server_mirror/lyra/Lyra-2/paper_collection_3d4d_reconstruction_2026_04_26/boardmix_mindmap/method_figures/2603.22531_UrbanVGGT.png,/Volumes/UBag/Documents/l40server_mirror/lyra/Lyra-2/paper_collection_3d4d_reconstruction_2026_04_26/pdfs/2026_UrbanVGGT_Scalable_Sidewalk_Width_Estimation_from_Street_View_Images_2603.22531.pdf,,no_code_link_found,"Codex:3D-Reconstruction, Codex:3D4D-Reconstruction"
2603.21546,What Do World Models Learn in RL? Probing Latent Representations in Learned Environment Simulators,2026-arxiv,动态场景与 4D 重建,生成/世界模型角度,提升可控生成/世界演化预测,Diffusion/生成先验/视频模型,RL,RL 针对「提升可控生成/世界演化预测」，从「生成/世界模型角度」切入，主要采用「Diffusion/生成先验/视频模型」来服务「动态场景与 4D 重建」。,/Volumes/UBag/Documents/l40server_mirror/lyra/Lyra-2/paper_collection_3d4d_reconstruction_2026_04_26/boardmix_mindmap/method_figures/2603.21546_RL.png,/Volumes/UBag/Documents/l40server_mirror/lyra/Lyra-2/paper_collection_3d4d_reconstruction_2026_04_26/pdfs/2026_What_Do_World_Models_Learn_in_RL_Probing_Latent_Representations_in_Learned_Environment_Sim_2603.21546.pdf,,no_code_link_found,"Codex:3D+4D-Evolution, Codex:3D4D-Reconstruction"
2603.22286,WorldCache: Content-Aware Caching for Accelerated Video World Models,2026-arxiv,动态场景与 4D 重建,时空/动态角度,建模运动/形变/时间一致性,Motion decomposition / canonical space / deformation,WorldCache,WorldCache 针对「建模运动/形变/时间一致性」，从「时空/动态角度」切入，主要采用「Motion decomposition / canonical space / deformation」来服务「动态场景与 4D 重建」。,/Volumes/UBag/Documents/l40server_mirror/lyra/Lyra-2/paper_collection_3d4d_reconstruction_2026_04_26/boardmix_mindmap/method_figures/2603.22286_WorldCache.png,/Volumes/UBag/Documents/l40server_mirror/lyra/Lyra-2/paper_collection_3d4d_reconstruction_2026_04_26/pdfs/2026_WorldCache_Content_Aware_Caching_for_Accelerated_Video_World_Models_2603.22286.pdf,https://github.com/umair1221/WorldCache,code_link_found_not_audited,"Codex:3D+4D-Evolution, Codex:3D4D-Reconstruction"
2603.23686,AdvSplat: Adversarial Attacks on Feed-Forward Gaussian Splatting Models,2026-arxiv,实时/大规模/高效 3D 表示,计算角度,减少优化/采样/渲染步骤,Gaussian Splatting 表示与正则化,AdvSplat,AdvSplat 针对「减少优化/采样/渲染步骤」，从「计算角度」切入，主要采用「Gaussian Splatting 表示与正则化」来服务「实时/大规模/高效 3D 表示」。,/Volumes/UBag/Documents/l40server_mirror/lyra/Lyra-2/paper_collection_3d4d_reconstruction_2026_04_26/boardmix_mindmap/method_figures/2603.23686_AdvSplat.png,/Volumes/UBag/Documents/l40server_mirror/lyra/Lyra-2/paper_collection_3d4d_reconstruction_2026_04_26/pdfs/2026_AdvSplat_Adversarial_Attacks_on_Feed_Forward_Gaussian_Splatting_Models_2603.23686.pdf,,no_code_link_found,"Codex:3D-Reconstruction, Codex:3D4D-Reconstruction"
2603.17808,EVA: Aligning Video World Models with Executable Robot Actions via Inverse Dynamics Rewards,2026-arxiv,生成式 3D/4D 内容与仿真,时空/动态角度,提升可控生成/世界演化预测,Diffusion/生成先验/视频模型,EVA,EVA 针对「提升可控生成/世界演化预测」，从「时空/动态角度」切入，主要采用「Diffusion/生成先验/视频模型」来服务「生成式 3D/4D 内容与仿真」。,/Volumes/UBag/Documents/l40server_mirror/lyra/Lyra-2/paper_collection_3d4d_reconstruction_2026_04_26/boardmix_mindmap/method_figures/2603.17808_EVA.png,/Volumes/UBag/Documents/l40server_mirror/lyra/Lyra-2/paper_collection_3d4d_reconstruction_2026_04_26/pdfs/2026_EVA_Aligning_Video_World_Models_with_Executable_Robot_Actions_via_Inverse_Dynamics_Rewards_2603.17808.pdf,https://github.com/RobbinW/EVA,code_link_found_not_audited,"Codex:3D+4D-Evolution, Codex:3D4D-Reconstruction"
2603.20583,GHOST: Ground-projected Hypotheses from Observed Structure-from-Motion Trajectories,2026-arxiv,实时/大规模/高效 3D 表示,训练/监督角度,建模运动/形变/时间一致性,Motion decomposition / canonical space / deformation,GHOST,GHOST 针对「建模运动/形变/时间一致性」，从「训练/监督角度」切入，主要采用「Motion decomposition / canonical space / deformation」来服务「实时/大规模/高效 3D 表示」。,/Volumes/UBag/Documents/l40server_mirror/lyra/Lyra-2/paper_collection_3d4d_reconstruction_2026_04_26/boardmix_mindmap/method_figures/2603.20583_GHOST.png,/Volumes/UBag/Documents/l40server_mirror/lyra/Lyra-2/paper_collection_3d4d_reconstruction_2026_04_26/pdfs/2026_GHOST_Ground_projected_Hypotheses_from_Observed_Structure_from_Motion_Trajectories_2603.20583.pdf,https://github.com/ceres-solver/ceres-solver,code_link_found_not_audited,"Codex:3D-Reconstruction, Codex:3D4D-Reconstruction"
2603.23246,GO-Renderer: Generative Object Rendering with 3D-aware Controllable Video Diffusion Models,2026-arxiv,生成式 3D/4D 内容与仿真,生成/世界模型角度,解决稀疏视角几何不稳定,Diffusion/生成先验/视频模型,GO-Renderer,GO-Renderer 针对「解决稀疏视角几何不稳定」，从「生成/世界模型角度」切入，主要采用「Diffusion/生成先验/视频模型」来服务「生成式 3D/4D 内容与仿真」。,/Volumes/UBag/Documents/l40server_mirror/lyra/Lyra-2/paper_collection_3d4d_reconstruction_2026_04_26/boardmix_mindmap/method_figures/2603.23246_GO-Renderer.png,/Volumes/UBag/Documents/l40server_mirror/lyra/Lyra-2/paper_collection_3d4d_reconstruction_2026_04_26/pdfs/2026_GO_Renderer_Generative_Object_Rendering_with_3D_aware_Controllable_Video_Diffusion_Models_2603.23246.pdf,https://github.com/IGL-HKUST/GO-Renderer,code_link_found_not_audited,"Codex:3D-Reconstruction, Codex:3D4D-Reconstruction"
2603.23192,GTLR-GS: Geometry-Texture Aware LiDAR-Regularized 3D Gaussian Splatting for Realistic Scene Reconstruction,2026-arxiv,动态场景与 4D 重建,表示/几何角度,提升几何一致性/表面质量,Gaussian Splatting 表示与正则化,GTLR-GS,GTLR-GS 针对「提升几何一致性/表面质量」，从「表示/几何角度」切入，主要采用「Gaussian Splatting 表示与正则化」来服务「动态场景与 4D 重建」。,/Volumes/UBag/Documents/l40server_mirror/lyra/Lyra-2/paper_collection_3d4d_reconstruction_2026_04_26/boardmix_mindmap/method_figures/2603.23192_GTLR-GS.png,/Volumes/UBag/Documents/l40server_mirror/lyra/Lyra-2/paper_collection_3d4d_reconstruction_2026_04_26/pdfs/2026_GTLR_GS_Geometry_Texture_Aware_LiDAR_Regularized_3D_Gaussian_Splatting_for_Realistic_Scene_2603.23192.pdf,,no_code_link_found,"Codex:3D-Reconstruction, Codex:3D4D-Reconstruction"
2603.07145,LiveWorld: Simulating Out-of-Sight Dynamics in Generative Video World Models,2026-arxiv,动态场景与 4D 重建,时空/动态角度,建模运动/形变/时间一致性,Diffusion/生成先验/视频模型,LiveWorld,LiveWorld 针对「建模运动/形变/时间一致性」，从「时空/动态角度」切入，主要采用「Diffusion/生成先验/视频模型」来服务「动态场景与 4D 重建」。,/Volumes/UBag/Documents/l40server_mirror/lyra/Lyra-2/paper_collection_3d4d_reconstruction_2026_04_26/boardmix_mindmap/method_figures/2603.07145_LiveWorld.png,/Volumes/UBag/Documents/l40server_mirror/lyra/Lyra-2/paper_collection_3d4d_reconstruction_2026_04_26/pdfs/2026_LiveWorld_Simulating_Out_of_Sight_Dynamics_in_Generative_Video_World_Models_2603.07145.pdf,,no_code_link_found,"Codex:3D+4D-Evolution, Codex:3D4D-Reconstruction"
2603.22796,PhotoAgent: A Robotic Photographer with Spatial and Aesthetic Understanding,2026-arxiv,SLAM/机器人/自动驾驶世界模型,表示/几何角度,提升可控生成/世界演化预测,Gaussian Splatting 表示与正则化,PhotoAgent,PhotoAgent 针对「提升可控生成/世界演化预测」，从「表示/几何角度」切入，主要采用「Gaussian Splatting 表示与正则化」来服务「SLAM/机器人/自动驾驶世界模型」。,/Volumes/UBag/Documents/l40server_mirror/lyra/Lyra-2/paper_collection_3d4d_reconstruction_2026_04_26/boardmix_mindmap/method_figures/2603.22796_PhotoAgent.png,/Volumes/UBag/Documents/l40server_mirror/lyra/Lyra-2/paper_collection_3d4d_reconstruction_2026_04_26/pdfs/2026_PhotoAgent_A_Robotic_Photographer_with_Spatial_and_Aesthetic_Understanding_2603.22796.pdf,,no_code_link_found,"Codex:3D+4D-Evolution, Codex:3D4D-Reconstruction"
2603.22786,Predictive Photometric Uncertainty in Gaussian Splatting for Novel View Synthesis,2026-arxiv,稀疏/单目/少视角 3D 重建,表示/几何角度,解决稀疏视角几何不稳定,Gaussian Splatting 表示与正则化,本文方法,本文方法 针对「解决稀疏视角几何不稳定」，从「表示/几何角度」切入，主要采用「Gaussian Splatting 表示与正则化」来服务「稀疏/单目/少视角 3D 重建」。,/Volumes/UBag/Documents/l40server_mirror/lyra/Lyra-2/paper_collection_3d4d_reconstruction_2026_04_26/boardmix_mindmap/method_figures/2603.22786_paper.png,/Volumes/UBag/Documents/l40server_mirror/lyra/Lyra-2/paper_collection_3d4d_reconstruction_2026_04_26/pdfs/2026_Predictive_Photometric_Uncertainty_in_Gaussian_Splatting_for_Novel_View_Synthesis_2603.22786.pdf,,no_code_link_found,"Codex:3D-Reconstruction, Codex:3D4D-Reconstruction"
2603.22851,UniQueR: Unified Query-based Feedforward 3D Reconstruction,2026-arxiv,实时/大规模/高效 3D 表示,表示/几何角度,降低显存/存储/模型体积,Feed-forward / Transformer / Foundation Model,UniQueR,UniQueR 针对「降低显存/存储/模型体积」，从「表示/几何角度」切入，主要采用「Feed-forward / Transformer / Foundation Model」来服务「实时/大规模/高效 3D 表示」。,/Volumes/UBag/Documents/l40server_mirror/lyra/Lyra-2/paper_collection_3d4d_reconstruction_2026_04_26/boardmix_mindmap/method_figures/2603.22851_UniQueR.png,/Volumes/UBag/Documents/l40server_mirror/lyra/Lyra-2/paper_collection_3d4d_reconstruction_2026_04_26/pdfs/2026_UniQueR_Unified_Query_based_Feedforward_3D_Reconstruction_2603.22851.pdf,,no_code_link_found,"Codex:3D-Reconstruction, Codex:3D4D-Reconstruction"
2603.24393,3D-Mix for VLA: A Plug-and-Play Module for Integrating VGGT-based 3D Information into Vision-Language-Action Models,2026-arxiv,SLAM/机器人/自动驾驶世界模型,训练/监督角度,提升可控生成/世界演化预测,Feed-forward / Transformer / Foundation Model,3D-Mix for VLA,3D-Mix for VLA 针对「提升可控生成/世界演化预测」，从「训练/监督角度」切入，主要采用「Feed-forward / Transformer / Foundation Model」来服务「SLAM/机器人/自动驾驶世界模型」。,/Volumes/UBag/Documents/l40server_mirror/lyra/Lyra-2/paper_collection_3d4d_reconstruction_2026_04_26/boardmix_mindmap/method_figures/2603.24393_3D-Mix_for_VLA.png,/Volumes/UBag/Documents/l40server_mirror/lyra/Lyra-2/paper_collection_3d4d_reconstruction_2026_04_26/pdfs/2026_3D_Mix_for_VLA_A_Plug_and_Play_Module_for_Integrating_VGGT_based_3D_Information_into_Visio_2603.24393.pdf,https://github.com/ZGC-EmbodyAI/3DMix-for-VLA,code_link_found_not_audited,"Codex:3D-Reconstruction, Codex:3D4D-Reconstruction"
2603.24440,CUA-Suite: Massive Human-annotated Video Demonstrations for Computer-Use Agents,2026-arxiv,动态场景与 4D 重建,时空/动态角度,提升可控生成/世界演化预测,SLAM / pose graph / online mapping pipeline,CUA-Suite,CUA-Suite 针对「提升可控生成/世界演化预测」，从「时空/动态角度」切入，主要采用「SLAM / pose graph / online mapping pipeline」来服务「动态场景与 4D 重建」。,/Volumes/UBag/Documents/l40server_mirror/lyra/Lyra-2/paper_collection_3d4d_reconstruction_2026_04_26/boardmix_mindmap/method_figures/2603.24440_CUA-Suite.png,/Volumes/UBag/Documents/l40server_mirror/lyra/Lyra-2/paper_collection_3d4d_reconstruction_2026_04_26/pdfs/2026_CUA_Suite_Massive_Human_annotated_Video_Demonstrations_for_Computer_Use_Agents_2603.24440.pdf,https://github.com/ServiceNow/GroundCUA/tree/main/VideoCUA,code_link_found_not_audited,"Codex:3D+4D-Evolution, Codex:3D4D-Reconstruction"
2603.01601,Dehallu3D: Hallucination-Mitigated 3D Generation from Single Image via Cyclic View Consistency Refinement,2026-arxiv,多视角几何/表面/场景重建,表示/几何角度,解决稀疏视角几何不稳定,SLAM / pose graph / online mapping pipeline,Dehallu3D,Dehallu3D 针对「解决稀疏视角几何不稳定」，从「表示/几何角度」切入，主要采用「SLAM / pose graph / online mapping pipeline」来服务「多视角几何/表面/场景重建」。,/Volumes/UBag/Documents/l40server_mirror/lyra/Lyra-2/paper_collection_3d4d_reconstruction_2026_04_26/boardmix_mindmap/method_figures/2603.01601_Dehallu3D.png,/Volumes/UBag/Documents/l40server_mirror/lyra/Lyra-2/paper_collection_3d4d_reconstruction_2026_04_26/pdfs/2026_Dehallu3D_Hallucination_Mitigated_3D_Generation_from_Single_Image_via_Cyclic_View_Consiste_2603.01601.pdf,,no_code_link_found,"Codex:3D-Reconstruction, Codex:3D4D-Reconstruction"
2603.24770,DRoPS: Dynamic 3D Reconstruction of Pre-Scanned Objects,2026-arxiv,动态场景与 4D 重建,时空/动态角度,建模运动/形变/时间一致性,Motion decomposition / canonical space / deformation,DRoPS,DRoPS 针对「建模运动/形变/时间一致性」，从「时空/动态角度」切入，主要采用「Motion decomposition / canonical space / deformation」来服务「动态场景与 4D 重建」。,/Volumes/UBag/Documents/l40server_mirror/lyra/Lyra-2/paper_collection_3d4d_reconstruction_2026_04_26/boardmix_mindmap/method_figures/2603.24770_DRoPS.png,/Volumes/UBag/Documents/l40server_mirror/lyra/Lyra-2/paper_collection_3d4d_reconstruction_2026_04_26/pdfs/2026_DRoPS_Dynamic_3D_Reconstruction_of_Pre_Scanned_Objects_2603.24770.pdf,,no_code_link_found,"Codex:3D-Reconstruction, Codex:3D4D-Reconstruction, Codex:4D-Reconstruction"
2603.24577,EndoVGGT: GNN-Enhanced Depth Estimation for Surgical 3D Reconstruction,2026-arxiv,动态场景与 4D 重建,表示/几何角度,提升几何一致性/表面质量,SLAM / pose graph / online mapping pipeline,EndoVGGT,EndoVGGT 针对「提升几何一致性/表面质量」，从「表示/几何角度」切入，主要采用「SLAM / pose graph / online mapping pipeline」来服务「动态场景与 4D 重建」。,/Volumes/UBag/Documents/l40server_mirror/lyra/Lyra-2/paper_collection_3d4d_reconstruction_2026_04_26/boardmix_mindmap/method_figures/2603.24577_EndoVGGT.png,/Volumes/UBag/Documents/l40server_mirror/lyra/Lyra-2/paper_collection_3d4d_reconstruction_2026_04_26/pdfs/2026_EndoVGGT_GNN_Enhanced_Depth_Estimation_for_Surgical_3D_Reconstruction_2603.24577.pdf,,no_code_link_found,"Codex:3D-Reconstruction, Codex:3D4D-Reconstruction"
2603.21304,F4Splat: Feed-Forward Predictive Densification for Feed-Forward 3D Gaussian Splatting,2026-arxiv,实时/大规模/高效 3D 表示,训练/监督角度,降低显存/存储/模型体积,Gaussian Splatting 表示与正则化,F4Splat,F4Splat 针对「降低显存/存储/模型体积」，从「训练/监督角度」切入，主要采用「Gaussian Splatting 表示与正则化」来服务「实时/大规模/高效 3D 表示」。,/Volumes/UBag/Documents/l40server_mirror/lyra/Lyra-2/paper_collection_3d4d_reconstruction_2026_04_26/boardmix_mindmap/method_figures/2603.21304_F4Splat.png,/Volumes/UBag/Documents/l40server_mirror/lyra/Lyra-2/paper_collection_3d4d_reconstruction_2026_04_26/pdfs/2026_F4Splat_Feed_Forward_Predictive_Densification_for_Feed_Forward_3D_Gaussian_Splatting_2603.21304.pdf,,no_code_link_found,"Codex:3D-Reconstruction, Codex:3D4D-Reconstruction"
2603.23891,FilterGS: Traversal-Free Parallel Filtering and Adaptive Shrinking for Large-Scale LoD 3D Gaussian Splatting,2026-arxiv,实时/大规模/高效 3D 表示,计算角度,减少优化/采样/渲染步骤,Gaussian Splatting 表示与正则化,FilterGS,FilterGS 针对「减少优化/采样/渲染步骤」，从「计算角度」切入，主要采用「Gaussian Splatting 表示与正则化」来服务「实时/大规模/高效 3D 表示」。,/Volumes/UBag/Documents/l40server_mirror/lyra/Lyra-2/paper_collection_3d4d_reconstruction_2026_04_26/boardmix_mindmap/method_figures/2603.23891_FilterGS.png,/Volumes/UBag/Documents/l40server_mirror/lyra/Lyra-2/paper_collection_3d4d_reconstruction_2026_04_26/pdfs/2026_FilterGS_Traversal_Free_Parallel_Filtering_and_Adaptive_Shrinking_for_Large_Scale_LoD_3D_G_2603.23891.pdf,https://github.com/xenon-w/FilterGS,code_link_found_not_audited,"Codex:3D-Reconstruction, Codex:3D4D-Reconstruction"
2603.22792,Instrument-Splatting++: Towards Controllable Surgical Instrument Digital Twin Using Gaussian Splatting,2026-arxiv,生成式 3D/4D 内容与仿真,训练/监督角度,解决稀疏视角几何不稳定,Gaussian Splatting 表示与正则化,Instrument-Splatting++,Instrument-Splatting++ 针对「解决稀疏视角几何不稳定」，从「训练/监督角度」切入，主要采用「Gaussian Splatting 表示与正则化」来服务「生成式 3D/4D 内容与仿真」。,/Volumes/UBag/Documents/l40server_mirror/lyra/Lyra-2/paper_collection_3d4d_reconstruction_2026_04_26/boardmix_mindmap/method_figures/2603.22792_Instrument-Splatting.png,/Volumes/UBag/Documents/l40server_mirror/lyra/Lyra-2/paper_collection_3d4d_reconstruction_2026_04_26/pdfs/2026_Instrument_Splatting_Towards_Controllable_Surgical_Instrument_Digital_Twin_Using_Gaussian_2603.22792.pdf,,code_link_found_not_audited,"Codex:3D-Reconstruction, Codex:3D4D-Reconstruction"
2603.24581,Latent-WAM: Latent World Action Modeling for End-to-End Autonomous Driving,2026-arxiv,动态场景与 4D 重建,训练/监督角度,提升可控生成/世界演化预测,Pruning / compression / progressive coding,Latent-WAM,Latent-WAM 针对「提升可控生成/世界演化预测」，从「训练/监督角度」切入，主要采用「Pruning / compression / progressive coding」来服务「动态场景与 4D 重建」。,/Volumes/UBag/Documents/l40server_mirror/lyra/Lyra-2/paper_collection_3d4d_reconstruction_2026_04_26/boardmix_mindmap/method_figures/2603.24581_Latent-WAM.png,/Volumes/UBag/Documents/l40server_mirror/lyra/Lyra-2/paper_collection_3d4d_reconstruction_2026_04_26/pdfs/2026_Latent_WAM_Latent_World_Action_Modeling_for_End_to_End_Autonomous_Driving_2603.24581.pdf,https://github.com/OpenDriveLab/OpenScene,code_link_found_not_audited,"Codex:3D+4D-Evolution, Codex:3D4D-Reconstruction"
2602.22212,Neu-PiG: Neural Preconditioned Grids for Fast Dynamic Surface Reconstruction on Long Sequences,2026-arxiv,多视角几何/表面/场景重建,时空/动态角度,建模运动/形变/时间一致性,SDF/隐式表面/网格/点云,Neu-PiG,Neu-PiG 针对「建模运动/形变/时间一致性」，从「时空/动态角度」切入，主要采用「SDF/隐式表面/网格/点云」来服务「多视角几何/表面/场景重建」。,/Volumes/UBag/Documents/l40server_mirror/lyra/Lyra-2/paper_collection_3d4d_reconstruction_2026_04_26/boardmix_mindmap/method_figures/2602.22212_Neu-PiG.png,/Volumes/UBag/Documents/l40server_mirror/lyra/Lyra-2/paper_collection_3d4d_reconstruction_2026_04_26/pdfs/2026_Neu_PiG_Neural_Preconditioned_Grids_for_Fast_Dynamic_Surface_Reconstruction_on_Long_Sequen_2602.22212.pdf,https://github.com/vc-bonn/neu-pig,code_link_found_not_audited,"Codex:3D-Reconstruction, Codex:3D4D-Reconstruction"
2603.23973,SLAT-Phys: Fast Material Property Field Prediction from Structured 3D Latents,2026-arxiv,生成式 3D/4D 内容与仿真,计算角度,接入 SLAM/机器人闭环系统,组合式/混合 pipeline,SLAT-Phys,SLAT-Phys 针对「接入 SLAM/机器人闭环系统」，从「计算角度」切入，主要采用「组合式/混合 pipeline」来服务「生成式 3D/4D 内容与仿真」。,/Volumes/UBag/Documents/l40server_mirror/lyra/Lyra-2/paper_collection_3d4d_reconstruction_2026_04_26/boardmix_mindmap/method_figures/2603.23973_SLAT-Phys.png,/Volumes/UBag/Documents/l40server_mirror/lyra/Lyra-2/paper_collection_3d4d_reconstruction_2026_04_26/pdfs/2026_SLAT_Phys_Fast_Material_Property_Field_Prediction_from_Structured_3D_Latents_2603.23973.pdf,https://github.com/nerfies/nerfies.github.io,code_link_found_not_audited,"Codex:3D-Reconstruction, Codex:3D4D-Reconstruction"
2603.19682,3D Gaussian Splatting with Self-Constrained Priors for High Fidelity Surface Reconstruction,2026-arxiv,多视角几何/表面/场景重建,表示/几何角度,提升几何一致性/表面质量,SDF/隐式表面/网格/点云,Self-Constrained,Self-Constrained 针对「提升几何一致性/表面质量」，从「表示/几何角度」切入，主要采用「SDF/隐式表面/网格/点云」来服务「多视角几何/表面/场景重建」。,/Volumes/UBag/Documents/l40server_mirror/lyra/Lyra-2/paper_collection_3d4d_reconstruction_2026_04_26/boardmix_mindmap/method_figures/2603.19682_Self-Constrained.png,/Volumes/UBag/Documents/l40server_mirror/lyra/Lyra-2/paper_collection_3d4d_reconstruction_2026_04_26/pdfs/2026_3D_Gaussian_Splatting_with_Self_Constrained_Priors_for_High_Fidelity_Surface_Reconstructio_2603.19682.pdf,,no_code_link_found,"Codex:3D-Reconstruction, Codex:3D4D-Reconstruction"
2603.25623,Accurate Surface and Reflectance Modelling from 3D Radar Data with Neural Radiance Fields,2026-arxiv,多视角几何/表面/场景重建,表示/几何角度,提升几何一致性/表面质量,SDF/隐式表面/网格/点云,本文方法,本文方法 针对「提升几何一致性/表面质量」，从「表示/几何角度」切入，主要采用「SDF/隐式表面/网格/点云」来服务「多视角几何/表面/场景重建」。,/Volumes/UBag/Documents/l40server_mirror/lyra/Lyra-2/paper_collection_3d4d_reconstruction_2026_04_26/boardmix_mindmap/method_figures/2603.25623_paper.png,/Volumes/UBag/Documents/l40server_mirror/lyra/Lyra-2/paper_collection_3d4d_reconstruction_2026_04_26/pdfs/2026_Accurate_Surface_and_Reflectance_Modelling_from_3D_Radar_Data_with_Neural_Radiance_Fields_2603.25623.pdf,,no_code_link_found,"Codex:3D-Reconstruction, Codex:3D4D-Reconstruction"
2603.25129,AirSplat: Alignment and Rating for Robust Feed-Forward 3D Gaussian Splatting,2026-arxiv,稀疏/单目/少视角 3D 重建,训练/监督角度,解决稀疏视角几何不稳定,SLAM / pose graph / online mapping pipeline,AirSplat,AirSplat 针对「解决稀疏视角几何不稳定」，从「训练/监督角度」切入，主要采用「SLAM / pose graph / online mapping pipeline」来服务「稀疏/单目/少视角 3D 重建」。,/Volumes/UBag/Documents/l40server_mirror/lyra/Lyra-2/paper_collection_3d4d_reconstruction_2026_04_26/boardmix_mindmap/method_figures/2603.25129_AirSplat.png,/Volumes/UBag/Documents/l40server_mirror/lyra/Lyra-2/paper_collection_3d4d_reconstruction_2026_04_26/pdfs/2026_AirSplat_Alignment_and_Rating_for_Robust_Feed_Forward_3D_Gaussian_Splatting_2603.25129.pdf,https://github.com/nerfies/nerfies.github.io,code_link_found_not_audited,"Codex:3D-Reconstruction, Codex:3D4D-Reconstruction"
2603.25791,ArtHOI: Taming Foundation Models for Monocular 4D Reconstruction of Hand-Articulated-Object Interactions,2026-arxiv,多视角几何/表面/场景重建,训练/监督角度,解决稀疏视角几何不稳定,SDF/隐式表面/网格/点云,ArtHOI,ArtHOI 针对「解决稀疏视角几何不稳定」，从「训练/监督角度」切入，主要采用「SDF/隐式表面/网格/点云」来服务「多视角几何/表面/场景重建」。,/Volumes/UBag/Documents/l40server_mirror/lyra/Lyra-2/paper_collection_3d4d_reconstruction_2026_04_26/boardmix_mindmap/method_figures/2603.25791_ArtHOI.png,/Volumes/UBag/Documents/l40server_mirror/lyra/Lyra-2/paper_collection_3d4d_reconstruction_2026_04_26/pdfs/2026_ArtHOI_Taming_Foundation_Models_for_Monocular_4D_Reconstruction_of_Hand_Articulated_Object_2603.25791.pdf,https://github.com/hitcs-zikaiwang/ArtHOI-4D-Reconstruction,code_link_found_not_audited,"Codex:3D4D-Reconstruction, Codex:4D-Reconstruction"
2603.21936,Cross-Instance Gaussian Splatting Registration via Geometry-Aware Feature-Guided Alignment,2026-arxiv,多视角几何/表面/场景重建,表示/几何角度,提升几何一致性/表面质量,Gaussian Splatting 表示与正则化,Cross-Instance,Cross-Instance 针对「提升几何一致性/表面质量」，从「表示/几何角度」切入，主要采用「Gaussian Splatting 表示与正则化」来服务「多视角几何/表面/场景重建」。,/Volumes/UBag/Documents/l40server_mirror/lyra/Lyra-2/paper_collection_3d4d_reconstruction_2026_04_26/boardmix_mindmap/method_figures/2603.21936_Cross-Instance.png,/Volumes/UBag/Documents/l40server_mirror/lyra/Lyra-2/paper_collection_3d4d_reconstruction_2026_04_26/pdfs/2026_Cross_Instance_Gaussian_Splatting_Registration_via_Geometry_Aware_Feature_Guided_Alignment_2603.21936.pdf,,no_code_link_found,"Codex:3D-Reconstruction, Codex:3D4D-Reconstruction"
2603.25819,Geo$^\textbf{2}$: Geometry-Guided Cross-view Geo-Localization and Image Synthesis,2026-arxiv,多视角几何/表面/场景重建,训练/监督角度,提升泛化/跨场景/开放世界能力,Feed-forward / Transformer / Foundation Model,Geo$^\textbf{2}$,Geo$^\textbf{2}$ 针对「提升泛化/跨场景/开放世界能力」，从「训练/监督角度」切入，主要采用「Feed-forward / Transformer / Foundation Model」来服务「多视角几何/表面/场景重建」。,/Volumes/UBag/Documents/l40server_mirror/lyra/Lyra-2/paper_collection_3d4d_reconstruction_2026_04_26/boardmix_mindmap/method_figures/2603.25819_Geo_textbf_2.png,/Volumes/UBag/Documents/l40server_mirror/lyra/Lyra-2/paper_collection_3d4d_reconstruction_2026_04_26/pdfs/2026_Geo_textbf_2_Geometry_Guided_Cross_view_Geo_Localization_and_Image_Synthesis_2603.25819.pdf,https://github.com/google/nerfies/releases/tag/0.1,code_link_found_not_audited,"Codex:3D-Reconstruction, Codex:3D4D-Reconstruction"
2603.01010,GeodesicNVS: Probability Density Geodesic Flow Matching for Novel View Synthesis,2026-arxiv,生成式 3D/4D 内容与仿真,训练/监督角度,提升几何一致性/表面质量,Diffusion/生成先验/视频模型,GeodesicNVS,GeodesicNVS 针对「提升几何一致性/表面质量」，从「训练/监督角度」切入，主要采用「Diffusion/生成先验/视频模型」来服务「生成式 3D/4D 内容与仿真」。,/Volumes/UBag/Documents/l40server_mirror/lyra/Lyra-2/paper_collection_3d4d_reconstruction_2026_04_26/boardmix_mindmap/method_figures/2603.01010_GeodesicNVS.png,/Volumes/UBag/Documents/l40server_mirror/lyra/Lyra-2/paper_collection_3d4d_reconstruction_2026_04_26/pdfs/2026_GeodesicNVS_Probability_Density_Geodesic_Flow_Matching_for_Novel_View_Synthesis_2603.01010.pdf,,no_code_link_found,"Codex:3D-Reconstruction, Codex:3D4D-Reconstruction"
2603.25336,HeSS: Head Sensitivity Score for Sparsity Redistribution in VGGT,2026-arxiv,实时/大规模/高效 3D 表示,内存/存储角度,降低显存/存储/模型体积,Feed-forward / Transformer / Foundation Model,HeSS,HeSS 针对「降低显存/存储/模型体积」，从「内存/存储角度」切入，主要采用「Feed-forward / Transformer / Foundation Model」来服务「实时/大规模/高效 3D 表示」。,/Volumes/UBag/Documents/l40server_mirror/lyra/Lyra-2/paper_collection_3d4d_reconstruction_2026_04_26/boardmix_mindmap/method_figures/2603.25336_HeSS.png,/Volumes/UBag/Documents/l40server_mirror/lyra/Lyra-2/paper_collection_3d4d_reconstruction_2026_04_26/pdfs/2026_HeSS_Head_Sensitivity_Score_for_Sparsity_Redistribution_in_VGGT_2603.25336.pdf,https://github.com/libary753/HeSS,code_link_found_not_audited,"Codex:3D-Reconstruction, Codex:3D4D-Reconstruction"
2603.23997,HGGT: Robust and Flexible 3D Hand Mesh Reconstruction from Uncalibrated Images,2026-arxiv,多视角几何/表面/场景重建,表示/几何角度,提升几何一致性/表面质量,Feed-forward / Transformer / Foundation Model,HGGT,HGGT 针对「提升几何一致性/表面质量」，从「表示/几何角度」切入，主要采用「Feed-forward / Transformer / Foundation Model」来服务「多视角几何/表面/场景重建」。,/Volumes/UBag/Documents/l40server_mirror/lyra/Lyra-2/paper_collection_3d4d_reconstruction_2026_04_26/boardmix_mindmap/method_figures/2603.23997_HGGT.png,/Volumes/UBag/Documents/l40server_mirror/lyra/Lyra-2/paper_collection_3d4d_reconstruction_2026_04_26/pdfs/2026_HGGT_Robust_and_Flexible_3D_Hand_Mesh_Reconstruction_from_Uncalibrated_Images_2603.23997.pdf,https://github.com/lym29/HGGT,code_link_found_not_audited,"Codex:3D-Reconstruction, Codex:3D4D-Reconstruction"
2601.03824,IDESplat: Iterative Depth Probability Estimation for Generalizable 3D Gaussian Splatting,2026-arxiv,稀疏/单目/少视角 3D 重建,表示/几何角度,降低显存/存储/模型体积,Gaussian Splatting 表示与正则化,IDESplat,IDESplat 针对「降低显存/存储/模型体积」，从「表示/几何角度」切入，主要采用「Gaussian Splatting 表示与正则化」来服务「稀疏/单目/少视角 3D 重建」。,/Volumes/UBag/Documents/l40server_mirror/lyra/Lyra-2/paper_collection_3d4d_reconstruction_2026_04_26/boardmix_mindmap/method_figures/2601.03824_IDESplat.png,/Volumes/UBag/Documents/l40server_mirror/lyra/Lyra-2/paper_collection_3d4d_reconstruction_2026_04_26/pdfs/2026_IDESplat_Iterative_Depth_Probability_Estimation_for_Generalizable_3D_Gaussian_Splatting_2601.03824.pdf,https://github.com/CVL-UESTC/IDESplat,code_link_found_not_audited,"Codex:3D-Reconstruction, Codex:3D4D-Reconstruction"
2603.25399,LaMP: Learning Vision-Language-Action Policies with 3D Scene Flow as Latent Motion Prior,2026-arxiv,动态场景与 4D 重建,时空/动态角度,建模运动/形变/时间一致性,Motion decomposition / canonical space / deformation,LaMP,LaMP 针对「建模运动/形变/时间一致性」，从「时空/动态角度」切入，主要采用「Motion decomposition / canonical space / deformation」来服务「动态场景与 4D 重建」。,/Volumes/UBag/Documents/l40server_mirror/lyra/Lyra-2/paper_collection_3d4d_reconstruction_2026_04_26/boardmix_mindmap/method_figures/2603.25399_LaMP.png,/Volumes/UBag/Documents/l40server_mirror/lyra/Lyra-2/paper_collection_3d4d_reconstruction_2026_04_26/pdfs/2026_LaMP_Learning_Vision_Language_Action_Policies_with_3D_Scene_Flow_as_Latent_Motion_Prior_2603.25399.pdf,,no_code_link_found,"Codex:3D4D-Reconstruction, Codex:4D-Reconstruction"
2603.25058,Learning Explicit Continuous Motion Representation for Dynamic Gaussian Splatting from Monocular Videos,2026-arxiv,动态场景与 4D 重建,时空/动态角度,建模运动/形变/时间一致性,Motion decomposition / canonical space / deformation,本文方法,本文方法 针对「建模运动/形变/时间一致性」，从「时空/动态角度」切入，主要采用「Motion decomposition / canonical space / deformation」来服务「动态场景与 4D 重建」。,/Volumes/UBag/Documents/l40server_mirror/lyra/Lyra-2/paper_collection_3d4d_reconstruction_2026_04_26/boardmix_mindmap/method_figures/2603.25058_paper.png,/Volumes/UBag/Documents/l40server_mirror/lyra/Lyra-2/paper_collection_3d4d_reconstruction_2026_04_26/pdfs/2026_Learning_Explicit_Continuous_Motion_Representation_for_Dynamic_Gaussian_Splatting_from_Mon_2603.25058.pdf,https://github.com/hhhddddddd/se3bsplinegs,code_link_found_not_audited,"Codex:3D-Reconstruction, Codex:3D4D-Reconstruction, Codex:4D-Reconstruction"
2603.25415,Modernising Reinforcement Learning-Based Navigation for Embodied Semantic Scene Graph Generation,2026-arxiv,SLAM/机器人/自动驾驶世界模型,生成/世界模型角度,提升可控生成/世界演化预测,SLAM / pose graph / online mapping pipeline,Learning-Based,Learning-Based 针对「提升可控生成/世界演化预测」，从「生成/世界模型角度」切入，主要采用「SLAM / pose graph / online mapping pipeline」来服务「SLAM/机器人/自动驾驶世界模型」。,/Volumes/UBag/Documents/l40server_mirror/lyra/Lyra-2/paper_collection_3d4d_reconstruction_2026_04_26/boardmix_mindmap/method_figures/2603.25415_Learning-Based.png,/Volumes/UBag/Documents/l40server_mirror/lyra/Lyra-2/paper_collection_3d4d_reconstruction_2026_04_26/pdfs/2026_Modernising_Reinforcement_Learning_Based_Navigation_for_Embodied_Semantic_Scene_Graph_Gene_2603.25415.pdf,https://github.com/kueblero/Modernising-RL-Based-Navigation-for-ESSG,code_link_found_not_audited,"Codex:3D+4D-Evolution, Codex:3D4D-Reconstruction"
2603.25042,MoRGS: Efficient Per-Gaussian Motion Reasoning for Streamable Dynamic 3D Scenes,2026-arxiv,实时/大规模/高效 3D 表示,计算角度,建模运动/形变/时间一致性,SLAM / pose graph / online mapping pipeline,MoRGS,MoRGS 针对「建模运动/形变/时间一致性」，从「计算角度」切入，主要采用「SLAM / pose graph / online mapping pipeline」来服务「实时/大规模/高效 3D 表示」。,/Volumes/UBag/Documents/l40server_mirror/lyra/Lyra-2/paper_collection_3d4d_reconstruction_2026_04_26/boardmix_mindmap/method_figures/2603.25042_MoRGS.png,/Volumes/UBag/Documents/l40server_mirror/lyra/Lyra-2/paper_collection_3d4d_reconstruction_2026_04_26/pdfs/2026_MoRGS_Efficient_Per_Gaussian_Motion_Reasoning_for_Streamable_Dynamic_3D_Scenes_2603.25042.pdf,,no_code_link_found,"Codex:3D4D-Reconstruction, Codex:4D-Reconstruction"
2601.00393,NeoVerse: Enhancing 4D World Model with in-the-wild Monocular Videos,2026-arxiv,生成式 3D/4D 内容与仿真,生成/世界模型角度,提升可控生成/世界演化预测,SLAM / pose graph / online mapping pipeline,NeoVerse,NeoVerse 针对「提升可控生成/世界演化预测」，从「生成/世界模型角度」切入，主要采用「SLAM / pose graph / online mapping pipeline」来服务「生成式 3D/4D 内容与仿真」。,/Volumes/UBag/Documents/l40server_mirror/lyra/Lyra-2/paper_collection_3d4d_reconstruction_2026_04_26/boardmix_mindmap/method_figures/2601.00393_NeoVerse.png,/Volumes/UBag/Documents/l40server_mirror/lyra/Lyra-2/paper_collection_3d4d_reconstruction_2026_04_26/pdfs/2026_NeoVerse_Enhancing_4D_World_Model_with_in_the_wild_Monocular_Videos_2601.00393.pdf,https://github.com/IamCreateAI/NeoVerse,code_link_found_not_audited,"Codex:3D+4D-Evolution, Codex:3D4D-Reconstruction, Codex:4D-Reconstruction"
2603.25685,Persistent Robot World Models: Stabilizing Multi-Step Rollouts via Reinforcement Learning,2026-arxiv,SLAM/机器人/自动驾驶世界模型,训练/监督角度,提升可控生成/世界演化预测,Diffusion/生成先验/视频模型,Persistent Robot World Models,Persistent Robot World Models 针对「提升可控生成/世界演化预测」，从「训练/监督角度」切入，主要采用「Diffusion/生成先验/视频模型」来服务「SLAM/机器人/自动驾驶世界模型」。,/Volumes/UBag/Documents/l40server_mirror/lyra/Lyra-2/paper_collection_3d4d_reconstruction_2026_04_26/boardmix_mindmap/method_figures/2603.25685_Persistent_Robot_World_Models.png,/Volumes/UBag/Documents/l40server_mirror/lyra/Lyra-2/paper_collection_3d4d_reconstruction_2026_04_26/pdfs/2026_Persistent_Robot_World_Models_Stabilizing_Multi_Step_Rollouts_via_Reinforcement_Learning_2603.25685.pdf,https://github.com/KellerJordan/Muon,code_link_found_not_audited,"Codex:3D+4D-Evolution, Codex:3D4D-Reconstruction"
2603.25981,Policy-Guided World Model Planning for Language-Conditioned Visual Navigation,2026-arxiv,SLAM/机器人/自动驾驶世界模型,生成/世界模型角度,提升可控生成/世界演化预测,Gaussian Splatting 表示与正则化,Policy-Guided,Policy-Guided 针对「提升可控生成/世界演化预测」，从「生成/世界模型角度」切入，主要采用「Gaussian Splatting 表示与正则化」来服务「SLAM/机器人/自动驾驶世界模型」。,/Volumes/UBag/Documents/l40server_mirror/lyra/Lyra-2/paper_collection_3d4d_reconstruction_2026_04_26/boardmix_mindmap/method_figures/2603.25981_Policy-Guided.png,/Volumes/UBag/Documents/l40server_mirror/lyra/Lyra-2/paper_collection_3d4d_reconstruction_2026_04_26/pdfs/2026_Policy_Guided_World_Model_Planning_for_Language_Conditioned_Visual_Navigation_2603.25981.pdf,https://github.com/AmirhoseinCh/PiJEPA.git,code_link_found_not_audited,"Codex:3D+4D-Evolution, Codex:3D4D-Reconstruction"
2603.23324,Pose-Free Omnidirectional Gaussian Splatting for 360-Degree Videos with Consistent Depth Priors,2026-arxiv,稀疏/单目/少视角 3D 重建,表示/几何角度,解决稀疏视角几何不稳定,Gaussian Splatting 表示与正则化,Pose-Free,Pose-Free 针对「解决稀疏视角几何不稳定」，从「表示/几何角度」切入，主要采用「Gaussian Splatting 表示与正则化」来服务「稀疏/单目/少视角 3D 重建」。,/Volumes/UBag/Documents/l40server_mirror/lyra/Lyra-2/paper_collection_3d4d_reconstruction_2026_04_26/boardmix_mindmap/method_figures/2603.23324_Pose-Free.png,/Volumes/UBag/Documents/l40server_mirror/lyra/Lyra-2/paper_collection_3d4d_reconstruction_2026_04_26/pdfs/2026_Pose_Free_Omnidirectional_Gaussian_Splatting_for_360_Degree_Videos_with_Consistent_Depth_P_2603.23324.pdf,https://github.com/zcq15/PFGS360,code_link_found_not_audited,"Codex:3D-Reconstruction, Codex:3D4D-Reconstruction"
2603.22893,SLARM: Streaming and Language-Aligned Reconstruction Model for Dynamic Scenes,2026-arxiv,动态场景与 4D 重建,时空/动态角度,建模运动/形变/时间一致性,SLAM / pose graph / online mapping pipeline,SLARM,SLARM 针对「建模运动/形变/时间一致性」，从「时空/动态角度」切入，主要采用「SLAM / pose graph / online mapping pipeline」来服务「动态场景与 4D 重建」。,/Volumes/UBag/Documents/l40server_mirror/lyra/Lyra-2/paper_collection_3d4d_reconstruction_2026_04_26/boardmix_mindmap/method_figures/2603.22893_SLARM.png,/Volumes/UBag/Documents/l40server_mirror/lyra/Lyra-2/paper_collection_3d4d_reconstruction_2026_04_26/pdfs/2026_SLARM_Streaming_and_Language_Aligned_Reconstruction_Model_for_Dynamic_Scenes_2603.22893.pdf,https://github.com/kevinchiu19/SLARM,code_link_found_not_audited,"Codex:3D4D-Reconstruction, Codex:4D-Reconstruction"
2603.23637,Stochastic Ray Tracing for the Reconstruction of 3D Gaussian Splatting,2026-arxiv,动态场景与 4D 重建,表示/几何角度,提升可控生成/世界演化预测,Gaussian Splatting 表示与正则化,本文方法,本文方法 针对「提升可控生成/世界演化预测」，从「表示/几何角度」切入，主要采用「Gaussian Splatting 表示与正则化」来服务「动态场景与 4D 重建」。,/Volumes/UBag/Documents/l40server_mirror/lyra/Lyra-2/paper_collection_3d4d_reconstruction_2026_04_26/boardmix_mindmap/method_figures/2603.23637_paper.png,/Volumes/UBag/Documents/l40server_mirror/lyra/Lyra-2/paper_collection_3d4d_reconstruction_2026_04_26/pdfs/2026_Stochastic_Ray_Tracing_for_the_Reconstruction_of_3D_Gaussian_Splatting_2603.23637.pdf,,no_code_link_found,"Codex:3D-Reconstruction, Codex:3D4D-Reconstruction"
2603.26810,Unblur-SLAM: Dense Neural SLAM for Blurry Inputs,2026-arxiv,多视角几何/表面/场景重建,时空/动态角度,建模运动/形变/时间一致性,SLAM / pose graph / online mapping pipeline,Unblur-SLAM,Unblur-SLAM 针对「建模运动/形变/时间一致性」，从「时空/动态角度」切入，主要采用「SLAM / pose graph / online mapping pipeline」来服务「多视角几何/表面/场景重建」。,/Volumes/UBag/Documents/l40server_mirror/lyra/Lyra-2/paper_collection_3d4d_reconstruction_2026_04_26/boardmix_mindmap/method_figures/2603.26810_Unblur-SLAM.png,/Volumes/UBag/Documents/l40server_mirror/lyra/Lyra-2/paper_collection_3d4d_reconstruction_2026_04_26/pdfs/2026_Unblur_SLAM_Dense_Neural_SLAM_for_Blurry_Inputs_2603.26810.pdf,https://github.com/SlamMate/Unblur-SLAM.git,code_link_found_not_audited,"Codex:3D-Reconstruction, Codex:3D4D-Reconstruction"
2603.25265,ViewSplat: View-Adaptive Dynamic Gaussian Splatting for Feed-Forward Synthesis,2026-arxiv,实时/大规模/高效 3D 表示,计算角度,减少优化/采样/渲染步骤,Gaussian Splatting 表示与正则化,ViewSplat,ViewSplat 针对「减少优化/采样/渲染步骤」，从「计算角度」切入，主要采用「Gaussian Splatting 表示与正则化」来服务「实时/大规模/高效 3D 表示」。,/Volumes/UBag/Documents/l40server_mirror/lyra/Lyra-2/paper_collection_3d4d_reconstruction_2026_04_26/boardmix_mindmap/method_figures/2603.25265_ViewSplat.png,/Volumes/UBag/Documents/l40server_mirror/lyra/Lyra-2/paper_collection_3d4d_reconstruction_2026_04_26/pdfs/2026_ViewSplat_View_Adaptive_Dynamic_Gaussian_Splatting_for_Feed_Forward_Synthesis_2603.25265.pdf,https://github.com/cvlab-uos/ViewSplat,code_link_found_not_audited,"Codex:3D-Reconstruction, Codex:3D4D-Reconstruction, Codex:4D-Reconstruction"
2602.05321,Wid3R: Wide Field-of-View 3D Reconstruction via Camera Model Conditioning,2026-arxiv,多视角几何/表面/场景重建,表示/几何角度,提升几何一致性/表面质量,NeRF/辐射场/体渲染,Wid3R,Wid3R 针对「提升几何一致性/表面质量」，从「表示/几何角度」切入，主要采用「NeRF/辐射场/体渲染」来服务「多视角几何/表面/场景重建」。,/Volumes/UBag/Documents/l40server_mirror/lyra/Lyra-2/paper_collection_3d4d_reconstruction_2026_04_26/boardmix_mindmap/method_figures/2602.05321_Wid3R.png,/Volumes/UBag/Documents/l40server_mirror/lyra/Lyra-2/paper_collection_3d4d_reconstruction_2026_04_26/pdfs/2026_Wid3R_Wide_Field_of_View_3D_Reconstruction_via_Camera_Model_Conditioning_2602.05321.pdf,https://github.com/ZiYang-xie/WorldGen,code_link_found_not_audited,"Codex:3D-Reconstruction, Codex:3D4D-Reconstruction"
2603.23376,ABot-PhysWorld: Interactive World Foundation Model for Robotic Manipulation with Physics Alignment,2026-arxiv,SLAM/机器人/自动驾驶世界模型,生成/世界模型角度,提升可控生成/世界演化预测,Diffusion/生成先验/视频模型,ABot-PhysWorld,ABot-PhysWorld 针对「提升可控生成/世界演化预测」，从「生成/世界模型角度」切入，主要采用「Diffusion/生成先验/视频模型」来服务「SLAM/机器人/自动驾驶世界模型」。,/Volumes/UBag/Documents/l40server_mirror/lyra/Lyra-2/paper_collection_3d4d_reconstruction_2026_04_26/boardmix_mindmap/method_figures/2603.23376_ABot-PhysWorld.png,/Volumes/UBag/Documents/l40server_mirror/lyra/Lyra-2/paper_collection_3d4d_reconstruction_2026_04_26/pdfs/2026_ABot_PhysWorld_Interactive_World_Foundation_Model_for_Robotic_Manipulation_with_Physics_Al_2603.23376.pdf,https://github.com/amap-cvlab/ABot-PhysWorld,code_link_found_not_audited,"Codex:3D+4D-Evolution, Codex:3D4D-Reconstruction"
2603.26638,Drive-Through 3D Vehicle Exterior Reconstruction via Dynamic-Scene SfM and Distortion-Aware Gaussian Splatting,2026-arxiv,动态场景与 4D 重建,表示/几何角度,建模运动/形变/时间一致性,SLAM / pose graph / online mapping pipeline,Drive-Through,Drive-Through 针对「建模运动/形变/时间一致性」，从「表示/几何角度」切入，主要采用「SLAM / pose graph / online mapping pipeline」来服务「动态场景与 4D 重建」。,/Volumes/UBag/Documents/l40server_mirror/lyra/Lyra-2/paper_collection_3d4d_reconstruction_2026_04_26/boardmix_mindmap/method_figures/2603.26638_Drive-Through.png,/Volumes/UBag/Documents/l40server_mirror/lyra/Lyra-2/paper_collection_3d4d_reconstruction_2026_04_26/pdfs/2026_Drive_Through_3D_Vehicle_Exterior_Reconstruction_via_Dynamic_Scene_SfM_and_Distortion_Awar_2603.26638.pdf,,no_code_link_found,"Codex:3D-Reconstruction, Codex:3D4D-Reconstruction"
2603.21356,FluidGaussian: Propagating Simulation-Based Uncertainty Toward Functionally-Intelligent 3D Reconstruction,2026-arxiv,多视角几何/表面/场景重建,表示/几何角度,提升几何一致性/表面质量,SLAM / pose graph / online mapping pipeline,FluidGaussian,FluidGaussian 针对「提升几何一致性/表面质量」，从「表示/几何角度」切入，主要采用「SLAM / pose graph / online mapping pipeline」来服务「多视角几何/表面/场景重建」。,/Volumes/UBag/Documents/l40server_mirror/lyra/Lyra-2/paper_collection_3d4d_reconstruction_2026_04_26/boardmix_mindmap/method_figures/2603.21356_FluidGaussian.png,/Volumes/UBag/Documents/l40server_mirror/lyra/Lyra-2/paper_collection_3d4d_reconstruction_2026_04_26/pdfs/2026_FluidGaussian_Propagating_Simulation_Based_Uncertainty_Toward_Functionally_Intelligent_3D_2603.21356.pdf,https://github.com/delta-lab-ai/FluidGaussian,code_link_found_not_audited,"Codex:3D-Reconstruction, Codex:3D4D-Reconstruction"
2603.25053,GaussFusion: Improving 3D Reconstruction in the Wild with A Geometry-Informed Video Generator,2026-arxiv,多视角几何/表面/场景重建,表示/几何角度,提升几何一致性/表面质量,Gaussian Splatting 表示与正则化,GaussFusion,GaussFusion 针对「提升几何一致性/表面质量」，从「表示/几何角度」切入，主要采用「Gaussian Splatting 表示与正则化」来服务「多视角几何/表面/场景重建」。,/Volumes/UBag/Documents/l40server_mirror/lyra/Lyra-2/paper_collection_3d4d_reconstruction_2026_04_26/boardmix_mindmap/method_figures/2603.25053_GaussFusion.png,/Volumes/UBag/Documents/l40server_mirror/lyra/Lyra-2/paper_collection_3d4d_reconstruction_2026_04_26/pdfs/2026_GaussFusion_Improving_3D_Reconstruction_in_the_Wild_with_A_Geometry_Informed_Video_Generat_2603.25053.pdf,https://github.com/nerfies/nerfies.github.io,code_link_found_not_audited,"Codex:3D-Reconstruction, Codex:3D4D-Reconstruction"
2603.26661,GaussianGPT: Towards Autoregressive 3D Gaussian Scene Generation,2026-arxiv,生成式 3D/4D 内容与仿真,生成/世界模型角度,降低显存/存储/模型体积,Pruning / compression / progressive coding,GaussianGPT,GaussianGPT 针对「降低显存/存储/模型体积」，从「生成/世界模型角度」切入，主要采用「Pruning / compression / progressive coding」来服务「生成式 3D/4D 内容与仿真」。,/Volumes/UBag/Documents/l40server_mirror/lyra/Lyra-2/paper_collection_3d4d_reconstruction_2026_04_26/boardmix_mindmap/method_figures/2603.26661_GaussianGPT.png,/Volumes/UBag/Documents/l40server_mirror/lyra/Lyra-2/paper_collection_3d4d_reconstruction_2026_04_26/pdfs/2026_GaussianGPT_Towards_Autoregressive_3D_Gaussian_Scene_Generation_2603.26661.pdf,https://github.com/KellerJordan/Muon,code_link_found_not_audited,"Codex:3D-Reconstruction, Codex:3D4D-Reconstruction"
2603.27016,Generative Shape Reconstruction with Geometry-Guided Langevin Dynamics,2026-arxiv,生成式 3D/4D 内容与仿真,时空/动态角度,提升几何一致性/表面质量,Diffusion/生成先验/视频模型,Geometry-Guided,Geometry-Guided 针对「提升几何一致性/表面质量」，从「时空/动态角度」切入，主要采用「Diffusion/生成先验/视频模型」来服务「生成式 3D/4D 内容与仿真」。,/Volumes/UBag/Documents/l40server_mirror/lyra/Lyra-2/paper_collection_3d4d_reconstruction_2026_04_26/boardmix_mindmap/method_figures/2603.27016_Geometry-Guided.png,/Volumes/UBag/Documents/l40server_mirror/lyra/Lyra-2/paper_collection_3d4d_reconstruction_2026_04_26/pdfs/2026_Generative_Shape_Reconstruction_with_Geometry_Guided_Langevin_Dynamics_2603.27016.pdf,https://github.com/linusnie/gg-langevin,code_link_found_not_audited,"Codex:3D-Reconstruction, Codex:3D4D-Reconstruction"
2603.26023,GLU: Global-Local-Uncertainty Fusion for Scalable Spatiotemporal Reconstruction and Forecasting,2026-arxiv,动态场景与 4D 重建,时空/动态角度,建模运动/形变/时间一致性,SLAM / pose graph / online mapping pipeline,GLU,GLU 针对「建模运动/形变/时间一致性」，从「时空/动态角度」切入，主要采用「SLAM / pose graph / online mapping pipeline」来服务「动态场景与 4D 重建」。,/Volumes/UBag/Documents/l40server_mirror/lyra/Lyra-2/paper_collection_3d4d_reconstruction_2026_04_26/boardmix_mindmap/method_figures/2603.26023_GLU.png,/Volumes/UBag/Documents/l40server_mirror/lyra/Lyra-2/paper_collection_3d4d_reconstruction_2026_04_26/pdfs/2026_GLU_Global_Local_Uncertainty_Fusion_for_Scalable_Spatiotemporal_Reconstruction_and_Forecas_2603.26023.pdf,,no_code_link_found,"Codex:3D4D-Reconstruction, Codex:4D-Reconstruction"
2603.20176,LagerNVS: Latent Geometry for Fully Neural Real-time Novel View Synthesis,2026-arxiv,稀疏/单目/少视角 3D 重建,计算角度,提升泛化/跨场景/开放世界能力,Diffusion/生成先验/视频模型,LagerNVS,LagerNVS 针对「提升泛化/跨场景/开放世界能力」，从「计算角度」切入，主要采用「Diffusion/生成先验/视频模型」来服务「稀疏/单目/少视角 3D 重建」。,/Volumes/UBag/Documents/l40server_mirror/lyra/Lyra-2/paper_collection_3d4d_reconstruction_2026_04_26/boardmix_mindmap/method_figures/2603.20176_LagerNVS.png,/Volumes/UBag/Documents/l40server_mirror/lyra/Lyra-2/paper_collection_3d4d_reconstruction_2026_04_26/pdfs/2026_LagerNVS_Latent_Geometry_for_Fully_Neural_Real_time_Novel_View_Synthesis_2603.20176.pdf,https://github.com/facebookresearch/lagernvs,code_link_found_not_audited,"Codex:3D-Reconstruction, Codex:3D4D-Reconstruction"
2603.26067,R-PGA: Robust Physical Adversarial Camouflage Generation via Relightable 3D Gaussian Splatting,2026-arxiv,生成式 3D/4D 内容与仿真,系统/在线部署角度,建模运动/形变/时间一致性,SLAM / pose graph / online mapping pipeline,R-PGA,R-PGA 针对「建模运动/形变/时间一致性」，从「系统/在线部署角度」切入，主要采用「SLAM / pose graph / online mapping pipeline」来服务「生成式 3D/4D 内容与仿真」。,/Volumes/UBag/Documents/l40server_mirror/lyra/Lyra-2/paper_collection_3d4d_reconstruction_2026_04_26/boardmix_mindmap/method_figures/2603.26067_R-PGA.png,/Volumes/UBag/Documents/l40server_mirror/lyra/Lyra-2/paper_collection_3d4d_reconstruction_2026_04_26/pdfs/2026_R_PGA_Robust_Physical_Adversarial_Camouflage_Generation_via_Relightable_3D_Gaussian_Splatt_2603.26067.pdf,,code_link_found_not_audited,"Codex:3D-Reconstruction, Codex:3D4D-Reconstruction"
2603.24994,Relaxed Rigidity with Ray-based Grouping for Dynamic Gaussian Splatting,2026-arxiv,动态场景与 4D 重建,时空/动态角度,建模运动/形变/时间一致性,Motion decomposition / canonical space / deformation,本文方法,本文方法 针对「建模运动/形变/时间一致性」，从「时空/动态角度」切入，主要采用「Motion decomposition / canonical space / deformation」来服务「动态场景与 4D 重建」。,/Volumes/UBag/Documents/l40server_mirror/lyra/Lyra-2/paper_collection_3d4d_reconstruction_2026_04_26/boardmix_mindmap/method_figures/2603.24994_paper.png,/Volumes/UBag/Documents/l40server_mirror/lyra/Lyra-2/paper_collection_3d4d_reconstruction_2026_04_26/pdfs/2026_Relaxed_Rigidity_with_Ray_based_Grouping_for_Dynamic_Gaussian_Splatting_2603.24994.pdf,,no_code_link_found,"Codex:3D-Reconstruction, Codex:3D4D-Reconstruction, Codex:4D-Reconstruction"
2603.26837,SpatialAnt: Autonomous Zero-Shot Robot Navigation via Active Scene Reconstruction and Visual Anticipation,2026-arxiv,SLAM/机器人/自动驾驶世界模型,系统/在线部署角度,解决稀疏视角几何不稳定,SLAM / pose graph / online mapping pipeline,SpatialAnt,SpatialAnt 针对「解决稀疏视角几何不稳定」，从「系统/在线部署角度」切入，主要采用「SLAM / pose graph / online mapping pipeline」来服务「SLAM/机器人/自动驾驶世界模型」。,/Volumes/UBag/Documents/l40server_mirror/lyra/Lyra-2/paper_collection_3d4d_reconstruction_2026_04_26/boardmix_mindmap/method_figures/2603.26837_SpatialAnt.png,/Volumes/UBag/Documents/l40server_mirror/lyra/Lyra-2/paper_collection_3d4d_reconstruction_2026_04_26/pdfs/2026_SpatialAnt_Autonomous_Zero_Shot_Robot_Navigation_via_Active_Scene_Reconstruction_and_Visua_2603.26837.pdf,https://github.com/IMNearth/Spatial-X,code_link_found_not_audited,"Codex:3D-Reconstruction, Codex:3D4D-Reconstruction"
2603.26599,VGGRPO: Towards World-Consistent Video Generation with 4D Latent Reward,2026-arxiv,生成式 3D/4D 内容与仿真,训练/监督角度,建模运动/形变/时间一致性,Diffusion/生成先验/视频模型,VGGRPO,VGGRPO 针对「建模运动/形变/时间一致性」，从「训练/监督角度」切入，主要采用「Diffusion/生成先验/视频模型」来服务「生成式 3D/4D 内容与仿真」。,/Volumes/UBag/Documents/l40server_mirror/lyra/Lyra-2/paper_collection_3d4d_reconstruction_2026_04_26/boardmix_mindmap/method_figures/2603.26599_VGGRPO.png,/Volumes/UBag/Documents/l40server_mirror/lyra/Lyra-2/paper_collection_3d4d_reconstruction_2026_04_26/pdfs/2026_VGGRPO_Towards_World_Consistent_Video_Generation_with_4D_Latent_Reward_2603.26599.pdf,https://github.com/JD-P/simulacra-aesthetic-captions,code_link_found_not_audited,"Codex:3D4D-Reconstruction, Codex:4D-Reconstruction"
2603.16816,WildDepth: A Multimodal Dataset for 3D Wildlife Perception and Depth Estimation,2026-arxiv,多视角几何/表面/场景重建,时空/动态角度,建模运动/形变/时间一致性,Motion decomposition / canonical space / deformation,WildDepth,WildDepth 针对「建模运动/形变/时间一致性」，从「时空/动态角度」切入，主要采用「Motion decomposition / canonical space / deformation」来服务「多视角几何/表面/场景重建」。,/Volumes/UBag/Documents/l40server_mirror/lyra/Lyra-2/paper_collection_3d4d_reconstruction_2026_04_26/boardmix_mindmap/method_figures/2603.16816_WildDepth.png,/Volumes/UBag/Documents/l40server_mirror/lyra/Lyra-2/paper_collection_3d4d_reconstruction_2026_04_26/pdfs/2026_WildDepth_A_Multimodal_Dataset_for_3D_Wildlife_Perception_and_Depth_Estimation_2603.16816.pdf,,no_code_link_found,"Codex:3D-Reconstruction, Codex:3D4D-Reconstruction"
2603.17227,Adaptive Anchor Policies for Efficient 4D Gaussian Streaming,2026-arxiv,实时/大规模/高效 3D 表示,计算角度,减少优化/采样/渲染步骤,Gaussian Splatting 表示与正则化,本文方法,本文方法 针对「减少优化/采样/渲染步骤」，从「计算角度」切入，主要采用「Gaussian Splatting 表示与正则化」来服务「实时/大规模/高效 3D 表示」。,/Volumes/UBag/Documents/l40server_mirror/lyra/Lyra-2/paper_collection_3d4d_reconstruction_2026_04_26/boardmix_mindmap/method_figures/2603.17227_paper.png,/Volumes/UBag/Documents/l40server_mirror/lyra/Lyra-2/paper_collection_3d4d_reconstruction_2026_04_26/pdfs/2026_Adaptive_Anchor_Policies_for_Efficient_4D_Gaussian_Streaming_2603.17227.pdf,,no_code_link_found,"Codex:3D-Reconstruction, Codex:3D4D-Reconstruction, Codex:4D-Reconstruction"
2603.27300,Complet4R: Geometric Complete 4D Reconstruction,2026-arxiv,动态场景与 4D 重建,时空/动态角度,建模运动/形变/时间一致性,Motion decomposition / canonical space / deformation,Complet4R,Complet4R 针对「建模运动/形变/时间一致性」，从「时空/动态角度」切入，主要采用「Motion decomposition / canonical space / deformation」来服务「动态场景与 4D 重建」。,/Volumes/UBag/Documents/l40server_mirror/lyra/Lyra-2/paper_collection_3d4d_reconstruction_2026_04_26/boardmix_mindmap/method_figures/2603.27300_Complet4R.png,/Volumes/UBag/Documents/l40server_mirror/lyra/Lyra-2/paper_collection_3d4d_reconstruction_2026_04_26/pdfs/2026_Complet4R_Geometric_Complete_4D_Reconstruction_2603.27300.pdf,,no_code_link_found,"Codex:3D4D-Reconstruction, Codex:4D-Reconstruction"
2603.21332,EmoTaG: Emotion-Aware Talking Head Synthesis on Gaussian Splatting with Few-Shot Personalization,2026-arxiv,动态场景与 4D 重建,表示/几何角度,建模运动/形变/时间一致性,NeRF/辐射场/体渲染,EmoTaG,EmoTaG 针对「建模运动/形变/时间一致性」，从「表示/几何角度」切入，主要采用「NeRF/辐射场/体渲染」来服务「动态场景与 4D 重建」。,/Volumes/UBag/Documents/l40server_mirror/lyra/Lyra-2/paper_collection_3d4d_reconstruction_2026_04_26/boardmix_mindmap/method_figures/2603.21332_EmoTaG.png,/Volumes/UBag/Documents/l40server_mirror/lyra/Lyra-2/paper_collection_3d4d_reconstruction_2026_04_26/pdfs/2026_EmoTaG_Emotion_Aware_Talking_Head_Synthesis_on_Gaussian_Splatting_with_Few_Shot_Personaliz_2603.21332.pdf,https://github.com/jamesdemon923/EmoTaG,code_link_found_not_audited,"Codex:3D-Reconstruction, Codex:3D4D-Reconstruction"
2603.27449,LOME: Learning Human-Object Manipulation with Action-Conditioned Egocentric World Model,2026-arxiv,人体/头像/可动画资产,时空/动态角度,提升可控生成/世界演化预测,Motion decomposition / canonical space / deformation,LOME,LOME 针对「提升可控生成/世界演化预测」，从「时空/动态角度」切入，主要采用「Motion decomposition / canonical space / deformation」来服务「人体/头像/可动画资产」。,/Volumes/UBag/Documents/l40server_mirror/lyra/Lyra-2/paper_collection_3d4d_reconstruction_2026_04_26/boardmix_mindmap/method_figures/2603.27449_LOME.png,/Volumes/UBag/Documents/l40server_mirror/lyra/Lyra-2/paper_collection_3d4d_reconstruction_2026_04_26/pdfs/2026_LOME_Learning_Human_Object_Manipulation_with_Action_Conditioned_Egocentric_World_Model_2603.27449.pdf,,code_link_found_not_audited,"Codex:3D+4D-Evolution, Codex:3D4D-Reconstruction"
2602.08961,MotionCrafter: Dense Geometry and Motion Reconstruction with a 4D VAE,2026-arxiv,动态场景与 4D 重建,训练/监督角度,建模运动/形变/时间一致性,Motion decomposition / canonical space / deformation,MotionCrafter,MotionCrafter 针对「建模运动/形变/时间一致性」，从「训练/监督角度」切入，主要采用「Motion decomposition / canonical space / deformation」来服务「动态场景与 4D 重建」。,/Volumes/UBag/Documents/l40server_mirror/lyra/Lyra-2/paper_collection_3d4d_reconstruction_2026_04_26/boardmix_mindmap/method_figures/2602.08961_MotionCrafter.png,/Volumes/UBag/Documents/l40server_mirror/lyra/Lyra-2/paper_collection_3d4d_reconstruction_2026_04_26/pdfs/2026_MotionCrafter_Dense_Geometry_and_Motion_Reconstruction_with_a_4D_VAE_2602.08961.pdf,https://github.com/TencentARC/MotionCrafter,code_link_found_not_audited,"Codex:3D4D-Reconstruction, Codex:4D-Reconstruction"
2603.27228,NimbusGS: Unified 3D Scene Reconstruction under Hybrid Weather,2026-arxiv,动态场景与 4D 重建,训练/监督角度,建模运动/形变/时间一致性,SLAM / pose graph / online mapping pipeline,NimbusGS,NimbusGS 针对「建模运动/形变/时间一致性」，从「训练/监督角度」切入，主要采用「SLAM / pose graph / online mapping pipeline」来服务「动态场景与 4D 重建」。,/Volumes/UBag/Documents/l40server_mirror/lyra/Lyra-2/paper_collection_3d4d_reconstruction_2026_04_26/boardmix_mindmap/method_figures/2603.27228_NimbusGS.png,/Volumes/UBag/Documents/l40server_mirror/lyra/Lyra-2/paper_collection_3d4d_reconstruction_2026_04_26/pdfs/2026_NimbusGS_Unified_3D_Scene_Reconstruction_under_Hybrid_Weather_2603.27228.pdf,https://github.com/lyy-ovo/NimbusGS,code_link_found_not_audited,"Codex:3D-Reconstruction, Codex:3D4D-Reconstruction"
2603.25716,Out of Sight but Not Out of Mind: Hybrid Memory for Dynamic Video World Models,2026-arxiv,动态场景与 4D 重建,时空/动态角度,建模运动/形变/时间一致性,Motion decomposition / canonical space / deformation,Out of Sight but Not Out of Mind,Out of Sight but Not Out of Mind 针对「建模运动/形变/时间一致性」，从「时空/动态角度」切入，主要采用「Motion decomposition / canonical space / deformation」来服务「动态场景与 4D 重建」。,/Volumes/UBag/Documents/l40server_mirror/lyra/Lyra-2/paper_collection_3d4d_reconstruction_2026_04_26/boardmix_mindmap/method_figures/2603.25716_Out_of_Sight_but_Not_Out_of_Mind.png,/Volumes/UBag/Documents/l40server_mirror/lyra/Lyra-2/paper_collection_3d4d_reconstruction_2026_04_26/pdfs/2026_Out_of_Sight_but_Not_Out_of_Mind_Hybrid_Memory_for_Dynamic_Video_World_Models_2603.25716.pdf,https://github.com/H-EmbodVis/HyDRA,code_link_found_not_audited,"Codex:3D+4D-Evolution, Codex:3D4D-Reconstruction"
2603.27455,From None to All: Self-Supervised 3D Reconstruction via Novel View Synthesis,2026-arxiv,稀疏/单目/少视角 3D 重建,训练/监督角度,提升几何一致性/表面质量,Feed-forward / Transformer / Foundation Model,From None to All,From None to All 针对「提升几何一致性/表面质量」，从「训练/监督角度」切入，主要采用「Feed-forward / Transformer / Foundation Model」来服务「稀疏/单目/少视角 3D 重建」。,/Volumes/UBag/Documents/l40server_mirror/lyra/Lyra-2/paper_collection_3d4d_reconstruction_2026_04_26/boardmix_mindmap/method_figures/2603.27455_From_None_to_All.png,/Volumes/UBag/Documents/l40server_mirror/lyra/Lyra-2/paper_collection_3d4d_reconstruction_2026_04_26/pdfs/2026_From_None_to_All_Self_Supervised_3D_Reconstruction_via_Novel_View_Synthesis_2603.27455.pdf,https://github.com/ranrhuang/NAS3R,code_link_found_not_audited,"Codex:3D-Reconstruction, Codex:3D4D-Reconstruction"
2603.27797,Which Reconstruction Model Should a Robot Use? Routing Image-to-3D Models for Cost-Aware Robotic Manipulation,2026-arxiv,SLAM/机器人/自动驾驶世界模型,表示/几何角度,提升几何一致性/表面质量,SLAM / pose graph / online mapping pipeline,to-3D,to-3D 针对「提升几何一致性/表面质量」，从「表示/几何角度」切入，主要采用「SLAM / pose graph / online mapping pipeline」来服务「SLAM/机器人/自动驾驶世界模型」。,/Volumes/UBag/Documents/l40server_mirror/lyra/Lyra-2/paper_collection_3d4d_reconstruction_2026_04_26/boardmix_mindmap/method_figures/2603.27797_to-3D.png,/Volumes/UBag/Documents/l40server_mirror/lyra/Lyra-2/paper_collection_3d4d_reconstruction_2026_04_26/pdfs/2026_Which_Reconstruction_Model_Should_a_Robot_Use_Routing_Image_to_3D_Models_for_Cost_Aware_Ro_2603.27797.pdf,https://github.com/scout-model-routing/scout,code_link_found_not_audited,"Codex:3D-Reconstruction, Codex:3D4D-Reconstruction"
2603.28064,\textit{4DSurf}: High-Fidelity Dynamic Scene Surface Reconstruction,2026-arxiv,动态场景与 4D 重建,时空/动态角度,建模运动/形变/时间一致性,Motion decomposition / canonical space / deformation,\textit{4DSurf},\textit{4DSurf} 针对「建模运动/形变/时间一致性」，从「时空/动态角度」切入，主要采用「Motion decomposition / canonical space / deformation」来服务「动态场景与 4D 重建」。,/Volumes/UBag/Documents/l40server_mirror/lyra/Lyra-2/paper_collection_3d4d_reconstruction_2026_04_26/boardmix_mindmap/method_figures/2603.28064_textit_4DSurf.png,/Volumes/UBag/Documents/l40server_mirror/lyra/Lyra-2/paper_collection_3d4d_reconstruction_2026_04_26/pdfs/2026_textit_4DSurf_High_Fidelity_Dynamic_Scene_Surface_Reconstruction_2603.28064.pdf,,code_link_found_not_audited,"Codex:3D-Reconstruction, Codex:3D4D-Reconstruction"
2603.28963,AutoWorld: Scaling Multi-Agent Traffic Simulation with Self-Supervised World Models,2026-arxiv,动态场景与 4D 重建,时空/动态角度,提升可控生成/世界演化预测,SLAM / pose graph / online mapping pipeline,AutoWorld,AutoWorld 针对「提升可控生成/世界演化预测」，从「时空/动态角度」切入，主要采用「SLAM / pose graph / online mapping pipeline」来服务「动态场景与 4D 重建」。,/Volumes/UBag/Documents/l40server_mirror/lyra/Lyra-2/paper_collection_3d4d_reconstruction_2026_04_26/boardmix_mindmap/method_figures/2603.28963_AutoWorld.png,/Volumes/UBag/Documents/l40server_mirror/lyra/Lyra-2/paper_collection_3d4d_reconstruction_2026_04_26/pdfs/2026_AutoWorld_Scaling_Multi_Agent_Traffic_Simulation_with_Self_Supervised_World_Models_2603.28963.pdf,,no_code_link_found,"Codex:3D+4D-Evolution, Codex:3D4D-Reconstruction"
2602.23574,Evidential Neural Radiance Fields,2026-arxiv,稀疏/单目/少视角 3D 重建,表示/几何角度,降低显存/存储/模型体积,NeRF/辐射场/体渲染,Evidential Neural Radiance Fields,Evidential Neural Radiance Fields 针对「降低显存/存储/模型体积」，从「表示/几何角度」切入，主要采用「NeRF/辐射场/体渲染」来服务「稀疏/单目/少视角 3D 重建」。,/Volumes/UBag/Documents/l40server_mirror/lyra/Lyra-2/paper_collection_3d4d_reconstruction_2026_04_26/boardmix_mindmap/method_figures/2602.23574_Evidential_Neural_Radiance_Fields.png,/Volumes/UBag/Documents/l40server_mirror/lyra/Lyra-2/paper_collection_3d4d_reconstruction_2026_04_26/pdfs/2026_Evidential_Neural_Radiance_Fields_2602.23574.pdf,https://github.com/KerryDRX/EvidentialNeRF,code_link_found_not_audited,"Codex:3D-Reconstruction, Codex:3D4D-Reconstruction"
2603.25008,Few TensoRF: Enhance the Few-shot on Tensorial Radiance Fields,2026-arxiv,实时/大规模/高效 3D 表示,计算角度,减少优化/采样/渲染步骤,NeRF/辐射场/体渲染,Few TensoRF,Few TensoRF 针对「减少优化/采样/渲染步骤」，从「计算角度」切入，主要采用「NeRF/辐射场/体渲染」来服务「实时/大规模/高效 3D 表示」。,/Volumes/UBag/Documents/l40server_mirror/lyra/Lyra-2/paper_collection_3d4d_reconstruction_2026_04_26/boardmix_mindmap/method_figures/2603.25008_Few_TensoRF.png,/Volumes/UBag/Documents/l40server_mirror/lyra/Lyra-2/paper_collection_3d4d_reconstruction_2026_04_26/pdfs/2026_Few_TensoRF_Enhance_the_Few_shot_on_Tensorial_Radiance_Fields_2603.25008.pdf,https://github.com/ytrock/THuman2.0-Dataset,code_link_found_not_audited,"Codex:3D-Reconstruction, Codex:3D4D-Reconstruction"
2603.28896,Fisheye3R: Adapting Unified 3D Feed-Forward Foundation Models to Fisheye Lenses,2026-arxiv,多视角几何/表面/场景重建,训练/监督角度,解决稀疏视角几何不稳定,Feed-forward / Transformer / Foundation Model,Fisheye3R,Fisheye3R 针对「解决稀疏视角几何不稳定」，从「训练/监督角度」切入，主要采用「Feed-forward / Transformer / Foundation Model」来服务「多视角几何/表面/场景重建」。,/Volumes/UBag/Documents/l40server_mirror/lyra/Lyra-2/paper_collection_3d4d_reconstruction_2026_04_26/boardmix_mindmap/method_figures/2603.28896_Fisheye3R.png,/Volumes/UBag/Documents/l40server_mirror/lyra/Lyra-2/paper_collection_3d4d_reconstruction_2026_04_26/pdfs/2026_Fisheye3R_Adapting_Unified_3D_Feed_Forward_Foundation_Models_to_Fisheye_Lenses_2603.28896.pdf,,no_code_link_found,"Codex:3D-Reconstruction, Codex:3D4D-Reconstruction"
2603.28887,OccSim: Multi-kilometer Simulation with Long-horizon Occupancy World Models,2026-arxiv,SLAM/机器人/自动驾驶世界模型,生成/世界模型角度,提升可控生成/世界演化预测,Diffusion/生成先验/视频模型,OccSim,OccSim 针对「提升可控生成/世界演化预测」，从「生成/世界模型角度」切入，主要采用「Diffusion/生成先验/视频模型」来服务「SLAM/机器人/自动驾驶世界模型」。,/Volumes/UBag/Documents/l40server_mirror/lyra/Lyra-2/paper_collection_3d4d_reconstruction_2026_04_26/boardmix_mindmap/method_figures/2603.28887_OccSim.png,/Volumes/UBag/Documents/l40server_mirror/lyra/Lyra-2/paper_collection_3d4d_reconstruction_2026_04_26/pdfs/2026_OccSim_Multi_kilometer_Simulation_with_Long_horizon_Occupancy_World_Models_2603.28887.pdf,https://github.com/Orbis36/OccSim,code_link_found_not_audited,"Codex:3D+4D-Evolution, Codex:3D4D-Reconstruction"
2603.28020,Physically Inspired Gaussian Splatting for HDR Novel View Synthesis,2026-arxiv,动态场景与 4D 重建,表示/几何角度,提升几何一致性/表面质量,Gaussian Splatting 表示与正则化,HDR,HDR 针对「提升几何一致性/表面质量」，从「表示/几何角度」切入，主要采用「Gaussian Splatting 表示与正则化」来服务「动态场景与 4D 重建」。,/Volumes/UBag/Documents/l40server_mirror/lyra/Lyra-2/paper_collection_3d4d_reconstruction_2026_04_26/boardmix_mindmap/method_figures/2603.28020_HDR.png,/Volumes/UBag/Documents/l40server_mirror/lyra/Lyra-2/paper_collection_3d4d_reconstruction_2026_04_26/pdfs/2026_Physically_Inspired_Gaussian_Splatting_for_HDR_Novel_View_Synthesis_2603.28020.pdf,https://github.com/ZeldaM1/PhysHDR-GS,code_link_found_not_audited,"Codex:3D-Reconstruction, Codex:3D4D-Reconstruction"
2603.28090,To View Transform or Not to View Transform: NeRF-based Pre-training Perspective,2026-arxiv,SLAM/机器人/自动驾驶世界模型,训练/监督角度,提升几何一致性/表面质量,NeRF/辐射场/体渲染,To View Transform or Not to View Transform,To View Transform or Not to View Transform 针对「提升几何一致性/表面质量」，从「训练/监督角度」切入，主要采用「NeRF/辐射场/体渲染」来服务「SLAM/机器人/自动驾驶世界模型」。,/Volumes/UBag/Documents/l40server_mirror/lyra/Lyra-2/paper_collection_3d4d_reconstruction_2026_04_26/boardmix_mindmap/method_figures/2603.28090_To_View_Transform_or_Not_to_View_Transform.png,/Volumes/UBag/Documents/l40server_mirror/lyra/Lyra-2/paper_collection_3d4d_reconstruction_2026_04_26/pdfs/2026_To_View_Transform_or_Not_to_View_Transform_NeRF_based_Pre_training_Perspective_2603.28090.pdf,https://github.com/open-mmlab/mmdetection3d,code_link_found_not_audited,"Codex:3D-Reconstruction, Codex:3D4D-Reconstruction"
2603.29022,UltraG-Ray: Physics-Based Gaussian Ray Casting for Novel Ultrasound View Synthesis,2026-arxiv,生成式 3D/4D 内容与仿真,训练/监督角度,建模运动/形变/时间一致性,Gaussian Splatting 表示与正则化,UltraG-Ray,UltraG-Ray 针对「建模运动/形变/时间一致性」，从「训练/监督角度」切入，主要采用「Gaussian Splatting 表示与正则化」来服务「生成式 3D/4D 内容与仿真」。,/Volumes/UBag/Documents/l40server_mirror/lyra/Lyra-2/paper_collection_3d4d_reconstruction_2026_04_26/boardmix_mindmap/method_figures/2603.29022_UltraG-Ray.png,/Volumes/UBag/Documents/l40server_mirror/lyra/Lyra-2/paper_collection_3d4d_reconstruction_2026_04_26/pdfs/2026_UltraG_Ray_Physics_Based_Gaussian_Ray_Casting_for_Novel_Ultrasound_View_Synthesis_2603.29022.pdf,,no_code_link_found,"Codex:3D-Reconstruction, Codex:3D4D-Reconstruction"
2601.05138,VerseCrafter: Dynamic Realistic Video World Model with 4D Geometric Control,2026-arxiv,生成式 3D/4D 内容与仿真,时空/动态角度,提升可控生成/世界演化预测,Diffusion/生成先验/视频模型,VerseCrafter,VerseCrafter 针对「提升可控生成/世界演化预测」，从「时空/动态角度」切入，主要采用「Diffusion/生成先验/视频模型」来服务「生成式 3D/4D 内容与仿真」。,/Volumes/UBag/Documents/l40server_mirror/lyra/Lyra-2/paper_collection_3d4d_reconstruction_2026_04_26/boardmix_mindmap/method_figures/2601.05138_VerseCrafter.png,/Volumes/UBag/Documents/l40server_mirror/lyra/Lyra-2/paper_collection_3d4d_reconstruction_2026_04_26/pdfs/2026_VerseCrafter_Dynamic_Realistic_Video_World_Model_with_4D_Geometric_Control_2601.05138.pdf,https://github.com/TencentARC/VerseCrafter,code_link_found_not_audited,"Codex:3D+4D-Evolution, Codex:3D4D-Reconstruction"
2603.28489,"Video Generation Models as World Models: Efficient Paradigms, Architectures and Algorithms",2026-arxiv,生成式 3D/4D 内容与仿真,时空/动态角度,提升可控生成/世界演化预测,Diffusion/生成先验/视频模型,Video Generation Models as World Models,Video Generation Models as World Models 针对「提升可控生成/世界演化预测」，从「时空/动态角度」切入，主要采用「Diffusion/生成先验/视频模型」来服务「生成式 3D/4D 内容与仿真」。,/Volumes/UBag/Documents/l40server_mirror/lyra/Lyra-2/paper_collection_3d4d_reconstruction_2026_04_26/boardmix_mindmap/method_figures/2603.28489_Video_Generation_Models_as_World_Models.png,/Volumes/UBag/Documents/l40server_mirror/lyra/Lyra-2/paper_collection_3d4d_reconstruction_2026_04_26/pdfs/2026_Video_Generation_Models_as_World_Models_Efficient_Paradigms_Architectures_and_Algorithms_2603.28489.pdf,,no_code_link_found,"Codex:3D+4D-Evolution, Codex:3D4D-Reconstruction"
2603.29394,AA-Splat: Anti-Aliased Feed-forward Gaussian Splatting,2026-arxiv,稀疏/单目/少视角 3D 重建,表示/几何角度,解决稀疏视角几何不稳定,Gaussian Splatting 表示与正则化,AA-Splat,AA-Splat 针对「解决稀疏视角几何不稳定」，从「表示/几何角度」切入，主要采用「Gaussian Splatting 表示与正则化」来服务「稀疏/单目/少视角 3D 重建」。,/Volumes/UBag/Documents/l40server_mirror/lyra/Lyra-2/paper_collection_3d4d_reconstruction_2026_04_26/boardmix_mindmap/method_figures/2603.29394_AA-Splat.png,/Volumes/UBag/Documents/l40server_mirror/lyra/Lyra-2/paper_collection_3d4d_reconstruction_2026_04_26/pdfs/2026_AA_Splat_Anti_Aliased_Feed_forward_Gaussian_Splatting_2603.29394.pdf,,no_code_link_found,"Codex:3D-Reconstruction, Codex:3D4D-Reconstruction"
2603.29734,GRVS: a Generalizable and Recurrent Approach to Monocular Dynamic View Synthesis,2026-arxiv,动态场景与 4D 重建,时空/动态角度,建模运动/形变/时间一致性,SLAM / pose graph / online mapping pipeline,GRVS,GRVS 针对「建模运动/形变/时间一致性」，从「时空/动态角度」切入，主要采用「SLAM / pose graph / online mapping pipeline」来服务「动态场景与 4D 重建」。,/Volumes/UBag/Documents/l40server_mirror/lyra/Lyra-2/paper_collection_3d4d_reconstruction_2026_04_26/boardmix_mindmap/method_figures/2603.29734_GRVS.png,/Volumes/UBag/Documents/l40server_mirror/lyra/Lyra-2/paper_collection_3d4d_reconstruction_2026_04_26/pdfs/2026_GRVS_a_Generalizable_and_Recurrent_Approach_to_Monocular_Dynamic_View_Synthesis_2603.29734.pdf,,no_code_link_found,"Codex:3D-Reconstruction, Codex:3D4D-Reconstruction, Codex:4D-Reconstruction"
2603.29185,Hierarchical Visual Relocalization with Nearest View Synthesis from Feature Gaussian Splatting,2026-arxiv,实时/大规模/高效 3D 表示,表示/几何角度,解决稀疏视角几何不稳定,Gaussian Splatting 表示与正则化,本文方法,本文方法 针对「解决稀疏视角几何不稳定」，从「表示/几何角度」切入，主要采用「Gaussian Splatting 表示与正则化」来服务「实时/大规模/高效 3D 表示」。,/Volumes/UBag/Documents/l40server_mirror/lyra/Lyra-2/paper_collection_3d4d_reconstruction_2026_04_26/boardmix_mindmap/method_figures/2603.29185_paper.png,/Volumes/UBag/Documents/l40server_mirror/lyra/Lyra-2/paper_collection_3d4d_reconstruction_2026_04_26/pdfs/2026_Hierarchical_Visual_Relocalization_with_Nearest_View_Synthesis_from_Feature_Gaussian_Splat_2603.29185.pdf,https://github.com/HqiTao/SplatHLoc,code_link_found_not_audited,"Codex:3D-Reconstruction, Codex:3D4D-Reconstruction"
2603.29209,LightHarmony3D: Harmonizing Illumination and Shadows for Object Insertion in 3D Gaussian Splatting,2026-arxiv,生成式 3D/4D 内容与仿真,表示/几何角度,提升几何一致性/表面质量,Gaussian Splatting 表示与正则化,LightHarmony3D,LightHarmony3D 针对「提升几何一致性/表面质量」，从「表示/几何角度」切入，主要采用「Gaussian Splatting 表示与正则化」来服务「生成式 3D/4D 内容与仿真」。,/Volumes/UBag/Documents/l40server_mirror/lyra/Lyra-2/paper_collection_3d4d_reconstruction_2026_04_26/boardmix_mindmap/method_figures/2603.29209_LightHarmony3D.png,/Volumes/UBag/Documents/l40server_mirror/lyra/Lyra-2/paper_collection_3d4d_reconstruction_2026_04_26/pdfs/2026_LightHarmony3D_Harmonizing_Illumination_and_Shadows_for_Object_Insertion_in_3D_Gaussian_Sp_2603.29209.pdf,,no_code_link_found,"Codex:3D-Reconstruction, Codex:3D4D-Reconstruction"
2603.29296,"MotionScale: Reconstructing Appearance, Geometry, and Motion of Dynamic Scenes with Scalable 4D Gaussian Splatting",2026-arxiv,动态场景与 4D 重建,时空/动态角度,建模运动/形变/时间一致性,Motion decomposition / canonical space / deformation,MotionScale,MotionScale 针对「建模运动/形变/时间一致性」，从「时空/动态角度」切入，主要采用「Motion decomposition / canonical space / deformation」来服务「动态场景与 4D 重建」。,/Volumes/UBag/Documents/l40server_mirror/lyra/Lyra-2/paper_collection_3d4d_reconstruction_2026_04_26/boardmix_mindmap/method_figures/2603.29296_MotionScale.png,/Volumes/UBag/Documents/l40server_mirror/lyra/Lyra-2/paper_collection_3d4d_reconstruction_2026_04_26/pdfs/2026_MotionScale_Reconstructing_Appearance_Geometry_and_Motion_of_Dynamic_Scenes_with_Scalable_2603.29296.pdf,https://github.com/hrzhou2/motion-scale,code_link_found_not_audited,"Codex:3D-Reconstruction, Codex:3D4D-Reconstruction, Codex:4D-Reconstruction"
2602.18887,SafeDrive: Fine-Grained Safety Reasoning for End-to-End Driving in a Sparse World,2026-arxiv,动态场景与 4D 重建,时空/动态角度,提升可控生成/世界演化预测,SLAM / pose graph / online mapping pipeline,SafeDrive,SafeDrive 针对「提升可控生成/世界演化预测」，从「时空/动态角度」切入，主要采用「SLAM / pose graph / online mapping pipeline」来服务「动态场景与 4D 重建」。,/Volumes/UBag/Documents/l40server_mirror/lyra/Lyra-2/paper_collection_3d4d_reconstruction_2026_04_26/boardmix_mindmap/method_figures/2602.18887_SafeDrive.png,/Volumes/UBag/Documents/l40server_mirror/lyra/Lyra-2/paper_collection_3d4d_reconstruction_2026_04_26/pdfs/2026_SafeDrive_Fine_Grained_Safety_Reasoning_for_End_to_End_Driving_in_a_Sparse_World_2602.18887.pdf,https://github.com/SPA-junghokim/SafeDrive,code_link_found_not_audited,"Codex:3D+4D-Evolution, Codex:3D4D-Reconstruction"
2603.27084,SceneExpander: Expanding 3D Scenes with Free-Form Inserted Views,2026-arxiv,生成式 3D/4D 内容与仿真,训练/监督角度,提升几何一致性/表面质量,SLAM / pose graph / online mapping pipeline,SceneExpander,SceneExpander 针对「提升几何一致性/表面质量」，从「训练/监督角度」切入，主要采用「SLAM / pose graph / online mapping pipeline」来服务「生成式 3D/4D 内容与仿真」。,/Volumes/UBag/Documents/l40server_mirror/lyra/Lyra-2/paper_collection_3d4d_reconstruction_2026_04_26/boardmix_mindmap/method_figures/2603.27084_SceneExpander.png,/Volumes/UBag/Documents/l40server_mirror/lyra/Lyra-2/paper_collection_3d4d_reconstruction_2026_04_26/pdfs/2026_SceneExpander_Expanding_3D_Scenes_with_Free_Form_Inserted_Views_2603.27084.pdf,https://github.com/cvachha/instruct-gs2gs,code_link_found_not_audited,"Codex:3D-Reconstruction, Codex:3D4D-Reconstruction"
2603.27516,SGS-Intrinsic: Semantic-Invariant Gaussian Splatting for Sparse-View Indoor Inverse Rendering,2026-arxiv,稀疏/单目/少视角 3D 重建,训练/监督角度,解决稀疏视角几何不稳定,Gaussian Splatting 表示与正则化,SGS-Intrinsic,SGS-Intrinsic 针对「解决稀疏视角几何不稳定」，从「训练/监督角度」切入，主要采用「Gaussian Splatting 表示与正则化」来服务「稀疏/单目/少视角 3D 重建」。,/Volumes/UBag/Documents/l40server_mirror/lyra/Lyra-2/paper_collection_3d4d_reconstruction_2026_04_26/boardmix_mindmap/method_figures/2603.27516_SGS-Intrinsic.png,/Volumes/UBag/Documents/l40server_mirror/lyra/Lyra-2/paper_collection_3d4d_reconstruction_2026_04_26/pdfs/2026_SGS_Intrinsic_Semantic_Invariant_Gaussian_Splatting_for_Sparse_View_Indoor_Inverse_Renderi_2603.27516.pdf,https://github.com/GrumpySloths/SGS_Intrinsic.github.io,code_link_found_not_audited,"Codex:3D-Reconstruction, Codex:3D4D-Reconstruction"
2603.29089,WorldFlow3D: Flowing Through 3D Distributions for Unbounded World Generation,2026-arxiv,SLAM/机器人/自动驾驶世界模型,训练/监督角度,提升泛化/跨场景/开放世界能力,Feed-forward / Transformer / Foundation Model,WorldFlow3D,WorldFlow3D 针对「提升泛化/跨场景/开放世界能力」，从「训练/监督角度」切入，主要采用「Feed-forward / Transformer / Foundation Model」来服务「SLAM/机器人/自动驾驶世界模型」。,/Volumes/UBag/Documents/l40server_mirror/lyra/Lyra-2/paper_collection_3d4d_reconstruction_2026_04_26/boardmix_mindmap/method_figures/2603.29089_WorldFlow3D.png,/Volumes/UBag/Documents/l40server_mirror/lyra/Lyra-2/paper_collection_3d4d_reconstruction_2026_04_26/pdfs/2026_WorldFlow3D_Flowing_Through_3D_Distributions_for_Unbounded_World_Generation_2603.29089.pdf,,no_code_link_found,"Codex:3D+4D-Evolution, Codex:3D4D-Reconstruction"
2603.19979,X-World: Controllable Ego-Centric Multi-Camera World Models for Scalable End-to-End Driving,2026-arxiv,生成式 3D/4D 内容与仿真,生成/世界模型角度,提升可控生成/世界演化预测,Diffusion/生成先验/视频模型,X-World,X-World 针对「提升可控生成/世界演化预测」，从「生成/世界模型角度」切入，主要采用「Diffusion/生成先验/视频模型」来服务「生成式 3D/4D 内容与仿真」。,/Volumes/UBag/Documents/l40server_mirror/lyra/Lyra-2/paper_collection_3d4d_reconstruction_2026_04_26/boardmix_mindmap/method_figures/2603.19979_X-World.png,/Volumes/UBag/Documents/l40server_mirror/lyra/Lyra-2/paper_collection_3d4d_reconstruction_2026_04_26/pdfs/2026_X_World_Controllable_Ego_Centric_Multi_Camera_World_Models_for_Scalable_End_to_End_Driving_2603.19979.pdf,,code_link_found_not_audited,"Codex:3D+4D-Evolution, Codex:3D4D-Reconstruction"
2601.16148,ActionMesh: Animated 3D Mesh Generation with Temporal 3D Diffusion,2026-arxiv,生成式 3D/4D 内容与仿真,时空/动态角度,建模运动/形变/时间一致性,Motion decomposition / canonical space / deformation,ActionMesh,ActionMesh 针对「建模运动/形变/时间一致性」，从「时空/动态角度」切入，主要采用「Motion decomposition / canonical space / deformation」来服务「生成式 3D/4D 内容与仿真」。,/Volumes/UBag/Documents/l40server_mirror/lyra/Lyra-2/paper_collection_3d4d_reconstruction_2026_04_26/boardmix_mindmap/method_figures/2601.16148_ActionMesh.png,/Volumes/UBag/Documents/l40server_mirror/lyra/Lyra-2/paper_collection_3d4d_reconstruction_2026_04_26/pdfs/2026_ActionMesh_Animated_3D_Mesh_Generation_with_Temporal_3D_Diffusion_2601.16148.pdf,https://github.com/facebookresearch/actionmesh,code_link_found_not_audited,"Codex:3D4D-Reconstruction, Codex:4D-Reconstruction"
2604.00494,ARGS: Auto-Regressive Gaussian Splatting via Parallel Progressive Next-Scale Prediction,2026-arxiv,生成式 3D/4D 内容与仿真,表示/几何角度,降低显存/存储/模型体积,Gaussian Splatting 表示与正则化,ARGS,ARGS 针对「降低显存/存储/模型体积」，从「表示/几何角度」切入，主要采用「Gaussian Splatting 表示与正则化」来服务「生成式 3D/4D 内容与仿真」。,/Volumes/UBag/Documents/l40server_mirror/lyra/Lyra-2/paper_collection_3d4d_reconstruction_2026_04_26/boardmix_mindmap/method_figures/2604.00494_ARGS.png,/Volumes/UBag/Documents/l40server_mirror/lyra/Lyra-2/paper_collection_3d4d_reconstruction_2026_04_26/pdfs/2026_ARGS_Auto_Regressive_Gaussian_Splatting_via_Parallel_Progressive_Next_Scale_Prediction_2604.00494.pdf,,no_code_link_found,"Codex:3D-Reconstruction, Codex:3D4D-Reconstruction"
2604.00928,Autoregressive Appearance Prediction for 3D Gaussian Avatars,2026-arxiv,动态场景与 4D 重建,时空/动态角度,建模运动/形变/时间一致性,Motion decomposition / canonical space / deformation,本文方法,本文方法 针对「建模运动/形变/时间一致性」，从「时空/动态角度」切入，主要采用「Motion decomposition / canonical space / deformation」来服务「动态场景与 4D 重建」。,/Volumes/UBag/Documents/l40server_mirror/lyra/Lyra-2/paper_collection_3d4d_reconstruction_2026_04_26/boardmix_mindmap/method_figures/2604.00928_paper.png,/Volumes/UBag/Documents/l40server_mirror/lyra/Lyra-2/paper_collection_3d4d_reconstruction_2026_04_26/pdfs/2026_Autoregressive_Appearance_Prediction_for_3D_Gaussian_Avatars_2604.00928.pdf,,no_code_link_found,"Codex:3D-Reconstruction, Codex:3D4D-Reconstruction"
2604.00804,Compact Keyframe-Optimized Multi-Agent Gaussian Splatting SLAM,2026-arxiv,实时/大规模/高效 3D 表示,计算角度,接入 SLAM/机器人闭环系统,SLAM / pose graph / online mapping pipeline,Keyframe-Optimized,Keyframe-Optimized 针对「接入 SLAM/机器人闭环系统」，从「计算角度」切入，主要采用「SLAM / pose graph / online mapping pipeline」来服务「实时/大规模/高效 3D 表示」。,/Volumes/UBag/Documents/l40server_mirror/lyra/Lyra-2/paper_collection_3d4d_reconstruction_2026_04_26/boardmix_mindmap/method_figures/2604.00804_Keyframe-Optimized.png,/Volumes/UBag/Documents/l40server_mirror/lyra/Lyra-2/paper_collection_3d4d_reconstruction_2026_04_26/pdfs/2026_Compact_Keyframe_Optimized_Multi_Agent_Gaussian_Splatting_SLAM_2604.00804.pdf,https://github.com/lemonci/coko-slam,code_link_found_not_audited,"Codex:3D-Reconstruction, Codex:3D4D-Reconstruction"
2604.01030,Diff3R: Feed-forward 3D Gaussian Splatting with Uncertainty-aware Differentiable Optimization,2026-arxiv,稀疏/单目/少视角 3D 重建,训练/监督角度,解决稀疏视角几何不稳定,SLAM / pose graph / online mapping pipeline,Diff3R,Diff3R 针对「解决稀疏视角几何不稳定」，从「训练/监督角度」切入，主要采用「SLAM / pose graph / online mapping pipeline」来服务「稀疏/单目/少视角 3D 重建」。,/Volumes/UBag/Documents/l40server_mirror/lyra/Lyra-2/paper_collection_3d4d_reconstruction_2026_04_26/boardmix_mindmap/method_figures/2604.01030_Diff3R.png,/Volumes/UBag/Documents/l40server_mirror/lyra/Lyra-2/paper_collection_3d4d_reconstruction_2026_04_26/pdfs/2026_Diff3R_Feed_forward_3D_Gaussian_Splatting_with_Uncertainty_aware_Differentiable_Optimizati_2604.01030.pdf,https://github.com/nerfies/nerfies.github.io,code_link_found_not_audited,"Codex:3D-Reconstruction, Codex:3D4D-Reconstruction"
2604.00648,DirectFisheye-GS: Enabling Native Fisheye Input in Gaussian Splatting with Cross-View Joint Optimization,2026-arxiv,实时/大规模/高效 3D 表示,训练/监督角度,减少优化/采样/渲染步骤,Gaussian Splatting 表示与正则化,DirectFisheye-GS,DirectFisheye-GS 针对「减少优化/采样/渲染步骤」，从「训练/监督角度」切入，主要采用「Gaussian Splatting 表示与正则化」来服务「实时/大规模/高效 3D 表示」。,/Volumes/UBag/Documents/l40server_mirror/lyra/Lyra-2/paper_collection_3d4d_reconstruction_2026_04_26/boardmix_mindmap/method_figures/2604.00648_DirectFisheye-GS.png,/Volumes/UBag/Documents/l40server_mirror/lyra/Lyra-2/paper_collection_3d4d_reconstruction_2026_04_26/pdfs/2026_DirectFisheye_GS_Enabling_Native_Fisheye_Input_in_Gaussian_Splatting_with_Cross_View_Joint_2604.00648.pdf,,no_code_link_found,"Codex:3D-Reconstruction, Codex:3D4D-Reconstruction"
2604.00969,DLWM: Dual Latent World Models enable Holistic Gaussian-centric Pre-training in Autonomous Driving,2026-arxiv,SLAM/机器人/自动驾驶世界模型,训练/监督角度,提升可控生成/世界演化预测,Motion decomposition / canonical space / deformation,DLWM,DLWM 针对「提升可控生成/世界演化预测」，从「训练/监督角度」切入，主要采用「Motion decomposition / canonical space / deformation」来服务「SLAM/机器人/自动驾驶世界模型」。,/Volumes/UBag/Documents/l40server_mirror/lyra/Lyra-2/paper_collection_3d4d_reconstruction_2026_04_26/boardmix_mindmap/method_figures/2604.00969_DLWM.png,/Volumes/UBag/Documents/l40server_mirror/lyra/Lyra-2/paper_collection_3d4d_reconstruction_2026_04_26/pdfs/2026_DLWM_Dual_Latent_World_Models_enable_Holistic_Gaussian_centric_Pre_training_in_Autonomous_2604.00969.pdf,,no_code_link_found,"Codex:3D+4D-Evolution, Codex:3D4D-Reconstruction"
2603.24587,DreamerAD: Efficient Reinforcement Learning via Latent World Model for Autonomous Driving,2026-arxiv,生成式 3D/4D 内容与仿真,生成/世界模型角度,提升可控生成/世界演化预测,Diffusion/生成先验/视频模型,DreamerAD,DreamerAD 针对「提升可控生成/世界演化预测」，从「生成/世界模型角度」切入，主要采用「Diffusion/生成先验/视频模型」来服务「生成式 3D/4D 内容与仿真」。,/Volumes/UBag/Documents/l40server_mirror/lyra/Lyra-2/paper_collection_3d4d_reconstruction_2026_04_26/boardmix_mindmap/method_figures/2603.24587_DreamerAD.png,/Volumes/UBag/Documents/l40server_mirror/lyra/Lyra-2/paper_collection_3d4d_reconstruction_2026_04_26/pdfs/2026_DreamerAD_Efficient_Reinforcement_Learning_via_Latent_World_Model_for_Autonomous_Driving_2603.24587.pdf,,no_code_link_found,"Codex:3D+4D-Evolution, Codex:3D4D-Reconstruction"
2604.00548,Reliev3R: Relieving Feed-forward Reconstruction from Multi-View Geometric Annotations,2026-arxiv,多视角几何/表面/场景重建,训练/监督角度,解决稀疏视角几何不稳定,SLAM / pose graph / online mapping pipeline,Reliev3R,Reliev3R 针对「解决稀疏视角几何不稳定」，从「训练/监督角度」切入，主要采用「SLAM / pose graph / online mapping pipeline」来服务「多视角几何/表面/场景重建」。,/Volumes/UBag/Documents/l40server_mirror/lyra/Lyra-2/paper_collection_3d4d_reconstruction_2026_04_26/boardmix_mindmap/method_figures/2604.00548_Reliev3R.png,/Volumes/UBag/Documents/l40server_mirror/lyra/Lyra-2/paper_collection_3d4d_reconstruction_2026_04_26/pdfs/2026_Reliev3R_Relieving_Feed_forward_Reconstruction_from_Multi_View_Geometric_Annotations_2604.00548.pdf,,no_code_link_found,"Codex:3D-Reconstruction, Codex:3D4D-Reconstruction"
2604.00509,RT-GS: Gaussian Splatting with Reflection and Transmittance Primitives,2026-arxiv,稀疏/单目/少视角 3D 重建,表示/几何角度,解决稀疏视角几何不稳定,Gaussian Splatting 表示与正则化,RT-GS,RT-GS 针对「解决稀疏视角几何不稳定」，从「表示/几何角度」切入，主要采用「Gaussian Splatting 表示与正则化」来服务「稀疏/单目/少视角 3D 重建」。,/Volumes/UBag/Documents/l40server_mirror/lyra/Lyra-2/paper_collection_3d4d_reconstruction_2026_04_26/boardmix_mindmap/method_figures/2604.00509_RT-GS.png,/Volumes/UBag/Documents/l40server_mirror/lyra/Lyra-2/paper_collection_3d4d_reconstruction_2026_04_26/pdfs/2026_RT_GS_Gaussian_Splatting_with_Reflection_and_Transmittance_Primitives_2604.00509.pdf,,no_code_link_found,"Codex:3D-Reconstruction, Codex:3D4D-Reconstruction"
2602.19053,TeFlow: Enabling Multi-frame Supervision for Self-Supervised Feed-forward Scene Flow Estimation,2026-arxiv,动态场景与 4D 重建,时空/动态角度,建模运动/形变/时间一致性,Motion decomposition / canonical space / deformation,TeFlow,TeFlow 针对「建模运动/形变/时间一致性」，从「时空/动态角度」切入，主要采用「Motion decomposition / canonical space / deformation」来服务「动态场景与 4D 重建」。,/Volumes/UBag/Documents/l40server_mirror/lyra/Lyra-2/paper_collection_3d4d_reconstruction_2026_04_26/boardmix_mindmap/method_figures/2602.19053_TeFlow.png,/Volumes/UBag/Documents/l40server_mirror/lyra/Lyra-2/paper_collection_3d4d_reconstruction_2026_04_26/pdfs/2026_TeFlow_Enabling_Multi_frame_Supervision_for_Self_Supervised_Feed_forward_Scene_Flow_Estima_2602.19053.pdf,https://github.com/Kin-Zhang/TeFlow,code_link_found_not_audited,"Codex:3D4D-Reconstruction, Codex:4D-Reconstruction"
2601.10075,Thinking Like Van Gogh: Structure-Aware Style Transfer via Flow-Guided 3D Gaussian Splatting,2026-arxiv,动态场景与 4D 重建,表示/几何角度,提升几何一致性/表面质量,Motion decomposition / canonical space / deformation,Thinking Like Van Gogh,Thinking Like Van Gogh 针对「提升几何一致性/表面质量」，从「表示/几何角度」切入，主要采用「Motion decomposition / canonical space / deformation」来服务「动态场景与 4D 重建」。,/Volumes/UBag/Documents/l40server_mirror/lyra/Lyra-2/paper_collection_3d4d_reconstruction_2026_04_26/boardmix_mindmap/method_figures/2601.10075_Thinking_Like_Van_Gogh.png,/Volumes/UBag/Documents/l40server_mirror/lyra/Lyra-2/paper_collection_3d4d_reconstruction_2026_04_26/pdfs/2026_Thinking_Like_Van_Gogh_Structure_Aware_Style_Transfer_via_Flow_Guided_3D_Gaussian_Splattin_2601.10075.pdf,,no_code_link_found,"Codex:3D-Reconstruction, Codex:3D4D-Reconstruction"
2603.24506,Toward Physically Consistent Driving Video World Models under Challenging Trajectories,2026-arxiv,SLAM/机器人/自动驾驶世界模型,生成/世界模型角度,提升可控生成/世界演化预测,Diffusion/生成先验/视频模型,本文方法,本文方法 针对「提升可控生成/世界演化预测」，从「生成/世界模型角度」切入，主要采用「Diffusion/生成先验/视频模型」来服务「SLAM/机器人/自动驾驶世界模型」。,/Volumes/UBag/Documents/l40server_mirror/lyra/Lyra-2/paper_collection_3d4d_reconstruction_2026_04_26/boardmix_mindmap/method_figures/2603.24506_paper.png,/Volumes/UBag/Documents/l40server_mirror/lyra/Lyra-2/paper_collection_3d4d_reconstruction_2026_04_26/pdfs/2026_Toward_Physically_Consistent_Driving_Video_World_Models_under_Challenging_Trajectories_2603.24506.pdf,https://github.com/wm-research/PhyGenesis,code_link_found_not_audited,"Codex:3D+4D-Evolution, Codex:3D4D-Reconstruction"
2604.00538,TRiGS: Temporal Rigid-Body Motion for Scalable 4D Gaussian Splatting,2026-arxiv,动态场景与 4D 重建,时空/动态角度,建模运动/形变/时间一致性,SLAM / pose graph / online mapping pipeline,TRiGS,TRiGS 针对「建模运动/形变/时间一致性」，从「时空/动态角度」切入，主要采用「SLAM / pose graph / online mapping pipeline」来服务「动态场景与 4D 重建」。,/Volumes/UBag/Documents/l40server_mirror/lyra/Lyra-2/paper_collection_3d4d_reconstruction_2026_04_26/boardmix_mindmap/method_figures/2604.00538_TRiGS.png,/Volumes/UBag/Documents/l40server_mirror/lyra/Lyra-2/paper_collection_3d4d_reconstruction_2026_04_26/pdfs/2026_TRiGS_Temporal_Rigid_Body_Motion_for_Scalable_4D_Gaussian_Splatting_2604.00538.pdf,https://github.com/eliahuhorwitz/Academic-project-page-template,code_link_found_not_audited,"Codex:3D-Reconstruction, Codex:3D4D-Reconstruction, Codex:4D-Reconstruction"
2604.01882,A3R: Agentic Affordance Reasoning via Cross-Dimensional Evidence in 3D Gaussian Scenes,2026-arxiv,稀疏/单目/少视角 3D 重建,生成/世界模型角度,提升可控生成/世界演化预测,SLAM / pose graph / online mapping pipeline,A3R,A3R 针对「提升可控生成/世界演化预测」，从「生成/世界模型角度」切入，主要采用「SLAM / pose graph / online mapping pipeline」来服务「稀疏/单目/少视角 3D 重建」。,/Volumes/UBag/Documents/l40server_mirror/lyra/Lyra-2/paper_collection_3d4d_reconstruction_2026_04_26/boardmix_mindmap/method_figures/2604.01882_A3R.png,/Volumes/UBag/Documents/l40server_mirror/lyra/Lyra-2/paper_collection_3d4d_reconstruction_2026_04_26/pdfs/2026_A3R_Agentic_Affordance_Reasoning_via_Cross_Dimensional_Evidence_in_3D_Gaussian_Scenes_2604.01882.pdf,,code_link_found_not_audited,"Codex:3D-Reconstruction, Codex:3D4D-Reconstruction"
2604.02330,ActionParty: Multi-Subject Action Binding in Generative Video Games,2026-arxiv,生成式 3D/4D 内容与仿真,生成/世界模型角度,提升可控生成/世界演化预测,Diffusion/生成先验/视频模型,ActionParty,ActionParty 针对「提升可控生成/世界演化预测」，从「生成/世界模型角度」切入，主要采用「Diffusion/生成先验/视频模型」来服务「生成式 3D/4D 内容与仿真」。,/Volumes/UBag/Documents/l40server_mirror/lyra/Lyra-2/paper_collection_3d4d_reconstruction_2026_04_26/boardmix_mindmap/method_figures/2604.02330_ActionParty.png,/Volumes/UBag/Documents/l40server_mirror/lyra/Lyra-2/paper_collection_3d4d_reconstruction_2026_04_26/pdfs/2026_ActionParty_Multi_Subject_Action_Binding_in_Generative_Video_Games_2604.02330.pdf,https://github.com/action-party/action-party,code_link_found_not_audited,"Codex:3D+4D-Evolution, Codex:3D4D-Reconstruction"
2604.01551,ColorGradedGaussians: Palette-Based Color Grading for 3D Gaussian Splatting via View-Space Sparse Decomposition,2026-arxiv,实时/大规模/高效 3D 表示,训练/监督角度,解决稀疏视角几何不稳定,Gaussian Splatting 表示与正则化,ColorGradedGaussians,ColorGradedGaussians 针对「解决稀疏视角几何不稳定」，从「训练/监督角度」切入，主要采用「Gaussian Splatting 表示与正则化」来服务「实时/大规模/高效 3D 表示」。,/Volumes/UBag/Documents/l40server_mirror/lyra/Lyra-2/paper_collection_3d4d_reconstruction_2026_04_26/boardmix_mindmap/method_figures/2604.01551_ColorGradedGaussians.png,/Volumes/UBag/Documents/l40server_mirror/lyra/Lyra-2/paper_collection_3d4d_reconstruction_2026_04_26/pdfs/2026_ColorGradedGaussians_Palette_Based_Color_Grading_for_3D_Gaussian_Splatting_via_View_Space_2604.01551.pdf,,code_link_found_not_audited,"Codex:3D-Reconstruction, Codex:3D4D-Reconstruction"
2604.02546,Contrastive Language-Colored Pointmap Pretraining for Unified 3D Scene Understanding,2026-arxiv,多视角几何/表面/场景重建,训练/监督角度,提升几何一致性/表面质量,SLAM / pose graph / online mapping pipeline,Language-Colored,Language-Colored 针对「提升几何一致性/表面质量」，从「训练/监督角度」切入，主要采用「SLAM / pose graph / online mapping pipeline」来服务「多视角几何/表面/场景重建」。,/Volumes/UBag/Documents/l40server_mirror/lyra/Lyra-2/paper_collection_3d4d_reconstruction_2026_04_26/boardmix_mindmap/method_figures/2604.02546_Language-Colored.png,/Volumes/UBag/Documents/l40server_mirror/lyra/Lyra-2/paper_collection_3d4d_reconstruction_2026_04_26/pdfs/2026_Contrastive_Language_Colored_Pointmap_Pretraining_for_Unified_3D_Scene_Understanding_2604.02546.pdf,https://github.com/Yebulabula/UniScene3D,code_link_found_not_audited,"Codex:3D-Reconstruction, Codex:3D4D-Reconstruction"
2604.01678,Director: Instance-aware Gaussian Splatting for Dynamic Scene Modeling and Understanding,2026-arxiv,动态场景与 4D 重建,时空/动态角度,提升几何一致性/表面质量,Motion decomposition / canonical space / deformation,Director,Director 针对「提升几何一致性/表面质量」，从「时空/动态角度」切入，主要采用「Motion decomposition / canonical space / deformation」来服务「动态场景与 4D 重建」。,/Volumes/UBag/Documents/l40server_mirror/lyra/Lyra-2/paper_collection_3d4d_reconstruction_2026_04_26/boardmix_mindmap/method_figures/2604.01678_Director.png,/Volumes/UBag/Documents/l40server_mirror/lyra/Lyra-2/paper_collection_3d4d_reconstruction_2026_04_26/pdfs/2026_Director_Instance_aware_Gaussian_Splatting_for_Dynamic_Scene_Modeling_and_Understanding_2604.01678.pdf,,no_code_link_found,"Codex:3D-Reconstruction, Codex:3D4D-Reconstruction"
2602.23205,EmbodMocap: In-the-Wild 4D Human-Scene Reconstruction for Embodied Agents,2026-arxiv,动态场景与 4D 重建,时空/动态角度,建模运动/形变/时间一致性,Motion decomposition / canonical space / deformation,EmbodMocap,EmbodMocap 针对「建模运动/形变/时间一致性」，从「时空/动态角度」切入，主要采用「Motion decomposition / canonical space / deformation」来服务「动态场景与 4D 重建」。,/Volumes/UBag/Documents/l40server_mirror/lyra/Lyra-2/paper_collection_3d4d_reconstruction_2026_04_26/boardmix_mindmap/method_figures/2602.23205_EmbodMocap.png,/Volumes/UBag/Documents/l40server_mirror/lyra/Lyra-2/paper_collection_3d4d_reconstruction_2026_04_26/pdfs/2026_EmbodMocap_In_the_Wild_4D_Human_Scene_Reconstruction_for_Embodied_Agents_2602.23205.pdf,https://github.com/WenjiaWang0312/EmbodMocap,code_link_found_not_audited,"Codex:3D-Reconstruction, Codex:3D4D-Reconstruction"
2604.01605,F3DGS: Federated 3D Gaussian Splatting for Decentralized Multi-Agent World Modeling,2026-arxiv,多视角几何/表面/场景重建,表示/几何角度,提升可控生成/世界演化预测,Gaussian Splatting 表示与正则化,F3DGS,F3DGS 针对「提升可控生成/世界演化预测」，从「表示/几何角度」切入，主要采用「Gaussian Splatting 表示与正则化」来服务「多视角几何/表面/场景重建」。,/Volumes/UBag/Documents/l40server_mirror/lyra/Lyra-2/paper_collection_3d4d_reconstruction_2026_04_26/boardmix_mindmap/method_figures/2604.01605_F3DGS.png,/Volumes/UBag/Documents/l40server_mirror/lyra/Lyra-2/paper_collection_3d4d_reconstruction_2026_04_26/pdfs/2026_F3DGS_Federated_3D_Gaussian_Splatting_for_Decentralized_Multi_Agent_World_Modeling_2604.01605.pdf,,no_code_link_found,"Codex:3D-Reconstruction, Codex:3D4D-Reconstruction"
2603.19834,Fourier Splatting: Generalized Fourier encoded primitives for scalable radiance fields,2026-arxiv,实时/大规模/高效 3D 表示,计算角度,减少优化/采样/渲染步骤,Gaussian Splatting 表示与正则化,Fourier Splatting,Fourier Splatting 针对「减少优化/采样/渲染步骤」，从「计算角度」切入，主要采用「Gaussian Splatting 表示与正则化」来服务「实时/大规模/高效 3D 表示」。,/Volumes/UBag/Documents/l40server_mirror/lyra/Lyra-2/paper_collection_3d4d_reconstruction_2026_04_26/boardmix_mindmap/method_figures/2603.19834_Fourier_Splatting.png,/Volumes/UBag/Documents/l40server_mirror/lyra/Lyra-2/paper_collection_3d4d_reconstruction_2026_04_26/pdfs/2026_Fourier_Splatting_Generalized_Fourier_encoded_primitives_for_scalable_radiance_fields_2603.19834.pdf,,code_link_found_not_audited,"Codex:3D-Reconstruction, Codex:3D4D-Reconstruction"
2601.16885,GPA-VGGT:Adapting VGGT to Large Scale Localization by Self-Supervised Learning with Geometry and Physics Aware Loss,2026-arxiv,多视角几何/表面/场景重建,训练/监督角度,提升几何一致性/表面质量,Feed-forward / Transformer / Foundation Model,GPA-VGGT,GPA-VGGT 针对「提升几何一致性/表面质量」，从「训练/监督角度」切入，主要采用「Feed-forward / Transformer / Foundation Model」来服务「多视角几何/表面/场景重建」。,/Volumes/UBag/Documents/l40server_mirror/lyra/Lyra-2/paper_collection_3d4d_reconstruction_2026_04_26/boardmix_mindmap/method_figures/2601.16885_GPA-VGGT.png,/Volumes/UBag/Documents/l40server_mirror/lyra/Lyra-2/paper_collection_3d4d_reconstruction_2026_04_26/pdfs/2026_GPA_VGGT_Adapting_VGGT_to_Large_Scale_Localization_by_Self_Supervised_Learning_with_Geomet_2601.16885.pdf,https://github.com/X-yangfan/GPA-VGGT,code_link_found_not_audited,"Codex:3D-Reconstruction, Codex:3D4D-Reconstruction"
2604.01884,GS^2: Graph-based Spatial Distribution Optimization for Compact 3D Gaussian Splatting,2026-arxiv,实时/大规模/高效 3D 表示,内存/存储角度,降低显存/存储/模型体积,Pruning / compression / progressive coding,GS^2,GS^2 针对「降低显存/存储/模型体积」，从「内存/存储角度」切入，主要采用「Pruning / compression / progressive coding」来服务「实时/大规模/高效 3D 表示」。,/Volumes/UBag/Documents/l40server_mirror/lyra/Lyra-2/paper_collection_3d4d_reconstruction_2026_04_26/boardmix_mindmap/method_figures/2604.01884_GS_2.png,/Volumes/UBag/Documents/l40server_mirror/lyra/Lyra-2/paper_collection_3d4d_reconstruction_2026_04_26/pdfs/2026_GS_2_Graph_based_Spatial_Distribution_Optimization_for_Compact_3D_Gaussian_Splatting_2604.01884.pdf,https://github.com/BJTU-KD3D/GS-2,code_link_found_not_audited,"Codex:3D-Reconstruction, Codex:3D4D-Reconstruction"
2601.20331,GVGS: Gaussian Visibility-Aware Multi-View Geometry for Accurate Surface Reconstruction,2026-arxiv,多视角几何/表面/场景重建,表示/几何角度,提升几何一致性/表面质量,Gaussian Splatting 表示与正则化,GVGS,GVGS 针对「提升几何一致性/表面质量」，从「表示/几何角度」切入，主要采用「Gaussian Splatting 表示与正则化」来服务「多视角几何/表面/场景重建」。,/Volumes/UBag/Documents/l40server_mirror/lyra/Lyra-2/paper_collection_3d4d_reconstruction_2026_04_26/boardmix_mindmap/method_figures/2601.20331_GVGS.png,/Volumes/UBag/Documents/l40server_mirror/lyra/Lyra-2/paper_collection_3d4d_reconstruction_2026_04_26/pdfs/2026_GVGS_Gaussian_Visibility_Aware_Multi_View_Geometry_for_Accurate_Surface_Reconstruction_2601.20331.pdf,https://github.com/GVGScode/GVGS,code_link_found_not_audited,"Codex:3D-Reconstruction, Codex:3D4D-Reconstruction"
2601.14674,LaVR: Scene Latent Conditioned Generative Video Trajectory Re-Rendering using Large 4D Reconstruction Models,2026-arxiv,生成式 3D/4D 内容与仿真,训练/监督角度,解决稀疏视角几何不稳定,Diffusion/生成先验/视频模型,LaVR,LaVR 针对「解决稀疏视角几何不稳定」，从「训练/监督角度」切入，主要采用「Diffusion/生成先验/视频模型」来服务「生成式 3D/4D 内容与仿真」。,/Volumes/UBag/Documents/l40server_mirror/lyra/Lyra-2/paper_collection_3d4d_reconstruction_2026_04_26/boardmix_mindmap/method_figures/2601.14674_LaVR.png,/Volumes/UBag/Documents/l40server_mirror/lyra/Lyra-2/paper_collection_3d4d_reconstruction_2026_04_26/pdfs/2026_LaVR_Scene_Latent_Conditioned_Generative_Video_Trajectory_Re_Rendering_using_Large_4D_Reco_2601.14674.pdf,,no_code_link_found,"Codex:3D4D-Reconstruction, Codex:4D-Reconstruction"
2604.01641,LivingWorld: Interactive 4D World Generation with Environmental Dynamics,2026-arxiv,动态场景与 4D 重建,时空/动态角度,建模运动/形变/时间一致性,Pruning / compression / progressive coding,LivingWorld,LivingWorld 针对「建模运动/形变/时间一致性」，从「时空/动态角度」切入，主要采用「Pruning / compression / progressive coding」来服务「动态场景与 4D 重建」。,/Volumes/UBag/Documents/l40server_mirror/lyra/Lyra-2/paper_collection_3d4d_reconstruction_2026_04_26/boardmix_mindmap/method_figures/2604.01641_LivingWorld.png,/Volumes/UBag/Documents/l40server_mirror/lyra/Lyra-2/paper_collection_3d4d_reconstruction_2026_04_26/pdfs/2026_LivingWorld_Interactive_4D_World_Generation_with_Environmental_Dynamics_2604.01641.pdf,,no_code_link_found,"Codex:3D+4D-Evolution, Codex:3D4D-Reconstruction"
2604.01607,ModTrans: Translating Real-world Models for Distributed Training Simulator,2026-arxiv,实时/大规模/高效 3D 表示,训练/监督角度,提升可控生成/世界演化预测,SLAM / pose graph / online mapping pipeline,ModTrans,ModTrans 针对「提升可控生成/世界演化预测」，从「训练/监督角度」切入，主要采用「SLAM / pose graph / online mapping pipeline」来服务「实时/大规模/高效 3D 表示」。,/Volumes/UBag/Documents/l40server_mirror/lyra/Lyra-2/paper_collection_3d4d_reconstruction_2026_04_26/boardmix_mindmap/method_figures/2604.01607_ModTrans.png,/Volumes/UBag/Documents/l40server_mirror/lyra/Lyra-2/paper_collection_3d4d_reconstruction_2026_04_26/pdfs/2026_ModTrans_Translating_Real_world_Models_for_Distributed_Training_Simulator_2604.01607.pdf,https://github.com/microsoft/onnxconverter-common/blob/master/onnxconverter_common/onnx2py.py,code_link_found_not_audited,"Codex:3D+4D-Evolution, Codex:3D4D-Reconstruction"
2604.02289,Omni123: Exploring 3D Native Foundation Models with Limited 3D Data by Unifying Text to 2D and 3D Generation,2026-arxiv,生成式 3D/4D 内容与仿真,训练/监督角度,提升可控生成/世界演化预测,Feed-forward / Transformer / Foundation Model,Omni123,Omni123 针对「提升可控生成/世界演化预测」，从「训练/监督角度」切入，主要采用「Feed-forward / Transformer / Foundation Model」来服务「生成式 3D/4D 内容与仿真」。,/Volumes/UBag/Documents/l40server_mirror/lyra/Lyra-2/paper_collection_3d4d_reconstruction_2026_04_26/boardmix_mindmap/method_figures/2604.02289_Omni123.png,/Volumes/UBag/Documents/l40server_mirror/lyra/Lyra-2/paper_collection_3d4d_reconstruction_2026_04_26/pdfs/2026_Omni123_Exploring_3D_Native_Foundation_Models_with_Limited_3D_Data_by_Unifying_Text_to_2D_2604.02289.pdf,https://github.com/black-forest-labs/flux2,code_link_found_not_audited,"Codex:3D+4D-Evolution, Codex:3D4D-Reconstruction"
2604.01561,ReFlow: Self-correction Motion Learning for Dynamic Scene Reconstruction,2026-arxiv,动态场景与 4D 重建,时空/动态角度,建模运动/形变/时间一致性,Motion decomposition / canonical space / deformation,ReFlow,ReFlow 针对「建模运动/形变/时间一致性」，从「时空/动态角度」切入，主要采用「Motion decomposition / canonical space / deformation」来服务「动态场景与 4D 重建」。,/Volumes/UBag/Documents/l40server_mirror/lyra/Lyra-2/paper_collection_3d4d_reconstruction_2026_04_26/boardmix_mindmap/method_figures/2604.01561_ReFlow.png,/Volumes/UBag/Documents/l40server_mirror/lyra/Lyra-2/paper_collection_3d4d_reconstruction_2026_04_26/pdfs/2026_ReFlow_Self_correction_Motion_Learning_for_Dynamic_Scene_Reconstruction_2604.01561.pdf,https://github.com/gaochen315/DynamicNeRF,code_link_found_not_audited,"Codex:3D-Reconstruction, Codex:3D4D-Reconstruction, Codex:4D-Reconstruction"
2601.15475,Seeing through Light and Darkness: Sensor-Physics Grounded Deblurring HDR NeRF from Single-Exposure Images and Events,2026-arxiv,动态场景与 4D 重建,时空/动态角度,建模运动/形变/时间一致性,SLAM / pose graph / online mapping pipeline,Seeing through Light and Darkness,Seeing through Light and Darkness 针对「建模运动/形变/时间一致性」，从「时空/动态角度」切入，主要采用「SLAM / pose graph / online mapping pipeline」来服务「动态场景与 4D 重建」。,/Volumes/UBag/Documents/l40server_mirror/lyra/Lyra-2/paper_collection_3d4d_reconstruction_2026_04_26/boardmix_mindmap/method_figures/2601.15475_Seeing_through_Light_and_Darkness.png,/Volumes/UBag/Documents/l40server_mirror/lyra/Lyra-2/paper_collection_3d4d_reconstruction_2026_04_26/pdfs/2026_Seeing_through_Light_and_Darkness_Sensor_Physics_Grounded_Deblurring_HDR_NeRF_from_Single_2601.15475.pdf,https://github.com/iCVTEAM/See-NeRF,code_link_found_not_audited,"Codex:3D-Reconstruction, Codex:3D4D-Reconstruction"
2604.00528,"Think, Act, Build: An Agentic Framework with Vision Language Models for Zero-Shot 3D Visual Grounding",2026-arxiv,多视角几何/表面/场景重建,时空/动态角度,建模运动/形变/时间一致性,SLAM / pose graph / online mapping pipeline,"Think, Act, Build","Think, Act, Build 针对「建模运动/形变/时间一致性」，从「时空/动态角度」切入，主要采用「SLAM / pose graph / online mapping pipeline」来服务「多视角几何/表面/场景重建」。",/Volumes/UBag/Documents/l40server_mirror/lyra/Lyra-2/paper_collection_3d4d_reconstruction_2026_04_26/boardmix_mindmap/method_figures/2604.00528_Think_Act_Build.png,/Volumes/UBag/Documents/l40server_mirror/lyra/Lyra-2/paper_collection_3d4d_reconstruction_2026_04_26/pdfs/2026_Think_Act_Build_An_Agentic_Framework_with_Vision_Language_Models_for_Zero_Shot_3D_Visual_G_2604.00528.pdf,https://github.com/WHB139426/TAB-Agent,code_link_found_not_audited,"Codex:3D-Reconstruction, Codex:3D4D-Reconstruction"
2604.02586,TrackerSplat: Exploiting Point Tracking for Fast and Robust Dynamic 3D Gaussians Reconstruction,2026-arxiv,动态场景与 4D 重建,时空/动态角度,建模运动/形变/时间一致性,Motion decomposition / canonical space / deformation,TrackerSplat,TrackerSplat 针对「建模运动/形变/时间一致性」，从「时空/动态角度」切入，主要采用「Motion decomposition / canonical space / deformation」来服务「动态场景与 4D 重建」。,/Volumes/UBag/Documents/l40server_mirror/lyra/Lyra-2/paper_collection_3d4d_reconstruction_2026_04_26/boardmix_mindmap/method_figures/2604.02586_TrackerSplat.png,/Volumes/UBag/Documents/l40server_mirror/lyra/Lyra-2/paper_collection_3d4d_reconstruction_2026_04_26/pdfs/2026_TrackerSplat_Exploiting_Point_Tracking_for_Fast_and_Robust_Dynamic_3D_Gaussians_Reconstruc_2604.02586.pdf,https://github.com/yindaheng98/TrackerSplat,code_link_found_not_audited,"Codex:3D-Reconstruction, Codex:3D4D-Reconstruction, Codex:4D-Reconstruction"
2604.02714,ExploreVLA: Dense World Modeling and Exploration for End-to-End Autonomous Driving,2026-arxiv,SLAM/机器人/自动驾驶世界模型,生成/世界模型角度,提升可控生成/世界演化预测,SLAM / pose graph / online mapping pipeline,ExploreVLA,ExploreVLA 针对「提升可控生成/世界演化预测」，从「生成/世界模型角度」切入，主要采用「SLAM / pose graph / online mapping pipeline」来服务「SLAM/机器人/自动驾驶世界模型」。,/Volumes/UBag/Documents/l40server_mirror/lyra/Lyra-2/paper_collection_3d4d_reconstruction_2026_04_26/boardmix_mindmap/method_figures/2604.02714_ExploreVLA.png,/Volumes/UBag/Documents/l40server_mirror/lyra/Lyra-2/paper_collection_3d4d_reconstruction_2026_04_26/pdfs/2026_ExploreVLA_Dense_World_Modeling_and_Exploration_for_End_to_End_Autonomous_Driving_2604.02714.pdf,https://github.com/zihaosheng/ExploreVLA,code_link_found_not_audited,"Codex:3D+4D-Evolution, Codex:3D4D-Reconstruction"
2604.02836,Factorized Multi-Resolution HashGrid for Efficient Neural Radiance Fields: Execution on Edge-Devices,2026-arxiv,实时/大规模/高效 3D 表示,内存/存储角度,降低显存/存储/模型体积,NeRF/辐射场/体渲染,Multi-Resolution,Multi-Resolution 针对「降低显存/存储/模型体积」，从「内存/存储角度」切入，主要采用「NeRF/辐射场/体渲染」来服务「实时/大规模/高效 3D 表示」。,/Volumes/UBag/Documents/l40server_mirror/lyra/Lyra-2/paper_collection_3d4d_reconstruction_2026_04_26/boardmix_mindmap/method_figures/2604.02836_Multi-Resolution.png,/Volumes/UBag/Documents/l40server_mirror/lyra/Lyra-2/paper_collection_3d4d_reconstruction_2026_04_26/pdfs/2026_Factorized_Multi_Resolution_HashGrid_for_Efficient_Neural_Radiance_Fields_Execution_on_Edg_2604.02836.pdf,https://github.com/postech-ami/Fact-Hash,code_link_found_not_audited,"Codex:3D-Reconstruction, Codex:3D4D-Reconstruction"
2604.03092,Flash-Mono: Feed-Forward Accelerated Gaussian Splatting Monocular SLAM,2026-arxiv,实时/大规模/高效 3D 表示,计算角度,减少优化/采样/渲染步骤,SLAM / pose graph / online mapping pipeline,Flash-Mono,Flash-Mono 针对「减少优化/采样/渲染步骤」，从「计算角度」切入，主要采用「SLAM / pose graph / online mapping pipeline」来服务「实时/大规模/高效 3D 表示」。,/Volumes/UBag/Documents/l40server_mirror/lyra/Lyra-2/paper_collection_3d4d_reconstruction_2026_04_26/boardmix_mindmap/method_figures/2604.03092_Flash-Mono.png,/Volumes/UBag/Documents/l40server_mirror/lyra/Lyra-2/paper_collection_3d4d_reconstruction_2026_04_26/pdfs/2026_Flash_Mono_Feed_Forward_Accelerated_Gaussian_Splatting_Monocular_SLAM_2604.03092.pdf,https://github.com/eliahuhorwitz/Academic-project-page-template,code_link_found_not_audited,"Codex:3D-Reconstruction, Codex:3D4D-Reconstruction"
2604.02915,GP-4DGS: Probabilistic 4D Gaussian Splatting from Monocular Video via Variational Gaussian Processes,2026-arxiv,动态场景与 4D 重建,时空/动态角度,建模运动/形变/时间一致性,Motion decomposition / canonical space / deformation,GP-4DGS,GP-4DGS 针对「建模运动/形变/时间一致性」，从「时空/动态角度」切入，主要采用「Motion decomposition / canonical space / deformation」来服务「动态场景与 4D 重建」。,/Volumes/UBag/Documents/l40server_mirror/lyra/Lyra-2/paper_collection_3d4d_reconstruction_2026_04_26/boardmix_mindmap/method_figures/2604.02915_GP-4DGS.png,/Volumes/UBag/Documents/l40server_mirror/lyra/Lyra-2/paper_collection_3d4d_reconstruction_2026_04_26/pdfs/2026_GP_4DGS_Probabilistic_4D_Gaussian_Splatting_from_Monocular_Video_via_Variational_Gaussian_2604.02915.pdf,,no_code_link_found,"Codex:3D-Reconstruction, Codex:3D4D-Reconstruction, Codex:4D-Reconstruction"
2604.02828,NavCrafter: Exploring 3D Scenes from a Single Image,2026-arxiv,多视角几何/表面/场景重建,表示/几何角度,提升几何一致性/表面质量,Gaussian Splatting 表示与正则化,NavCrafter,NavCrafter 针对「提升几何一致性/表面质量」，从「表示/几何角度」切入，主要采用「Gaussian Splatting 表示与正则化」来服务「多视角几何/表面/场景重建」。,/Volumes/UBag/Documents/l40server_mirror/lyra/Lyra-2/paper_collection_3d4d_reconstruction_2026_04_26/boardmix_mindmap/method_figures/2604.02828_NavCrafter.png,/Volumes/UBag/Documents/l40server_mirror/lyra/Lyra-2/paper_collection_3d4d_reconstruction_2026_04_26/pdfs/2026_NavCrafter_Exploring_3D_Scenes_from_a_Single_Image_2604.02828.pdf,,no_code_link_found,"Codex:3D-Reconstruction, Codex:3D4D-Reconstruction"
2604.01581,Satellite-Free Training for Drone-View Geo-Localization,2026-arxiv,多视角几何/表面/场景重建,训练/监督角度,解决稀疏视角几何不稳定,Gaussian Splatting 表示与正则化,Satellite-Free,Satellite-Free 针对「解决稀疏视角几何不稳定」，从「训练/监督角度」切入，主要采用「Gaussian Splatting 表示与正则化」来服务「多视角几何/表面/场景重建」。,/Volumes/UBag/Documents/l40server_mirror/lyra/Lyra-2/paper_collection_3d4d_reconstruction_2026_04_26/boardmix_mindmap/method_figures/2604.01581_Satellite-Free.png,/Volumes/UBag/Documents/l40server_mirror/lyra/Lyra-2/paper_collection_3d4d_reconstruction_2026_04_26/pdfs/2026_Satellite_Free_Training_for_Drone_View_Geo_Localization_2604.01581.pdf,,code_link_found_not_audited,"Codex:3D-Reconstruction, Codex:3D4D-Reconstruction"
2604.03069,SparseSplat: Towards Applicable Feed-Forward 3D Gaussian Splatting with Pixel-Unaligned Prediction,2026-arxiv,实时/大规模/高效 3D 表示,表示/几何角度,降低显存/存储/模型体积,Gaussian Splatting 表示与正则化,SparseSplat,SparseSplat 针对「降低显存/存储/模型体积」，从「表示/几何角度」切入，主要采用「Gaussian Splatting 表示与正则化」来服务「实时/大规模/高效 3D 表示」。,/Volumes/UBag/Documents/l40server_mirror/lyra/Lyra-2/paper_collection_3d4d_reconstruction_2026_04_26/boardmix_mindmap/method_figures/2604.03069_SparseSplat.png,/Volumes/UBag/Documents/l40server_mirror/lyra/Lyra-2/paper_collection_3d4d_reconstruction_2026_04_26/pdfs/2026_SparseSplat_Towards_Applicable_Feed_Forward_3D_Gaussian_Splatting_with_Pixel_Unaligned_Pre_2604.03069.pdf,https://github.com/victkk/SparseSplat-page,code_link_found_not_audited,"Codex:3D-Reconstruction, Codex:3D4D-Reconstruction"
2604.03462,SpectralSplat: Appearance-Disentangled Feed-Forward Gaussian Splatting for Driving Scenes,2026-arxiv,生成式 3D/4D 内容与仿真,表示/几何角度,提升几何一致性/表面质量,Gaussian Splatting 表示与正则化,SpectralSplat,SpectralSplat 针对「提升几何一致性/表面质量」，从「表示/几何角度」切入，主要采用「Gaussian Splatting 表示与正则化」来服务「生成式 3D/4D 内容与仿真」。,/Volumes/UBag/Documents/l40server_mirror/lyra/Lyra-2/paper_collection_3d4d_reconstruction_2026_04_26/boardmix_mindmap/method_figures/2604.03462_SpectralSplat.png,/Volumes/UBag/Documents/l40server_mirror/lyra/Lyra-2/paper_collection_3d4d_reconstruction_2026_04_26/pdfs/2026_SpectralSplat_Appearance_Disentangled_Feed_Forward_Gaussian_Splatting_for_Driving_Scenes_2604.03462.pdf,,no_code_link_found,"Codex:3D-Reconstruction, Codex:3D4D-Reconstruction"
2602.06343,Uncertainty-Aware 4D Gaussian Splatting for Monocular Occluded Human Rendering,2026-arxiv,动态场景与 4D 重建,时空/动态角度,建模运动/形变/时间一致性,Motion decomposition / canonical space / deformation,Uncertainty-Aware,Uncertainty-Aware 针对「建模运动/形变/时间一致性」，从「时空/动态角度」切入，主要采用「Motion decomposition / canonical space / deformation」来服务「动态场景与 4D 重建」。,/Volumes/UBag/Documents/l40server_mirror/lyra/Lyra-2/paper_collection_3d4d_reconstruction_2026_04_26/boardmix_mindmap/method_figures/2602.06343_Uncertainty-Aware.png,/Volumes/UBag/Documents/l40server_mirror/lyra/Lyra-2/paper_collection_3d4d_reconstruction_2026_04_26/pdfs/2026_Uncertainty_Aware_4D_Gaussian_Splatting_for_Monocular_Occluded_Human_Rendering_2602.06343.pdf,,code_link_found_not_audited,"Codex:3D-Reconstruction, Codex:3D4D-Reconstruction, Codex:4D-Reconstruction"
2604.01479,UniRecGen: Unifying Multi-View 3D Reconstruction and Generation,2026-arxiv,生成式 3D/4D 内容与仿真,训练/监督角度,解决稀疏视角几何不稳定,Diffusion/生成先验/视频模型,UniRecGen,UniRecGen 针对「解决稀疏视角几何不稳定」，从「训练/监督角度」切入，主要采用「Diffusion/生成先验/视频模型」来服务「生成式 3D/4D 内容与仿真」。,/Volumes/UBag/Documents/l40server_mirror/lyra/Lyra-2/paper_collection_3d4d_reconstruction_2026_04_26/boardmix_mindmap/method_figures/2604.01479_UniRecGen.png,/Volumes/UBag/Documents/l40server_mirror/lyra/Lyra-2/paper_collection_3d4d_reconstruction_2026_04_26/pdfs/2026_UniRecGen_Unifying_Multi_View_3D_Reconstruction_and_Generation_2604.01479.pdf,https://github.com/zsh523/UniRecGen,code_link_found_not_audited,"Codex:3D-Reconstruction, Codex:3D4D-Reconstruction"
2604.02696,VBGS-SLAM: Variational Bayesian Gaussian Splatting Simultaneous Localization and Mapping,2026-arxiv,动态场景与 4D 重建,表示/几何角度,解决稀疏视角几何不稳定,SLAM / pose graph / online mapping pipeline,VBGS-SLAM,VBGS-SLAM 针对「解决稀疏视角几何不稳定」，从「表示/几何角度」切入，主要采用「SLAM / pose graph / online mapping pipeline」来服务「动态场景与 4D 重建」。,/Volumes/UBag/Documents/l40server_mirror/lyra/Lyra-2/paper_collection_3d4d_reconstruction_2026_04_26/boardmix_mindmap/method_figures/2604.02696_VBGS-SLAM.png,/Volumes/UBag/Documents/l40server_mirror/lyra/Lyra-2/paper_collection_3d4d_reconstruction_2026_04_26/pdfs/2026_VBGS_SLAM_Variational_Bayesian_Gaussian_Splatting_Simultaneous_Localization_and_Mapping_2604.02696.pdf,,no_code_link_found,"Codex:3D-Reconstruction, Codex:3D4D-Reconstruction"
2604.03878,Learning 3D Reconstruction with Priors in Test Time,2026-arxiv,多视角几何/表面/场景重建,训练/监督角度,解决稀疏视角几何不稳定,Feed-forward / Transformer / Foundation Model,本文方法,本文方法 针对「解决稀疏视角几何不稳定」，从「训练/监督角度」切入，主要采用「Feed-forward / Transformer / Foundation Model」来服务「多视角几何/表面/场景重建」。,/Volumes/UBag/Documents/l40server_mirror/lyra/Lyra-2/paper_collection_3d4d_reconstruction_2026_04_26/boardmix_mindmap/method_figures/2604.03878_paper.png,/Volumes/UBag/Documents/l40server_mirror/lyra/Lyra-2/paper_collection_3d4d_reconstruction_2026_04_26/pdfs/2026_Learning_3D_Reconstruction_with_Priors_in_Test_Time_2604.03878.pdf,https://github.com/cvlab-stonybrook/TCO,code_link_found_not_audited,"Codex:3D-Reconstruction, Codex:3D4D-Reconstruction"
2604.03773,M2StyleGS: Multi-Modality 3D Style Transfer with Gaussian Splatting,2026-arxiv,生成式 3D/4D 内容与仿真,表示/几何角度,提升几何一致性/表面质量,Gaussian Splatting 表示与正则化,M2StyleGS,M2StyleGS 针对「提升几何一致性/表面质量」，从「表示/几何角度」切入，主要采用「Gaussian Splatting 表示与正则化」来服务「生成式 3D/4D 内容与仿真」。,/Volumes/UBag/Documents/l40server_mirror/lyra/Lyra-2/paper_collection_3d4d_reconstruction_2026_04_26/boardmix_mindmap/method_figures/2604.03773_M2StyleGS.png,/Volumes/UBag/Documents/l40server_mirror/lyra/Lyra-2/paper_collection_3d4d_reconstruction_2026_04_26/pdfs/2026_M2StyleGS_Multi_Modality_3D_Style_Transfer_with_Gaussian_Splatting_2604.03773.pdf,,no_code_link_found,"Codex:3D-Reconstruction, Codex:3D4D-Reconstruction"
2604.04063,4C4D: 4 Camera 4D Gaussian Splatting,2026-arxiv,动态场景与 4D 重建,时空/动态角度,解决稀疏视角几何不稳定,Gaussian Splatting 表示与正则化,4C4D,4C4D 针对「解决稀疏视角几何不稳定」，从「时空/动态角度」切入，主要采用「Gaussian Splatting 表示与正则化」来服务「动态场景与 4D 重建」。,/Volumes/UBag/Documents/l40server_mirror/lyra/Lyra-2/paper_collection_3d4d_reconstruction_2026_04_26/boardmix_mindmap/method_figures/2604.04063_4C4D.png,/Volumes/UBag/Documents/l40server_mirror/lyra/Lyra-2/paper_collection_3d4d_reconstruction_2026_04_26/pdfs/2026_4C4D_4_Camera_4D_Gaussian_Splatting_2604.04063.pdf,https://github.com/yangzf-1023/4C4D,code_link_found_not_audited,"Codex:3D-Reconstruction, Codex:3D4D-Reconstruction, Codex:4D-Reconstruction"
2604.04198,DriveVA: Video Action Models are Zero-Shot Drivers,2026-arxiv,动态场景与 4D 重建,时空/动态角度,提升可控生成/世界演化预测,Diffusion/生成先验/视频模型,DriveVA,DriveVA 针对「提升可控生成/世界演化预测」，从「时空/动态角度」切入，主要采用「Diffusion/生成先验/视频模型」来服务「动态场景与 4D 重建」。,/Volumes/UBag/Documents/l40server_mirror/lyra/Lyra-2/paper_collection_3d4d_reconstruction_2026_04_26/boardmix_mindmap/method_figures/2604.04198_DriveVA.png,/Volumes/UBag/Documents/l40server_mirror/lyra/Lyra-2/paper_collection_3d4d_reconstruction_2026_04_26/pdfs/2026_DriveVA_Video_Action_Models_are_Zero_Shot_Drivers_2604.04198.pdf,https://github.com/autonomousvision/navsim,code_link_found_not_audited,"Codex:3D+4D-Evolution, Codex:3D4D-Reconstruction"
2604.04016,HOIGS: Human-Object Interaction Gaussian Splatting,2026-arxiv,动态场景与 4D 重建,时空/动态角度,建模运动/形变/时间一致性,Motion decomposition / canonical space / deformation,HOIGS,HOIGS 针对「建模运动/形变/时间一致性」，从「时空/动态角度」切入，主要采用「Motion decomposition / canonical space / deformation」来服务「动态场景与 4D 重建」。,/Volumes/UBag/Documents/l40server_mirror/lyra/Lyra-2/paper_collection_3d4d_reconstruction_2026_04_26/boardmix_mindmap/method_figures/2604.04016_HOIGS.png,/Volumes/UBag/Documents/l40server_mirror/lyra/Lyra-2/paper_collection_3d4d_reconstruction_2026_04_26/pdfs/2026_HOIGS_Human_Object_Interaction_Gaussian_Splatting_2604.04016.pdf,https://github.com/facebookresearch/maskrcnn-benchmark,code_link_found_not_audited,"Codex:3D-Reconstruction, Codex:3D4D-Reconstruction"
2604.04135,NTIRE 2026 3D Restoration and Reconstruction in Real-world Adverse Conditions: RealX3D Challenge Results,2026-arxiv,多视角几何/表面/场景重建,时空/动态角度,解决稀疏视角几何不稳定,SLAM / pose graph / online mapping pipeline,NTIRE,NTIRE 针对「解决稀疏视角几何不稳定」，从「时空/动态角度」切入，主要采用「SLAM / pose graph / online mapping pipeline」来服务「多视角几何/表面/场景重建」。,/Volumes/UBag/Documents/l40server_mirror/lyra/Lyra-2/paper_collection_3d4d_reconstruction_2026_04_26/boardmix_mindmap/method_figures/2604.04135_NTIRE.png,/Volumes/UBag/Documents/l40server_mirror/lyra/Lyra-2/paper_collection_3d4d_reconstruction_2026_04_26/pdfs/2026_NTIRE_2026_3D_Restoration_and_Reconstruction_in_Real_world_Adverse_Conditions_RealX3D_Chal_2604.04135.pdf,,no_code_link_found,"Codex:3D-Reconstruction, Codex:3D4D-Reconstruction"
2603.18634,SwiftGS: Episodic Priors for Immediate Satellite Surface Recovery,2026-arxiv,多视角几何/表面/场景重建,训练/监督角度,提升几何一致性/表面质量,Sensor/domain-specific pipeline,SwiftGS,SwiftGS 针对「提升几何一致性/表面质量」，从「训练/监督角度」切入，主要采用「Sensor/domain-specific pipeline」来服务「多视角几何/表面/场景重建」。,/Volumes/UBag/Documents/l40server_mirror/lyra/Lyra-2/paper_collection_3d4d_reconstruction_2026_04_26/boardmix_mindmap/method_figures/2603.18634_SwiftGS.png,/Volumes/UBag/Documents/l40server_mirror/lyra/Lyra-2/paper_collection_3d4d_reconstruction_2026_04_26/pdfs/2026_SwiftGS_Episodic_Priors_for_Immediate_Satellite_Surface_Recovery_2603.18634.pdf,,no_code_link_found,"Codex:3D-Reconstruction, Codex:3D4D-Reconstruction"
2601.16736,A Step to Decouple Optimization in 3DGS,2026-arxiv,稀疏/单目/少视角 3D 重建,表示/几何角度,解决稀疏视角几何不稳定,Gaussian Splatting 表示与正则化,A Step to Decouple Optimization in 3DGS,A Step to Decouple Optimization in 3DGS 针对「解决稀疏视角几何不稳定」，从「表示/几何角度」切入，主要采用「Gaussian Splatting 表示与正则化」来服务「稀疏/单目/少视角 3D 重建」。,/Volumes/UBag/Documents/l40server_mirror/lyra/Lyra-2/paper_collection_3d4d_reconstruction_2026_04_26/boardmix_mindmap/method_figures/2601.16736_A_Step_to_Decouple_Optimization_in_3DGS.png,/Volumes/UBag/Documents/l40server_mirror/lyra/Lyra-2/paper_collection_3d4d_reconstruction_2026_04_26/pdfs/2026_A_Step_to_Decouple_Optimization_in_3DGS_2601.16736.pdf,https://github.com/EliottDJay/3DGS_AdamWGS,code_link_found_not_audited,"Codex:3D-Reconstruction, Codex:3D4D-Reconstruction"
2604.04874,Free-Range Gaussians: Non-Grid-Aligned Generative 3D Gaussian Reconstruction,2026-arxiv,生成式 3D/4D 内容与仿真,训练/监督角度,解决稀疏视角几何不稳定,SLAM / pose graph / online mapping pipeline,Free-Range Gaussians,Free-Range Gaussians 针对「解决稀疏视角几何不稳定」，从「训练/监督角度」切入，主要采用「SLAM / pose graph / online mapping pipeline」来服务「生成式 3D/4D 内容与仿真」。,/Volumes/UBag/Documents/l40server_mirror/lyra/Lyra-2/paper_collection_3d4d_reconstruction_2026_04_26/boardmix_mindmap/method_figures/2604.04874_Free-Range_Gaussians.png,/Volumes/UBag/Documents/l40server_mirror/lyra/Lyra-2/paper_collection_3d4d_reconstruction_2026_04_26/pdfs/2026_Free_Range_Gaussians_Non_Grid_Aligned_Generative_3D_Gaussian_Reconstruction_2604.04874.pdf,,no_code_link_found,"Codex:3D-Reconstruction, Codex:3D4D-Reconstruction"
2604.04331,GA-GS: Generation-Assisted Gaussian Splatting for Static Scene Reconstruction,2026-arxiv,动态场景与 4D 重建,时空/动态角度,建模运动/形变/时间一致性,Gaussian Splatting 表示与正则化,GA-GS,GA-GS 针对「建模运动/形变/时间一致性」，从「时空/动态角度」切入，主要采用「Gaussian Splatting 表示与正则化」来服务「动态场景与 4D 重建」。,/Volumes/UBag/Documents/l40server_mirror/lyra/Lyra-2/paper_collection_3d4d_reconstruction_2026_04_26/boardmix_mindmap/method_figures/2604.04331_GA-GS.png,/Volumes/UBag/Documents/l40server_mirror/lyra/Lyra-2/paper_collection_3d4d_reconstruction_2026_04_26/pdfs/2026_GA_GS_Generation_Assisted_Gaussian_Splatting_for_Static_Scene_Reconstruction_2604.04331.pdf,,no_code_link_found,"Codex:3D-Reconstruction, Codex:3D4D-Reconstruction"
2604.05062,GaussFly: Contrastive Reinforcement Learning for Visuomotor Policies in 3D Gaussian Fields,2026-arxiv,稀疏/单目/少视角 3D 重建,训练/监督角度,解决稀疏视角几何不稳定,Gaussian Splatting 表示与正则化,GaussFly,GaussFly 针对「解决稀疏视角几何不稳定」，从「训练/监督角度」切入，主要采用「Gaussian Splatting 表示与正则化」来服务「稀疏/单目/少视角 3D 重建」。,/Volumes/UBag/Documents/l40server_mirror/lyra/Lyra-2/paper_collection_3d4d_reconstruction_2026_04_26/boardmix_mindmap/method_figures/2604.05062_GaussFly.png,/Volumes/UBag/Documents/l40server_mirror/lyra/Lyra-2/paper_collection_3d4d_reconstruction_2026_04_26/pdfs/2026_GaussFly_Contrastive_Reinforcement_Learning_for_Visuomotor_Policies_in_3D_Gaussian_Fields_2604.05062.pdf,,code_link_found_not_audited,"Codex:3D-Reconstruction, Codex:3D4D-Reconstruction"
2604.02120,GEMM-GS: Accelerating 3D Gaussian Splatting on Tensor Cores with GEMM-Compatible Blending,2026-arxiv,实时/大规模/高效 3D 表示,表示/几何角度,减少优化/采样/渲染步骤,NeRF/辐射场/体渲染,GEMM-GS,GEMM-GS 针对「减少优化/采样/渲染步骤」，从「表示/几何角度」切入，主要采用「NeRF/辐射场/体渲染」来服务「实时/大规模/高效 3D 表示」。,/Volumes/UBag/Documents/l40server_mirror/lyra/Lyra-2/paper_collection_3d4d_reconstruction_2026_04_26/boardmix_mindmap/method_figures/2604.02120_GEMM-GS.png,/Volumes/UBag/Documents/l40server_mirror/lyra/Lyra-2/paper_collection_3d4d_reconstruction_2026_04_26/pdfs/2026_GEMM_GS_Accelerating_3D_Gaussian_Splatting_on_Tensor_Cores_with_GEMM_Compatible_Blending_2604.02120.pdf,https://github.com/shieldforever/GEMM-GS,code_link_found_not_audited,"Codex:3D-Reconstruction, Codex:3D4D-Reconstruction"
2604.03039,GenSmoke-GS: A Multi-Stage Method for Novel View Synthesis from Smoke-Degraded Images Using a Generative Model,2026-arxiv,稀疏/单目/少视角 3D 重建,生成/世界模型角度,降低显存/存储/模型体积,SLAM / pose graph / online mapping pipeline,GenSmoke-GS,GenSmoke-GS 针对「降低显存/存储/模型体积」，从「生成/世界模型角度」切入，主要采用「SLAM / pose graph / online mapping pipeline」来服务「稀疏/单目/少视角 3D 重建」。,/Volumes/UBag/Documents/l40server_mirror/lyra/Lyra-2/paper_collection_3d4d_reconstruction_2026_04_26/boardmix_mindmap/method_figures/2604.03039_GenSmoke-GS.png,/Volumes/UBag/Documents/l40server_mirror/lyra/Lyra-2/paper_collection_3d4d_reconstruction_2026_04_26/pdfs/2026_GenSmoke_GS_A_Multi_Stage_Method_for_Novel_View_Synthesis_from_Smoke_Degraded_Images_Using_2604.03039.pdf,https://github.com/plbbl/GenSmoke-GS,code_link_found_not_audited,"Codex:3D-Reconstruction, Codex:3D4D-Reconstruction"
2604.09688,Immunizing 3D Gaussian Generative Models Against Unauthorized Fine-Tuning via Attribute-Space Traps,2026-arxiv,生成式 3D/4D 内容与仿真,训练/监督角度,解决稀疏视角几何不稳定,SLAM / pose graph / online mapping pipeline,Fine-Tuning,Fine-Tuning 针对「解决稀疏视角几何不稳定」，从「训练/监督角度」切入，主要采用「SLAM / pose graph / online mapping pipeline」来服务「生成式 3D/4D 内容与仿真」。,/Volumes/UBag/Documents/l40server_mirror/lyra/Lyra-2/paper_collection_3d4d_reconstruction_2026_04_26/boardmix_mindmap/method_figures/2604.09688_Fine-Tuning.png,/Volumes/UBag/Documents/l40server_mirror/lyra/Lyra-2/paper_collection_3d4d_reconstruction_2026_04_26/pdfs/2026_Immunizing_3D_Gaussian_Generative_Models_Against_Unauthorized_Fine_Tuning_via_Attribute_Sp_2604.09688.pdf,,no_code_link_found,"Codex:3D-Reconstruction, Codex:3D4D-Reconstruction"
2604.05070,Part-Level 3D Gaussian Vehicle Generation with Joint and Hinge Axis Estimation,2026-arxiv,生成式 3D/4D 内容与仿真,时空/动态角度,解决稀疏视角几何不稳定,SLAM / pose graph / online mapping pipeline,Part-Level,Part-Level 针对「解决稀疏视角几何不稳定」，从「时空/动态角度」切入，主要采用「SLAM / pose graph / online mapping pipeline」来服务「生成式 3D/4D 内容与仿真」。,/Volumes/UBag/Documents/l40server_mirror/lyra/Lyra-2/paper_collection_3d4d_reconstruction_2026_04_26/boardmix_mindmap/method_figures/2604.05070_Part-Level.png,/Volumes/UBag/Documents/l40server_mirror/lyra/Lyra-2/paper_collection_3d4d_reconstruction_2026_04_26/pdfs/2026_Part_Level_3D_Gaussian_Vehicle_Generation_with_Joint_and_Hinge_Axis_Estimation_2604.05070.pdf,,no_code_link_found,"Codex:3D-Reconstruction, Codex:3D4D-Reconstruction"
2603.09030,PlayWorld: Learning Robot World Models from Autonomous Play,2026-arxiv,SLAM/机器人/自动驾驶世界模型,训练/监督角度,提升可控生成/世界演化预测,SLAM / pose graph / online mapping pipeline,PlayWorld,PlayWorld 针对「提升可控生成/世界演化预测」，从「训练/监督角度」切入，主要采用「SLAM / pose graph / online mapping pipeline」来服务「SLAM/机器人/自动驾驶世界模型」。,/Volumes/UBag/Documents/l40server_mirror/lyra/Lyra-2/paper_collection_3d4d_reconstruction_2026_04_26/boardmix_mindmap/method_figures/2603.09030_PlayWorld.png,/Volumes/UBag/Documents/l40server_mirror/lyra/Lyra-2/paper_collection_3d4d_reconstruction_2026_04_26/pdfs/2026_PlayWorld_Learning_Robot_World_Models_from_Autonomous_Play_2603.09030.pdf,https://github.com/irom-princeton/open-world,code_link_found_not_audited,"Codex:3D+4D-Evolution, Codex:3D4D-Reconstruction"
2604.05015,Video-MME-v2: Towards the Next Stage in Benchmarks for Comprehensive Video Understanding,2026-arxiv,动态场景与 4D 重建,时空/动态角度,建模运动/形变/时间一致性,SLAM / pose graph / online mapping pipeline,Video-MME-v2,Video-MME-v2 针对「建模运动/形变/时间一致性」，从「时空/动态角度」切入，主要采用「SLAM / pose graph / online mapping pipeline」来服务「动态场景与 4D 重建」。,/Volumes/UBag/Documents/l40server_mirror/lyra/Lyra-2/paper_collection_3d4d_reconstruction_2026_04_26/boardmix_mindmap/method_figures/2604.05015_Video-MME-v2.png,/Volumes/UBag/Documents/l40server_mirror/lyra/Lyra-2/paper_collection_3d4d_reconstruction_2026_04_26/pdfs/2026_Video_MME_v2_Towards_the_Next_Stage_in_Benchmarks_for_Comprehensive_Video_Understanding_2604.05015.pdf,,code_link_found_not_audited,"Codex:3D+4D-Evolution, Codex:3D4D-Reconstruction"
2604.04642,WaterSplat-SLAM: Photorealistic Monocular SLAM in Underwater Environment,2026-arxiv,多视角几何/表面/场景重建,表示/几何角度,解决稀疏视角几何不稳定,SLAM / pose graph / online mapping pipeline,WaterSplat-SLAM,WaterSplat-SLAM 针对「解决稀疏视角几何不稳定」，从「表示/几何角度」切入，主要采用「SLAM / pose graph / online mapping pipeline」来服务「多视角几何/表面/场景重建」。,/Volumes/UBag/Documents/l40server_mirror/lyra/Lyra-2/paper_collection_3d4d_reconstruction_2026_04_26/boardmix_mindmap/method_figures/2604.04642_WaterSplat-SLAM.png,/Volumes/UBag/Documents/l40server_mirror/lyra/Lyra-2/paper_collection_3d4d_reconstruction_2026_04_26/pdfs/2026_WaterSplat_SLAM_Photorealistic_Monocular_SLAM_in_Underwater_Environment_2604.04642.pdf,https://github.com/KX-Wang77/WaterSplat-SLAM,code_link_found_not_audited,"Codex:3D-Reconstruction, Codex:3D4D-Reconstruction"
2604.05366,3DTurboQuant: Training-Free Near-Optimal Quantization for 3D Reconstruction Models,2026-arxiv,实时/大规模/高效 3D 表示,内存/存储角度,降低显存/存储/模型体积,Pruning / compression / progressive coding,3DTurboQuant,3DTurboQuant 针对「降低显存/存储/模型体积」，从「内存/存储角度」切入，主要采用「Pruning / compression / progressive coding」来服务「实时/大规模/高效 3D 表示」。,/Volumes/UBag/Documents/l40server_mirror/lyra/Lyra-2/paper_collection_3d4d_reconstruction_2026_04_26/boardmix_mindmap/method_figures/2604.05366_3DTurboQuant.png,/Volumes/UBag/Documents/l40server_mirror/lyra/Lyra-2/paper_collection_3d4d_reconstruction_2026_04_26/pdfs/2026_3DTurboQuant_Training_Free_Near_Optimal_Quantization_for_3D_Reconstruction_Models_2604.05366.pdf,https://github.com/JaeLee18/3DTurboQuant,code_link_found_not_audited,"Codex:3D-Reconstruction, Codex:3D4D-Reconstruction"
2604.05908,Appearance Decomposition Gaussian Splatting for Multi-Traversal Reconstruction,2026-arxiv,SLAM/机器人/自动驾驶世界模型,表示/几何角度,提升几何一致性/表面质量,Pruning / compression / progressive coding,Multi-Traversal,Multi-Traversal 针对「提升几何一致性/表面质量」，从「表示/几何角度」切入，主要采用「Pruning / compression / progressive coding」来服务「SLAM/机器人/自动驾驶世界模型」。,/Volumes/UBag/Documents/l40server_mirror/lyra/Lyra-2/paper_collection_3d4d_reconstruction_2026_04_26/boardmix_mindmap/method_figures/2604.05908_Multi-Traversal.png,/Volumes/UBag/Documents/l40server_mirror/lyra/Lyra-2/paper_collection_3d4d_reconstruction_2026_04_26/pdfs/2026_Appearance_Decomposition_Gaussian_Splatting_for_Multi_Traversal_Reconstruction_2604.05908.pdf,https://github.com/IRMVLab/ADM-GS,code_link_found_not_audited,"Codex:3D-Reconstruction, Codex:3D4D-Reconstruction"
2604.06339,Evolution of Video Generative Foundations,2026-arxiv,生成式 3D/4D 内容与仿真,生成/世界模型角度,提升可控生成/世界演化预测,Diffusion/生成先验/视频模型,Evolution of Video Generative Foundations,Evolution of Video Generative Foundations 针对「提升可控生成/世界演化预测」，从「生成/世界模型角度」切入，主要采用「Diffusion/生成先验/视频模型」来服务「生成式 3D/4D 内容与仿真」。,/Volumes/UBag/Documents/l40server_mirror/lyra/Lyra-2/paper_collection_3d4d_reconstruction_2026_04_26/boardmix_mindmap/method_figures/2604.06339_Evolution_of_Video_Generative_Foundations.png,/Volumes/UBag/Documents/l40server_mirror/lyra/Lyra-2/paper_collection_3d4d_reconstruction_2026_04_26/pdfs/2026_Evolution_of_Video_Generative_Foundations_2604.06339.pdf,https://github.com/sjtuplayer/Awesome-Video-Foundations,code_link_found_not_audited,"Codex:3D+4D-Evolution, Codex:3D4D-Reconstruction"
2604.06358,GS-Surrogate: Deformable Gaussian Splatting for Parameter Space Exploration of Ensemble Simulations,2026-arxiv,实时/大规模/高效 3D 表示,表示/几何角度,提升可控生成/世界演化预测,Motion decomposition / canonical space / deformation,GS-Surrogate,GS-Surrogate 针对「提升可控生成/世界演化预测」，从「表示/几何角度」切入，主要采用「Motion decomposition / canonical space / deformation」来服务「实时/大规模/高效 3D 表示」。,/Volumes/UBag/Documents/l40server_mirror/lyra/Lyra-2/paper_collection_3d4d_reconstruction_2026_04_26/boardmix_mindmap/method_figures/2604.06358_GS-Surrogate.png,/Volumes/UBag/Documents/l40server_mirror/lyra/Lyra-2/paper_collection_3d4d_reconstruction_2026_04_26/pdfs/2026_GS_Surrogate_Deformable_Gaussian_Splatting_for_Parameter_Space_Exploration_of_Ensemble_Sim_2604.06358.pdf,,no_code_link_found,"Codex:3D-Reconstruction, Codex:3D4D-Reconstruction, Codex:4D-Reconstruction"
2604.05436,Human Interaction-Aware 3D Reconstruction from a Single Image,2026-arxiv,多视角几何/表面/场景重建,训练/监督角度,提升几何一致性/表面质量,SDF/隐式表面/网格/点云,Interaction-Aware,Interaction-Aware 针对「提升几何一致性/表面质量」，从「训练/监督角度」切入，主要采用「SDF/隐式表面/网格/点云」来服务「多视角几何/表面/场景重建」。,/Volumes/UBag/Documents/l40server_mirror/lyra/Lyra-2/paper_collection_3d4d_reconstruction_2026_04_26/boardmix_mindmap/method_figures/2604.05436_Interaction-Aware.png,/Volumes/UBag/Documents/l40server_mirror/lyra/Lyra-2/paper_collection_3d4d_reconstruction_2026_04_26/pdfs/2026_Human_Interaction_Aware_3D_Reconstruction_from_a_Single_Image_2604.05436.pdf,https://github.com/ytrock/THuman2.0-Dataset/blob/main/THUman2.1_Agreement.pdf,code_link_found_not_audited,"Codex:3D-Reconstruction, Codex:3D4D-Reconstruction"
2604.05715,In Depth We Trust: Reliable Monocular Depth Supervision for Gaussian Splatting,2026-arxiv,多视角几何/表面/场景重建,表示/几何角度,提升几何一致性/表面质量,Gaussian Splatting 表示与正则化,In Depth We Trust,In Depth We Trust 针对「提升几何一致性/表面质量」，从「表示/几何角度」切入，主要采用「Gaussian Splatting 表示与正则化」来服务「多视角几何/表面/场景重建」。,/Volumes/UBag/Documents/l40server_mirror/lyra/Lyra-2/paper_collection_3d4d_reconstruction_2026_04_26/boardmix_mindmap/method_figures/2604.05715_In_Depth_We_Trust.png,/Volumes/UBag/Documents/l40server_mirror/lyra/Lyra-2/paper_collection_3d4d_reconstruction_2026_04_26/pdfs/2026_In_Depth_We_Trust_Reliable_Monocular_Depth_Supervision_for_Gaussian_Splatting_2604.05715.pdf,https://github.com/graphdeco-inria/gaussian-splatting.git,code_link_found_not_audited,"Codex:3D-Reconstruction, Codex:3D4D-Reconstruction"
2604.05402,LSGS-Loc: Towards Robust 3DGS-Based Visual Localization for Large-Scale UAV Scenarios,2026-arxiv,实时/大规模/高效 3D 表示,训练/监督角度,解决稀疏视角几何不稳定,Gaussian Splatting 表示与正则化,LSGS-Loc,LSGS-Loc 针对「解决稀疏视角几何不稳定」，从「训练/监督角度」切入，主要采用「Gaussian Splatting 表示与正则化」来服务「实时/大规模/高效 3D 表示」。,/Volumes/UBag/Documents/l40server_mirror/lyra/Lyra-2/paper_collection_3d4d_reconstruction_2026_04_26/boardmix_mindmap/method_figures/2604.05402_LSGS-Loc.png,/Volumes/UBag/Documents/l40server_mirror/lyra/Lyra-2/paper_collection_3d4d_reconstruction_2026_04_26/pdfs/2026_LSGS_Loc_Towards_Robust_3DGS_Based_Visual_Localization_for_Large_Scale_UAV_Scenarios_2604.05402.pdf,https://github.com/xzhang-z/LSGS-Loc,code_link_found_not_audited,"Codex:3D-Reconstruction, Codex:3D4D-Reconstruction"
2604.05638,PanopticQuery: Unified Query-Time Reasoning for 4D Scenes,2026-arxiv,动态场景与 4D 重建,时空/动态角度,建模运动/形变/时间一致性,Gaussian Splatting 表示与正则化,PanopticQuery,PanopticQuery 针对「建模运动/形变/时间一致性」，从「时空/动态角度」切入，主要采用「Gaussian Splatting 表示与正则化」来服务「动态场景与 4D 重建」。,/Volumes/UBag/Documents/l40server_mirror/lyra/Lyra-2/paper_collection_3d4d_reconstruction_2026_04_26/boardmix_mindmap/method_figures/2604.05638_PanopticQuery.png,/Volumes/UBag/Documents/l40server_mirror/lyra/Lyra-2/paper_collection_3d4d_reconstruction_2026_04_26/pdfs/2026_PanopticQuery_Unified_Query_Time_Reasoning_for_4D_Scenes_2604.05638.pdf,,no_code_link_found,"Codex:3D-Reconstruction, Codex:3D4D-Reconstruction, Codex:4D-Reconstruction"
2601.18336,PPISP: Physically-Plausible Compensation and Control of Photometric Variations in Radiance Field Reconstruction,2026-arxiv,多视角几何/表面/场景重建,表示/几何角度,解决稀疏视角几何不稳定,SLAM / pose graph / online mapping pipeline,PPISP,PPISP 针对「解决稀疏视角几何不稳定」，从「表示/几何角度」切入，主要采用「SLAM / pose graph / online mapping pipeline」来服务「多视角几何/表面/场景重建」。,/Volumes/UBag/Documents/l40server_mirror/lyra/Lyra-2/paper_collection_3d4d_reconstruction_2026_04_26/boardmix_mindmap/method_figures/2601.18336_PPISP.png,/Volumes/UBag/Documents/l40server_mirror/lyra/Lyra-2/paper_collection_3d4d_reconstruction_2026_04_26/pdfs/2026_PPISP_Physically_Plausible_Compensation_and_Control_of_Photometric_Variations_in_Radiance_2601.18336.pdf,https://github.com/nv-tlabs/ppisp,code_link_found_not_audited,"Codex:3D-Reconstruction, Codex:3D4D-Reconstruction"
2604.04576,PR-IQA: Partial-Reference Image Quality Assessment for Diffusion-Based Novel View Synthesis,2026-arxiv,稀疏/单目/少视角 3D 重建,表示/几何角度,解决稀疏视角几何不稳定,Gaussian Splatting 表示与正则化,PR-IQA,PR-IQA 针对「解决稀疏视角几何不稳定」，从「表示/几何角度」切入，主要采用「Gaussian Splatting 表示与正则化」来服务「稀疏/单目/少视角 3D 重建」。,/Volumes/UBag/Documents/l40server_mirror/lyra/Lyra-2/paper_collection_3d4d_reconstruction_2026_04_26/boardmix_mindmap/method_figures/2604.04576_PR-IQA.png,/Volumes/UBag/Documents/l40server_mirror/lyra/Lyra-2/paper_collection_3d4d_reconstruction_2026_04_26/pdfs/2026_PR_IQA_Partial_Reference_Image_Quality_Assessment_for_Diffusion_Based_Novel_View_Synthesis_2604.04576.pdf,https://github.com/Kakaomacao/PR-IQA,code_link_found_not_audited,"Codex:3D-Reconstruction, Codex:3D4D-Reconstruction"
2604.04925,SimpleProc: Fully Procedural Synthetic Data from Simple Rules for Multi-View Stereo,2026-arxiv,多视角几何/表面/场景重建,训练/监督角度,建模运动/形变/时间一致性,组合式/混合 pipeline,SimpleProc,SimpleProc 针对「建模运动/形变/时间一致性」，从「训练/监督角度」切入，主要采用「组合式/混合 pipeline」来服务「多视角几何/表面/场景重建」。,/Volumes/UBag/Documents/l40server_mirror/lyra/Lyra-2/paper_collection_3d4d_reconstruction_2026_04_26/boardmix_mindmap/method_figures/2604.04925_SimpleProc.png,/Volumes/UBag/Documents/l40server_mirror/lyra/Lyra-2/paper_collection_3d4d_reconstruction_2026_04_26/pdfs/2026_SimpleProc_Fully_Procedural_Synthetic_Data_from_Simple_Rules_for_Multi_View_Stereo_2604.04925.pdf,https://github.com/princeton-vl/SimpleProc,code_link_found_not_audited,"Codex:3D-Reconstruction, Codex:3D4D-Reconstruction"
2603.26481,SparseCam4D: Spatio-Temporally Consistent 4D Reconstruction from Sparse Cameras,2026-arxiv,动态场景与 4D 重建,时空/动态角度,建模运动/形变/时间一致性,SLAM / pose graph / online mapping pipeline,SparseCam4D,SparseCam4D 针对「建模运动/形变/时间一致性」，从「时空/动态角度」切入，主要采用「SLAM / pose graph / online mapping pipeline」来服务「动态场景与 4D 重建」。,/Volumes/UBag/Documents/l40server_mirror/lyra/Lyra-2/paper_collection_3d4d_reconstruction_2026_04_26/boardmix_mindmap/method_figures/2603.26481_SparseCam4D.png,/Volumes/UBag/Documents/l40server_mirror/lyra/Lyra-2/paper_collection_3d4d_reconstruction_2026_04_26/pdfs/2026_SparseCam4D_Spatio_Temporally_Consistent_4D_Reconstruction_from_Sparse_Cameras_2603.26481.pdf,https://github.com/inspatio/sparse-cam4d,code_link_found_not_audited,"Codex:3D4D-Reconstruction, Codex:4D-Reconstruction"
2604.08610,A Semi-Automated Framework for 3D Reconstruction of Medieval Manuscript Miniatures,2026-arxiv,多视角几何/表面/场景重建,表示/几何角度,提升几何一致性/表面质量,SDF/隐式表面/网格/点云,Semi-Automated,Semi-Automated 针对「提升几何一致性/表面质量」，从「表示/几何角度」切入，主要采用「SDF/隐式表面/网格/点云」来服务「多视角几何/表面/场景重建」。,/Volumes/UBag/Documents/l40server_mirror/lyra/Lyra-2/paper_collection_3d4d_reconstruction_2026_04_26/boardmix_mindmap/method_figures/2604.08610_Semi-Automated.png,/Volumes/UBag/Documents/l40server_mirror/lyra/Lyra-2/paper_collection_3d4d_reconstruction_2026_04_26/pdfs/2026_A_Semi_Automated_Framework_for_3D_Reconstruction_of_Medieval_Manuscript_Miniatures_2604.08610.pdf,,code_link_found_not_audited,"Codex:3D-Reconstruction, Codex:3D4D-Reconstruction"
2602.21105,BrepGaussian: CAD reconstruction from Multi-View Images with Gaussian Splatting,2026-arxiv,多视角几何/表面/场景重建,表示/几何角度,解决稀疏视角几何不稳定,Gaussian Splatting 表示与正则化,BrepGaussian,BrepGaussian 针对「解决稀疏视角几何不稳定」，从「表示/几何角度」切入，主要采用「Gaussian Splatting 表示与正则化」来服务「多视角几何/表面/场景重建」。,/Volumes/UBag/Documents/l40server_mirror/lyra/Lyra-2/paper_collection_3d4d_reconstruction_2026_04_26/boardmix_mindmap/method_figures/2602.21105_BrepGaussian.png,/Volumes/UBag/Documents/l40server_mirror/lyra/Lyra-2/paper_collection_3d4d_reconstruction_2026_04_26/pdfs/2026_BrepGaussian_CAD_reconstruction_from_Multi_View_Images_with_Gaussian_Splatting_2602.21105.pdf,,no_code_link_found,"Codex:3D-Reconstruction, Codex:3D4D-Reconstruction"
2604.06739,DOC-GS: Dual-Domain Observation and Calibration for Reliable Sparse-View Gaussian Splatting,2026-arxiv,稀疏/单目/少视角 3D 重建,训练/监督角度,提升几何一致性/表面质量,Gaussian Splatting 表示与正则化,DOC-GS,DOC-GS 针对「提升几何一致性/表面质量」，从「训练/监督角度」切入，主要采用「Gaussian Splatting 表示与正则化」来服务「稀疏/单目/少视角 3D 重建」。,/Volumes/UBag/Documents/l40server_mirror/lyra/Lyra-2/paper_collection_3d4d_reconstruction_2026_04_26/boardmix_mindmap/method_figures/2604.06739_DOC-GS.png,/Volumes/UBag/Documents/l40server_mirror/lyra/Lyra-2/paper_collection_3d4d_reconstruction_2026_04_26/pdfs/2026_DOC_GS_Dual_Domain_Observation_and_Calibration_for_Reliable_Sparse_View_Gaussian_Splatting_2604.06739.pdf,,code_link_found_not_audited,"Codex:3D-Reconstruction, Codex:3D4D-Reconstruction"
2604.06725,Enhancing MLLM Spatial Understanding via Active 3D Scene Exploration for Multi-Perspective Reasoning,2026-arxiv,多视角几何/表面/场景重建,训练/监督角度,解决稀疏视角几何不稳定,SLAM / pose graph / online mapping pipeline,MLLM,MLLM 针对「解决稀疏视角几何不稳定」，从「训练/监督角度」切入，主要采用「SLAM / pose graph / online mapping pipeline」来服务「多视角几何/表面/场景重建」。,/Volumes/UBag/Documents/l40server_mirror/lyra/Lyra-2/paper_collection_3d4d_reconstruction_2026_04_26/boardmix_mindmap/method_figures/2604.06725_MLLM.png,/Volumes/UBag/Documents/l40server_mirror/lyra/Lyra-2/paper_collection_3d4d_reconstruction_2026_04_26/pdfs/2026_Enhancing_MLLM_Spatial_Understanding_via_Active_3D_Scene_Exploration_for_Multi_Perspective_2604.06725.pdf,,no_code_link_found,"Codex:3D-Reconstruction, Codex:3D4D-Reconstruction"
2604.07337,From Blobs to Spokes: High-Fidelity Surface Reconstruction via Oriented Gaussians,2026-arxiv,多视角几何/表面/场景重建,表示/几何角度,提升几何一致性/表面质量,SDF/隐式表面/网格/点云,From Blobs to Spokes,From Blobs to Spokes 针对「提升几何一致性/表面质量」，从「表示/几何角度」切入，主要采用「SDF/隐式表面/网格/点云」来服务「多视角几何/表面/场景重建」。,/Volumes/UBag/Documents/l40server_mirror/lyra/Lyra-2/paper_collection_3d4d_reconstruction_2026_04_26/boardmix_mindmap/method_figures/2604.07337_From_Blobs_to_Spokes.png,/Volumes/UBag/Documents/l40server_mirror/lyra/Lyra-2/paper_collection_3d4d_reconstruction_2026_04_26/pdfs/2026_From_Blobs_to_Spokes_High_Fidelity_Surface_Reconstruction_via_Oriented_Gaussians_2604.07337.pdf,https://github.com/diego1401/GaussianWrapping,code_link_found_not_audited,"Codex:3D-Reconstruction, Codex:3D4D-Reconstruction"
2604.07250,Geo-EVS: Geometry-Conditioned Extrapolative View Synthesis for Autonomous Driving,2026-arxiv,稀疏/单目/少视角 3D 重建,训练/监督角度,解决稀疏视角几何不稳定,SLAM / pose graph / online mapping pipeline,Geo-EVS,Geo-EVS 针对「解决稀疏视角几何不稳定」，从「训练/监督角度」切入，主要采用「SLAM / pose graph / online mapping pipeline」来服务「稀疏/单目/少视角 3D 重建」。,/Volumes/UBag/Documents/l40server_mirror/lyra/Lyra-2/paper_collection_3d4d_reconstruction_2026_04_26/boardmix_mindmap/method_figures/2604.07250_Geo-EVS.png,/Volumes/UBag/Documents/l40server_mirror/lyra/Lyra-2/paper_collection_3d4d_reconstruction_2026_04_26/pdfs/2026_Geo_EVS_Geometry_Conditioned_Extrapolative_View_Synthesis_for_Autonomous_Driving_2604.07250.pdf,,code_link_found_not_audited,"Codex:3D-Reconstruction, Codex:3D4D-Reconstruction"
2604.06740,LiveStre4m: Feed-Forward Live Streaming of Novel Views from Unposed Multi-View Video,2026-arxiv,实时/大规模/高效 3D 表示,计算角度,建模运动/形变/时间一致性,Feed-forward / Transformer / Foundation Model,LiveStre4m,LiveStre4m 针对「建模运动/形变/时间一致性」，从「计算角度」切入，主要采用「Feed-forward / Transformer / Foundation Model」来服务「实时/大规模/高效 3D 表示」。,/Volumes/UBag/Documents/l40server_mirror/lyra/Lyra-2/paper_collection_3d4d_reconstruction_2026_04_26/boardmix_mindmap/method_figures/2604.06740_LiveStre4m.png,/Volumes/UBag/Documents/l40server_mirror/lyra/Lyra-2/paper_collection_3d4d_reconstruction_2026_04_26/pdfs/2026_LiveStre4m_Feed_Forward_Live_Streaming_of_Novel_Views_from_Unposed_Multi_View_Video_2604.06740.pdf,https://github.com/pedro-quesado/LiveStre4m,code_link_found_not_audited,"Codex:3D-Reconstruction, Codex:3D4D-Reconstruction"
2604.07279,Mem3R: Streaming 3D Reconstruction with Hybrid Memory via Test-Time Training,2026-arxiv,实时/大规模/高效 3D 表示,时空/动态角度,建模运动/形变/时间一致性,SLAM / pose graph / online mapping pipeline,Mem3R,Mem3R 针对「建模运动/形变/时间一致性」，从「时空/动态角度」切入，主要采用「SLAM / pose graph / online mapping pipeline」来服务「实时/大规模/高效 3D 表示」。,/Volumes/UBag/Documents/l40server_mirror/lyra/Lyra-2/paper_collection_3d4d_reconstruction_2026_04_26/boardmix_mindmap/method_figures/2604.07279_Mem3R.png,/Volumes/UBag/Documents/l40server_mirror/lyra/Lyra-2/paper_collection_3d4d_reconstruction_2026_04_26/pdfs/2026_Mem3R_Streaming_3D_Reconstruction_with_Hybrid_Memory_via_Test_Time_Training_2604.07279.pdf,https://github.com/lck666666/Mem3R,code_link_found_not_audited,"Codex:3D-Reconstruction, Codex:3D4D-Reconstruction"
2604.02996,Rendering Multi-Human and Multi-Object with 3D Gaussian Splatting,2026-arxiv,动态场景与 4D 重建,表示/几何角度,解决稀疏视角几何不稳定,Gaussian Splatting 表示与正则化,Multi-Human,Multi-Human 针对「解决稀疏视角几何不稳定」，从「表示/几何角度」切入，主要采用「Gaussian Splatting 表示与正则化」来服务「动态场景与 4D 重建」。,/Volumes/UBag/Documents/l40server_mirror/lyra/Lyra-2/paper_collection_3d4d_reconstruction_2026_04_26/boardmix_mindmap/method_figures/2604.02996_Multi-Human.png,/Volumes/UBag/Documents/l40server_mirror/lyra/Lyra-2/paper_collection_3d4d_reconstruction_2026_04_26/pdfs/2026_Rendering_Multi_Human_and_Multi_Object_with_3D_Gaussian_Splatting_2604.02996.pdf,,no_code_link_found,"Codex:3D-Reconstruction, Codex:3D4D-Reconstruction"
2604.07177,Splats under Pressure: Exploring Performance-Energy Trade-offs in Real-Time 3D Gaussian Splatting under Constrained GPU Budgets,2026-arxiv,实时/大规模/高效 3D 表示,表示/几何角度,减少优化/采样/渲染步骤,Gaussian Splatting 表示与正则化,Splats under Pressure,Splats under Pressure 针对「减少优化/采样/渲染步骤」，从「表示/几何角度」切入，主要采用「Gaussian Splatting 表示与正则化」来服务「实时/大规模/高效 3D 表示」。,/Volumes/UBag/Documents/l40server_mirror/lyra/Lyra-2/paper_collection_3d4d_reconstruction_2026_04_26/boardmix_mindmap/method_figures/2604.07177_Splats_under_Pressure.png,/Volumes/UBag/Documents/l40server_mirror/lyra/Lyra-2/paper_collection_3d4d_reconstruction_2026_04_26/pdfs/2026_Splats_under_Pressure_Exploring_Performance_Energy_Trade_offs_in_Real_Time_3D_Gaussian_Spl_2604.07177.pdf,,code_link_found_not_audited,"Codex:3D-Reconstruction, Codex:3D4D-Reconstruction"
2603.20284,STAC: Plug-and-Play Spatio-Temporal Aware Cache Compression for Streaming 3D Reconstruction,2026-arxiv,实时/大规模/高效 3D 表示,计算角度,减少优化/采样/渲染步骤,SLAM / pose graph / online mapping pipeline,STAC,STAC 针对「减少优化/采样/渲染步骤」，从「计算角度」切入，主要采用「SLAM / pose graph / online mapping pipeline」来服务「实时/大规模/高效 3D 表示」。,/Volumes/UBag/Documents/l40server_mirror/lyra/Lyra-2/paper_collection_3d4d_reconstruction_2026_04_26/boardmix_mindmap/method_figures/2603.20284_STAC.png,/Volumes/UBag/Documents/l40server_mirror/lyra/Lyra-2/paper_collection_3d4d_reconstruction_2026_04_26/pdfs/2026_STAC_Plug_and_Play_Spatio_Temporal_Aware_Cache_Compression_for_Streaming_3D_Reconstruction_2603.20284.pdf,https://github.com/Rainzor/STAC,code_link_found_not_audited,"Codex:3D-Reconstruction, Codex:3D4D-Reconstruction"
2604.06830,VGGT-SLAM++,2026-arxiv,实时/大规模/高效 3D 表示,内存/存储角度,降低显存/存储/模型体积,SLAM / pose graph / online mapping pipeline,VGGT-SLAM++,VGGT-SLAM++ 针对「降低显存/存储/模型体积」，从「内存/存储角度」切入，主要采用「SLAM / pose graph / online mapping pipeline」来服务「实时/大规模/高效 3D 表示」。,/Volumes/UBag/Documents/l40server_mirror/lyra/Lyra-2/paper_collection_3d4d_reconstruction_2026_04_26/boardmix_mindmap/method_figures/2604.06830_VGGT-SLAM.png,/Volumes/UBag/Documents/l40server_mirror/lyra/Lyra-2/paper_collection_3d4d_reconstruction_2026_04_26/pdfs/2026_VGGT_SLAM_2604.06830.pdf,,no_code_link_found,"Codex:3D-Reconstruction, Codex:3D4D-Reconstruction"
2603.04385,ZipMap: Linear-Time Stateful 3D Reconstruction via Test-Time Training,2026-arxiv,实时/大规模/高效 3D 表示,计算角度,减少优化/采样/渲染步骤,Feed-forward / Transformer / Foundation Model,ZipMap,ZipMap 针对「减少优化/采样/渲染步骤」，从「计算角度」切入，主要采用「Feed-forward / Transformer / Foundation Model」来服务「实时/大规模/高效 3D 表示」。,/Volumes/UBag/Documents/l40server_mirror/lyra/Lyra-2/paper_collection_3d4d_reconstruction_2026_04_26/boardmix_mindmap/method_figures/2603.04385_ZipMap.png,/Volumes/UBag/Documents/l40server_mirror/lyra/Lyra-2/paper_collection_3d4d_reconstruction_2026_04_26/pdfs/2026_ZipMap_Linear_Time_Stateful_3D_Reconstruction_via_Test_Time_Training_2603.04385.pdf,https://github.com/Haian-Jin/ZipMap,code_link_found_not_audited,"Codex:3D-Reconstruction, Codex:3D4D-Reconstruction"
2604.07053,AnchorSplat: Feed-Forward 3D Gaussian Splatting with 3D Geometric Priors,2026-arxiv,稀疏/单目/少视角 3D 重建,表示/几何角度,解决稀疏视角几何不稳定,Gaussian Splatting 表示与正则化,AnchorSplat,AnchorSplat 针对「解决稀疏视角几何不稳定」，从「表示/几何角度」切入，主要采用「Gaussian Splatting 表示与正则化」来服务「稀疏/单目/少视角 3D 重建」。,/Volumes/UBag/Documents/l40server_mirror/lyra/Lyra-2/paper_collection_3d4d_reconstruction_2026_04_26/boardmix_mindmap/method_figures/2604.07053_AnchorSplat.png,/Volumes/UBag/Documents/l40server_mirror/lyra/Lyra-2/paper_collection_3d4d_reconstruction_2026_04_26/pdfs/2026_AnchorSplat_Feed_Forward_3D_Gaussian_Splatting_with_3D_Geometric_Priors_2604.07053.pdf,,no_code_link_found,"Codex:3D-Reconstruction, Codex:3D4D-Reconstruction"
2604.08068,Brain3D: EEG-to-3D Decoding of Visual Representations via Multimodal Reasoning,2026-arxiv,生成式 3D/4D 内容与仿真,表示/几何角度,降低显存/存储/模型体积,SLAM / pose graph / online mapping pipeline,Brain3D,Brain3D 针对「降低显存/存储/模型体积」，从「表示/几何角度」切入，主要采用「SLAM / pose graph / online mapping pipeline」来服务「生成式 3D/4D 内容与仿真」。,/Volumes/UBag/Documents/l40server_mirror/lyra/Lyra-2/paper_collection_3d4d_reconstruction_2026_04_26/boardmix_mindmap/method_figures/2604.08068_Brain3D.png,/Volumes/UBag/Documents/l40server_mirror/lyra/Lyra-2/paper_collection_3d4d_reconstruction_2026_04_26/pdfs/2026_Brain3D_EEG_to_3D_Decoding_of_Visual_Representations_via_Multimodal_Reasoning_2604.08068.pdf,,no_code_link_found,"Codex:3D-Reconstruction, Codex:3D4D-Reconstruction"
2604.07986,DP-DeGauss: Dynamic Probabilistic Gaussian Decomposition for Egocentric 4D Scene Reconstruction,2026-arxiv,动态场景与 4D 重建,时空/动态角度,建模运动/形变/时间一致性,Motion decomposition / canonical space / deformation,DP-DeGauss,DP-DeGauss 针对「建模运动/形变/时间一致性」，从「时空/动态角度」切入，主要采用「Motion decomposition / canonical space / deformation」来服务「动态场景与 4D 重建」。,/Volumes/UBag/Documents/l40server_mirror/lyra/Lyra-2/paper_collection_3d4d_reconstruction_2026_04_26/boardmix_mindmap/method_figures/2604.07986_DP-DeGauss.png,/Volumes/UBag/Documents/l40server_mirror/lyra/Lyra-2/paper_collection_3d4d_reconstruction_2026_04_26/pdfs/2026_DP_DeGauss_Dynamic_Probabilistic_Gaussian_Decomposition_for_Egocentric_4D_Scene_Reconstruc_2604.07986.pdf,,no_code_link_found,"Codex:3D-Reconstruction, Codex:3D4D-Reconstruction, Codex:4D-Reconstruction"
2604.07728,GEAR: GEometry-motion Alternating Refinement for Articulated Object Modeling with Gaussian Splatting,2026-arxiv,动态场景与 4D 重建,训练/监督角度,提升几何一致性/表面质量,Gaussian Splatting 表示与正则化,GEAR,GEAR 针对「提升几何一致性/表面质量」，从「训练/监督角度」切入，主要采用「Gaussian Splatting 表示与正则化」来服务「动态场景与 4D 重建」。,/Volumes/UBag/Documents/l40server_mirror/lyra/Lyra-2/paper_collection_3d4d_reconstruction_2026_04_26/boardmix_mindmap/method_figures/2604.07728_GEAR.png,/Volumes/UBag/Documents/l40server_mirror/lyra/Lyra-2/paper_collection_3d4d_reconstruction_2026_04_26/pdfs/2026_GEAR_GEometry_motion_Alternating_Refinement_for_Articulated_Object_Modeling_with_Gaussian_2604.07728.pdf,https://github.com/VIPL-VSU/GEAR,code_link_found_not_audited,"Codex:3D-Reconstruction, Codex:3D4D-Reconstruction"
2604.08719,LMGenDrive: Bridging Multimodal Understanding and Generative World Modeling for End-to-End Driving,2026-arxiv,SLAM/机器人/自动驾驶世界模型,生成/世界模型角度,提升可控生成/世界演化预测,SLAM / pose graph / online mapping pipeline,LMGenDrive,LMGenDrive 针对「提升可控生成/世界演化预测」，从「生成/世界模型角度」切入，主要采用「SLAM / pose graph / online mapping pipeline」来服务「SLAM/机器人/自动驾驶世界模型」。,/Volumes/UBag/Documents/l40server_mirror/lyra/Lyra-2/paper_collection_3d4d_reconstruction_2026_04_26/boardmix_mindmap/method_figures/2604.08719_LMGenDrive.png,/Volumes/UBag/Documents/l40server_mirror/lyra/Lyra-2/paper_collection_3d4d_reconstruction_2026_04_26/pdfs/2026_LMGenDrive_Bridging_Multimodal_Understanding_and_Generative_World_Modeling_for_End_to_End_2604.08719.pdf,,no_code_link_found,"Codex:3D+4D-Evolution, Codex:3D4D-Reconstruction"
2604.07991,MotionScape: A Large-Scale Real-World Highly Dynamic UAV Video Dataset for World Models,2026-arxiv,SLAM/机器人/自动驾驶世界模型,时空/动态角度,建模运动/形变/时间一致性,Motion decomposition / canonical space / deformation,MotionScape,MotionScape 针对「建模运动/形变/时间一致性」，从「时空/动态角度」切入，主要采用「Motion decomposition / canonical space / deformation」来服务「SLAM/机器人/自动驾驶世界模型」。,/Volumes/UBag/Documents/l40server_mirror/lyra/Lyra-2/paper_collection_3d4d_reconstruction_2026_04_26/boardmix_mindmap/method_figures/2604.07991_MotionScape.png,/Volumes/UBag/Documents/l40server_mirror/lyra/Lyra-2/paper_collection_3d4d_reconstruction_2026_04_26/pdfs/2026_MotionScape_A_Large_Scale_Real_World_Highly_Dynamic_UAV_Video_Dataset_for_World_Models_2604.07991.pdf,https://github.com/Thelegendzz/MotionScape,code_link_found_not_audited,"Codex:3D+4D-Evolution, Codex:3D4D-Reconstruction"
2604.08500,Novel View Synthesis as Video Completion,2026-arxiv,稀疏/单目/少视角 3D 重建,时空/动态角度,解决稀疏视角几何不稳定,Diffusion/生成先验/视频模型,Novel View Synthesis as Video Completion,Novel View Synthesis as Video Completion 针对「解决稀疏视角几何不稳定」，从「时空/动态角度」切入，主要采用「Diffusion/生成先验/视频模型」来服务「稀疏/单目/少视角 3D 重建」。,/Volumes/UBag/Documents/l40server_mirror/lyra/Lyra-2/paper_collection_3d4d_reconstruction_2026_04_26/boardmix_mindmap/method_figures/2604.08500_Novel_View_Synthesis_as_Video_Completion.png,/Volumes/UBag/Documents/l40server_mirror/lyra/Lyra-2/paper_collection_3d4d_reconstruction_2026_04_26/pdfs/2026_Novel_View_Synthesis_as_Video_Completion_2604.08500.pdf,https://github.com/szqwu/FrameCrafter,code_link_found_not_audited,"Codex:3D-Reconstruction, Codex:3D4D-Reconstruction"
2604.07890,Sampling-Aware 3D Spatial Analysis in Multiplexed Imaging,2026-arxiv,生成式 3D/4D 内容与仿真,训练/监督角度,降低显存/存储/模型体积,组合式/混合 pipeline,Sampling-Aware,Sampling-Aware 针对「降低显存/存储/模型体积」，从「训练/监督角度」切入，主要采用「组合式/混合 pipeline」来服务「生成式 3D/4D 内容与仿真」。,/Volumes/UBag/Documents/l40server_mirror/lyra/Lyra-2/paper_collection_3d4d_reconstruction_2026_04_26/boardmix_mindmap/method_figures/2604.07890_Sampling-Aware.png,/Volumes/UBag/Documents/l40server_mirror/lyra/Lyra-2/paper_collection_3d4d_reconstruction_2026_04_26/pdfs/2026_Sampling_Aware_3D_Spatial_Analysis_in_Multiplexed_Imaging_2604.07890.pdf,,no_code_link_found,"Codex:3D-Reconstruction, Codex:3D4D-Reconstruction"
2604.08542,Scal3R: Scalable Test-Time Training for Large-Scale 3D Reconstruction,2026-arxiv,实时/大规模/高效 3D 表示,训练/监督角度,提升几何一致性/表面质量,SLAM / pose graph / online mapping pipeline,Scal3R,Scal3R 针对「提升几何一致性/表面质量」，从「训练/监督角度」切入，主要采用「SLAM / pose graph / online mapping pipeline」来服务「实时/大规模/高效 3D 表示」。,/Volumes/UBag/Documents/l40server_mirror/lyra/Lyra-2/paper_collection_3d4d_reconstruction_2026_04_26/boardmix_mindmap/method_figures/2604.08542_Scal3R.png,/Volumes/UBag/Documents/l40server_mirror/lyra/Lyra-2/paper_collection_3d4d_reconstruction_2026_04_26/pdfs/2026_Scal3R_Scalable_Test_Time_Training_for_Large_Scale_3D_Reconstruction_2604.08542.pdf,,no_code_link_found,"Codex:3D-Reconstruction, Codex:3D4D-Reconstruction"
2604.08760,SIC3D: Style Image Conditioned Text-to-3D Gaussian Splatting Generation,2026-arxiv,生成式 3D/4D 内容与仿真,训练/监督角度,提升几何一致性/表面质量,Gaussian Splatting 表示与正则化,SIC3D,SIC3D 针对「提升几何一致性/表面质量」，从「训练/监督角度」切入，主要采用「Gaussian Splatting 表示与正则化」来服务「生成式 3D/4D 内容与仿真」。,/Volumes/UBag/Documents/l40server_mirror/lyra/Lyra-2/paper_collection_3d4d_reconstruction_2026_04_26/boardmix_mindmap/method_figures/2604.08760_SIC3D.png,/Volumes/UBag/Documents/l40server_mirror/lyra/Lyra-2/paper_collection_3d4d_reconstruction_2026_04_26/pdfs/2026_SIC3D_Style_Image_Conditioned_Text_to_3D_Gaussian_Splatting_Generation_2604.08760.pdf,,no_code_link_found,"Codex:3D-Reconstruction, Codex:3D4D-Reconstruction"
2604.07923,Stitch4D: Sparse Multi-Location 4D Urban Reconstruction via Spatio-Temporal Interpolation,2026-arxiv,动态场景与 4D 重建,时空/动态角度,建模运动/形变/时间一致性,SLAM / pose graph / online mapping pipeline,Stitch4D,Stitch4D 针对「建模运动/形变/时间一致性」，从「时空/动态角度」切入，主要采用「SLAM / pose graph / online mapping pipeline」来服务「动态场景与 4D 重建」。,/Volumes/UBag/Documents/l40server_mirror/lyra/Lyra-2/paper_collection_3d4d_reconstruction_2026_04_26/boardmix_mindmap/method_figures/2604.07923_Stitch4D.png,/Volumes/UBag/Documents/l40server_mirror/lyra/Lyra-2/paper_collection_3d4d_reconstruction_2026_04_26/pdfs/2026_Stitch4D_Sparse_Multi_Location_4D_Urban_Reconstruction_via_Spatio_Temporal_Interpolation_2604.07923.pdf,https://github.com/eliahuhorwitz/Academic-project-page-template,code_link_found_not_audited,"Codex:3D4D-Reconstruction, Codex:4D-Reconstruction"
2604.08370,SurfelSplat: Learning Efficient and Generalizable Gaussian Surfel Representations for Sparse-View Surface Reconstruction,2026-arxiv,稀疏/单目/少视角 3D 重建,表示/几何角度,解决稀疏视角几何不稳定,Gaussian Splatting 表示与正则化,SurfelSplat,SurfelSplat 针对「解决稀疏视角几何不稳定」，从「表示/几何角度」切入，主要采用「Gaussian Splatting 表示与正则化」来服务「稀疏/单目/少视角 3D 重建」。,/Volumes/UBag/Documents/l40server_mirror/lyra/Lyra-2/paper_collection_3d4d_reconstruction_2026_04_26/boardmix_mindmap/method_figures/2604.08370_SurfelSplat.png,/Volumes/UBag/Documents/l40server_mirror/lyra/Lyra-2/paper_collection_3d4d_reconstruction_2026_04_26/pdfs/2026_SurfelSplat_Learning_Efficient_and_Generalizable_Gaussian_Surfel_Representations_for_Spars_2604.08370.pdf,https://github.com/Simon-Dcs/Surfel_Splat,code_link_found_not_audited,"Codex:3D-Reconstruction, Codex:3D4D-Reconstruction"
2604.07957,WorldMAP: Bootstrapping Vision-Language Navigation Trajectory Prediction with Generative World Models,2026-arxiv,SLAM/机器人/自动驾驶世界模型,生成/世界模型角度,提升可控生成/世界演化预测,Diffusion/生成先验/视频模型,WorldMAP,WorldMAP 针对「提升可控生成/世界演化预测」，从「生成/世界模型角度」切入，主要采用「Diffusion/生成先验/视频模型」来服务「SLAM/机器人/自动驾驶世界模型」。,/Volumes/UBag/Documents/l40server_mirror/lyra/Lyra-2/paper_collection_3d4d_reconstruction_2026_04_26/boardmix_mindmap/method_figures/2604.07957_WorldMAP.png,/Volumes/UBag/Documents/l40server_mirror/lyra/Lyra-2/paper_collection_3d4d_reconstruction_2026_04_26/pdfs/2026_WorldMAP_Bootstrapping_Vision_Language_Navigation_Trajectory_Prediction_with_Generative_Wo_2604.07957.pdf,,no_code_link_found,"Codex:3D+4D-Evolution, Codex:3D4D-Reconstruction"
2604.09877,DINO_4D: Semantic-Aware 4D Reconstruction,2026-arxiv,动态场景与 4D 重建,时空/动态角度,建模运动/形变/时间一致性,Motion decomposition / canonical space / deformation,DINO_4D,DINO_4D 针对「建模运动/形变/时间一致性」，从「时空/动态角度」切入，主要采用「Motion decomposition / canonical space / deformation」来服务「动态场景与 4D 重建」。,/Volumes/UBag/Documents/l40server_mirror/lyra/Lyra-2/paper_collection_3d4d_reconstruction_2026_04_26/boardmix_mindmap/method_figures/2604.09877_DINO_4D.png,/Volumes/UBag/Documents/l40server_mirror/lyra/Lyra-2/paper_collection_3d4d_reconstruction_2026_04_26/pdfs/2026_DINO_4D_Semantic_Aware_4D_Reconstruction_2604.09877.pdf,,no_code_link_found,"Codex:3D+4D-Evolution, Codex:3D4D-Reconstruction, Codex:4D-Reconstruction"
2604.09862,FF3R: Feedforward Feature 3D Reconstruction from Unconstrained views,2026-arxiv,多视角几何/表面/场景重建,表示/几何角度,提升泛化/跨场景/开放世界能力,Feed-forward / Transformer / Foundation Model,FF3R,FF3R 针对「提升泛化/跨场景/开放世界能力」，从「表示/几何角度」切入，主要采用「Feed-forward / Transformer / Foundation Model」来服务「多视角几何/表面/场景重建」。,/Volumes/UBag/Documents/l40server_mirror/lyra/Lyra-2/paper_collection_3d4d_reconstruction_2026_04_26/boardmix_mindmap/method_figures/2604.09862_FF3R.png,/Volumes/UBag/Documents/l40server_mirror/lyra/Lyra-2/paper_collection_3d4d_reconstruction_2026_04_26/pdfs/2026_FF3R_Feedforward_Feature_3D_Reconstruction_from_Unconstrained_views_2604.09862.pdf,https://github.com/ChaoyiZh/ff3r,code_link_found_not_audited,"Codex:3D-Reconstruction, Codex:3D4D-Reconstruction"
2603.27222,HD-VGGT: High-Resolution Visual Geometry Transformer,2026-arxiv,人体/头像/可动画资产,计算角度,提升几何一致性/表面质量,Feed-forward / Transformer / Foundation Model,HD-VGGT,HD-VGGT 针对「提升几何一致性/表面质量」，从「计算角度」切入，主要采用「Feed-forward / Transformer / Foundation Model」来服务「人体/头像/可动画资产」。,/Volumes/UBag/Documents/l40server_mirror/lyra/Lyra-2/paper_collection_3d4d_reconstruction_2026_04_26/boardmix_mindmap/method_figures/2603.27222_HD-VGGT.png,/Volumes/UBag/Documents/l40server_mirror/lyra/Lyra-2/paper_collection_3d4d_reconstruction_2026_04_26/pdfs/2026_HD_VGGT_High_Resolution_Visual_Geometry_Transformer_2603.27222.pdf,,no_code_link_found,"Codex:3D-Reconstruction, Codex:3D4D-Reconstruction"
2604.09059,Learning Vision-Language-Action World Models for Autonomous Driving,2026-arxiv,SLAM/机器人/自动驾驶世界模型,生成/世界模型角度,提升可控生成/世界演化预测,Diffusion/生成先验/视频模型,Vision-Language-Action,Vision-Language-Action 针对「提升可控生成/世界演化预测」，从「生成/世界模型角度」切入，主要采用「Diffusion/生成先验/视频模型」来服务「SLAM/机器人/自动驾驶世界模型」。,/Volumes/UBag/Documents/l40server_mirror/lyra/Lyra-2/paper_collection_3d4d_reconstruction_2026_04_26/boardmix_mindmap/method_figures/2604.09059_Vision-Language-Action.png,/Volumes/UBag/Documents/l40server_mirror/lyra/Lyra-2/paper_collection_3d4d_reconstruction_2026_04_26/pdfs/2026_Learning_Vision_Language_Action_World_Models_for_Autonomous_Driving_2604.09059.pdf,https://github.com/eliahuhorwitz/Academic-project-page-template,code_link_found_not_audited,"Codex:3D+4D-Evolution, Codex:3D4D-Reconstruction"
2604.09903,PointSplat: Efficient Geometry-Driven Pruning and Transformer Refinement for 3D Gaussian Splatting,2026-arxiv,实时/大规模/高效 3D 表示,表示/几何角度,降低显存/存储/模型体积,Gaussian Splatting 表示与正则化,PointSplat,PointSplat 针对「降低显存/存储/模型体积」，从「表示/几何角度」切入，主要采用「Gaussian Splatting 表示与正则化」来服务「实时/大规模/高效 3D 表示」。,/Volumes/UBag/Documents/l40server_mirror/lyra/Lyra-2/paper_collection_3d4d_reconstruction_2026_04_26/boardmix_mindmap/method_figures/2604.09903_PointSplat.png,/Volumes/UBag/Documents/l40server_mirror/lyra/Lyra-2/paper_collection_3d4d_reconstruction_2026_04_26/pdfs/2026_PointSplat_Efficient_Geometry_Driven_Pruning_and_Transformer_Refinement_for_3D_Gaussian_Sp_2604.09903.pdf,https://github.com/anhthuan1999/pointsplat,code_link_found_not_audited,"Codex:3D-Reconstruction, Codex:3D4D-Reconstruction"
2604.02003,ProDiG: Progressive Diffusion-Guided Gaussian Splatting for Aerial to Ground Reconstruction,2026-arxiv,动态场景与 4D 重建,表示/几何角度,提升几何一致性/表面质量,Gaussian Splatting 表示与正则化,ProDiG,ProDiG 针对「提升几何一致性/表面质量」，从「表示/几何角度」切入，主要采用「Gaussian Splatting 表示与正则化」来服务「动态场景与 4D 重建」。,/Volumes/UBag/Documents/l40server_mirror/lyra/Lyra-2/paper_collection_3d4d_reconstruction_2026_04_26/boardmix_mindmap/method_figures/2604.02003_ProDiG.png,/Volumes/UBag/Documents/l40server_mirror/lyra/Lyra-2/paper_collection_3d4d_reconstruction_2026_04_26/pdfs/2026_ProDiG_Progressive_Diffusion_Guided_Gaussian_Splatting_for_Aerial_to_Ground_Reconstruction_2604.02003.pdf,https://github.com/sirsh07/ProDiG,code_link_found_not_audited,"Codex:3D-Reconstruction, Codex:3D4D-Reconstruction"
2604.09045,Scene-Agnostic Object-Centric Representation Learning for 3D Gaussian Splatting,2026-arxiv,多视角几何/表面/场景重建,训练/监督角度,解决稀疏视角几何不稳定,Gaussian Splatting 表示与正则化,Scene-Agnostic,Scene-Agnostic 针对「解决稀疏视角几何不稳定」，从「训练/监督角度」切入，主要采用「Gaussian Splatting 表示与正则化」来服务「多视角几何/表面/场景重建」。,/Volumes/UBag/Documents/l40server_mirror/lyra/Lyra-2/paper_collection_3d4d_reconstruction_2026_04_26/boardmix_mindmap/method_figures/2604.09045_Scene-Agnostic.png,/Volumes/UBag/Documents/l40server_mirror/lyra/Lyra-2/paper_collection_3d4d_reconstruction_2026_04_26/pdfs/2026_Scene_Agnostic_Object_Centric_Representation_Learning_for_3D_Gaussian_Splatting_2604.09045.pdf,,no_code_link_found,"Codex:3D-Reconstruction, Codex:3D4D-Reconstruction"
2604.09324,Structure-Aware Fine-Grained Gaussian Splatting for Expressive Avatar Reconstruction,2026-arxiv,人体/头像/可动画资产,时空/动态角度,建模运动/形变/时间一致性,Motion decomposition / canonical space / deformation,Structure-Aware,Structure-Aware 针对「建模运动/形变/时间一致性」，从「时空/动态角度」切入，主要采用「Motion decomposition / canonical space / deformation」来服务「人体/头像/可动画资产」。,/Volumes/UBag/Documents/l40server_mirror/lyra/Lyra-2/paper_collection_3d4d_reconstruction_2026_04_26/boardmix_mindmap/method_figures/2604.09324_Structure-Aware.png,/Volumes/UBag/Documents/l40server_mirror/lyra/Lyra-2/paper_collection_3d4d_reconstruction_2026_04_26/pdfs/2026_Structure_Aware_Fine_Grained_Gaussian_Splatting_for_Expressive_Avatar_Reconstruction_2604.09324.pdf,https://github.com/Su245811YZ/SFGS,code_link_found_not_audited,"Codex:3D-Reconstruction, Codex:3D4D-Reconstruction"
2604.09411,SynFlow: Scaling Up LiDAR Scene Flow Estimation with Synthetic Data,2026-arxiv,动态场景与 4D 重建,训练/监督角度,提升泛化/跨场景/开放世界能力,Motion decomposition / canonical space / deformation,SynFlow,SynFlow 针对「提升泛化/跨场景/开放世界能力」，从「训练/监督角度」切入，主要采用「Motion decomposition / canonical space / deformation」来服务「动态场景与 4D 重建」。,/Volumes/UBag/Documents/l40server_mirror/lyra/Lyra-2/paper_collection_3d4d_reconstruction_2026_04_26/boardmix_mindmap/method_figures/2604.09411_SynFlow.png,/Volumes/UBag/Documents/l40server_mirror/lyra/Lyra-2/paper_collection_3d4d_reconstruction_2026_04_26/pdfs/2026_SynFlow_Scaling_Up_LiDAR_Scene_Flow_Estimation_with_Synthetic_Data_2604.09411.pdf,https://github.com/Kin-Zhang/SynFlow,code_link_found_not_audited,"Codex:3D4D-Reconstruction, Codex:4D-Reconstruction"
2604.08945,TouchAnything: Diffusion-Guided 3D Reconstruction from Sparse Robot Touches,2026-arxiv,SLAM/机器人/自动驾驶世界模型,训练/监督角度,提升几何一致性/表面质量,Sensor/domain-specific pipeline,TouchAnything,TouchAnything 针对「提升几何一致性/表面质量」，从「训练/监督角度」切入，主要采用「Sensor/domain-specific pipeline」来服务「SLAM/机器人/自动驾驶世界模型」。,/Volumes/UBag/Documents/l40server_mirror/lyra/Lyra-2/paper_collection_3d4d_reconstruction_2026_04_26/boardmix_mindmap/method_figures/2604.08945_TouchAnything.png,/Volumes/UBag/Documents/l40server_mirror/lyra/Lyra-2/paper_collection_3d4d_reconstruction_2026_04_26/pdfs/2026_TouchAnything_Diffusion_Guided_3D_Reconstruction_from_Sparse_Robot_Touches_2604.08945.pdf,https://github.com/nerfies/nerfies.github.io,code_link_found_not_audited,"Codex:3D-Reconstruction, Codex:3D4D-Reconstruction"
2604.09330,VAG: Dual-Stream Video-Action Generation for Embodied Data Synthesis,2026-arxiv,SLAM/机器人/自动驾驶世界模型,训练/监督角度,提升可控生成/世界演化预测,SLAM / pose graph / online mapping pipeline,VAG,VAG 针对「提升可控生成/世界演化预测」，从「训练/监督角度」切入，主要采用「SLAM / pose graph / online mapping pipeline」来服务「SLAM/机器人/自动驾驶世界模型」。,/Volumes/UBag/Documents/l40server_mirror/lyra/Lyra-2/paper_collection_3d4d_reconstruction_2026_04_26/boardmix_mindmap/method_figures/2604.09330_VAG.png,/Volumes/UBag/Documents/l40server_mirror/lyra/Lyra-2/paper_collection_3d4d_reconstruction_2026_04_26/pdfs/2026_VAG_Dual_Stream_Video_Action_Generation_for_Embodied_Data_Synthesis_2604.09330.pdf,,no_code_link_found,"Codex:3D+4D-Evolution, Codex:3D4D-Reconstruction"
2604.10246,A Comparison of Multi-View Stereo Methods for Photogrammetric 3D Reconstruction: From Traditional to Learning-Based Approaches,2026-arxiv,多视角几何/表面/场景重建,计算角度,减少优化/采样/渲染步骤,Feed-forward / Transformer / Foundation Model,Multi-View,Multi-View 针对「减少优化/采样/渲染步骤」，从「计算角度」切入，主要采用「Feed-forward / Transformer / Foundation Model」来服务「多视角几何/表面/场景重建」。,/Volumes/UBag/Documents/l40server_mirror/lyra/Lyra-2/paper_collection_3d4d_reconstruction_2026_04_26/boardmix_mindmap/method_figures/2604.10246_Multi-View.png,/Volumes/UBag/Documents/l40server_mirror/lyra/Lyra-2/paper_collection_3d4d_reconstruction_2026_04_26/pdfs/2026_A_Comparison_of_Multi_View_Stereo_Methods_for_Photogrammetric_3D_Reconstruction_From_Tradi_2604.10246.pdf,,no_code_link_found,"Codex:3D-Reconstruction, Codex:3D4D-Reconstruction"
2604.10259,Real-Time Human Reconstruction and Animation using Feed-Forward Gaussian Splatting,2026-arxiv,人体/头像/可动画资产,表示/几何角度,提升几何一致性/表面质量,Gaussian Splatting 表示与正则化,Real-Time,Real-Time 针对「提升几何一致性/表面质量」，从「表示/几何角度」切入，主要采用「Gaussian Splatting 表示与正则化」来服务「人体/头像/可动画资产」。,/Volumes/UBag/Documents/l40server_mirror/lyra/Lyra-2/paper_collection_3d4d_reconstruction_2026_04_26/boardmix_mindmap/method_figures/2604.10259_Real-Time.png,/Volumes/UBag/Documents/l40server_mirror/lyra/Lyra-2/paper_collection_3d4d_reconstruction_2026_04_26/pdfs/2026_Real_Time_Human_Reconstruction_and_Animation_using_Feed_Forward_Gaussian_Splatting_2604.10259.pdf,https://github.com/Devdoot57/HumanGS,code_link_found_not_audited,"Codex:3D-Reconstruction, Codex:3D4D-Reconstruction"
2604.10106,VGGT-HPE: Reframing Head Pose Estimation as Relative Pose Prediction,2026-arxiv,稀疏/单目/少视角 3D 重建,训练/监督角度,解决稀疏视角几何不稳定,Motion decomposition / canonical space / deformation,VGGT-HPE,VGGT-HPE 针对「解决稀疏视角几何不稳定」，从「训练/监督角度」切入，主要采用「Motion decomposition / canonical space / deformation」来服务「稀疏/单目/少视角 3D 重建」。,/Volumes/UBag/Documents/l40server_mirror/lyra/Lyra-2/paper_collection_3d4d_reconstruction_2026_04_26/boardmix_mindmap/method_figures/2604.10106_VGGT-HPE.png,/Volumes/UBag/Documents/l40server_mirror/lyra/Lyra-2/paper_collection_3d4d_reconstruction_2026_04_26/pdfs/2026_VGGT_HPE_Reframing_Head_Pose_Estimation_as_Relative_Pose_Prediction_2604.10106.pdf,https://github.com/VasilikiVas/vggt-hpe,code_link_found_not_audited,"Codex:3D-Reconstruction, Codex:3D4D-Reconstruction"
2604.10690,Do LLMs Build Spatial World Models? Evidence from Grid-World Maze Tasks,2026-arxiv,SLAM/机器人/自动驾驶世界模型,生成/世界模型角度,提升可控生成/世界演化预测,Feed-forward / Transformer / Foundation Model,LLMs,LLMs 针对「提升可控生成/世界演化预测」，从「生成/世界模型角度」切入，主要采用「Feed-forward / Transformer / Foundation Model」来服务「SLAM/机器人/自动驾驶世界模型」。,/Volumes/UBag/Documents/l40server_mirror/lyra/Lyra-2/paper_collection_3d4d_reconstruction_2026_04_26/boardmix_mindmap/method_figures/2604.10690_LLMs.png,/Volumes/UBag/Documents/l40server_mirror/lyra/Lyra-2/paper_collection_3d4d_reconstruction_2026_04_26/pdfs/2026_Do_LLMs_Build_Spatial_World_Models_Evidence_from_Grid_World_Maze_Tasks_2604.10690.pdf,https://github.com/likenneth/othello_world/,code_link_found_not_audited,"Codex:3D+4D-Evolution, Codex:3D4D-Reconstruction"
2604.10512,FreeScale: Scaling 3D Scenes via Certainty-Aware Free-View Generation,2026-arxiv,实时/大规模/高效 3D 表示,训练/监督角度,解决稀疏视角几何不稳定,Gaussian Splatting 表示与正则化,FreeScale,FreeScale 针对「解决稀疏视角几何不稳定」，从「训练/监督角度」切入，主要采用「Gaussian Splatting 表示与正则化」来服务「实时/大规模/高效 3D 表示」。,/Volumes/UBag/Documents/l40server_mirror/lyra/Lyra-2/paper_collection_3d4d_reconstruction_2026_04_26/boardmix_mindmap/method_figures/2604.10512_FreeScale.png,/Volumes/UBag/Documents/l40server_mirror/lyra/Lyra-2/paper_collection_3d4d_reconstruction_2026_04_26/pdfs/2026_FreeScale_Scaling_3D_Scenes_via_Certainty_Aware_Free_View_Generation_2604.10512.pdf,https://github.com/mvp-ai-lab/FreeScale,code_link_found_not_audited,"Codex:3D-Reconstruction, Codex:3D4D-Reconstruction"
2604.10573,Learning 3D Representations for Spatial Intelligence from Unposed Multi-View Images,2026-arxiv,稀疏/单目/少视角 3D 重建,表示/几何角度,解决稀疏视角几何不稳定,Gaussian Splatting 表示与正则化,Multi-View,Multi-View 针对「解决稀疏视角几何不稳定」，从「表示/几何角度」切入，主要采用「Gaussian Splatting 表示与正则化」来服务「稀疏/单目/少视角 3D 重建」。,/Volumes/UBag/Documents/l40server_mirror/lyra/Lyra-2/paper_collection_3d4d_reconstruction_2026_04_26/boardmix_mindmap/method_figures/2604.10573_Multi-View.png,/Volumes/UBag/Documents/l40server_mirror/lyra/Lyra-2/paper_collection_3d4d_reconstruction_2026_04_26/pdfs/2026_Learning_3D_Representations_for_Spatial_Intelligence_from_Unposed_Multi_View_Images_2604.10573.pdf,https://github.com/eliahuhorwitz/Academic-project-page-template,code_link_found_not_audited,"Codex:3D-Reconstruction, Codex:3D4D-Reconstruction"
2604.10593,MonoEM-GS: Monocular Expectation-Maximization Gaussian Splatting SLAM,2026-arxiv,稀疏/单目/少视角 3D 重建,表示/几何角度,解决稀疏视角几何不稳定,SLAM / pose graph / online mapping pipeline,MonoEM-GS,MonoEM-GS 针对「解决稀疏视角几何不稳定」，从「表示/几何角度」切入，主要采用「SLAM / pose graph / online mapping pipeline」来服务「稀疏/单目/少视角 3D 重建」。,/Volumes/UBag/Documents/l40server_mirror/lyra/Lyra-2/paper_collection_3d4d_reconstruction_2026_04_26/boardmix_mindmap/method_figures/2604.10593_MonoEM-GS.png,/Volumes/UBag/Documents/l40server_mirror/lyra/Lyra-2/paper_collection_3d4d_reconstruction_2026_04_26/pdfs/2026_MonoEM_GS_Monocular_Expectation_Maximization_Gaussian_Splatting_SLAM_2604.10593.pdf,,no_code_link_found,"Codex:3D-Reconstruction, Codex:3D4D-Reconstruction"
2604.10415,Point2Pose: Occlusion-Recovering 6D Pose Tracking and 3D Reconstruction for Multiple Unknown Objects Via 2D Point Trackers,2026-arxiv,动态场景与 4D 重建,时空/动态角度,解决稀疏视角几何不稳定,SLAM / pose graph / online mapping pipeline,Point2Pose,Point2Pose 针对「解决稀疏视角几何不稳定」，从「时空/动态角度」切入，主要采用「SLAM / pose graph / online mapping pipeline」来服务「动态场景与 4D 重建」。,/Volumes/UBag/Documents/l40server_mirror/lyra/Lyra-2/paper_collection_3d4d_reconstruction_2026_04_26/boardmix_mindmap/method_figures/2604.10415_Point2Pose.png,/Volumes/UBag/Documents/l40server_mirror/lyra/Lyra-2/paper_collection_3d4d_reconstruction_2026_04_26/pdfs/2026_Point2Pose_Occlusion_Recovering_6D_Pose_Tracking_and_3D_Reconstruction_for_Multiple_Unknow_2604.10415.pdf,https://github.com/borglab/gtsam\,code_link_found_not_audited,"Codex:3D-Reconstruction, Codex:3D4D-Reconstruction"
2604.10789,ReplicateAnyScene: Zero-Shot Video-to-3D Composition via Textual-Visual-Spatial Alignment,2026-arxiv,多视角几何/表面/场景重建,训练/监督角度,提升泛化/跨场景/开放世界能力,SLAM / pose graph / online mapping pipeline,ReplicateAnyScene,ReplicateAnyScene 针对「提升泛化/跨场景/开放世界能力」，从「训练/监督角度」切入，主要采用「SLAM / pose graph / online mapping pipeline」来服务「多视角几何/表面/场景重建」。,/Volumes/UBag/Documents/l40server_mirror/lyra/Lyra-2/paper_collection_3d4d_reconstruction_2026_04_26/boardmix_mindmap/method_figures/2604.10789_ReplicateAnyScene.png,/Volumes/UBag/Documents/l40server_mirror/lyra/Lyra-2/paper_collection_3d4d_reconstruction_2026_04_26/pdfs/2026_ReplicateAnyScene_Zero_Shot_Video_to_3D_Composition_via_Textual_Visual_Spatial_Alignment_2604.10789.pdf,https://github.com/xiac20/ReplicateAnyScene,code_link_found_not_audited,"Codex:3D-Reconstruction, Codex:3D4D-Reconstruction"
2604.11302,3D-Anchored Lookahead Planning for Persistent Robotic Scene Memory via World-Model-Based MCTS,2026-arxiv,SLAM/机器人/自动驾驶世界模型,生成/世界模型角度,提升可控生成/世界演化预测,Diffusion/生成先验/视频模型,World-Model-Based,World-Model-Based 针对「提升可控生成/世界演化预测」，从「生成/世界模型角度」切入，主要采用「Diffusion/生成先验/视频模型」来服务「SLAM/机器人/自动驾驶世界模型」。,/Volumes/UBag/Documents/l40server_mirror/lyra/Lyra-2/paper_collection_3d4d_reconstruction_2026_04_26/boardmix_mindmap/method_figures/2604.11302_World-Model-Based.png,/Volumes/UBag/Documents/l40server_mirror/lyra/Lyra-2/paper_collection_3d4d_reconstruction_2026_04_26/pdfs/2026_3D_Anchored_Lookahead_Planning_for_Persistent_Robotic_Scene_Memory_via_World_Model_Based_M_2604.11302.pdf,,no_code_link_found,"Codex:3D+4D-Evolution, Codex:3D4D-Reconstruction"
2604.11983,A Geometric Algebra-informed NeRF Framework for Generalizable Wireless Channel Prediction,2026-arxiv,生成式 3D/4D 内容与仿真,表示/几何角度,解决稀疏视角几何不稳定,NeRF/辐射场/体渲染,NeRF,NeRF 针对「解决稀疏视角几何不稳定」，从「表示/几何角度」切入，主要采用「NeRF/辐射场/体渲染」来服务「生成式 3D/4D 内容与仿真」。,/Volumes/UBag/Documents/l40server_mirror/lyra/Lyra-2/paper_collection_3d4d_reconstruction_2026_04_26/boardmix_mindmap/method_figures/2604.11983_NeRF.png,/Volumes/UBag/Documents/l40server_mirror/lyra/Lyra-2/paper_collection_3d4d_reconstruction_2026_04_26/pdfs/2026_A_Geometric_Algebra_informed_NeRF_Framework_for_Generalizable_Wireless_Channel_Prediction_2604.11983.pdf,,code_link_found_not_audited,"Codex:3D-Reconstruction, Codex:3D4D-Reconstruction"
2601.09211,Affostruction: 3D Affordance Grounding with Generative Reconstruction,2026-arxiv,多视角几何/表面/场景重建,表示/几何角度,解决稀疏视角几何不稳定,SLAM / pose graph / online mapping pipeline,Affostruction,Affostruction 针对「解决稀疏视角几何不稳定」，从「表示/几何角度」切入，主要采用「SLAM / pose graph / online mapping pipeline」来服务「多视角几何/表面/场景重建」。,/Volumes/UBag/Documents/l40server_mirror/lyra/Lyra-2/paper_collection_3d4d_reconstruction_2026_04_26/boardmix_mindmap/method_figures/2601.09211_Affostruction.png,/Volumes/UBag/Documents/l40server_mirror/lyra/Lyra-2/paper_collection_3d4d_reconstruction_2026_04_26/pdfs/2026_Affostruction_3D_Affordance_Grounding_with_Generative_Reconstruction_2601.09211.pdf,https://github.com/chrockey/Affostruction,code_link_found_not_audited,"Codex:3D-Reconstruction, Codex:3D4D-Reconstruction"
2604.11386,ComSim: Building Scalable Real-World Robot Data Generation via Compositional Simulation,2026-arxiv,SLAM/机器人/自动驾驶世界模型,生成/世界模型角度,提升可控生成/世界演化预测,SLAM / pose graph / online mapping pipeline,ComSim,ComSim 针对「提升可控生成/世界演化预测」，从「生成/世界模型角度」切入，主要采用「SLAM / pose graph / online mapping pipeline」来服务「SLAM/机器人/自动驾驶世界模型」。,/Volumes/UBag/Documents/l40server_mirror/lyra/Lyra-2/paper_collection_3d4d_reconstruction_2026_04_26/boardmix_mindmap/method_figures/2604.11386_ComSim.png,/Volumes/UBag/Documents/l40server_mirror/lyra/Lyra-2/paper_collection_3d4d_reconstruction_2026_04_26/pdfs/2026_ComSim_Building_Scalable_Real_World_Robot_Data_Generation_via_Compositional_Simulation_2604.11386.pdf,https://github.com/hpcaitech/Open-Sora,code_link_found_not_audited,"Codex:3D+4D-Evolution, Codex:3D4D-Reconstruction"
2604.11401,GS4City: Hierarchical Semantic Gaussian Splatting via City-Model Priors,2026-arxiv,实时/大规模/高效 3D 表示,表示/几何角度,降低显存/存储/模型体积,Pruning / compression / progressive coding,GS4City,GS4City 针对「降低显存/存储/模型体积」，从「表示/几何角度」切入，主要采用「Pruning / compression / progressive coding」来服务「实时/大规模/高效 3D 表示」。,/Volumes/UBag/Documents/l40server_mirror/lyra/Lyra-2/paper_collection_3d4d_reconstruction_2026_04_26/boardmix_mindmap/method_figures/2604.11401_GS4City.png,/Volumes/UBag/Documents/l40server_mirror/lyra/Lyra-2/paper_collection_3d4d_reconstruction_2026_04_26/pdfs/2026_GS4City_Hierarchical_Semantic_Gaussian_Splatting_via_City_Model_Priors_2604.11401.pdf,https://github.com/Jinyzzz/GS4City,code_link_found_not_audited,"Codex:3D-Reconstruction, Codex:3D4D-Reconstruction"
2604.07209,INSPATIO-WORLD: A Real-Time 4D World Simulator via Spatiotemporal Autoregressive Modeling,2026-arxiv,动态场景与 4D 重建,时空/动态角度,提升可控生成/世界演化预测,Diffusion/生成先验/视频模型,INSPATIO-WORLD,INSPATIO-WORLD 针对「提升可控生成/世界演化预测」，从「时空/动态角度」切入，主要采用「Diffusion/生成先验/视频模型」来服务「动态场景与 4D 重建」。,/Volumes/UBag/Documents/l40server_mirror/lyra/Lyra-2/paper_collection_3d4d_reconstruction_2026_04_26/boardmix_mindmap/method_figures/2604.07209_INSPATIO-WORLD.png,/Volumes/UBag/Documents/l40server_mirror/lyra/Lyra-2/paper_collection_3d4d_reconstruction_2026_04_26/pdfs/2026_INSPATIO_WORLD_A_Real_Time_4D_World_Simulator_via_Spatiotemporal_Autoregressive_Modeling_2604.07209.pdf,https://github.com/inspatio/inspatio-world,code_link_found_not_audited,"Codex:3D+4D-Evolution, Codex:3D4D-Reconstruction"
2604.10994,LumiMotion: Improving Gaussian Relighting with Scene Dynamics,2026-arxiv,动态场景与 4D 重建,时空/动态角度,建模运动/形变/时间一致性,Motion decomposition / canonical space / deformation,LumiMotion,LumiMotion 针对「建模运动/形变/时间一致性」，从「时空/动态角度」切入，主要采用「Motion decomposition / canonical space / deformation」来服务「动态场景与 4D 重建」。,/Volumes/UBag/Documents/l40server_mirror/lyra/Lyra-2/paper_collection_3d4d_reconstruction_2026_04_26/boardmix_mindmap/method_figures/2604.10994_LumiMotion.png,/Volumes/UBag/Documents/l40server_mirror/lyra/Lyra-2/paper_collection_3d4d_reconstruction_2026_04_26/pdfs/2026_LumiMotion_Improving_Gaussian_Relighting_with_Scene_Dynamics_2604.10994.pdf,https://github.com/joaxkal/LumiMotion,code_link_found_not_audited,"Codex:3D-Reconstruction, Codex:3D4D-Reconstruction"
2604.11142,Naka-GS: A Bionics-inspired Dual-Branch Naka Correction and Progressive Point Pruning for Low-Light 3DGS,2026-arxiv,多视角几何/表面/场景重建,表示/几何角度,降低显存/存储/模型体积,Pruning / compression / progressive coding,Naka-GS,Naka-GS 针对「降低显存/存储/模型体积」，从「表示/几何角度」切入，主要采用「Pruning / compression / progressive coding」来服务「多视角几何/表面/场景重建」。,/Volumes/UBag/Documents/l40server_mirror/lyra/Lyra-2/paper_collection_3d4d_reconstruction_2026_04_26/boardmix_mindmap/method_figures/2604.11142_Naka-GS.png,/Volumes/UBag/Documents/l40server_mirror/lyra/Lyra-2/paper_collection_3d4d_reconstruction_2026_04_26/pdfs/2026_Naka_GS_A_Bionics_inspired_Dual_Branch_Naka_Correction_and_Progressive_Point_Pruning_for_L_2604.11142.pdf,https://github.com/RunyuZhu/Naka-GS,code_link_found_not_audited,"Codex:3D-Reconstruction, Codex:3D4D-Reconstruction"
2604.11992,ReefMapGS: Enabling Large-Scale Underwater Reconstruction by Closing the Loop Between Multimodal SLAM and Gaussian Splatting,2026-arxiv,动态场景与 4D 重建,表示/几何角度,建模运动/形变/时间一致性,SLAM / pose graph / online mapping pipeline,ReefMapGS,ReefMapGS 针对「建模运动/形变/时间一致性」，从「表示/几何角度」切入，主要采用「SLAM / pose graph / online mapping pipeline」来服务「动态场景与 4D 重建」。,/Volumes/UBag/Documents/l40server_mirror/lyra/Lyra-2/paper_collection_3d4d_reconstruction_2026_04_26/boardmix_mindmap/method_figures/2604.11992_ReefMapGS.png,/Volumes/UBag/Documents/l40server_mirror/lyra/Lyra-2/paper_collection_3d4d_reconstruction_2026_04_26/pdfs/2026_ReefMapGS_Enabling_Large_Scale_Underwater_Reconstruction_by_Closing_the_Loop_Between_Multi_2604.11992.pdf,https://github.com/MichaelGrupp/evo,code_link_found_not_audited,"Codex:3D-Reconstruction, Codex:3D4D-Reconstruction"
2603.12639,RoboStereo: Dual-Tower 4D Embodied World Models for Unified Policy Optimization,2026-arxiv,SLAM/机器人/自动驾驶世界模型,时空/动态角度,提升可控生成/世界演化预测,Motion decomposition / canonical space / deformation,RoboStereo,RoboStereo 针对「提升可控生成/世界演化预测」，从「时空/动态角度」切入，主要采用「Motion decomposition / canonical space / deformation」来服务「SLAM/机器人/自动驾驶世界模型」。,/Volumes/UBag/Documents/l40server_mirror/lyra/Lyra-2/paper_collection_3d4d_reconstruction_2026_04_26/boardmix_mindmap/method_figures/2603.12639_RoboStereo.png,/Volumes/UBag/Documents/l40server_mirror/lyra/Lyra-2/paper_collection_3d4d_reconstruction_2026_04_26/pdfs/2026_RoboStereo_Dual_Tower_4D_Embodied_World_Models_for_Unified_Policy_Optimization_2603.12639.pdf,https://github.com/LAION-AI/aesthetic-predictor,code_link_found_not_audited,"Codex:3D+4D-Evolution, Codex:3D4D-Reconstruction"
2603.28287,TerraSky3D: Multi-View Reconstructions of European Landmarks in 4K,2026-arxiv,多视角几何/表面/场景重建,训练/监督角度,解决稀疏视角几何不稳定,SLAM / pose graph / online mapping pipeline,TerraSky3D,TerraSky3D 针对「解决稀疏视角几何不稳定」，从「训练/监督角度」切入，主要采用「SLAM / pose graph / online mapping pipeline」来服务「多视角几何/表面/场景重建」。,/Volumes/UBag/Documents/l40server_mirror/lyra/Lyra-2/paper_collection_3d4d_reconstruction_2026_04_26/boardmix_mindmap/method_figures/2603.28287_TerraSky3D.png,/Volumes/UBag/Documents/l40server_mirror/lyra/Lyra-2/paper_collection_3d4d_reconstruction_2026_04_26/pdfs/2026_TerraSky3D_Multi_View_Reconstructions_of_European_Landmarks_in_4K_2603.28287.pdf,https://github.com/mattiadurso/TerraSky3D,code_link_found_not_audited,"Codex:3D-Reconstruction, Codex:3D4D-Reconstruction"
2604.11685,Unfolding 3D Gaussian Splatting via Iterative Gaussian Synopsis,2026-arxiv,实时/大规模/高效 3D 表示,内存/存储角度,降低显存/存储/模型体积,Pruning / compression / progressive coding,本文方法,本文方法 针对「降低显存/存储/模型体积」，从「内存/存储角度」切入，主要采用「Pruning / compression / progressive coding」来服务「实时/大规模/高效 3D 表示」。,/Volumes/UBag/Documents/l40server_mirror/lyra/Lyra-2/paper_collection_3d4d_reconstruction_2026_04_26/boardmix_mindmap/method_figures/2604.11685_paper.png,/Volumes/UBag/Documents/l40server_mirror/lyra/Lyra-2/paper_collection_3d4d_reconstruction_2026_04_26/pdfs/2026_Unfolding_3D_Gaussian_Splatting_via_Iterative_Gaussian_Synopsis_2604.11685.pdf,,no_code_link_found,"Codex:3D-Reconstruction, Codex:3D4D-Reconstruction"
2604.12251,ArtifactWorld: Scaling 3D Gaussian Splatting Artifact Restoration via Video Generation Models,2026-arxiv,生成式 3D/4D 内容与仿真,时空/动态角度,解决稀疏视角几何不稳定,Diffusion/生成先验/视频模型,ArtifactWorld,ArtifactWorld 针对「解决稀疏视角几何不稳定」，从「时空/动态角度」切入，主要采用「Diffusion/生成先验/视频模型」来服务「生成式 3D/4D 内容与仿真」。,/Volumes/UBag/Documents/l40server_mirror/lyra/Lyra-2/paper_collection_3d4d_reconstruction_2026_04_26/boardmix_mindmap/method_figures/2604.12251_ArtifactWorld.png,/Volumes/UBag/Documents/l40server_mirror/lyra/Lyra-2/paper_collection_3d4d_reconstruction_2026_04_26/pdfs/2026_ArtifactWorld_Scaling_3D_Gaussian_Splatting_Artifact_Restoration_via_Video_Generation_Mode_2604.12251.pdf,,code_link_found_not_audited,"Codex:3D-Reconstruction, Codex:3D4D-Reconstruction"
2604.08410,BLaDA: Bridging Language to Functional Dexterous Actions within 3DGS Fields,2026-arxiv,动态场景与 4D 重建,表示/几何角度,提升泛化/跨场景/开放世界能力,Gaussian Splatting 表示与正则化,BLaDA,BLaDA 针对「提升泛化/跨场景/开放世界能力」，从「表示/几何角度」切入，主要采用「Gaussian Splatting 表示与正则化」来服务「动态场景与 4D 重建」。,/Volumes/UBag/Documents/l40server_mirror/lyra/Lyra-2/paper_collection_3d4d_reconstruction_2026_04_26/boardmix_mindmap/method_figures/2604.08410_BLaDA.png,/Volumes/UBag/Documents/l40server_mirror/lyra/Lyra-2/paper_collection_3d4d_reconstruction_2026_04_26/pdfs/2026_BLaDA_Bridging_Language_to_Functional_Dexterous_Actions_within_3DGS_Fields_2604.08410.pdf,https://github.com/PopeyePxx/BLaDA,code_link_found_not_audited,"Codex:3D-Reconstruction, Codex:3D4D-Reconstruction"
2602.15355,DAV-GSWT: Diffusion-Active-View Sampling for Data-Efficient Gaussian Splatting Wang Tiles,2026-arxiv,生成式 3D/4D 内容与仿真,训练/监督角度,减少优化/采样/渲染步骤,Gaussian Splatting 表示与正则化,DAV-GSWT,DAV-GSWT 针对「减少优化/采样/渲染步骤」，从「训练/监督角度」切入，主要采用「Gaussian Splatting 表示与正则化」来服务「生成式 3D/4D 内容与仿真」。,/Volumes/UBag/Documents/l40server_mirror/lyra/Lyra-2/paper_collection_3d4d_reconstruction_2026_04_26/boardmix_mindmap/method_figures/2602.15355_DAV-GSWT.png,/Volumes/UBag/Documents/l40server_mirror/lyra/Lyra-2/paper_collection_3d4d_reconstruction_2026_04_26/pdfs/2026_DAV_GSWT_Diffusion_Active_View_Sampling_for_Data_Efficient_Gaussian_Splatting_Wang_Tiles_2602.15355.pdf,,no_code_link_found,"Codex:3D-Reconstruction, Codex:3D4D-Reconstruction"
2604.12592,ELoG-GS: Dual-Branch Gaussian Splatting with Luminance-Guided Enhancement for Extreme Low-light 3D Reconstruction,2026-arxiv,多视角几何/表面/场景重建,表示/几何角度,解决稀疏视角几何不稳定,Gaussian Splatting 表示与正则化,ELoG-GS,ELoG-GS 针对「解决稀疏视角几何不稳定」，从「表示/几何角度」切入，主要采用「Gaussian Splatting 表示与正则化」来服务「多视角几何/表面/场景重建」。,/Volumes/UBag/Documents/l40server_mirror/lyra/Lyra-2/paper_collection_3d4d_reconstruction_2026_04_26/boardmix_mindmap/method_figures/2604.12592_ELoG-GS.png,/Volumes/UBag/Documents/l40server_mirror/lyra/Lyra-2/paper_collection_3d4d_reconstruction_2026_04_26/pdfs/2026_ELoG_GS_Dual_Branch_Gaussian_Splatting_with_Luminance_Guided_Enhancement_for_Extreme_Low_l_2604.12592.pdf,https://github.com/lyh120/FSGS_EAPGS,code_link_found_not_audited,"Codex:3D-Reconstruction, Codex:3D4D-Reconstruction"
2604.12837,GGD-SLAM: Monocular 3DGS SLAM Powered by Generalizable Motion Model for Dynamic Environments,2026-arxiv,动态场景与 4D 重建,表示/几何角度,建模运动/形变/时间一致性,SLAM / pose graph / online mapping pipeline,GGD-SLAM,GGD-SLAM 针对「建模运动/形变/时间一致性」，从「表示/几何角度」切入，主要采用「SLAM / pose graph / online mapping pipeline」来服务「动态场景与 4D 重建」。,/Volumes/UBag/Documents/l40server_mirror/lyra/Lyra-2/paper_collection_3d4d_reconstruction_2026_04_26/boardmix_mindmap/method_figures/2604.12837_GGD-SLAM.png,/Volumes/UBag/Documents/l40server_mirror/lyra/Lyra-2/paper_collection_3d4d_reconstruction_2026_04_26/pdfs/2026_GGD_SLAM_Monocular_3DGS_SLAM_Powered_by_Generalizable_Motion_Model_for_Dynamic_Environment_2604.12837.pdf,,no_code_link_found,"Codex:3D-Reconstruction, Codex:3D4D-Reconstruction"
2604.12626,Habitat-GS: A High-Fidelity Navigation Simulator with Dynamic Gaussian Splatting,2026-arxiv,实时/大规模/高效 3D 表示,表示/几何角度,建模运动/形变/时间一致性,Gaussian Splatting 表示与正则化,Habitat-GS,Habitat-GS 针对「建模运动/形变/时间一致性」，从「表示/几何角度」切入，主要采用「Gaussian Splatting 表示与正则化」来服务「实时/大规模/高效 3D 表示」。,/Volumes/UBag/Documents/l40server_mirror/lyra/Lyra-2/paper_collection_3d4d_reconstruction_2026_04_26/boardmix_mindmap/method_figures/2604.12626_Habitat-GS.png,/Volumes/UBag/Documents/l40server_mirror/lyra/Lyra-2/paper_collection_3d4d_reconstruction_2026_04_26/pdfs/2026_Habitat_GS_A_High_Fidelity_Navigation_Simulator_with_Dynamic_Gaussian_Splatting_2604.12626.pdf,https://github.com/zju3dv/habitat-gs,code_link_found_not_audited,"Codex:3D-Reconstruction, Codex:3D4D-Reconstruction, Codex:4D-Reconstruction"
2604.13340,MSGS: Multispectral 3D Gaussian Splatting,2026-arxiv,实时/大规模/高效 3D 表示,表示/几何角度,降低显存/存储/模型体积,Gaussian Splatting 表示与正则化,MSGS,MSGS 针对「降低显存/存储/模型体积」，从「表示/几何角度」切入，主要采用「Gaussian Splatting 表示与正则化」来服务「实时/大规模/高效 3D 表示」。,/Volumes/UBag/Documents/l40server_mirror/lyra/Lyra-2/paper_collection_3d4d_reconstruction_2026_04_26/boardmix_mindmap/method_figures/2604.13340_MSGS.png,/Volumes/UBag/Documents/l40server_mirror/lyra/Lyra-2/paper_collection_3d4d_reconstruction_2026_04_26/pdfs/2026_MSGS_Multispectral_3D_Gaussian_Splatting_2604.13340.pdf,,no_code_link_found,"Codex:3D-Reconstruction, Codex:3D4D-Reconstruction"
2604.13235,Neural 3D Reconstruction of Planetary Surfaces from Descent-Phase Wide-Angle Imagery,2026-arxiv,多视角几何/表面/场景重建,表示/几何角度,提升几何一致性/表面质量,SLAM / pose graph / online mapping pipeline,Descent-Phase,Descent-Phase 针对「提升几何一致性/表面质量」，从「表示/几何角度」切入，主要采用「SLAM / pose graph / online mapping pipeline」来服务「多视角几何/表面/场景重建」。,/Volumes/UBag/Documents/l40server_mirror/lyra/Lyra-2/paper_collection_3d4d_reconstruction_2026_04_26/boardmix_mindmap/method_figures/2604.13235_Descent-Phase.png,/Volumes/UBag/Documents/l40server_mirror/lyra/Lyra-2/paper_collection_3d4d_reconstruction_2026_04_26/pdfs/2026_Neural_3D_Reconstruction_of_Planetary_Surfaces_from_Descent_Phase_Wide_Angle_Imagery_2604.13235.pdf,,no_code_link_found,"Codex:3D-Reconstruction, Codex:3D4D-Reconstruction"
2604.13153,PatchPoison: Poisoning Multi-View Datasets to Degrade 3D Reconstruction,2026-arxiv,多视角几何/表面/场景重建,表示/几何角度,建模运动/形变/时间一致性,Gaussian Splatting 表示与正则化,PatchPoison,PatchPoison 针对「建模运动/形变/时间一致性」，从「表示/几何角度」切入，主要采用「Gaussian Splatting 表示与正则化」来服务「多视角几何/表面/场景重建」。,/Volumes/UBag/Documents/l40server_mirror/lyra/Lyra-2/paper_collection_3d4d_reconstruction_2026_04_26/boardmix_mindmap/method_figures/2604.13153_PatchPoison.png,/Volumes/UBag/Documents/l40server_mirror/lyra/Lyra-2/paper_collection_3d4d_reconstruction_2026_04_26/pdfs/2026_PatchPoison_Poisoning_Multi_View_Datasets_to_Degrade_3D_Reconstruction_2604.13153.pdf,,no_code_link_found,"Codex:3D-Reconstruction, Codex:3D4D-Reconstruction"
2604.12923,Pi-HOC: Pairwise 3D Human-Object Contact Estimation,2026-arxiv,多视角几何/表面/场景重建,训练/监督角度,提升可控生成/世界演化预测,SDF/隐式表面/网格/点云,Pi-HOC,Pi-HOC 针对「提升可控生成/世界演化预测」，从「训练/监督角度」切入，主要采用「SDF/隐式表面/网格/点云」来服务「多视角几何/表面/场景重建」。,/Volumes/UBag/Documents/l40server_mirror/lyra/Lyra-2/paper_collection_3d4d_reconstruction_2026_04_26/boardmix_mindmap/method_figures/2604.12923_Pi-HOC.png,/Volumes/UBag/Documents/l40server_mirror/lyra/Lyra-2/paper_collection_3d4d_reconstruction_2026_04_26/pdfs/2026_Pi_HOC_Pairwise_3D_Human_Object_Contact_Estimation_2604.12923.pdf,https://github.com/SravanChittupalli/Pi-HOC,code_link_found_not_audited,"Codex:3D-Reconstruction, Codex:3D4D-Reconstruction"
2604.12908,Robotic Manipulation is Vision-to-Geometry Mapping ($f(v) \rightarrow G$): Vision-Geometry Backbones over Language and Video Models,2026-arxiv,SLAM/机器人/自动驾驶世界模型,训练/监督角度,提升泛化/跨场景/开放世界能力,SLAM / pose graph / online mapping pipeline,to-Geometry,to-Geometry 针对「提升泛化/跨场景/开放世界能力」，从「训练/监督角度」切入，主要采用「SLAM / pose graph / online mapping pipeline」来服务「SLAM/机器人/自动驾驶世界模型」。,/Volumes/UBag/Documents/l40server_mirror/lyra/Lyra-2/paper_collection_3d4d_reconstruction_2026_04_26/boardmix_mindmap/method_figures/2604.12908_to-Geometry.png,/Volumes/UBag/Documents/l40server_mirror/lyra/Lyra-2/paper_collection_3d4d_reconstruction_2026_04_26/pdfs/2026_Robotic_Manipulation_is_Vision_to_Geometry_Mapping_f_v_rightarrow_G_Vision_Geometry_Backbo_2604.12908.pdf,,code_link_found_not_audited,"Codex:3D+4D-Evolution, Codex:3D4D-Reconstruction"
2604.13333,SSD-GS: Scattering and Shadow Decomposition for Relightable 3D Gaussian Splatting,2026-arxiv,动态场景与 4D 重建,训练/监督角度,降低显存/存储/模型体积,Pruning / compression / progressive coding,SSD-GS,SSD-GS 针对「降低显存/存储/模型体积」，从「训练/监督角度」切入，主要采用「Pruning / compression / progressive coding」来服务「动态场景与 4D 重建」。,/Volumes/UBag/Documents/l40server_mirror/lyra/Lyra-2/paper_collection_3d4d_reconstruction_2026_04_26/boardmix_mindmap/method_figures/2604.13333_SSD-GS.png,/Volumes/UBag/Documents/l40server_mirror/lyra/Lyra-2/paper_collection_3d4d_reconstruction_2026_04_26/pdfs/2026_SSD_GS_Scattering_and_Shadow_Decomposition_for_Relightable_3D_Gaussian_Splatting_2604.13333.pdf,https://github.com/irisfreesiri/SSD-GS,code_link_found_not_audited,"Codex:3D-Reconstruction, Codex:3D4D-Reconstruction"
2604.06168,Action Images: End-to-End Policy Learning via Multiview Video Generation,2026-arxiv,生成式 3D/4D 内容与仿真,生成/世界模型角度,提升可控生成/世界演化预测,Diffusion/生成先验/视频模型,Action Images,Action Images 针对「提升可控生成/世界演化预测」，从「生成/世界模型角度」切入，主要采用「Diffusion/生成先验/视频模型」来服务「生成式 3D/4D 内容与仿真」。,/Volumes/UBag/Documents/l40server_mirror/lyra/Lyra-2/paper_collection_3d4d_reconstruction_2026_04_26/boardmix_mindmap/method_figures/2604.06168_Action_Images.png,/Volumes/UBag/Documents/l40server_mirror/lyra/Lyra-2/paper_collection_3d4d_reconstruction_2026_04_26/pdfs/2026_Action_Images_End_to_End_Policy_Learning_via_Multiview_Video_Generation_2604.06168.pdf,https://github.com/UMass-Embodied-AGI/ActionImages,code_link_found_not_audited,"Codex:3D+4D-Evolution, Codex:3D4D-Reconstruction"
2604.13856,Any3DAvatar: Fast and High-Quality Full-Head 3D Avatar Reconstruction from Single Portrait Image,2026-arxiv,人体/头像/可动画资产,计算角度,减少优化/采样/渲染步骤,SLAM / pose graph / online mapping pipeline,Any3DAvatar,Any3DAvatar 针对「减少优化/采样/渲染步骤」，从「计算角度」切入，主要采用「SLAM / pose graph / online mapping pipeline」来服务「人体/头像/可动画资产」。,/Volumes/UBag/Documents/l40server_mirror/lyra/Lyra-2/paper_collection_3d4d_reconstruction_2026_04_26/boardmix_mindmap/method_figures/2604.13856_Any3DAvatar.png,/Volumes/UBag/Documents/l40server_mirror/lyra/Lyra-2/paper_collection_3d4d_reconstruction_2026_04_26/pdfs/2026_Any3DAvatar_Fast_and_High_Quality_Full_Head_3D_Avatar_Reconstruction_from_Single_Portrait_2604.13856.pdf,,code_link_found_not_audited,"Codex:3D-Reconstruction, Codex:3D4D-Reconstruction"
2604.13746,ClipGStream: Clip-Stream Gaussian Splatting for Any Length and Any Motion Multi-View Dynamic Scene Reconstruction,2026-arxiv,动态场景与 4D 重建,时空/动态角度,建模运动/形变/时间一致性,Motion decomposition / canonical space / deformation,ClipGStream,ClipGStream 针对「建模运动/形变/时间一致性」，从「时空/动态角度」切入，主要采用「Motion decomposition / canonical space / deformation」来服务「动态场景与 4D 重建」。,/Volumes/UBag/Documents/l40server_mirror/lyra/Lyra-2/paper_collection_3d4d_reconstruction_2026_04_26/boardmix_mindmap/method_figures/2604.13746_ClipGStream.png,/Volumes/UBag/Documents/l40server_mirror/lyra/Lyra-2/paper_collection_3d4d_reconstruction_2026_04_26/pdfs/2026_ClipGStream_Clip_Stream_Gaussian_Splatting_for_Any_Length_and_Any_Motion_Multi_View_Dynami_2604.13746.pdf,,no_code_link_found,"Codex:3D-Reconstruction, Codex:3D4D-Reconstruction, Codex:4D-Reconstruction"
2604.13416,DF3DV-1K: A Large-Scale Dataset and Benchmark for Distractor-Free Novel View Synthesis,2026-arxiv,稀疏/单目/少视角 3D 重建,表示/几何角度,建模运动/形变/时间一致性,Gaussian Splatting 表示与正则化,DF3DV-1K,DF3DV-1K 针对「建模运动/形变/时间一致性」，从「表示/几何角度」切入，主要采用「Gaussian Splatting 表示与正则化」来服务「稀疏/单目/少视角 3D 重建」。,/Volumes/UBag/Documents/l40server_mirror/lyra/Lyra-2/paper_collection_3d4d_reconstruction_2026_04_26/boardmix_mindmap/method_figures/2604.13416_DF3DV-1K.png,/Volumes/UBag/Documents/l40server_mirror/lyra/Lyra-2/paper_collection_3d4d_reconstruction_2026_04_26/pdfs/2026_DF3DV_1K_A_Large_Scale_Dataset_and_Benchmark_for_Distractor_Free_Novel_View_Synthesis_2604.13416.pdf,,no_code_link_found,"Codex:3D-Reconstruction, Codex:3D4D-Reconstruction"
2604.14025,Feed-Forward 3D Scene Modeling: A Problem-Driven Perspective,2026-arxiv,多视角几何/表面/场景重建,训练/监督角度,提升可控生成/世界演化预测,SLAM / pose graph / online mapping pipeline,Feed-Forward 3D Scene Modeling,Feed-Forward 3D Scene Modeling 针对「提升可控生成/世界演化预测」，从「训练/监督角度」切入，主要采用「SLAM / pose graph / online mapping pipeline」来服务「多视角几何/表面/场景重建」。,/Volumes/UBag/Documents/l40server_mirror/lyra/Lyra-2/paper_collection_3d4d_reconstruction_2026_04_26/boardmix_mindmap/method_figures/2604.14025_Feed-Forward_3D_Scene_Modeling.png,/Volumes/UBag/Documents/l40server_mirror/lyra/Lyra-2/paper_collection_3d4d_reconstruction_2026_04_26/pdfs/2026_Feed_Forward_3D_Scene_Modeling_A_Problem_Driven_Perspective_2604.14025.pdf,https://github.com/ziplab/Awesome-Feed-Forward-3D,code_link_found_not_audited,"Codex:3D-Reconstruction, Codex:3D4D-Reconstruction"
2604.14048,Free Geometry: Refining 3D Reconstruction from Longer Versions of Itself,2026-arxiv,实时/大规模/高效 3D 表示,训练/监督角度,提升几何一致性/表面质量,Feed-forward / Transformer / Foundation Model,Free Geometry,Free Geometry 针对「提升几何一致性/表面质量」，从「训练/监督角度」切入，主要采用「Feed-forward / Transformer / Foundation Model」来服务「实时/大规模/高效 3D 表示」。,/Volumes/UBag/Documents/l40server_mirror/lyra/Lyra-2/paper_collection_3d4d_reconstruction_2026_04_26/boardmix_mindmap/method_figures/2604.14048_Free_Geometry.png,/Volumes/UBag/Documents/l40server_mirror/lyra/Lyra-2/paper_collection_3d4d_reconstruction_2026_04_26/pdfs/2026_Free_Geometry_Refining_3D_Reconstruction_from_Longer_Versions_of_Itself_2604.14048.pdf,https://github.com/hiteacherIamhumble/Free-Geometry,code_link_found_not_audited,"Codex:3D-Reconstruction, Codex:3D4D-Reconstruction"
2604.14268,"HY-World 2.0: A Multi-Modal World Model for Reconstructing, Generating, and Simulating 3D Worlds",2026-arxiv,稀疏/单目/少视角 3D 重建,训练/监督角度,提升可控生成/世界演化预测,Gaussian Splatting 表示与正则化,HY-World 2.0,HY-World 2.0 针对「提升可控生成/世界演化预测」，从「训练/监督角度」切入，主要采用「Gaussian Splatting 表示与正则化」来服务「稀疏/单目/少视角 3D 重建」。,/Volumes/UBag/Documents/l40server_mirror/lyra/Lyra-2/paper_collection_3d4d_reconstruction_2026_04_26/boardmix_mindmap/method_figures/2604.14268_HY-World_2.0.png,/Volumes/UBag/Documents/l40server_mirror/lyra/Lyra-2/paper_collection_3d4d_reconstruction_2026_04_26/pdfs/2026_HY_World_2_0_A_Multi_Modal_World_Model_for_Reconstructing_Generating_and_Simulating_3D_Wor_2604.14268.pdf,https://github.com/Tencent-Hunyuan/HY-World-2.0,code_link_found_not_audited,"Codex:3D+4D-Evolution, Codex:3D4D-Reconstruction"
2604.13918,PartNerFace: Part-based Neural Radiance Fields for Animatable Facial Avatar Reconstruction,2026-arxiv,人体/头像/可动画资产,表示/几何角度,建模运动/形变/时间一致性,Motion decomposition / canonical space / deformation,PartNerFace,PartNerFace 针对「建模运动/形变/时间一致性」，从「表示/几何角度」切入，主要采用「Motion decomposition / canonical space / deformation」来服务「人体/头像/可动画资产」。,/Volumes/UBag/Documents/l40server_mirror/lyra/Lyra-2/paper_collection_3d4d_reconstruction_2026_04_26/boardmix_mindmap/method_figures/2604.13918_PartNerFace.png,/Volumes/UBag/Documents/l40server_mirror/lyra/Lyra-2/paper_collection_3d4d_reconstruction_2026_04_26/pdfs/2026_PartNerFace_Part_based_Neural_Radiance_Fields_for_Animatable_Facial_Avatar_Reconstruction_2604.13918.pdf,,no_code_link_found,"Codex:3D-Reconstruction, Codex:3D4D-Reconstruction"
2604.13492,RadarSplat-RIO: Indoor Radar-Inertial Odometry with Gaussian Splatting-Based Radar Bundle Adjustment,2026-arxiv,动态场景与 4D 重建,表示/几何角度,接入 SLAM/机器人闭环系统,SLAM / pose graph / online mapping pipeline,RadarSplat-RIO,RadarSplat-RIO 针对「接入 SLAM/机器人闭环系统」，从「表示/几何角度」切入，主要采用「SLAM / pose graph / online mapping pipeline」来服务「动态场景与 4D 重建」。,/Volumes/UBag/Documents/l40server_mirror/lyra/Lyra-2/paper_collection_3d4d_reconstruction_2026_04_26/boardmix_mindmap/method_figures/2604.13492_RadarSplat-RIO.png,/Volumes/UBag/Documents/l40server_mirror/lyra/Lyra-2/paper_collection_3d4d_reconstruction_2026_04_26/pdfs/2026_RadarSplat_RIO_Indoor_Radar_Inertial_Odometry_with_Gaussian_Splatting_Based_Radar_Bundle_A_2604.13492.pdf,,no_code_link_found,"Codex:3D-Reconstruction, Codex:3D4D-Reconstruction"
2604.13905,"Rethinking Image-to-3D Generation with Sparse Queries: Efficiency, Capacity, and Input-View Bias",2026-arxiv,实时/大规模/高效 3D 表示,内存/存储角度,降低显存/存储/模型体积,Pruning / compression / progressive coding,to-3D,to-3D 针对「降低显存/存储/模型体积」，从「内存/存储角度」切入，主要采用「Pruning / compression / progressive coding」来服务「实时/大规模/高效 3D 表示」。,/Volumes/UBag/Documents/l40server_mirror/lyra/Lyra-2/paper_collection_3d4d_reconstruction_2026_04_26/boardmix_mindmap/method_figures/2604.13905_to-3D.png,/Volumes/UBag/Documents/l40server_mirror/lyra/Lyra-2/paper_collection_3d4d_reconstruction_2026_04_26/pdfs/2026_Rethinking_Image_to_3D_Generation_with_Sparse_Queries_Efficiency_Capacity_and_Input_View_B_2604.13905.pdf,https://github.com/Pixtella/SparseGen,code_link_found_not_audited,"Codex:3D-Reconstruction, Codex:3D4D-Reconstruction"
2604.13476,RobotPan: A 360$^\circ$ Surround-View Robotic Vision System for Embodied Perception,2026-arxiv,SLAM/机器人/自动驾驶世界模型,计算角度,建模运动/形变/时间一致性,SLAM / pose graph / online mapping pipeline,RobotPan,RobotPan 针对「建模运动/形变/时间一致性」，从「计算角度」切入，主要采用「SLAM / pose graph / online mapping pipeline」来服务「SLAM/机器人/自动驾驶世界模型」。,/Volumes/UBag/Documents/l40server_mirror/lyra/Lyra-2/paper_collection_3d4d_reconstruction_2026_04_26/boardmix_mindmap/method_figures/2604.13476_RobotPan.png,/Volumes/UBag/Documents/l40server_mirror/lyra/Lyra-2/paper_collection_3d4d_reconstruction_2026_04_26/pdfs/2026_RobotPan_A_360_circ_Surround_View_Robotic_Vision_System_for_Embodied_Perception_2604.13476.pdf,,no_code_link_found,"Codex:3D-Reconstruction, Codex:3D4D-Reconstruction"
2602.17909,A Single Image and Multimodality Is All You Need for Novel View Synthesis,2026-arxiv,生成式 3D/4D 内容与仿真,表示/几何角度,解决稀疏视角几何不稳定,Diffusion/生成先验/视频模型,本文方法,本文方法 针对「解决稀疏视角几何不稳定」，从「表示/几何角度」切入，主要采用「Diffusion/生成先验/视频模型」来服务「生成式 3D/4D 内容与仿真」。,/Volumes/UBag/Documents/l40server_mirror/lyra/Lyra-2/paper_collection_3d4d_reconstruction_2026_04_26/boardmix_mindmap/method_figures/2602.17909_paper.png,/Volumes/UBag/Documents/l40server_mirror/lyra/Lyra-2/paper_collection_3d4d_reconstruction_2026_04_26/pdfs/2026_A_Single_Image_and_Multimodality_Is_All_You_Need_for_Novel_View_Synthesis_2602.17909.pdf,https://github.com/importAmir/MultiModalNVS,code_link_found_not_audited,"Codex:3D-Reconstruction, Codex:3D4D-Reconstruction"
2604.15052,CAVERS: Multimodal SLAM Data from a Natural Karstic Cave with Ground Truth Motion Capture,2026-arxiv,SLAM/机器人/自动驾驶世界模型,系统/在线部署角度,接入 SLAM/机器人闭环系统,SLAM / pose graph / online mapping pipeline,CAVERS,CAVERS 针对「接入 SLAM/机器人闭环系统」，从「系统/在线部署角度」切入，主要采用「SLAM / pose graph / online mapping pipeline」来服务「SLAM/机器人/自动驾驶世界模型」。,/Volumes/UBag/Documents/l40server_mirror/lyra/Lyra-2/paper_collection_3d4d_reconstruction_2026_04_26/boardmix_mindmap/method_figures/2604.15052_CAVERS.png,/Volumes/UBag/Documents/l40server_mirror/lyra/Lyra-2/paper_collection_3d4d_reconstruction_2026_04_26/pdfs/2026_CAVERS_Multimodal_SLAM_Data_from_a_Natural_Karstic_Cave_with_Ground_Truth_Motion_Capture_2604.15052.pdf,https://github.com/spaceuma/cavers,code_link_found_not_audited,"Codex:3D-Reconstruction, Codex:3D4D-Reconstruction"
2603.07690,FrameVGGT: Geometry-Aligned Frame-Level Memory for Bounded Streaming VGGT,2026-arxiv,多视角几何/表面/场景重建,计算角度,降低显存/存储/模型体积,SLAM / pose graph / online mapping pipeline,FrameVGGT,FrameVGGT 针对「降低显存/存储/模型体积」，从「计算角度」切入，主要采用「SLAM / pose graph / online mapping pipeline」来服务「多视角几何/表面/场景重建」。,/Volumes/UBag/Documents/l40server_mirror/lyra/Lyra-2/paper_collection_3d4d_reconstruction_2026_04_26/boardmix_mindmap/method_figures/2603.07690_FrameVGGT.png,/Volumes/UBag/Documents/l40server_mirror/lyra/Lyra-2/paper_collection_3d4d_reconstruction_2026_04_26/pdfs/2026_FrameVGGT_Geometry_Aligned_Frame_Level_Memory_for_Bounded_Streaming_VGGT_2603.07690.pdf,,no_code_link_found,"Codex:3D-Reconstruction, Codex:3D4D-Reconstruction"
2604.14141,Geometric Context Transformer for Streaming 3D Reconstruction,2026-arxiv,实时/大规模/高效 3D 表示,计算角度,降低显存/存储/模型体积,SLAM / pose graph / online mapping pipeline,本文方法,本文方法 针对「降低显存/存储/模型体积」，从「计算角度」切入，主要采用「SLAM / pose graph / online mapping pipeline」来服务「实时/大规模/高效 3D 表示」。,/Volumes/UBag/Documents/l40server_mirror/lyra/Lyra-2/paper_collection_3d4d_reconstruction_2026_04_26/boardmix_mindmap/method_figures/2604.14141_paper.png,/Volumes/UBag/Documents/l40server_mirror/lyra/Lyra-2/paper_collection_3d4d_reconstruction_2026_04_26/pdfs/2026_Geometric_Context_Transformer_for_Streaming_3D_Reconstruction_2604.14141.pdf,https://github.com/robbyant/lingbot-map,code_link_found_not_audited,"Codex:3D-Reconstruction, Codex:3D4D-Reconstruction"
2604.14706,NG-GS: NeRF-Guided 3D Gaussian Splatting Segmentation,2026-arxiv,稀疏/单目/少视角 3D 重建,表示/几何角度,降低显存/存储/模型体积,Gaussian Splatting 表示与正则化,NG-GS,NG-GS 针对「降低显存/存储/模型体积」，从「表示/几何角度」切入，主要采用「Gaussian Splatting 表示与正则化」来服务「稀疏/单目/少视角 3D 重建」。,/Volumes/UBag/Documents/l40server_mirror/lyra/Lyra-2/paper_collection_3d4d_reconstruction_2026_04_26/boardmix_mindmap/method_figures/2604.14706_NG-GS.png,/Volumes/UBag/Documents/l40server_mirror/lyra/Lyra-2/paper_collection_3d4d_reconstruction_2026_04_26/pdfs/2026_NG_GS_NeRF_Guided_3D_Gaussian_Splatting_Segmentation_2604.14706.pdf,https://github.com/BJTU-KD3D/NG-GS,code_link_found_not_audited,"Codex:3D-Reconstruction, Codex:3D4D-Reconstruction"
2604.12580,PDF-GS: Progressive Distractor Filtering for Robust 3D Gaussian Splatting,2026-arxiv,实时/大规模/高效 3D 表示,训练/监督角度,降低显存/存储/模型体积,Gaussian Splatting 表示与正则化,PDF-GS,PDF-GS 针对「降低显存/存储/模型体积」，从「训练/监督角度」切入，主要采用「Gaussian Splatting 表示与正则化」来服务「实时/大规模/高效 3D 表示」。,/Volumes/UBag/Documents/l40server_mirror/lyra/Lyra-2/paper_collection_3d4d_reconstruction_2026_04_26/boardmix_mindmap/method_figures/2604.12580_PDF-GS.png,/Volumes/UBag/Documents/l40server_mirror/lyra/Lyra-2/paper_collection_3d4d_reconstruction_2026_04_26/pdfs/2026_PDF_GS_Progressive_Distractor_Filtering_for_Robust_3D_Gaussian_Splatting_2604.12580.pdf,https://github.com/kangrnin/PDF-GS,code_link_found_not_audited,"Codex:3D-Reconstruction, Codex:3D4D-Reconstruction"
2604.15239,TokenGS: Decoupling 3D Gaussian Prediction from Pixels with Learnable Tokens,2026-arxiv,动态场景与 4D 重建,训练/监督角度,建模运动/形变/时间一致性,Gaussian Splatting 表示与正则化,TokenGS,TokenGS 针对「建模运动/形变/时间一致性」，从「训练/监督角度」切入，主要采用「Gaussian Splatting 表示与正则化」来服务「动态场景与 4D 重建」。,/Volumes/UBag/Documents/l40server_mirror/lyra/Lyra-2/paper_collection_3d4d_reconstruction_2026_04_26/boardmix_mindmap/method_figures/2604.15239_TokenGS.png,/Volumes/UBag/Documents/l40server_mirror/lyra/Lyra-2/paper_collection_3d4d_reconstruction_2026_04_26/pdfs/2026_TokenGS_Decoupling_3D_Gaussian_Prediction_from_Pixels_with_Learnable_Tokens_2604.15239.pdf,,code_link_found_not_audited,"Codex:3D-Reconstruction, Codex:3D4D-Reconstruction, Codex:4D-Reconstruction"
2604.15875,CLOTH-HUGS: Cloth Aware Human Gaussian Splatting,2026-arxiv,人体/头像/可动画资产,时空/动态角度,提升几何一致性/表面质量,Motion decomposition / canonical space / deformation,CLOTH-HUGS,CLOTH-HUGS 针对「提升几何一致性/表面质量」，从「时空/动态角度」切入，主要采用「Motion decomposition / canonical space / deformation」来服务「人体/头像/可动画资产」。,/Volumes/UBag/Documents/l40server_mirror/lyra/Lyra-2/paper_collection_3d4d_reconstruction_2026_04_26/boardmix_mindmap/method_figures/2604.15875_CLOTH-HUGS.png,/Volumes/UBag/Documents/l40server_mirror/lyra/Lyra-2/paper_collection_3d4d_reconstruction_2026_04_26/pdfs/2026_CLOTH_HUGS_Cloth_Aware_Human_Gaussian_Splatting_2604.15875.pdf,,no_code_link_found,"Codex:3D-Reconstruction, Codex:3D4D-Reconstruction"
2604.15612,GaussianFlow SLAM: Monocular Gaussian Splatting SLAM Guided by GaussianFlow,2026-arxiv,动态场景与 4D 重建,表示/几何角度,建模运动/形变/时间一致性,SLAM / pose graph / online mapping pipeline,GaussianFlow SLAM,GaussianFlow SLAM 针对「建模运动/形变/时间一致性」，从「表示/几何角度」切入，主要采用「SLAM / pose graph / online mapping pipeline」来服务「动态场景与 4D 重建」。,/Volumes/UBag/Documents/l40server_mirror/lyra/Lyra-2/paper_collection_3d4d_reconstruction_2026_04_26/boardmix_mindmap/method_figures/2604.15612_GaussianFlow_SLAM.png,/Volumes/UBag/Documents/l40server_mirror/lyra/Lyra-2/paper_collection_3d4d_reconstruction_2026_04_26/pdfs/2026_GaussianFlow_SLAM_Monocular_Gaussian_Splatting_SLAM_Guided_by_GaussianFlow_2604.15612.pdf,https://github.com/url-kaist/gaussianflow-slam,code_link_found_not_audited,"Codex:3D-Reconstruction, Codex:3D4D-Reconstruction"
2604.15284,GlobalSplat: Efficient Feed-Forward 3D Gaussian Splatting via Global Scene Tokens,2026-arxiv,实时/大规模/高效 3D 表示,计算角度,降低显存/存储/模型体积,Pruning / compression / progressive coding,GlobalSplat,GlobalSplat 针对「降低显存/存储/模型体积」，从「计算角度」切入，主要采用「Pruning / compression / progressive coding」来服务「实时/大规模/高效 3D 表示」。,/Volumes/UBag/Documents/l40server_mirror/lyra/Lyra-2/paper_collection_3d4d_reconstruction_2026_04_26/boardmix_mindmap/method_figures/2604.15284_GlobalSplat.png,/Volumes/UBag/Documents/l40server_mirror/lyra/Lyra-2/paper_collection_3d4d_reconstruction_2026_04_26/pdfs/2026_GlobalSplat_Efficient_Feed_Forward_3D_Gaussian_Splatting_via_Global_Scene_Tokens_2604.15284.pdf,,no_code_link_found,"Codex:3D-Reconstruction, Codex:3D4D-Reconstruction"
2604.16747,"Incoherent Deformation, Not Capacity: Diagnosing and Mitigating Overfitting in Dynamic Gaussian Splatting",2026-arxiv,动态场景与 4D 重建,表示/几何角度,建模运动/形变/时间一致性,Gaussian Splatting 表示与正则化,"Incoherent Deformation, Not Capacity","Incoherent Deformation, Not Capacity 针对「建模运动/形变/时间一致性」，从「表示/几何角度」切入，主要采用「Gaussian Splatting 表示与正则化」来服务「动态场景与 4D 重建」。",/Volumes/UBag/Documents/l40server_mirror/lyra/Lyra-2/paper_collection_3d4d_reconstruction_2026_04_26/boardmix_mindmap/method_figures/2604.16747_Incoherent_Deformation_Not_Capacity.png,/Volumes/UBag/Documents/l40server_mirror/lyra/Lyra-2/paper_collection_3d4d_reconstruction_2026_04_26/pdfs/2026_Incoherent_Deformation_Not_Capacity_Diagnosing_and_Mitigating_Overfitting_in_Dynamic_Gauss_2604.16747.pdf,,no_code_link_found,"Codex:3D-Reconstruction, Codex:3D4D-Reconstruction, Codex:4D-Reconstruction"
2604.15941,Neural Gabor Splatting: Enhanced Gaussian Splatting with Neural Gabor for High-frequency Surface Reconstruction,2026-arxiv,实时/大规模/高效 3D 表示,表示/几何角度,减少优化/采样/渲染步骤,Gaussian Splatting 表示与正则化,Neural Gabor Splatting,Neural Gabor Splatting 针对「减少优化/采样/渲染步骤」，从「表示/几何角度」切入，主要采用「Gaussian Splatting 表示与正则化」来服务「实时/大规模/高效 3D 表示」。,/Volumes/UBag/Documents/l40server_mirror/lyra/Lyra-2/paper_collection_3d4d_reconstruction_2026_04_26/boardmix_mindmap/method_figures/2604.15941_Neural_Gabor_Splatting.png,/Volumes/UBag/Documents/l40server_mirror/lyra/Lyra-2/paper_collection_3d4d_reconstruction_2026_04_26/pdfs/2026_Neural_Gabor_Splatting_Enhanced_Gaussian_Splatting_with_Neural_Gabor_for_High_frequency_Su_2604.15941.pdf,https://github.com/haato-w/neural-gabor-splatting,code_link_found_not_audited,"Codex:3D-Reconstruction, Codex:3D4D-Reconstruction"
2604.16540,PoInit-of-View: Poisoning Initialization of Views Transfers Across Multiple 3D Reconstruction Systems,2026-arxiv,动态场景与 4D 重建,表示/几何角度,解决稀疏视角几何不稳定,SLAM / pose graph / online mapping pipeline,PoInit-of-View,PoInit-of-View 针对「解决稀疏视角几何不稳定」，从「表示/几何角度」切入，主要采用「SLAM / pose graph / online mapping pipeline」来服务「动态场景与 4D 重建」。,/Volumes/UBag/Documents/l40server_mirror/lyra/Lyra-2/paper_collection_3d4d_reconstruction_2026_04_26/boardmix_mindmap/method_figures/2604.16540_PoInit-of-View.png,/Volumes/UBag/Documents/l40server_mirror/lyra/Lyra-2/paper_collection_3d4d_reconstruction_2026_04_26/pdfs/2026_PoInit_of_View_Poisoning_Initialization_of_Views_Transfers_Across_Multiple_3D_Reconstructi_2604.16540.pdf,https://github.com/nerfbaselines/nerfbaselines,code_link_found_not_audited,"Codex:3D-Reconstruction, Codex:3D4D-Reconstruction"
2604.15862,Splats in Splats++: Robust and Generalizable 3D Gaussian Splatting Steganography,2026-arxiv,实时/大规模/高效 3D 表示,时空/动态角度,建模运动/形变/时间一致性,SLAM / pose graph / online mapping pipeline,Splats in Splats++,Splats in Splats++ 针对「建模运动/形变/时间一致性」，从「时空/动态角度」切入，主要采用「SLAM / pose graph / online mapping pipeline」来服务「实时/大规模/高效 3D 表示」。,/Volumes/UBag/Documents/l40server_mirror/lyra/Lyra-2/paper_collection_3d4d_reconstruction_2026_04_26/boardmix_mindmap/method_figures/2604.15862_Splats_in_Splats.png,/Volumes/UBag/Documents/l40server_mirror/lyra/Lyra-2/paper_collection_3d4d_reconstruction_2026_04_26/pdfs/2026_Splats_in_Splats_Robust_and_Generalizable_3D_Gaussian_Splatting_Steganography_2604.15862.pdf,,code_link_found_not_audited,"Codex:3D-Reconstruction, Codex:3D4D-Reconstruction"
2604.17155,Instant Colorization of Gaussian Splats,2026-arxiv,实时/大规模/高效 3D 表示,表示/几何角度,提升几何一致性/表面质量,Gaussian Splatting 表示与正则化,Instant Colorization of Gaussian Splats,Instant Colorization of Gaussian Splats 针对「提升几何一致性/表面质量」，从「表示/几何角度」切入，主要采用「Gaussian Splatting 表示与正则化」来服务「实时/大规模/高效 3D 表示」。,/Volumes/UBag/Documents/l40server_mirror/lyra/Lyra-2/paper_collection_3d4d_reconstruction_2026_04_26/boardmix_mindmap/method_figures/2604.17155_Instant_Colorization_of_Gaussian_Splats.png,/Volumes/UBag/Documents/l40server_mirror/lyra/Lyra-2/paper_collection_3d4d_reconstruction_2026_04_26/pdfs/2026_Instant_Colorization_of_Gaussian_Splats_2604.17155.pdf,https://github.com/dlieber01/Instant-Colorization-of-Gaussian-Splats,code_link_found_not_audited,"Codex:3D-Reconstruction, Codex:3D4D-Reconstruction"
2604.16910,LAGS: Low-Altitude Gaussian Splatting with Groupwise Heterogeneous Graph Learning,2026-arxiv,实时/大规模/高效 3D 表示,表示/几何角度,减少优化/采样/渲染步骤,Gaussian Splatting 表示与正则化,LAGS,LAGS 针对「减少优化/采样/渲染步骤」，从「表示/几何角度」切入，主要采用「Gaussian Splatting 表示与正则化」来服务「实时/大规模/高效 3D 表示」。,/Volumes/UBag/Documents/l40server_mirror/lyra/Lyra-2/paper_collection_3d4d_reconstruction_2026_04_26/boardmix_mindmap/method_figures/2604.16910_LAGS.png,/Volumes/UBag/Documents/l40server_mirror/lyra/Lyra-2/paper_collection_3d4d_reconstruction_2026_04_26/pdfs/2026_LAGS_Low_Altitude_Gaussian_Splatting_with_Groupwise_Heterogeneous_Graph_Learning_2604.16910.pdf,,no_code_link_found,"Codex:3D-Reconstruction, Codex:3D4D-Reconstruction"
2604.17651,Infrastructure-Centric World Models: Bridging Temporal Depth and Spatial Breadth for Roadside Perception,2026-arxiv,动态场景与 4D 重建,时空/动态角度,提升可控生成/世界演化预测,Diffusion/生成先验/视频模型,Infrastructure-Centric World Models,Infrastructure-Centric World Models 针对「提升可控生成/世界演化预测」，从「时空/动态角度」切入，主要采用「Diffusion/生成先验/视频模型」来服务「动态场景与 4D 重建」。,/Volumes/UBag/Documents/l40server_mirror/lyra/Lyra-2/paper_collection_3d4d_reconstruction_2026_04_26/boardmix_mindmap/method_figures/2604.17651_Infrastructure-Centric_World_Models.png,/Volumes/UBag/Documents/l40server_mirror/lyra/Lyra-2/paper_collection_3d4d_reconstruction_2026_04_26/pdfs/2026_Infrastructure_Centric_World_Models_Bridging_Temporal_Depth_and_Spatial_Breadth_for_Roadsi_2604.17651.pdf,,no_code_link_found,"Codex:3D+4D-Evolution, Codex:3D4D-Reconstruction"
2604.18205,A Comparative Evaluation of Geometric Accuracy in NeRF and Gaussian Splatting,2026-arxiv,SLAM/机器人/自动驾驶世界模型,表示/几何角度,提升几何一致性/表面质量,Gaussian Splatting 表示与正则化,NeRF,NeRF 针对「提升几何一致性/表面质量」，从「表示/几何角度」切入，主要采用「Gaussian Splatting 表示与正则化」来服务「SLAM/机器人/自动驾驶世界模型」。,/Volumes/UBag/Documents/l40server_mirror/lyra/Lyra-2/paper_collection_3d4d_reconstruction_2026_04_26/boardmix_mindmap/method_figures/2604.18205_NeRF.png,/Volumes/UBag/Documents/l40server_mirror/lyra/Lyra-2/paper_collection_3d4d_reconstruction_2026_04_26/pdfs/2026_A_Comparative_Evaluation_of_Geometric_Accuracy_in_NeRF_and_Gaussian_Splatting_2604.18205.pdf,,no_code_link_found,"Codex:3D-Reconstruction, Codex:3D4D-Reconstruction"
2604.18468,Asset Harvester: Extracting 3D Assets from Autonomous Driving Logs for Simulation,2026-arxiv,SLAM/机器人/自动驾驶世界模型,训练/监督角度,解决稀疏视角几何不稳定,SLAM / pose graph / online mapping pipeline,Asset Harvester,Asset Harvester 针对「解决稀疏视角几何不稳定」，从「训练/监督角度」切入，主要采用「SLAM / pose graph / online mapping pipeline」来服务「SLAM/机器人/自动驾驶世界模型」。,/Volumes/UBag/Documents/l40server_mirror/lyra/Lyra-2/paper_collection_3d4d_reconstruction_2026_04_26/boardmix_mindmap/method_figures/2604.18468_Asset_Harvester.png,/Volumes/UBag/Documents/l40server_mirror/lyra/Lyra-2/paper_collection_3d4d_reconstruction_2026_04_26/pdfs/2026_Asset_Harvester_Extracting_3D_Assets_from_Autonomous_Driving_Logs_for_Simulation_2604.18468.pdf,https://github.com/NVIDIA/asset-harvester,code_link_found_not_audited,"Codex:3D-Reconstruction, Codex:3D4D-Reconstruction"
2604.04787,AvatarPointillist: AutoRegressive 4D Gaussian Avatarization,2026-arxiv,动态场景与 4D 重建,表示/几何角度,提升可控生成/世界演化预测,Gaussian Splatting 表示与正则化,AvatarPointillist,AvatarPointillist 针对「提升可控生成/世界演化预测」，从「表示/几何角度」切入，主要采用「Gaussian Splatting 表示与正则化」来服务「动态场景与 4D 重建」。,/Volumes/UBag/Documents/l40server_mirror/lyra/Lyra-2/paper_collection_3d4d_reconstruction_2026_04_26/boardmix_mindmap/method_figures/2604.04787_AvatarPointillist.png,/Volumes/UBag/Documents/l40server_mirror/lyra/Lyra-2/paper_collection_3d4d_reconstruction_2026_04_26/pdfs/2026_AvatarPointillist_AutoRegressive_4D_Gaussian_Avatarization_2604.04787.pdf,https://github.com/KumapowerLIU/AvatarPointillist,code_link_found_not_audited,"Codex:3D4D-Reconstruction, Codex:4D-Reconstruction"
2604.18336,Enhancing Glass Surface Reconstruction via Depth Prior for Robot Navigation,2026-arxiv,多视角几何/表面/场景重建,训练/监督角度,提升几何一致性/表面质量,SLAM / pose graph / online mapping pipeline,本文方法,本文方法 针对「提升几何一致性/表面质量」，从「训练/监督角度」切入，主要采用「SLAM / pose graph / online mapping pipeline」来服务「多视角几何/表面/场景重建」。,/Volumes/UBag/Documents/l40server_mirror/lyra/Lyra-2/paper_collection_3d4d_reconstruction_2026_04_26/boardmix_mindmap/method_figures/2604.18336_paper.png,/Volumes/UBag/Documents/l40server_mirror/lyra/Lyra-2/paper_collection_3d4d_reconstruction_2026_04_26/pdfs/2026_Enhancing_Glass_Surface_Reconstruction_via_Depth_Prior_for_Robot_Navigation_2604.18336.pdf,https://github.com/jarvisyjw/GlassRecon,code_link_found_not_audited,"Codex:3D-Reconstruction, Codex:3D4D-Reconstruction"
2604.17721,GeGS-PCR: Effective and Robust 3D Point Cloud Registration with Two-Stage Color-Enhanced Geometric-3DGS Fusion,2026-arxiv,实时/大规模/高效 3D 表示,表示/几何角度,解决稀疏视角几何不稳定,SLAM / pose graph / online mapping pipeline,GeGS-PCR,GeGS-PCR 针对「解决稀疏视角几何不稳定」，从「表示/几何角度」切入，主要采用「SLAM / pose graph / online mapping pipeline」来服务「实时/大规模/高效 3D 表示」。,/Volumes/UBag/Documents/l40server_mirror/lyra/Lyra-2/paper_collection_3d4d_reconstruction_2026_04_26/boardmix_mindmap/method_figures/2604.17721_GeGS-PCR.png,/Volumes/UBag/Documents/l40server_mirror/lyra/Lyra-2/paper_collection_3d4d_reconstruction_2026_04_26/pdfs/2026_GeGS_PCR_Effective_and_Robust_3D_Point_Cloud_Registration_with_Two_Stage_Color_Enhanced_Ge_2604.17721.pdf,,no_code_link_found,"Codex:3D-Reconstruction, Codex:3D4D-Reconstruction"
2604.18047,GS-STVSR: Ultra-Efficient Continuous Spatio-Temporal Video Super-Resolution via 2D Gaussian Splatting,2026-arxiv,动态场景与 4D 重建,时空/动态角度,建模运动/形变/时间一致性,SLAM / pose graph / online mapping pipeline,GS-STVSR,GS-STVSR 针对「建模运动/形变/时间一致性」，从「时空/动态角度」切入，主要采用「SLAM / pose graph / online mapping pipeline」来服务「动态场景与 4D 重建」。,/Volumes/UBag/Documents/l40server_mirror/lyra/Lyra-2/paper_collection_3d4d_reconstruction_2026_04_26/boardmix_mindmap/method_figures/2604.18047_GS-STVSR.png,/Volumes/UBag/Documents/l40server_mirror/lyra/Lyra-2/paper_collection_3d4d_reconstruction_2026_04_26/pdfs/2026_GS_STVSR_Ultra_Efficient_Continuous_Spatio_Temporal_Video_Super_Resolution_via_2D_Gaussian_2604.18047.pdf,,code_link_found_not_audited,"Codex:3D-Reconstruction, Codex:3D4D-Reconstruction"
2603.20530,Memory Over Maps: 3D Object Localization Without Reconstruction,2026-arxiv,多视角几何/表面/场景重建,系统/在线部署角度,接入 SLAM/机器人闭环系统,SLAM / pose graph / online mapping pipeline,Memory Over Maps,Memory Over Maps 针对「接入 SLAM/机器人闭环系统」，从「系统/在线部署角度」切入，主要采用「SLAM / pose graph / online mapping pipeline」来服务「多视角几何/表面/场景重建」。,/Volumes/UBag/Documents/l40server_mirror/lyra/Lyra-2/paper_collection_3d4d_reconstruction_2026_04_26/boardmix_mindmap/method_figures/2603.20530_Memory_Over_Maps.png,/Volumes/UBag/Documents/l40server_mirror/lyra/Lyra-2/paper_collection_3d4d_reconstruction_2026_04_26/pdfs/2026_Memory_Over_Maps_3D_Object_Localization_Without_Reconstruction_2603.20530.pdf,,no_code_link_found,"Codex:3D-Reconstruction, Codex:3D4D-Reconstruction"
2604.17965,MU-GeNeRF: Multi-view Uncertainty-guided Generalizable Neural Radiance Fields for Distractor-aware Scene,2026-arxiv,动态场景与 4D 重建,表示/几何角度,解决稀疏视角几何不稳定,NeRF/辐射场/体渲染,MU-GeNeRF,MU-GeNeRF 针对「解决稀疏视角几何不稳定」，从「表示/几何角度」切入，主要采用「NeRF/辐射场/体渲染」来服务「动态场景与 4D 重建」。,/Volumes/UBag/Documents/l40server_mirror/lyra/Lyra-2/paper_collection_3d4d_reconstruction_2026_04_26/boardmix_mindmap/method_figures/2604.17965_MU-GeNeRF.png,/Volumes/UBag/Documents/l40server_mirror/lyra/Lyra-2/paper_collection_3d4d_reconstruction_2026_04_26/pdfs/2026_MU_GeNeRF_Multi_view_Uncertainty_guided_Generalizable_Neural_Radiance_Fields_for_Distracto_2604.17965.pdf,https://github.com/Yanyilucas/MU-GeNeRF,code_link_found_not_audited,"Codex:3D-Reconstruction, Codex:3D4D-Reconstruction"
2604.17831,PCM-NeRF: Probabilistic Camera Modeling for Neural Radiance Fields under Pose Uncertainty,2026-arxiv,动态场景与 4D 重建,表示/几何角度,提升几何一致性/表面质量,NeRF/辐射场/体渲染,PCM-NeRF,PCM-NeRF 针对「提升几何一致性/表面质量」，从「表示/几何角度」切入，主要采用「NeRF/辐射场/体渲染」来服务「动态场景与 4D 重建」。,/Volumes/UBag/Documents/l40server_mirror/lyra/Lyra-2/paper_collection_3d4d_reconstruction_2026_04_26/boardmix_mindmap/method_figures/2604.17831_PCM-NeRF.png,/Volumes/UBag/Documents/l40server_mirror/lyra/Lyra-2/paper_collection_3d4d_reconstruction_2026_04_26/pdfs/2026_PCM_NeRF_Probabilistic_Camera_Modeling_for_Neural_Radiance_Fields_under_Pose_Uncertainty_2604.17831.pdf,https://github.com/shravan-18/PCM-NeRF,code_link_found_not_audited,"Codex:3D-Reconstruction, Codex:3D4D-Reconstruction"
2604.17727,Voronoi-guided Bilateral 2D Gaussian Splatting for Arbitrary-Scale Hyperspectral Image Super-Resolution,2026-arxiv,领域/传感器特化重建,表示/几何角度,适配特殊传感器/行业场景,Gaussian Splatting 表示与正则化,Arbitrary-Scale,Arbitrary-Scale 针对「适配特殊传感器/行业场景」，从「表示/几何角度」切入，主要采用「Gaussian Splatting 表示与正则化」来服务「领域/传感器特化重建」。,/Volumes/UBag/Documents/l40server_mirror/lyra/Lyra-2/paper_collection_3d4d_reconstruction_2026_04_26/boardmix_mindmap/method_figures/2604.17727_Arbitrary-Scale.png,/Volumes/UBag/Documents/l40server_mirror/lyra/Lyra-2/paper_collection_3d4d_reconstruction_2026_04_26/pdfs/2026_Voronoi_guided_Bilateral_2D_Gaussian_Splatting_for_Arbitrary_Scale_Hyperspectral_Image_Sup_2604.17727.pdf,,code_link_found_not_audited,"Codex:3D-Reconstruction, Codex:3D4D-Reconstruction"
2604.18980,AdaGScale: Viewpoint-Adaptive Gaussian Scaling in 3D Gaussian Splatting to Reduce Gaussian-Tile Pairs,2026-arxiv,实时/大规模/高效 3D 表示,表示/几何角度,解决稀疏视角几何不稳定,Gaussian Splatting 表示与正则化,AdaGScale,AdaGScale 针对「解决稀疏视角几何不稳定」，从「表示/几何角度」切入，主要采用「Gaussian Splatting 表示与正则化」来服务「实时/大规模/高效 3D 表示」。,/Volumes/UBag/Documents/l40server_mirror/lyra/Lyra-2/paper_collection_3d4d_reconstruction_2026_04_26/boardmix_mindmap/method_figures/2604.18980_AdaGScale.png,/Volumes/UBag/Documents/l40server_mirror/lyra/Lyra-2/paper_collection_3d4d_reconstruction_2026_04_26/pdfs/2026_AdaGScale_Viewpoint_Adaptive_Gaussian_Scaling_in_3D_Gaussian_Splatting_to_Reduce_Gaussian_2604.18980.pdf,,no_code_link_found,"Codex:3D-Reconstruction, Codex:3D4D-Reconstruction"
2604.19216,An Object-Centered Data Acquisition Method for 3D Gaussian Splatting using Mobile Phones,2026-arxiv,动态场景与 4D 重建,表示/几何角度,建模运动/形变/时间一致性,Gaussian Splatting 表示与正则化,Object-Centered,Object-Centered 针对「建模运动/形变/时间一致性」，从「表示/几何角度」切入，主要采用「Gaussian Splatting 表示与正则化」来服务「动态场景与 4D 重建」。,/Volumes/UBag/Documents/l40server_mirror/lyra/Lyra-2/paper_collection_3d4d_reconstruction_2026_04_26/boardmix_mindmap/method_figures/2604.19216_Object-Centered.png,/Volumes/UBag/Documents/l40server_mirror/lyra/Lyra-2/paper_collection_3d4d_reconstruction_2026_04_26/pdfs/2026_An_Object_Centered_Data_Acquisition_Method_for_3D_Gaussian_Splatting_using_Mobile_Phones_2604.19216.pdf,,no_code_link_found,"Codex:3D-Reconstruction, Codex:3D4D-Reconstruction"
2604.19747,AnyRecon: Arbitrary-View 3D Reconstruction with Video Diffusion Model,2026-arxiv,生成式 3D/4D 内容与仿真,内存/存储角度,降低显存/存储/模型体积,Diffusion/生成先验/视频模型,AnyRecon,AnyRecon 针对「降低显存/存储/模型体积」，从「内存/存储角度」切入，主要采用「Diffusion/生成先验/视频模型」来服务「生成式 3D/4D 内容与仿真」。,/Volumes/UBag/Documents/l40server_mirror/lyra/Lyra-2/paper_collection_3d4d_reconstruction_2026_04_26/boardmix_mindmap/method_figures/2604.19747_AnyRecon.png,/Volumes/UBag/Documents/l40server_mirror/lyra/Lyra-2/paper_collection_3d4d_reconstruction_2026_04_26/pdfs/2026_AnyRecon_Arbitrary_View_3D_Reconstruction_with_Video_Diffusion_Model_2604.19747.pdf,https://github.com/OpenImagingLab/AnyRecon,code_link_found_not_audited,"Codex:3D-Reconstruction, Codex:3D4D-Reconstruction"
2604.19133,BALTIC: A Benchmark and Cross-Domain Strategy for 3D Reconstruction Across Air and Underwater Domains Under Varying Illumination,2026-arxiv,动态场景与 4D 重建,表示/几何角度,解决稀疏视角几何不稳定,Gaussian Splatting 表示与正则化,BALTIC,BALTIC 针对「解决稀疏视角几何不稳定」，从「表示/几何角度」切入，主要采用「Gaussian Splatting 表示与正则化」来服务「动态场景与 4D 重建」。,/Volumes/UBag/Documents/l40server_mirror/lyra/Lyra-2/paper_collection_3d4d_reconstruction_2026_04_26/boardmix_mindmap/method_figures/2604.19133_BALTIC.png,/Volumes/UBag/Documents/l40server_mirror/lyra/Lyra-2/paper_collection_3d4d_reconstruction_2026_04_26/pdfs/2026_BALTIC_A_Benchmark_and_Cross_Domain_Strategy_for_3D_Reconstruction_Across_Air_and_Underwat_2604.19133.pdf,,no_code_link_found,"Codex:3D-Reconstruction, Codex:3D4D-Reconstruction"
2604.20046,Gaussians on a Diet: High-Quality Memory-Bounded 3D Gaussian Splatting Training,2026-arxiv,动态场景与 4D 重建,内存/存储角度,降低显存/存储/模型体积,Pruning / compression / progressive coding,Gaussians on a Diet,Gaussians on a Diet 针对「降低显存/存储/模型体积」，从「内存/存储角度」切入，主要采用「Pruning / compression / progressive coding」来服务「动态场景与 4D 重建」。,/Volumes/UBag/Documents/l40server_mirror/lyra/Lyra-2/paper_collection_3d4d_reconstruction_2026_04_26/boardmix_mindmap/method_figures/2604.20046_Gaussians_on_a_Diet.png,/Volumes/UBag/Documents/l40server_mirror/lyra/Lyra-2/paper_collection_3d4d_reconstruction_2026_04_26/pdfs/2026_Gaussians_on_a_Diet_High_Quality_Memory_Bounded_3D_Gaussian_Splatting_Training_2604.20046.pdf,,no_code_link_found,"Codex:3D-Reconstruction, Codex:3D4D-Reconstruction"
2604.19624,GRAFT: Geometric Refinement and Fitting Transformer for Human Scene Reconstruction,2026-arxiv,人体/头像/可动画资产,计算角度,提升几何一致性/表面质量,Feed-forward / Transformer / Foundation Model,GRAFT,GRAFT 针对「提升几何一致性/表面质量」，从「计算角度」切入，主要采用「Feed-forward / Transformer / Foundation Model」来服务「人体/头像/可动画资产」。,/Volumes/UBag/Documents/l40server_mirror/lyra/Lyra-2/paper_collection_3d4d_reconstruction_2026_04_26/boardmix_mindmap/method_figures/2604.19624_GRAFT.png,/Volumes/UBag/Documents/l40server_mirror/lyra/Lyra-2/paper_collection_3d4d_reconstruction_2026_04_26/pdfs/2026_GRAFT_Geometric_Refinement_and_Fitting_Transformer_for_Human_Scene_Reconstruction_2604.19624.pdf,https://github.com/pradyumnaym/graft,code_link_found_not_audited,"Codex:3D-Reconstruction, Codex:3D4D-Reconstruction"
2604.19673,InHabit: Leveraging Image Foundation Models for Scalable 3D Human Placement,2026-arxiv,实时/大规模/高效 3D 表示,训练/监督角度,建模运动/形变/时间一致性,SLAM / pose graph / online mapping pipeline,InHabit,InHabit 针对「建模运动/形变/时间一致性」，从「训练/监督角度」切入，主要采用「SLAM / pose graph / online mapping pipeline」来服务「实时/大规模/高效 3D 表示」。,/Volumes/UBag/Documents/l40server_mirror/lyra/Lyra-2/paper_collection_3d4d_reconstruction_2026_04_26/boardmix_mindmap/method_figures/2604.19673_InHabit.png,/Volumes/UBag/Documents/l40server_mirror/lyra/Lyra-2/paper_collection_3d4d_reconstruction_2026_04_26/pdfs/2026_InHabit_Leveraging_Image_Foundation_Models_for_Scalable_3D_Human_Placement_2604.19673.pdf,https://github.com/pradyumnaym/graft,code_link_found_not_audited,"Codex:3D-Reconstruction, Codex:3D4D-Reconstruction"
2604.18564,MultiWorld: Scalable Multi-Agent Multi-View Video World Models,2026-arxiv,SLAM/机器人/自动驾驶世界模型,时空/动态角度,提升可控生成/世界演化预测,Diffusion/生成先验/视频模型,MultiWorld,MultiWorld 针对「提升可控生成/世界演化预测」，从「时空/动态角度」切入，主要采用「Diffusion/生成先验/视频模型」来服务「SLAM/机器人/自动驾驶世界模型」。,/Volumes/UBag/Documents/l40server_mirror/lyra/Lyra-2/paper_collection_3d4d_reconstruction_2026_04_26/boardmix_mindmap/method_figures/2604.18564_MultiWorld.png,/Volumes/UBag/Documents/l40server_mirror/lyra/Lyra-2/paper_collection_3d4d_reconstruction_2026_04_26/pdfs/2026_MultiWorld_Scalable_Multi_Agent_Multi_View_Video_World_Models_2604.18564.pdf,https://github.com/etched-ai/open-oasis,code_link_found_not_audited,"Codex:3D+4D-Evolution, Codex:3D4D-Reconstruction"
2604.19127,OT-UVGS: Revisiting UV Mapping for Gaussian Splatting as a Capacity Allocation Problem,2026-arxiv,实时/大规模/高效 3D 表示,表示/几何角度,降低显存/存储/模型体积,SLAM / pose graph / online mapping pipeline,OT-UVGS,OT-UVGS 针对「降低显存/存储/模型体积」，从「表示/几何角度」切入，主要采用「SLAM / pose graph / online mapping pipeline」来服务「实时/大规模/高效 3D 表示」。,/Volumes/UBag/Documents/l40server_mirror/lyra/Lyra-2/paper_collection_3d4d_reconstruction_2026_04_26/boardmix_mindmap/method_figures/2604.19127_OT-UVGS.png,/Volumes/UBag/Documents/l40server_mirror/lyra/Lyra-2/paper_collection_3d4d_reconstruction_2026_04_26/pdfs/2026_OT_UVGS_Revisiting_UV_Mapping_for_Gaussian_Splatting_as_a_Capacity_Allocation_Problem_2604.19127.pdf,,no_code_link_found,"Codex:3D-Reconstruction, Codex:3D4D-Reconstruction"
2604.19556,Paparazzo: Active Mapping of Moving 3D Objects,2026-arxiv,动态场景与 4D 重建,时空/动态角度,建模运动/形变/时间一致性,SLAM / pose graph / online mapping pipeline,Paparazzo,Paparazzo 针对「建模运动/形变/时间一致性」，从「时空/动态角度」切入，主要采用「SLAM / pose graph / online mapping pipeline」来服务「动态场景与 4D 重建」。,/Volumes/UBag/Documents/l40server_mirror/lyra/Lyra-2/paper_collection_3d4d_reconstruction_2026_04_26/boardmix_mindmap/method_figures/2604.19556_Paparazzo.png,/Volumes/UBag/Documents/l40server_mirror/lyra/Lyra-2/paper_collection_3d4d_reconstruction_2026_04_26/pdfs/2026_Paparazzo_Active_Mapping_of_Moving_3D_Objects_2604.19556.pdf,https://github.com/nerfies/nerfies.github.io,code_link_found_not_audited,"Codex:3D-Reconstruction, Codex:3D4D-Reconstruction"
2604.19349,RAFT-MSF++: Temporal Geometry-Motion Feature Fusion for Self-Supervised Monocular Scene Flow,2026-arxiv,动态场景与 4D 重建,时空/动态角度,建模运动/形变/时间一致性,Motion decomposition / canonical space / deformation,RAFT-MSF++,RAFT-MSF++ 针对「建模运动/形变/时间一致性」，从「时空/动态角度」切入，主要采用「Motion decomposition / canonical space / deformation」来服务「动态场景与 4D 重建」。,/Volumes/UBag/Documents/l40server_mirror/lyra/Lyra-2/paper_collection_3d4d_reconstruction_2026_04_26/boardmix_mindmap/method_figures/2604.19349_RAFT-MSF.png,/Volumes/UBag/Documents/l40server_mirror/lyra/Lyra-2/paper_collection_3d4d_reconstruction_2026_04_26/pdfs/2026_RAFT_MSF_Temporal_Geometry_Motion_Feature_Fusion_for_Self_Supervised_Monocular_Scene_Flow_2604.19349.pdf,https://github.com/sunzunyi/RAFT-MSF-PlusPlus,code_link_found_not_audited,"Codex:3D4D-Reconstruction, Codex:4D-Reconstruction"
2604.05301,SmokeGS-R: Physics-Guided Pseudo-Clean 3DGS for Real-World Multi-View Smoke Restoration,2026-arxiv,多视角几何/表面/场景重建,训练/监督角度,提升几何一致性/表面质量,Gaussian Splatting 表示与正则化,SmokeGS-R,SmokeGS-R 针对「提升几何一致性/表面质量」，从「训练/监督角度」切入，主要采用「Gaussian Splatting 表示与正则化」来服务「多视角几何/表面/场景重建」。,/Volumes/UBag/Documents/l40server_mirror/lyra/Lyra-2/paper_collection_3d4d_reconstruction_2026_04_26/boardmix_mindmap/method_figures/2604.05301_SmokeGS-R.png,/Volumes/UBag/Documents/l40server_mirror/lyra/Lyra-2/paper_collection_3d4d_reconstruction_2026_04_26/pdfs/2026_SmokeGS_R_Physics_Guided_Pseudo_Clean_3DGS_for_Real_World_Multi_View_Smoke_Restoration_2604.05301.pdf,https://github.com/windrise/3drr_Track2_SmokeGS-R,code_link_found_not_audited,"Codex:3D-Reconstruction, Codex:3D4D-Reconstruction"
2604.19923,UniCon3R: Contact-aware 3D Human-Scene Reconstruction from Monocular Video,2026-arxiv,稀疏/单目/少视角 3D 重建,时空/动态角度,解决稀疏视角几何不稳定,SLAM / pose graph / online mapping pipeline,UniCon3R,UniCon3R 针对「解决稀疏视角几何不稳定」，从「时空/动态角度」切入，主要采用「SLAM / pose graph / online mapping pipeline」来服务「稀疏/单目/少视角 3D 重建」。,/Volumes/UBag/Documents/l40server_mirror/lyra/Lyra-2/paper_collection_3d4d_reconstruction_2026_04_26/boardmix_mindmap/method_figures/2604.19923_UniCon3R.png,/Volumes/UBag/Documents/l40server_mirror/lyra/Lyra-2/paper_collection_3d4d_reconstruction_2026_04_26/pdfs/2026_UniCon3R_Contact_aware_3D_Human_Scene_Reconstruction_from_Monocular_Video_2604.19923.pdf,https://github.com/surtantheta/UniCon3R,code_link_found_not_audited,"Codex:3D-Reconstruction, Codex:3D4D-Reconstruction, Codex:4D-Reconstruction"
2604.19257,Unposed-to-3D: Learning Simulation-Ready Vehicles from Real-World Images,2026-arxiv,生成式 3D/4D 内容与仿真,训练/监督角度,提升几何一致性/表面质量,SLAM / pose graph / online mapping pipeline,Unposed-to-3D,Unposed-to-3D 针对「提升几何一致性/表面质量」，从「训练/监督角度」切入，主要采用「SLAM / pose graph / online mapping pipeline」来服务「生成式 3D/4D 内容与仿真」。,/Volumes/UBag/Documents/l40server_mirror/lyra/Lyra-2/paper_collection_3d4d_reconstruction_2026_04_26/boardmix_mindmap/method_figures/2604.19257_Unposed-to-3D.png,/Volumes/UBag/Documents/l40server_mirror/lyra/Lyra-2/paper_collection_3d4d_reconstruction_2026_04_26/pdfs/2026_Unposed_to_3D_Learning_Simulation_Ready_Vehicles_from_Real_World_Images_2604.19257.pdf,https://github.com/open-mmlab/OpenPCDet,code_link_found_not_audited,"Codex:3D-Reconstruction, Codex:3D4D-Reconstruction"
2604.05687,3D Smoke Scene Reconstruction Guided by Vision Priors from Multimodal Large Language Models,2026-arxiv,稀疏/单目/少视角 3D 重建,计算角度,解决稀疏视角几何不稳定,Gaussian Splatting 表示与正则化,本文方法,本文方法 针对「解决稀疏视角几何不稳定」，从「计算角度」切入，主要采用「Gaussian Splatting 表示与正则化」来服务「稀疏/单目/少视角 3D 重建」。,/Volumes/UBag/Documents/l40server_mirror/lyra/Lyra-2/paper_collection_3d4d_reconstruction_2026_04_26/boardmix_mindmap/method_figures/2604.05687_paper.png,/Volumes/UBag/Documents/l40server_mirror/lyra/Lyra-2/paper_collection_3d4d_reconstruction_2026_04_26/pdfs/2026_3D_Smoke_Scene_Reconstruction_Guided_by_Vision_Priors_from_Multimodal_Large_Language_Model_2604.05687.pdf,,no_code_link_found,"Codex:3D-Reconstruction, Codex:3D4D-Reconstruction"
2604.11098,Efficient Transceiver Design for Aerial Image Transmission and Large-scale Scene Reconstruction,2026-arxiv,实时/大规模/高效 3D 表示,训练/监督角度,解决稀疏视角几何不稳定,Gaussian Splatting 表示与正则化,本文方法,本文方法 针对「解决稀疏视角几何不稳定」，从「训练/监督角度」切入，主要采用「Gaussian Splatting 表示与正则化」来服务「实时/大规模/高效 3D 表示」。,/Volumes/UBag/Documents/l40server_mirror/lyra/Lyra-2/paper_collection_3d4d_reconstruction_2026_04_26/boardmix_mindmap/method_figures/2604.11098_paper.png,/Volumes/UBag/Documents/l40server_mirror/lyra/Lyra-2/paper_collection_3d4d_reconstruction_2026_04_26/pdfs/2026_Efficient_Transceiver_Design_for_Aerial_Image_Transmission_and_Large_scale_Scene_Reconstru_2604.11098.pdf,,no_code_link_found,"Codex:3D-Reconstruction, Codex:3D4D-Reconstruction"
2604.20784,GeoRect4D: Geometry-Compatible Generative Rectification for Dynamic Sparse-View 3D Reconstruction,2026-arxiv,动态场景与 4D 重建,时空/动态角度,建模运动/形变/时间一致性,SLAM / pose graph / online mapping pipeline,GeoRect4D,GeoRect4D 针对「建模运动/形变/时间一致性」，从「时空/动态角度」切入，主要采用「SLAM / pose graph / online mapping pipeline」来服务「动态场景与 4D 重建」。,/Volumes/UBag/Documents/l40server_mirror/lyra/Lyra-2/paper_collection_3d4d_reconstruction_2026_04_26/boardmix_mindmap/method_figures/2604.20784_GeoRect4D.png,/Volumes/UBag/Documents/l40server_mirror/lyra/Lyra-2/paper_collection_3d4d_reconstruction_2026_04_26/pdfs/2026_GeoRect4D_Geometry_Compatible_Generative_Rectification_for_Dynamic_Sparse_View_3D_Reconstr_2604.20784.pdf,,no_code_link_found,"Codex:3D-Reconstruction, Codex:3D4D-Reconstruction"
2604.20155,GSCompleter: A Distillation-Free Plugin for Metric-Aware 3D Gaussian Splatting Completion in Seconds,2026-arxiv,稀疏/单目/少视角 3D 重建,训练/监督角度,解决稀疏视角几何不稳定,Gaussian Splatting 表示与正则化,GSCompleter,GSCompleter 针对「解决稀疏视角几何不稳定」，从「训练/监督角度」切入，主要采用「Gaussian Splatting 表示与正则化」来服务「稀疏/单目/少视角 3D 重建」。,/Volumes/UBag/Documents/l40server_mirror/lyra/Lyra-2/paper_collection_3d4d_reconstruction_2026_04_26/boardmix_mindmap/method_figures/2604.20155_GSCompleter.png,/Volumes/UBag/Documents/l40server_mirror/lyra/Lyra-2/paper_collection_3d4d_reconstruction_2026_04_26/pdfs/2026_GSCompleter_A_Distillation_Free_Plugin_for_Metric_Aware_3D_Gaussian_Splatting_Completion_i_2604.20155.pdf,,no_code_link_found,"Codex:3D-Reconstruction, Codex:3D4D-Reconstruction"
2604.19683,Mask World Model: Predicting What Matters for Robust Robot Policy Learning,2026-arxiv,生成式 3D/4D 内容与仿真,生成/世界模型角度,提升可控生成/世界演化预测,Diffusion/生成先验/视频模型,Mask World Model,Mask World Model 针对「提升可控生成/世界演化预测」，从「生成/世界模型角度」切入，主要采用「Diffusion/生成先验/视频模型」来服务「生成式 3D/4D 内容与仿真」。,/Volumes/UBag/Documents/l40server_mirror/lyra/Lyra-2/paper_collection_3d4d_reconstruction_2026_04_26/boardmix_mindmap/method_figures/2604.19683_Mask_World_Model.png,/Volumes/UBag/Documents/l40server_mirror/lyra/Lyra-2/paper_collection_3d4d_reconstruction_2026_04_26/pdfs/2026_Mask_World_Model_Predicting_What_Matters_for_Robust_Robot_Policy_Learning_2604.19683.pdf,https://github.com/LYFCLOUDFAN/mask-world-model,code_link_found_not_audited,"Codex:3D+4D-Evolution, Codex:3D4D-Reconstruction"
2603.20714,The Role and Relationship of Initialization and Densification in 3D Gaussian Splatting,2026-arxiv,多视角几何/表面/场景重建,表示/几何角度,解决稀疏视角几何不稳定,Gaussian Splatting 表示与正则化,本文方法,本文方法 针对「解决稀疏视角几何不稳定」，从「表示/几何角度」切入，主要采用「Gaussian Splatting 表示与正则化」来服务「多视角几何/表面/场景重建」。,/Volumes/UBag/Documents/l40server_mirror/lyra/Lyra-2/paper_collection_3d4d_reconstruction_2026_04_26/boardmix_mindmap/method_figures/2603.20714_paper.png,/Volumes/UBag/Documents/l40server_mirror/lyra/Lyra-2/paper_collection_3d4d_reconstruction_2026_04_26/pdfs/2026_The_Role_and_Relationship_of_Initialization_and_Densification_in_3D_Gaussian_Splatting_2603.20714.pdf,https://github.com/deivse/ivd_splat,code_link_found_not_audited,"Codex:3D-Reconstruction, Codex:3D4D-Reconstruction"
2604.20151,Toward Safe Autonomous Robotic Endovascular Interventions using World Models,2026-arxiv,SLAM/机器人/自动驾驶世界模型,时空/动态角度,提升可控生成/世界演化预测,SLAM / pose graph / online mapping pipeline,本文方法,本文方法 针对「提升可控生成/世界演化预测」，从「时空/动态角度」切入，主要采用「SLAM / pose graph / online mapping pipeline」来服务「SLAM/机器人/自动驾驶世界模型」。,/Volumes/UBag/Documents/l40server_mirror/lyra/Lyra-2/paper_collection_3d4d_reconstruction_2026_04_26/boardmix_mindmap/method_figures/2604.20151_paper.png,/Volumes/UBag/Documents/l40server_mirror/lyra/Lyra-2/paper_collection_3d4d_reconstruction_2026_04_26/pdfs/2026_Toward_Safe_Autonomous_Robotic_Endovascular_Interventions_using_World_Models_2604.20151.pdf,,no_code_link_found,"Codex:3D+4D-Evolution, Codex:3D4D-Reconstruction"
2604.13589,Dehaze-then-Splat: Generative Dehazing with Physics-Informed 3D Gaussian Splatting for Smoke-Free Novel View Synthesis,2026-arxiv,多视角几何/表面/场景重建,表示/几何角度,提升几何一致性/表面质量,Gaussian Splatting 表示与正则化,Dehaze-then-Splat,Dehaze-then-Splat 针对「提升几何一致性/表面质量」，从「表示/几何角度」切入，主要采用「Gaussian Splatting 表示与正则化」来服务「多视角几何/表面/场景重建」。,/Volumes/UBag/Documents/l40server_mirror/lyra/Lyra-2/paper_collection_3d4d_reconstruction_2026_04_26/boardmix_mindmap/method_figures/2604.13589_Dehaze-then-Splat.png,/Volumes/UBag/Documents/l40server_mirror/lyra/Lyra-2/paper_collection_3d4d_reconstruction_2026_04_26/pdfs/2026_Dehaze_then_Splat_Generative_Dehazing_with_Physics_Informed_3D_Gaussian_Splatting_for_Smok_2604.13589.pdf,https://github.com/chen-yu-chao/3DRR_codebase,code_link_found_not_audited,"Codex:3D-Reconstruction, Codex:3D4D-Reconstruction"
2604.21631,DualSplat: Robust 3D Gaussian Splatting via Pseudo-Mask Bootstrapping from Reconstruction Failures,2026-arxiv,实时/大规模/高效 3D 表示,训练/监督角度,提升几何一致性/表面质量,Gaussian Splatting 表示与正则化,DualSplat,DualSplat 针对「提升几何一致性/表面质量」，从「训练/监督角度」切入，主要采用「Gaussian Splatting 表示与正则化」来服务「实时/大规模/高效 3D 表示」。,/Volumes/UBag/Documents/l40server_mirror/lyra/Lyra-2/paper_collection_3d4d_reconstruction_2026_04_26/boardmix_mindmap/method_figures/2604.21631_DualSplat.png,/Volumes/UBag/Documents/l40server_mirror/lyra/Lyra-2/paper_collection_3d4d_reconstruction_2026_04_26/pdfs/2026_DualSplat_Robust_3D_Gaussian_Splatting_via_Pseudo_Mask_Bootstrapping_from_Reconstruction_F_2604.21631.pdf,https://github.com/Lans1ot/DualSplat,code_link_found_not_audited,"Codex:3D-Reconstruction, Codex:3D4D-Reconstruction"
2604.21741,Hi-WM: Human-in-the-World-Model for Scalable Robot Post-Training,2026-arxiv,SLAM/机器人/自动驾驶世界模型,训练/监督角度,提升可控生成/世界演化预测,SLAM / pose graph / online mapping pipeline,Hi-WM,Hi-WM 针对「提升可控生成/世界演化预测」，从「训练/监督角度」切入，主要采用「SLAM / pose graph / online mapping pipeline」来服务「SLAM/机器人/自动驾驶世界模型」。,/Volumes/UBag/Documents/l40server_mirror/lyra/Lyra-2/paper_collection_3d4d_reconstruction_2026_04_26/boardmix_mindmap/method_figures/2604.21741_Hi-WM.png,/Volumes/UBag/Documents/l40server_mirror/lyra/Lyra-2/paper_collection_3d4d_reconstruction_2026_04_26/pdfs/2026_Hi_WM_Human_in_the_World_Model_for_Scalable_Robot_Post_Training_2604.21741.pdf,,no_code_link_found,"Codex:3D+4D-Evolution, Codex:3D4D-Reconstruction"
2604.21713,Unlocking the Power of Critical Factors for 3D Visual Geometry Estimation,2026-arxiv,多视角几何/表面/场景重建,表示/几何角度,提升几何一致性/表面质量,SLAM / pose graph / online mapping pipeline,本文方法,本文方法 针对「提升几何一致性/表面质量」，从「表示/几何角度」切入，主要采用「SLAM / pose graph / online mapping pipeline」来服务「多视角几何/表面/场景重建」。,/Volumes/UBag/Documents/l40server_mirror/lyra/Lyra-2/paper_collection_3d4d_reconstruction_2026_04_26/boardmix_mindmap/method_figures/2604.21713_paper.png,/Volumes/UBag/Documents/l40server_mirror/lyra/Lyra-2/paper_collection_3d4d_reconstruction_2026_04_26/pdfs/2026_Unlocking_the_Power_of_Critical_Factors_for_3D_Visual_Geometry_Estimation_2604.21713.pdf,https://github.com/aim-uofa/CARVE,code_link_found_not_audited,"Codex:3D-Reconstruction, Codex:3D4D-Reconstruction"
2604.21915,Vista4D: Video Reshooting with 4D Point Clouds,2026-arxiv,多视角几何/表面/场景重建,时空/动态角度,提升几何一致性/表面质量,SDF/隐式表面/网格/点云,Vista4D,Vista4D 针对「提升几何一致性/表面质量」，从「时空/动态角度」切入，主要采用「SDF/隐式表面/网格/点云」来服务「多视角几何/表面/场景重建」。,/Volumes/UBag/Documents/l40server_mirror/lyra/Lyra-2/paper_collection_3d4d_reconstruction_2026_04_26/boardmix_mindmap/method_figures/2604.21915_Vista4D.png,/Volumes/UBag/Documents/l40server_mirror/lyra/Lyra-2/paper_collection_3d4d_reconstruction_2026_04_26/pdfs/2026_Vista4D_Video_Reshooting_with_4D_Point_Clouds_2604.21915.pdf,https://github.com/Eyeline-Labs/Vista4D,code_link_found_not_audited,"Codex:3D4D-Reconstruction, Codex:4D-Reconstruction"
2604.21914,VistaBot: View-Robust Robot Manipulation via Spatiotemporal-Aware View Synthesis,2026-arxiv,动态场景与 4D 重建,时空/动态角度,建模运动/形变/时间一致性,SLAM / pose graph / online mapping pipeline,VistaBot,VistaBot 针对「建模运动/形变/时间一致性」，从「时空/动态角度」切入，主要采用「SLAM / pose graph / online mapping pipeline」来服务「动态场景与 4D 重建」。,/Volumes/UBag/Documents/l40server_mirror/lyra/Lyra-2/paper_collection_3d4d_reconstruction_2026_04_26/boardmix_mindmap/method_figures/2604.21914_VistaBot.png,/Volumes/UBag/Documents/l40server_mirror/lyra/Lyra-2/paper_collection_3d4d_reconstruction_2026_04_26/pdfs/2026_VistaBot_View_Robust_Robot_Manipulation_via_Spatiotemporal_Aware_View_Synthesis_2604.21914.pdf,,no_code_link_found,"Codex:3D-Reconstruction, Codex:3D4D-Reconstruction"
2604.21182,WildSplatter: Feed-forward 3D Gaussian Splatting with Appearance Control from Unconstrained Images,2026-arxiv,稀疏/单目/少视角 3D 重建,计算角度,解决稀疏视角几何不稳定,Gaussian Splatting 表示与正则化,WildSplatter,WildSplatter 针对「解决稀疏视角几何不稳定」，从「计算角度」切入，主要采用「Gaussian Splatting 表示与正则化」来服务「稀疏/单目/少视角 3D 重建」。,/Volumes/UBag/Documents/l40server_mirror/lyra/Lyra-2/paper_collection_3d4d_reconstruction_2026_04_26/boardmix_mindmap/method_figures/2604.21182_WildSplatter.png,/Volumes/UBag/Documents/l40server_mirror/lyra/Lyra-2/paper_collection_3d4d_reconstruction_2026_04_26/pdfs/2026_WildSplatter_Feed_forward_3D_Gaussian_Splatting_with_Appearance_Control_from_Unconstrained_2604.21182.pdf,https://github.com/yfujimura/WildSplatter,code_link_found_not_audited,"Codex:3D-Reconstruction, Codex:3D4D-Reconstruction"
