arxiv_id,title,figure_status,image_size,method_figure
1804.02505,MVSNet: Depth Inference for Unstructured Multi-view Stereo,extracted_embedded_figure,486x365,/Volumes/UBag/Documents/l40server_mirror/lyra/Lyra-2/paper_collection_3d4d_reconstruction_2026_04_26/boardmix_mindmap/method_figures/1804.02505_MVSNet.png
1906.07751,Neural Volumes: Learning Dynamic Renderable Volumes from Images,extracted_embedded_figure,900x219,/Volumes/UBag/Documents/l40server_mirror/lyra/Lyra-2/paper_collection_3d4d_reconstruction_2026_04_26/boardmix_mindmap/method_figures/1906.07751_Neural_Volumes.png
2003.08934,NeRF: Representing Scenes as Neural Radiance Fields for View Synthesis,extracted_embedded_figure,800x800,/Volumes/UBag/Documents/l40server_mirror/lyra/Lyra-2/paper_collection_3d4d_reconstruction_2026_04_26/boardmix_mindmap/method_figures/2003.08934_NeRF.png
2003.09852,Multiview Neural Surface Reconstruction by Disentangling Geometry and Appearance,extracted_embedded_figure,900x227,/Volumes/UBag/Documents/l40server_mirror/lyra/Lyra-2/paper_collection_3d4d_reconstruction_2026_04_26/boardmix_mindmap/method_figures/2003.09852_paper.png
2011.13961,D-NeRF: Neural Radiance Fields for Dynamic Scenes,extracted_embedded_figure,900x196,/Volumes/UBag/Documents/l40server_mirror/lyra/Lyra-2/paper_collection_3d4d_reconstruction_2026_04_26/boardmix_mindmap/method_figures/2011.13961_D-NeRF.png
2104.00681,NeuralRecon: Real-Time Coherent 3D Reconstruction from Monocular Video,extracted_embedded_figure,900x586,/Volumes/UBag/Documents/l40server_mirror/lyra/Lyra-2/paper_collection_3d4d_reconstruction_2026_04_26/boardmix_mindmap/method_figures/2104.00681_NeuralRecon.png
2102.1309,IBRNet: Learning Multi-View Image-Based Rendering,extracted_embedded_figure,422x412,/Volumes/UBag/Documents/l40server_mirror/lyra/Lyra-2/paper_collection_3d4d_reconstruction_2026_04_26/boardmix_mindmap/method_figures/2102.13090_IBRNet.png
2011.13084,Neural Scene Flow Fields for Space-Time View Synthesis of Dynamic Scenes,extracted_embedded_figure,512x288,/Volumes/UBag/Documents/l40server_mirror/lyra/Lyra-2/paper_collection_3d4d_reconstruction_2026_04_26/boardmix_mindmap/method_figures/2011.13084_Space-Time.png
2012.0219,pixelNeRF: Neural Radiance Fields from One or Few Images,extracted_embedded_figure,512x512,/Volumes/UBag/Documents/l40server_mirror/lyra/Lyra-2/paper_collection_3d4d_reconstruction_2026_04_26/boardmix_mindmap/method_figures/2012.02190_pixelNeRF.png
2106.13228,HyperNeRF: A Higher-Dimensional Representation for Topologically Varying Neural Radiance Fields,extracted_embedded_figure,900x869,/Volumes/UBag/Documents/l40server_mirror/lyra/Lyra-2/paper_collection_3d4d_reconstruction_2026_04_26/boardmix_mindmap/method_figures/2106.13228_HyperNeRF.png
2011.12948,Nerfies: Deformable Neural Radiance Fields,extracted_embedded_figure,900x1262,/Volumes/UBag/Documents/l40server_mirror/lyra/Lyra-2/paper_collection_3d4d_reconstruction_2026_04_26/boardmix_mindmap/method_figures/2011.12948_Nerfies.png
2112.00724,RegNeRF: Regularizing Neural Radiance Fields for View Synthesis from Sparse Inputs,extracted_embedded_figure,800x800,/Volumes/UBag/Documents/l40server_mirror/lyra/Lyra-2/paper_collection_3d4d_reconstruction_2026_04_26/boardmix_mindmap/method_figures/2112.00724_RegNeRF.png
2106.12052,Volume Rendering of Neural Implicit Surfaces,extracted_embedded_figure,900x170,/Volumes/UBag/Documents/l40server_mirror/lyra/Lyra-2/paper_collection_3d4d_reconstruction_2026_04_26/boardmix_mindmap/method_figures/2106.12052_Volume_Rendering_of_Neural_Implicit_Surfaces.png
2108.10869,"DROID-SLAM: Deep Visual SLAM for Monocular, Stereo, and RGB-D Cameras",extracted_embedded_figure,520x293,/Volumes/UBag/Documents/l40server_mirror/lyra/Lyra-2/paper_collection_3d4d_reconstruction_2026_04_26/boardmix_mindmap/method_figures/2108.10869_DROID-SLAM.png
2111.12077,Mip-NeRF 360: Unbounded Anti-Aliased Neural Radiance Fields,extracted_embedded_figure,900x465,/Volumes/UBag/Documents/l40server_mirror/lyra/Lyra-2/paper_collection_3d4d_reconstruction_2026_04_26/boardmix_mindmap/method_figures/2111.12077_Mip-NeRF_360.png
2112.1213,NICE-SLAM: Neural Implicit Scalable Encoding for SLAM,extracted_embedded_figure,900x582,/Volumes/UBag/Documents/l40server_mirror/lyra/Lyra-2/paper_collection_3d4d_reconstruction_2026_04_26/boardmix_mindmap/method_figures/2112.12130_NICE-SLAM.png
2103.02597,Neural 3D Video Synthesis from Multi-view Video,extracted_embedded_figure,464x464,/Volumes/UBag/Documents/l40server_mirror/lyra/Lyra-2/paper_collection_3d4d_reconstruction_2026_04_26/boardmix_mindmap/method_figures/2103.02597_Neural_3D_Video_Synthesis_from_Multi-view_Video.png
2201.05989,Instant Neural Graphics Primitives with a Multiresolution Hash Encoding,extracted_embedded_figure,900x506,/Volumes/UBag/Documents/l40server_mirror/lyra/Lyra-2/paper_collection_3d4d_reconstruction_2026_04_26/boardmix_mindmap/method_figures/2201.05989_paper.png
2205.15285,Fast Dynamic Radiance Fields with Time-Aware Neural Voxels,extracted_embedded_figure,800x800,/Volumes/UBag/Documents/l40server_mirror/lyra/Lyra-2/paper_collection_3d4d_reconstruction_2026_04_26/boardmix_mindmap/method_figures/2205.15285_Time-Aware.png
2209.14988,DreamFusion: Text-to-3D using 2D Diffusion,extracted_embedded_figure,640x256,/Volumes/UBag/Documents/l40server_mirror/lyra/Lyra-2/paper_collection_3d4d_reconstruction_2026_04_26/boardmix_mindmap/method_figures/2209.14988_DreamFusion.png
2206.00665,MonoSDF: Exploring Monocular Geometric Cues for Neural Implicit Surface Reconstruction,extracted_embedded_figure,900x462,/Volumes/UBag/Documents/l40server_mirror/lyra/Lyra-2/paper_collection_3d4d_reconstruction_2026_04_26/boardmix_mindmap/method_figures/2206.00665_MonoSDF.png
2106.10689,NeuS: Learning Neural Implicit Surfaces by Volume Rendering for Multi-view Reconstruction,extracted_embedded_figure,800x800,/Volumes/UBag/Documents/l40server_mirror/lyra/Lyra-2/paper_collection_3d4d_reconstruction_2026_04_26/boardmix_mindmap/method_figures/2106.10689_NeuS.png
2303.11328,Zero-1-to-3: Zero-shot One Image to 3D Object,placeholder_or_no_embedded_method_figure,900x520,/Volumes/UBag/Documents/l40server_mirror/lyra/Lyra-2/paper_collection_3d4d_reconstruction_2026_04_26/boardmix_mindmap/method_figures/2303.11328_Zero-1-to-3.png
2301.10241,"K-Planes: Explicit Radiance Fields in Space, Time, and Appearance",extracted_embedded_figure,652x652,/Volumes/UBag/Documents/l40server_mirror/lyra/Lyra-2/paper_collection_3d4d_reconstruction_2026_04_26/boardmix_mindmap/method_figures/2301.10241_K-Planes.png
2301.09632,HexPlane: A Fast Representation for Dynamic Scenes,placeholder_or_no_embedded_method_figure,900x520,/Volumes/UBag/Documents/l40server_mirror/lyra/Lyra-2/paper_collection_3d4d_reconstruction_2026_04_26/boardmix_mindmap/method_figures/2301.09632_HexPlane.png
2308.04079,3D Gaussian Splatting for Real-Time Radiance Field Rendering,extracted_embedded_figure,344x490,/Volumes/UBag/Documents/l40server_mirror/lyra/Lyra-2/paper_collection_3d4d_reconstruction_2026_04_26/boardmix_mindmap/method_figures/2308.04079_Real-Time.png
2308.09713,Dynamic 3D Gaussians: Tracking by Persistent Dynamic View Synthesis,extracted_embedded_figure,900x504,/Volumes/UBag/Documents/l40server_mirror/lyra/Lyra-2/paper_collection_3d4d_reconstruction_2026_04_26/boardmix_mindmap/method_figures/2308.09713_Dynamic_3D_Gaussians.png
2310.11448,4K4D: Real-Time 4D View Synthesis at 4K Resolution,extracted_embedded_figure,900x1305,/Volumes/UBag/Documents/l40server_mirror/lyra/Lyra-2/paper_collection_3d4d_reconstruction_2026_04_26/boardmix_mindmap/method_figures/2310.11448_4K4D.png
2309.13101,Deformable 3D Gaussians for High-Fidelity Monocular Dynamic Scene Reconstruction,extracted_embedded_figure,536x960,/Volumes/UBag/Documents/l40server_mirror/lyra/Lyra-2/paper_collection_3d4d_reconstruction_2026_04_26/boardmix_mindmap/method_figures/2309.13101_High-Fidelity.png
2402.05054,LGM: Large Multi-View Gaussian Model for High-Resolution 3D Content Creation,extracted_embedded_figure,512x512,/Volumes/UBag/Documents/l40server_mirror/lyra/Lyra-2/paper_collection_3d4d_reconstruction_2026_04_26/boardmix_mindmap/method_figures/2402.05054_LGM.png
2312.16812,Spacetime Gaussian Feature Splatting for Real-Time Dynamic View Synthesis,extracted_embedded_figure,900x653,/Volumes/UBag/Documents/l40server_mirror/lyra/Lyra-2/paper_collection_3d4d_reconstruction_2026_04_26/boardmix_mindmap/method_figures/2312.16812_Real-Time.png
2309.03453,SyncDreamer: Generating Multiview-consistent Images from a Single-view Image,extracted_embedded_figure,256x256,/Volumes/UBag/Documents/l40server_mirror/lyra/Lyra-2/paper_collection_3d4d_reconstruction_2026_04_26/boardmix_mindmap/method_figures/2309.03453_SyncDreamer.png
2405.10314,CAT3D: Create Anything in 3D with Multi-View Diffusion Models,extracted_embedded_figure,658x1024,/Volumes/UBag/Documents/l40server_mirror/lyra/Lyra-2/paper_collection_3d4d_reconstruction_2026_04_26/boardmix_mindmap/method_figures/2405.10314_CAT3D.png
2406.09756,Grounding Image Matching in 3D with MASt3R,extracted_embedded_figure,450x600,/Volumes/UBag/Documents/l40server_mirror/lyra/Lyra-2/paper_collection_3d4d_reconstruction_2026_04_26/boardmix_mindmap/method_figures/2406.09756_Grounding_Image_Matching_in_3D_with_MASt3R.png
2310.08528,4D Gaussian Splatting for Real-Time Dynamic Scene Rendering,extracted_embedded_figure,900x675,/Volumes/UBag/Documents/l40server_mirror/lyra/Lyra-2/paper_collection_3d4d_reconstruction_2026_04_26/boardmix_mindmap/method_figures/2310.08528_Real-Time.png
2312.14132,DUSt3R: Geometric 3D Vision Made Easy,extracted_embedded_figure,900x622,/Volumes/UBag/Documents/l40server_mirror/lyra/Lyra-2/paper_collection_3d4d_reconstruction_2026_04_26/boardmix_mindmap/method_figures/2312.14132_DUSt3R.png
2503.11651,VGGT: Visual Geometry Grounded Transformer,extracted_embedded_figure,900x378,/Volumes/UBag/Documents/l40server_mirror/lyra/Lyra-2/paper_collection_3d4d_reconstruction_2026_04_26/boardmix_mindmap/method_figures/2503.11651_VGGT.png
2410.03825,MonST3R: A Simple Approach for Estimating Geometry in the Presence of Motion,extracted_embedded_figure,900x489,/Volumes/UBag/Documents/l40server_mirror/lyra/Lyra-2/paper_collection_3d4d_reconstruction_2026_04_26/boardmix_mindmap/method_figures/2410.03825_MonST3R.png
2503.18945,Aether: Geometric-Aware Unified World Modeling,extracted_embedded_figure,900x506,/Volumes/UBag/Documents/l40server_mirror/lyra/Lyra-2/paper_collection_3d4d_reconstruction_2026_04_26/boardmix_mindmap/method_figures/2503.18945_Aether.png
2602.19182,Thin Plate Spline Surface Reconstruction via the Method of Matched Sections,placeholder_or_no_embedded_method_figure,900x520,/Volumes/UBag/Documents/l40server_mirror/lyra/Lyra-2/paper_collection_3d4d_reconstruction_2026_04_26/boardmix_mindmap/method_figures/2602.19182_paper.png
2602.06044,COSMOS: Coherent Supergaussian Modeling with Spatial Priors for Sparse-View 3D Splatting,extracted_embedded_figure,900x286,/Volumes/UBag/Documents/l40server_mirror/lyra/Lyra-2/paper_collection_3d4d_reconstruction_2026_04_26/boardmix_mindmap/method_figures/2602.06044_COSMOS.png
2601.00012,Neural Brain Fields: A NeRF-Inspired Approach for Generating Nonexistent EEG Electrodes,extracted_embedded_figure,465x422,/Volumes/UBag/Documents/l40server_mirror/lyra/Lyra-2/paper_collection_3d4d_reconstruction_2026_04_26/boardmix_mindmap/method_figures/2601.00012_Neural_Brain_Fields.png
2603.15622,SAC-NeRF: Adaptive Ray Sampling for Neural Radiance Fields via Soft Actor-Critic Reinforcement Learning,placeholder_or_no_embedded_method_figure,900x520,/Volumes/UBag/Documents/l40server_mirror/lyra/Lyra-2/paper_collection_3d4d_reconstruction_2026_04_26/boardmix_mindmap/method_figures/2603.15622_SAC-NeRF.png
2601.00051,TeleWorld: Towards Dynamic Multimodal Synthesis with a 4D World Model,extracted_embedded_figure,900x1002,/Volumes/UBag/Documents/l40server_mirror/lyra/Lyra-2/paper_collection_3d4d_reconstruction_2026_04_26/boardmix_mindmap/method_figures/2601.00051_TeleWorld.png
2601.00913,Clean-GS: Semantic Mask-Guided Pruning for 3D Gaussian Splatting,extracted_embedded_figure,667x370,/Volumes/UBag/Documents/l40server_mirror/lyra/Lyra-2/paper_collection_3d4d_reconstruction_2026_04_26/boardmix_mindmap/method_figures/2601.00913_Clean-GS.png
2601.00207,CropNeRF: A Neural Radiance Field-Based Framework for Crop Counting,extracted_embedded_figure,900x1200,/Volumes/UBag/Documents/l40server_mirror/lyra/Lyra-2/paper_collection_3d4d_reconstruction_2026_04_26/boardmix_mindmap/method_figures/2601.00207_CropNeRF.png
2601.00328,Joint Geometry-Appearance Human Reconstruction in a Unified Latent Space via Bridge Diffusion,extracted_embedded_figure,512x512,/Volumes/UBag/Documents/l40server_mirror/lyra/Lyra-2/paper_collection_3d4d_reconstruction_2026_04_26/boardmix_mindmap/method_figures/2601.00328_Geometry-Appearance.png
2601.00796,AdaGaR: Adaptive Gabor Representation for Dynamic Scene Reconstruction,extracted_embedded_figure,900x902,/Volumes/UBag/Documents/l40server_mirror/lyra/Lyra-2/paper_collection_3d4d_reconstruction_2026_04_26/boardmix_mindmap/method_figures/2601.00796_AdaGaR.png
2601.00678,Pixel-to-4D: Camera-Controlled Image-to-Video Generation with Dynamic 3D Gaussians,extracted_embedded_figure,900x309,/Volumes/UBag/Documents/l40server_mirror/lyra/Lyra-2/paper_collection_3d4d_reconstruction_2026_04_26/boardmix_mindmap/method_figures/2601.00678_Pixel-to-4D.png
2601.01222,UniSH: Unifying Scene and Human Reconstruction in a Feed-Forward Pass,extracted_embedded_figure,455x679,/Volumes/UBag/Documents/l40server_mirror/lyra/Lyra-2/paper_collection_3d4d_reconstruction_2026_04_26/boardmix_mindmap/method_figures/2601.01222_UniSH.png
2601.0166,Animated 3DGS Avatars in Diverse Scenes with Consistent Lighting and Shadows,extracted_embedded_figure,900x364,/Volumes/UBag/Documents/l40server_mirror/lyra/Lyra-2/paper_collection_3d4d_reconstruction_2026_04_26/boardmix_mindmap/method_figures/2601.01660_paper.png
2601.01431,EdgeNeRF: Edge-Guided Regularization for Neural Radiance Fields from Sparse Views,extracted_embedded_figure,900x452,/Volumes/UBag/Documents/l40server_mirror/lyra/Lyra-2/paper_collection_3d4d_reconstruction_2026_04_26/boardmix_mindmap/method_figures/2601.01431_EdgeNeRF.png
2601.01386,ParkGaussian: Surround-view 3D Gaussian Splatting for Autonomous Parking,extracted_embedded_figure,900x276,/Volumes/UBag/Documents/l40server_mirror/lyra/Lyra-2/paper_collection_3d4d_reconstruction_2026_04_26/boardmix_mindmap/method_figures/2601.01386_ParkGaussian.png
2601.00939,ShadowGS: Shadow-Aware 3D Gaussian Splatting for Satellite Imagery,extracted_embedded_figure,900x294,/Volumes/UBag/Documents/l40server_mirror/lyra/Lyra-2/paper_collection_3d4d_reconstruction_2026_04_26/boardmix_mindmap/method_figures/2601.00939_ShadowGS.png
2601.02102,360-GeoGS: Geometrically Consistent Feed-Forward 3D Gaussian Splatting Reconstruction for 360 Images,extracted_embedded_figure,900x368,/Volumes/UBag/Documents/l40server_mirror/lyra/Lyra-2/paper_collection_3d4d_reconstruction_2026_04_26/boardmix_mindmap/method_figures/2601.02102_360-GeoGS.png
2601.01847,ESGaussianFace: Emotional and Stylized Audio-Driven Facial Animation via 3D Gaussian Splatting,extracted_embedded_figure,900x900,/Volumes/UBag/Documents/l40server_mirror/lyra/Lyra-2/paper_collection_3d4d_reconstruction_2026_04_26/boardmix_mindmap/method_figures/2601.01847_ESGaussianFace.png
2601.02339,Joint Semantic and Rendering Enhancements in 3D Gaussian Modeling with Anisotropic Local Encoding,placeholder_or_no_embedded_method_figure,900x520,/Volumes/UBag/Documents/l40server_mirror/lyra/Lyra-2/paper_collection_3d4d_reconstruction_2026_04_26/boardmix_mindmap/method_figures/2601.02339_paper.png
2601.02072,SketchRodGS: Sketch-based Extraction of Slender Geometries for Animating Gaussian Splatting Scenes,extracted_embedded_figure,900x540,/Volumes/UBag/Documents/l40server_mirror/lyra/Lyra-2/paper_collection_3d4d_reconstruction_2026_04_26/boardmix_mindmap/method_figures/2601.02072_SketchRodGS.png
2601.032,A High-Fidelity Digital Twin for Robotic Manipulation Based on 3D Gaussian Splatting,extracted_embedded_figure,900x257,/Volumes/UBag/Documents/l40server_mirror/lyra/Lyra-2/paper_collection_3d4d_reconstruction_2026_04_26/boardmix_mindmap/method_figures/2601.03200_High-Fidelity.png
2601.03319,CaricatureGS: Exaggerating 3D Gaussian Splatting Faces With Gaussian Curvature,extracted_embedded_figure,900x834,/Volumes/UBag/Documents/l40server_mirror/lyra/Lyra-2/paper_collection_3d4d_reconstruction_2026_04_26/boardmix_mindmap/method_figures/2601.03319_CaricatureGS.png
2601.03357,RelightAnyone: A Generalized Relightable 3D Gaussian Head Model,extracted_embedded_figure,900x197,/Volumes/UBag/Documents/l40server_mirror/lyra/Lyra-2/paper_collection_3d4d_reconstruction_2026_04_26/boardmix_mindmap/method_figures/2601.03357_RelightAnyone.png
2601.03782,PointWorld: Scaling 3D World Models for In-The-Wild Robotic Manipulation,extracted_embedded_figure,575x1255,/Volumes/UBag/Documents/l40server_mirror/lyra/Lyra-2/paper_collection_3d4d_reconstruction_2026_04_26/boardmix_mindmap/method_figures/2601.03782_PointWorld.png
2601.04348,SCAR-GS: Spatial Context Attention for Residuals in Progressive Gaussian Splatting,extracted_embedded_figure,900x419,/Volumes/UBag/Documents/l40server_mirror/lyra/Lyra-2/paper_collection_3d4d_reconstruction_2026_04_26/boardmix_mindmap/method_figures/2601.04348_SCAR-GS.png
2601.03517,Semantic Belief-State World Model for 3D Human Motion Prediction,placeholder_or_no_embedded_method_figure,900x520,/Volumes/UBag/Documents/l40server_mirror/lyra/Lyra-2/paper_collection_3d4d_reconstruction_2026_04_26/boardmix_mindmap/method_figures/2601.03517_Belief-State.png
2601.05116,From Rays to Projections: Better Inputs for Feed-Forward View Synthesis,extracted_embedded_figure,900x241,/Volumes/UBag/Documents/l40server_mirror/lyra/Lyra-2/paper_collection_3d4d_reconstruction_2026_04_26/boardmix_mindmap/method_figures/2601.05116_From_Rays_to_Projections.png
2601.05251,Mesh4D: 4D Mesh Reconstruction and Tracking from Monocular Video,extracted_embedded_figure,900x540,/Volumes/UBag/Documents/l40server_mirror/lyra/Lyra-2/paper_collection_3d4d_reconstruction_2026_04_26/boardmix_mindmap/method_figures/2601.05251_Mesh4D.png
2601.05368,MOSAIC-GS: Monocular Scene Reconstruction via Advanced Initialization for Complex Dynamic Environments,extracted_embedded_figure,360x480,/Volumes/UBag/Documents/l40server_mirror/lyra/Lyra-2/paper_collection_3d4d_reconstruction_2026_04_26/boardmix_mindmap/method_figures/2601.05368_MOSAIC-GS.png
2601.05653,EvoQRE: Modeling Bounded Rationality in Safety-Critical Traffic Simulation via Evolutionary Quantal Response Equilibrium,placeholder_or_no_embedded_method_figure,900x520,/Volumes/UBag/Documents/l40server_mirror/lyra/Lyra-2/paper_collection_3d4d_reconstruction_2026_04_26/boardmix_mindmap/method_figures/2601.05653_EvoQRE.png
2601.05584,GS-DMSR: Dynamic Sensitive Multi-scale Manifold Enhancement for Accelerated High-Quality 3D Gaussian Splatting,extracted_embedded_figure,900x498,/Volumes/UBag/Documents/l40server_mirror/lyra/Lyra-2/paper_collection_3d4d_reconstruction_2026_04_26/boardmix_mindmap/method_figures/2601.05584_GS-DMSR.png
2601.05853,LayerGS: Decomposition and Inpainting of Layered 3D Human Avatars via 2D Gaussian Splatting,extracted_embedded_figure,900x454,/Volumes/UBag/Documents/l40server_mirror/lyra/Lyra-2/paper_collection_3d4d_reconstruction_2026_04_26/boardmix_mindmap/method_figures/2601.05853_LayerGS.png
2601.06285,NAS-GS: Noise-Aware Sonar Gaussian Splatting,extracted_embedded_figure,900x485,/Volumes/UBag/Documents/l40server_mirror/lyra/Lyra-2/paper_collection_3d4d_reconstruction_2026_04_26/boardmix_mindmap/method_figures/2601.06285_NAS-GS.png
2601.05722,Rotate Your Character: Revisiting Video Diffusion Models for High-Quality 3D Character Generation,extracted_embedded_figure,512x512,/Volumes/UBag/Documents/l40server_mirror/lyra/Lyra-2/paper_collection_3d4d_reconstruction_2026_04_26/boardmix_mindmap/method_figures/2601.05722_Rotate_Your_Character.png
2601.11617,PointSLAM++: Robust Dense Neural Gaussian Point Cloud-based SLAM,extracted_embedded_figure,900x529,/Volumes/UBag/Documents/l40server_mirror/lyra/Lyra-2/paper_collection_3d4d_reconstruction_2026_04_26/boardmix_mindmap/method_figures/2601.11617_PointSLAM.png
2601.06839,PRISM: Color-Stratified Point Cloud Sampling,placeholder_or_no_embedded_method_figure,900x520,/Volumes/UBag/Documents/l40server_mirror/lyra/Lyra-2/paper_collection_3d4d_reconstruction_2026_04_26/boardmix_mindmap/method_figures/2601.06839_PRISM.png
2601.01705,Explicit World Models for Reliable Human-Robot Collaboration,placeholder_or_no_embedded_method_figure,900x520,/Volumes/UBag/Documents/l40server_mirror/lyra/Lyra-2/paper_collection_3d4d_reconstruction_2026_04_26/boardmix_mindmap/method_figures/2601.01705_Human-Robot.png
2601.07484,R3-RECON: Radiance-Field-Free Active Reconstruction via Renderability,extracted_embedded_figure,900x900,/Volumes/UBag/Documents/l40server_mirror/lyra/Lyra-2/paper_collection_3d4d_reconstruction_2026_04_26/boardmix_mindmap/method_figures/2601.07484_R3-RECON.png
2601.05394,Sketch&Patch++: Efficient Structure-Aware 3D Gaussian Representation,extracted_embedded_figure,900x599,/Volumes/UBag/Documents/l40server_mirror/lyra/Lyra-2/paper_collection_3d4d_reconstruction_2026_04_26/boardmix_mindmap/method_figures/2601.05394_Sketch_Patch.png
2601.07823,"Video Generation Models in Robotics -- Applications, Research Challenges, Future Directions",extracted_embedded_figure,900x900,/Volumes/UBag/Documents/l40server_mirror/lyra/Lyra-2/paper_collection_3d4d_reconstruction_2026_04_26/boardmix_mindmap/method_figures/2601.07823_paper.png
2601.08371,Geo-NVS-w: Geometry-Aware Novel View Synthesis In-the-Wild with an SDF Renderer,extracted_embedded_figure,900x680,/Volumes/UBag/Documents/l40server_mirror/lyra/Lyra-2/paper_collection_3d4d_reconstruction_2026_04_26/boardmix_mindmap/method_figures/2601.08371_Geo-NVS-w.png
2601.08832,RAVEN: Erasing Invisible Watermarks via Novel View Synthesis,extracted_embedded_figure,512x512,/Volumes/UBag/Documents/l40server_mirror/lyra/Lyra-2/paper_collection_3d4d_reconstruction_2026_04_26/boardmix_mindmap/method_figures/2601.08832_RAVEN.png
2601.09697,Efficient Camera-Controlled Video Generation of Static Scenes via Sparse Diffusion and 3D Rendering,extracted_embedded_figure,900x553,/Volumes/UBag/Documents/l40server_mirror/lyra/Lyra-2/paper_collection_3d4d_reconstruction_2026_04_26/boardmix_mindmap/method_figures/2601.09697_Camera-Controlled.png
2601.09452,MAD: Motion Appearance Decoupling for efficient Driving World Models,extracted_embedded_figure,510x351,/Volumes/UBag/Documents/l40server_mirror/lyra/Lyra-2/paper_collection_3d4d_reconstruction_2026_04_26/boardmix_mindmap/method_figures/2601.09452_MAD.png
2601.09665,SCE-SLAM: Scale-Consistent Monocular SLAM via Scene Coordinate Embeddings,extracted_embedded_figure,900x673,/Volumes/UBag/Documents/l40server_mirror/lyra/Lyra-2/paper_collection_3d4d_reconstruction_2026_04_26/boardmix_mindmap/method_figures/2601.09665_SCE-SLAM.png
2601.09499,V-DPM: 4D Video Reconstruction with Dynamic Point Maps,extracted_embedded_figure,900x396,/Volumes/UBag/Documents/l40server_mirror/lyra/Lyra-2/paper_collection_3d4d_reconstruction_2026_04_26/boardmix_mindmap/method_figures/2601.09499_V-DPM.png
2601.03869,Bayesian Monocular Depth Refinement via Neural Radiance Fields,extracted_embedded_figure,900x476,/Volumes/UBag/Documents/l40server_mirror/lyra/Lyra-2/paper_collection_3d4d_reconstruction_2026_04_26/boardmix_mindmap/method_figures/2601.03869_paper.png
2601.00705,RGS-SLAM: Robust Gaussian Splatting SLAM with One-Shot Dense Initialization,extracted_embedded_figure,900x449,/Volumes/UBag/Documents/l40server_mirror/lyra/Lyra-2/paper_collection_3d4d_reconstruction_2026_04_26/boardmix_mindmap/method_figures/2601.00705_RGS-SLAM.png
2601.10716,WildRayZer: Self-supervised Large View Synthesis in Dynamic Environments,extracted_embedded_figure,264x264,/Volumes/UBag/Documents/l40server_mirror/lyra/Lyra-2/paper_collection_3d4d_reconstruction_2026_04_26/boardmix_mindmap/method_figures/2601.10716_WildRayZer.png
2601.1103,IDDR-NGP: Incorporating Detectors for Distractor Removal with Instant Neural Radiance Field,extracted_embedded_figure,900x675,/Volumes/UBag/Documents/l40server_mirror/lyra/Lyra-2/paper_collection_3d4d_reconstruction_2026_04_26/boardmix_mindmap/method_figures/2601.11030_IDDR-NGP.png
2601.12122,Active Semantic Mapping of Horticultural Environments Using Gaussian Splatting,extracted_embedded_figure,900x487,/Volumes/UBag/Documents/l40server_mirror/lyra/Lyra-2/paper_collection_3d4d_reconstruction_2026_04_26/boardmix_mindmap/method_figures/2601.12122_paper.png
2601.12277,An Efficient and Multi-Modal Navigation System with One-Step World Model,extracted_embedded_figure,900x385,/Volumes/UBag/Documents/l40server_mirror/lyra/Lyra-2/paper_collection_3d4d_reconstruction_2026_04_26/boardmix_mindmap/method_figures/2601.12277_Multi-Modal.png
2601.12481,NeuralFur: Animal Fur Reconstruction From Multi-View Images,extracted_embedded_figure,900x773,/Volumes/UBag/Documents/l40server_mirror/lyra/Lyra-2/paper_collection_3d4d_reconstruction_2026_04_26/boardmix_mindmap/method_figures/2601.12481_NeuralFur.png
2601.04754,ProFuse: Efficient Cross-View Context Fusion for Open-Vocabulary 3D Gaussian Splatting,extracted_embedded_figure,900x448,/Volumes/UBag/Documents/l40server_mirror/lyra/Lyra-2/paper_collection_3d4d_reconstruction_2026_04_26/boardmix_mindmap/method_figures/2601.04754_ProFuse.png
2601.03024,SA-ResGS: Self-Augmented Residual 3D Gaussian Splatting for Next Best View Selection,extracted_embedded_figure,900x583,/Volumes/UBag/Documents/l40server_mirror/lyra/Lyra-2/paper_collection_3d4d_reconstruction_2026_04_26/boardmix_mindmap/method_figures/2601.03024_SA-ResGS.png
2601.12257,Soft Shadow Diffusion (SSD): Physics-inspired Learning for 3D Computational Periscopy,extracted_embedded_figure,900x510,/Volumes/UBag/Documents/l40server_mirror/lyra/Lyra-2/paper_collection_3d4d_reconstruction_2026_04_26/boardmix_mindmap/method_figures/2601.12257_Soft_Shadow_Diffusion_SSD.png
2601.13132,GaussExplorer: 3D Gaussian Splatting for Embodied Exploration and Reasoning,extracted_embedded_figure,640x452,/Volumes/UBag/Documents/l40server_mirror/lyra/Lyra-2/paper_collection_3d4d_reconstruction_2026_04_26/boardmix_mindmap/method_figures/2601.13132_GaussExplorer.png
2601.1277,Generalizable and Animatable 3D Full-Head Gaussian Avatar from a Single Image,extracted_embedded_figure,441x486,/Volumes/UBag/Documents/l40server_mirror/lyra/Lyra-2/paper_collection_3d4d_reconstruction_2026_04_26/boardmix_mindmap/method_figures/2601.12770_Full-Head.png
2601.04984,OceanSplat: Object-aware Gaussian Splatting with Trinocular View Consistency for Underwater Scene Reconstruction,extracted_embedded_figure,900x797,/Volumes/UBag/Documents/l40server_mirror/lyra/Lyra-2/paper_collection_3d4d_reconstruction_2026_04_26/boardmix_mindmap/method_figures/2601.04984_OceanSplat.png
2601.09291,TIDI-GS: Floater Suppression in 3D Gaussian Splatting for Enhanced Indoor Scene Fidelity,extracted_embedded_figure,900x309,/Volumes/UBag/Documents/l40server_mirror/lyra/Lyra-2/paper_collection_3d4d_reconstruction_2026_04_26/boardmix_mindmap/method_figures/2601.09291_TIDI-GS.png
2601.05839,GeoSurDepth: Harnessing Foundation Model for Spatial Geometry Consistency-Oriented Self-Supervised Surround-View Depth Estimation,extracted_embedded_figure,640x384,/Volumes/UBag/Documents/l40server_mirror/lyra/Lyra-2/paper_collection_3d4d_reconstruction_2026_04_26/boardmix_mindmap/method_figures/2601.05839_GeoSurDepth.png
2601.13574,Highly Deformable Proprioceptive Membrane for Real-Time 3D Shape Reconstruction,extracted_embedded_figure,900x1003,/Volumes/UBag/Documents/l40server_mirror/lyra/Lyra-2/paper_collection_3d4d_reconstruction_2026_04_26/boardmix_mindmap/method_figures/2601.13574_Real-Time.png
2601.14161,One-Shot Refiner: Boosting Feed-forward Novel View Synthesis via One-Step Diffusion,extracted_embedded_figure,900x531,/Volumes/UBag/Documents/l40server_mirror/lyra/Lyra-2/paper_collection_3d4d_reconstruction_2026_04_26/boardmix_mindmap/method_figures/2601.14161_One-Shot_Refiner.png
2601.13706,ParkingTwin: Training-Free Streaming 3D Reconstruction for Parking-Lot Digital Twins,placeholder_or_no_embedded_method_figure,900x520,/Volumes/UBag/Documents/l40server_mirror/lyra/Lyra-2/paper_collection_3d4d_reconstruction_2026_04_26/boardmix_mindmap/method_figures/2601.13706_ParkingTwin.png
2601.14208,Rig-Aware 3D Reconstruction of Vehicle Undercarriages using Gaussian Splatting,extracted_embedded_figure,900x410,/Volumes/UBag/Documents/l40server_mirror/lyra/Lyra-2/paper_collection_3d4d_reconstruction_2026_04_26/boardmix_mindmap/method_figures/2601.14208_Rig-Aware.png
2601.10814,SurfSLAM: Sim-to-Real Underwater Stereo Reconstruction For Real-Time SLAM,extracted_embedded_figure,900x506,/Volumes/UBag/Documents/l40server_mirror/lyra/Lyra-2/paper_collection_3d4d_reconstruction_2026_04_26/boardmix_mindmap/method_figures/2601.10814_SurfSLAM.png
2601.15533,From Generative Engines to Actionable Simulators: The Imperative of Physical Grounding in World Models,extracted_embedded_figure,337x338,/Volumes/UBag/Documents/l40server_mirror/lyra/Lyra-2/paper_collection_3d4d_reconstruction_2026_04_26/boardmix_mindmap/method_figures/2601.15533_From_Generative_Engines_to_Actionable_Simulators.png
2601.14875,GAT-NeRF: Geometry-Aware-Transformer Enhanced Neural Radiance Fields for High-Fidelity 4D Facial Avatars,placeholder_or_no_embedded_method_figure,900x520,/Volumes/UBag/Documents/l40server_mirror/lyra/Lyra-2/paper_collection_3d4d_reconstruction_2026_04_26/boardmix_mindmap/method_figures/2601.14875_GAT-NeRF.png
2601.15431,SplatBus: A Gaussian Splatting Viewer Framework via GPU Interprocess Communication,extracted_embedded_figure,900x670,/Volumes/UBag/Documents/l40server_mirror/lyra/Lyra-2/paper_collection_3d4d_reconstruction_2026_04_26/boardmix_mindmap/method_figures/2601.15431_SplatBus.png
2601.17067,A Mechanistic View on Video Generation as World Models: State and Dynamics,extracted_embedded_figure,900x496,/Volumes/UBag/Documents/l40server_mirror/lyra/Lyra-2/paper_collection_3d4d_reconstruction_2026_04_26/boardmix_mindmap/method_figures/2601.17067_paper.png
2601.16163,Cosmos Policy: Fine-Tuning Video Models for Visuomotor Control and Planning,extracted_embedded_figure,900x358,/Volumes/UBag/Documents/l40server_mirror/lyra/Lyra-2/paper_collection_3d4d_reconstruction_2026_04_26/boardmix_mindmap/method_figures/2601.16163_Cosmos_Policy.png
2601.15951,EVolSplat4D: Efficient Volume-based Gaussian Splatting for 4D Urban Scene Synthesis,extracted_embedded_figure,900x600,/Volumes/UBag/Documents/l40server_mirror/lyra/Lyra-2/paper_collection_3d4d_reconstruction_2026_04_26/boardmix_mindmap/method_figures/2601.15951_EVolSplat4D.png
2601.15772,LL-GaussianImage: Efficient Image Representation for Zero-shot Low-Light Enhancement with 2D Gaussian Splatting,extracted_embedded_figure,900x421,/Volumes/UBag/Documents/l40server_mirror/lyra/Lyra-2/paper_collection_3d4d_reconstruction_2026_04_26/boardmix_mindmap/method_figures/2601.15772_LL-GaussianImage.png
2601.16982,AnyView: Synthesizing Any Novel View in Dynamic Scenes,extracted_embedded_figure,900x780,/Volumes/UBag/Documents/l40server_mirror/lyra/Lyra-2/paper_collection_3d4d_reconstruction_2026_04_26/boardmix_mindmap/method_figures/2601.16982_AnyView.png
2601.17088,GlassesGB: Controllable 2D GAN-Based Eyewear Personalization for 3D Gaussian Blendshapes Head Avatars,extracted_embedded_figure,900x416,/Volumes/UBag/Documents/l40server_mirror/lyra/Lyra-2/paper_collection_3d4d_reconstruction_2026_04_26/boardmix_mindmap/method_figures/2601.17088_GlassesGB.png
2601.17185,LGDWT-GS: Local and Global Discrete Wavelet-Regularized 3D Gaussian Splatting for Sparse-View Scene Reconstruction,extracted_embedded_figure,900x626,/Volumes/UBag/Documents/l40server_mirror/lyra/Lyra-2/paper_collection_3d4d_reconstruction_2026_04_26/boardmix_mindmap/method_figures/2601.17185_LGDWT-GS.png
2602.16713,Three-dimensional Damage Visualization of Civil Structures via Gaussian Splatting-enabled Digital Twins,placeholder_or_no_embedded_method_figure,900x520,/Volumes/UBag/Documents/l40server_mirror/lyra/Lyra-2/paper_collection_3d4d_reconstruction_2026_04_26/boardmix_mindmap/method_figures/2602.16713_paper.png
2602.00096,Mirage2Matter: A Physically Grounded Gaussian World Model from Video,extracted_embedded_figure,900x365,/Volumes/UBag/Documents/l40server_mirror/lyra/Lyra-2/paper_collection_3d4d_reconstruction_2026_04_26/boardmix_mindmap/method_figures/2602.00096_Mirage2Matter.png
2601.1735,NeRF-MIR: Towards High-Quality Restoration of Masked Images with Neural Radiance Fields,extracted_embedded_figure,900x293,/Volumes/UBag/Documents/l40server_mirror/lyra/Lyra-2/paper_collection_3d4d_reconstruction_2026_04_26/boardmix_mindmap/method_figures/2601.17350_NeRF-MIR.png
2603.29572,Turbo4DGen: Ultra-Fast Acceleration for 4D Generation,extracted_embedded_figure,576x576,/Volumes/UBag/Documents/l40server_mirror/lyra/Lyra-2/paper_collection_3d4d_reconstruction_2026_04_26/boardmix_mindmap/method_figures/2603.29572_Turbo4DGen.png
2601.1772,Advancing Structured Priors for Sparse-Voxel Surface Reconstruction,extracted_embedded_figure,900x373,/Volumes/UBag/Documents/l40server_mirror/lyra/Lyra-2/paper_collection_3d4d_reconstruction_2026_04_26/boardmix_mindmap/method_figures/2601.17720_Sparse-Voxel.png
2601.17791,Agreement-Driven Multi-View 3D Reconstruction for Live Cattle Weight Estimation,extracted_embedded_figure,900x757,/Volumes/UBag/Documents/l40server_mirror/lyra/Lyra-2/paper_collection_3d4d_reconstruction_2026_04_26/boardmix_mindmap/method_figures/2601.17791_Agreement-Driven.png
2601.05208,MoE3D: A Mixture-of-Experts Module for 3D Reconstruction,extracted_embedded_figure,900x440,/Volumes/UBag/Documents/l40server_mirror/lyra/Lyra-2/paper_collection_3d4d_reconstruction_2026_04_26/boardmix_mindmap/method_figures/2601.05208_MoE3D.png
2601.179,Revisiting 3D Reconstruction Kernels as Low-Pass Filters,extracted_embedded_figure,900x450,/Volumes/UBag/Documents/l40server_mirror/lyra/Lyra-2/paper_collection_3d4d_reconstruction_2026_04_26/boardmix_mindmap/method_figures/2601.17900_Low-Pass.png
2601.18993,FreeOrbit4D: Training-Free Arbitrary Camera Redirection for Monocular Videos via Geometry-Complete 4D Reconstruction,extracted_embedded_figure,900x478,/Volumes/UBag/Documents/l40server_mirror/lyra/Lyra-2/paper_collection_3d4d_reconstruction_2026_04_26/boardmix_mindmap/method_figures/2601.18993_FreeOrbit4D.png
2601.02103,HeadLighter: Disentangling Illumination in Generative 3D Gaussian Heads via Lightstage Captures,extracted_embedded_figure,900x200,/Volumes/UBag/Documents/l40server_mirror/lyra/Lyra-2/paper_collection_3d4d_reconstruction_2026_04_26/boardmix_mindmap/method_figures/2601.02103_HeadLighter.png
2601.18475,LoD-Structured 3D Gaussian Splatting for Streaming Video Reconstruction,extracted_embedded_figure,900x636,/Volumes/UBag/Documents/l40server_mirror/lyra/Lyra-2/paper_collection_3d4d_reconstruction_2026_04_26/boardmix_mindmap/method_figures/2601.18475_LoD-Structured.png
2601.19014,Non-Invasive 3D Wound Measurement with RGB-D Imaging,extracted_embedded_figure,900x409,/Volumes/UBag/Documents/l40server_mirror/lyra/Lyra-2/paper_collection_3d4d_reconstruction_2026_04_26/boardmix_mindmap/method_figures/2601.19014_Non-Invasive.png
2601.18633,Splat-Portrait: Generalizing Talking Heads with Gaussian Splatting,placeholder_or_no_embedded_method_figure,900x520,/Volumes/UBag/Documents/l40server_mirror/lyra/Lyra-2/paper_collection_3d4d_reconstruction_2026_04_26/boardmix_mindmap/method_figures/2601.18633_Splat-Portrait.png
2601.18323,TC-IDM: Grounding Video Generation for Executable Zero-shot Robot Motion,extracted_embedded_figure,900x900,/Volumes/UBag/Documents/l40server_mirror/lyra/Lyra-2/paper_collection_3d4d_reconstruction_2026_04_26/boardmix_mindmap/method_figures/2601.18323_TC-IDM.png
2601.19216,Bridging Visual and Wireless Sensing: A Unified Radiation Field for 3D Radio Map Construction,extracted_embedded_figure,900x496,/Volumes/UBag/Documents/l40server_mirror/lyra/Lyra-2/paper_collection_3d4d_reconstruction_2026_04_26/boardmix_mindmap/method_figures/2601.19216_Bridging_Visual_and_Wireless_Sensing.png
2601.19717,DiffStyle3D: Consistent 3D Gaussian Stylization via Attention Optimization,extracted_embedded_figure,564x314,/Volumes/UBag/Documents/l40server_mirror/lyra/Lyra-2/paper_collection_3d4d_reconstruction_2026_04_26/boardmix_mindmap/method_figures/2601.19717_DiffStyle3D.png
2601.19484,"Dynamic Worlds, Dynamic Humans: Generating Virtual Human-Scene Interaction Motion in Dynamic Scenes",extracted_embedded_figure,900x500,/Volumes/UBag/Documents/l40server_mirror/lyra/Lyra-2/paper_collection_3d4d_reconstruction_2026_04_26/boardmix_mindmap/method_figures/2601.19484_Dynamic_Worlds_Dynamic_Humans.png
2601.17835,Geometry-Grounded Gaussian Splatting,extracted_embedded_figure,900x506,/Volumes/UBag/Documents/l40server_mirror/lyra/Lyra-2/paper_collection_3d4d_reconstruction_2026_04_26/boardmix_mindmap/method_figures/2601.17835_Geometry-Grounded_Gaussian_Splatting.png
2601.19843,Graphical X Splatting (GraphiXS): A Graphical Model for 4D Gaussian Splatting under Uncertainty,extracted_embedded_figure,900x304,/Volumes/UBag/Documents/l40server_mirror/lyra/Lyra-2/paper_collection_3d4d_reconstruction_2026_04_26/boardmix_mindmap/method_figures/2601.19843_Graphical_X_Splatting_GraphiXS.png
2601.15766,LL-GaussianMap: Zero-shot Low-Light Image Enhancement via 2D Gaussian Splatting Guided Gain Maps,extracted_embedded_figure,900x485,/Volumes/UBag/Documents/l40server_mirror/lyra/Lyra-2/paper_collection_3d4d_reconstruction_2026_04_26/boardmix_mindmap/method_figures/2601.15766_LL-GaussianMap.png
2601.20051,Size Matters: Reconstructing Real-Scale 3D Models from Monocular Images for Food Portion Estimation,placeholder_or_no_embedded_method_figure,900x520,/Volumes/UBag/Documents/l40server_mirror/lyra/Lyra-2/paper_collection_3d4d_reconstruction_2026_04_26/boardmix_mindmap/method_figures/2601.20051_Size_Matters.png
2601.19233,UniMGS: Unifying Mesh and 3D Gaussian Splatting with Single-Pass Rasterization and Proxy-Based Deformation,extracted_embedded_figure,900x386,/Volumes/UBag/Documents/l40server_mirror/lyra/Lyra-2/paper_collection_3d4d_reconstruction_2026_04_26/boardmix_mindmap/method_figures/2601.19233_UniMGS.png
2601.19753,WaterClear-GS: Optical-Aware Gaussian Splatting for Underwater Reconstruction and Restoration,extracted_embedded_figure,900x494,/Volumes/UBag/Documents/l40server_mirror/lyra/Lyra-2/paper_collection_3d4d_reconstruction_2026_04_26/boardmix_mindmap/method_figures/2601.19753_WaterClear-GS.png
2601.19489,Fast Converging 3D Gaussian Splatting for 1-Minute Reconstruction,extracted_embedded_figure,900x490,/Volumes/UBag/Documents/l40server_mirror/lyra/Lyra-2/paper_collection_3d4d_reconstruction_2026_04_26/boardmix_mindmap/method_figures/2601.19489_paper.png
2601.20857,FreeFix: Boosting 3D Gaussian Splatting via Fine-Tuning-Free Diffusion Models,extracted_embedded_figure,900x582,/Volumes/UBag/Documents/l40server_mirror/lyra/Lyra-2/paper_collection_3d4d_reconstruction_2026_04_26/boardmix_mindmap/method_figures/2601.20857_FreeFix.png
2601.19785,GeoDiff3D: Self-Supervised 3D Scene Generation with Geometry-Constrained 2D Diffusion Guidance,extracted_embedded_figure,900x679,/Volumes/UBag/Documents/l40server_mirror/lyra/Lyra-2/paper_collection_3d4d_reconstruction_2026_04_26/boardmix_mindmap/method_figures/2601.19785_GeoDiff3D.png
2602.06991,LangGS-SLAM: Real-Time Language-Feature Gaussian Splatting SLAM,extracted_embedded_figure,900x390,/Volumes/UBag/Documents/l40server_mirror/lyra/Lyra-2/paper_collection_3d4d_reconstruction_2026_04_26/boardmix_mindmap/method_figures/2602.06991_LangGS-SLAM.png
2601.22032,Drive-JEPA: Video JEPA Meets Multimodal Trajectory Distillation for End-to-End Driving,extracted_embedded_figure,900x477,/Volumes/UBag/Documents/l40server_mirror/lyra/Lyra-2/paper_collection_3d4d_reconstruction_2026_04_26/boardmix_mindmap/method_figures/2601.22032_Drive-JEPA.png
2601.16272,GR3EN: Generative Relighting for 3D Environments,extracted_embedded_figure,900x900,/Volumes/UBag/Documents/l40server_mirror/lyra/Lyra-2/paper_collection_3d4d_reconstruction_2026_04_26/boardmix_mindmap/method_figures/2601.16272_GR3EN.png
2601.22086,Learning Transient Convective Heat Transfer with Geometry Aware World Models,placeholder_or_no_embedded_method_figure,900x520,/Volumes/UBag/Documents/l40server_mirror/lyra/Lyra-2/paper_collection_3d4d_reconstruction_2026_04_26/boardmix_mindmap/method_figures/2601.22086_paper.png
2601.21786,Synthetic-to-Real Domain Bridging for Single-View 3D Reconstruction of Ships for Maritime Monitoring,extracted_embedded_figure,900x457,/Volumes/UBag/Documents/l40server_mirror/lyra/Lyra-2/paper_collection_3d4d_reconstruction_2026_04_26/boardmix_mindmap/method_figures/2601.21786_to-Real.png
2601.22045,Urban Neural Surface Reconstruction from Constrained Sparse Aerial Imagery with 3D SAR Fusion,extracted_embedded_figure,900x392,/Volumes/UBag/Documents/l40server_mirror/lyra/Lyra-2/paper_collection_3d4d_reconstruction_2026_04_26/boardmix_mindmap/method_figures/2601.22045_SAR.png
2602.00395,3DGS$^2$-TR: Scalable Second-Order Trust-Region Method for 3D Gaussian Splatting,placeholder_or_no_embedded_method_figure,900x520,/Volumes/UBag/Documents/l40server_mirror/lyra/Lyra-2/paper_collection_3d4d_reconstruction_2026_04_26/boardmix_mindmap/method_figures/2602.00395_3DGS_2_-TR.png
2601.23065,EAG-PT: Emission-Aware Gaussians and Path Tracing for Indoor Scene Reconstruction and Editing,extracted_embedded_figure,900x298,/Volumes/UBag/Documents/l40server_mirror/lyra/Lyra-2/paper_collection_3d4d_reconstruction_2026_04_26/boardmix_mindmap/method_figures/2601.23065_EAG-PT.png
2601.13837,FastGHA: Generalized Few-Shot 3D Gaussian Head Avatars with Real-Time Animation,extracted_embedded_figure,900x383,/Volumes/UBag/Documents/l40server_mirror/lyra/Lyra-2/paper_collection_3d4d_reconstruction_2026_04_26/boardmix_mindmap/method_figures/2601.13837_FastGHA.png
2601.22988,Learning Geometrically-Grounded 3D Visual Representations for View-Generalizable Robotic Manipulation,extracted_embedded_figure,900x163,/Volumes/UBag/Documents/l40server_mirror/lyra/Lyra-2/paper_collection_3d4d_reconstruction_2026_04_26/boardmix_mindmap/method_figures/2601.22988_Geometrically-Grounded.png
2601.19887,VGGT-SLAM 2.0: Real-time Dense Feed-forward Scene Reconstruction,extracted_embedded_figure,900x581,/Volumes/UBag/Documents/l40server_mirror/lyra/Lyra-2/paper_collection_3d4d_reconstruction_2026_04_26/boardmix_mindmap/method_figures/2601.19887_VGGT-SLAM_2.0.png
2602.00739,Diffusion-Driven Inter-Outer Surface Separation for Point Clouds with Open Boundaries,extracted_embedded_figure,900x505,/Volumes/UBag/Documents/l40server_mirror/lyra/Lyra-2/paper_collection_3d4d_reconstruction_2026_04_26/boardmix_mindmap/method_figures/2602.00739_Diffusion-Driven.png
2602.07016,Gaussian-Constrained LeJEPA Representations for Unsupervised Scene Discovery and Pose Consistency,placeholder_or_no_embedded_method_figure,900x520,/Volumes/UBag/Documents/l40server_mirror/lyra/Lyra-2/paper_collection_3d4d_reconstruction_2026_04_26/boardmix_mindmap/method_figures/2602.07016_Gaussian-Constrained.png
2601.214,Mesh Splatting for End-to-end Multiview Surface Reconstruction,extracted_embedded_figure,900x527,/Volumes/UBag/Documents/l40server_mirror/lyra/Lyra-2/paper_collection_3d4d_reconstruction_2026_04_26/boardmix_mindmap/method_figures/2601.21400_paper.png
2602.00463,PSGS: Text-driven Panorama Sliding Scene Generation via Gaussian Splatting,extracted_embedded_figure,321x172,/Volumes/UBag/Documents/l40server_mirror/lyra/Lyra-2/paper_collection_3d4d_reconstruction_2026_04_26/boardmix_mindmap/method_figures/2602.00463_PSGS.png
2602.00466,Stealthy Coverage Control for Human-enabled Real-Time 3D Reconstruction,extracted_embedded_figure,900x648,/Volumes/UBag/Documents/l40server_mirror/lyra/Lyra-2/paper_collection_3d4d_reconstruction_2026_04_26/boardmix_mindmap/method_figures/2602.00466_Real-Time.png
2602.00618,Tune-Your-Style: Intensity-tunable 3D Style Transfer with Gaussian Splatting,extracted_embedded_figure,900x898,/Volumes/UBag/Documents/l40server_mirror/lyra/Lyra-2/paper_collection_3d4d_reconstruction_2026_04_26/boardmix_mindmap/method_figures/2602.00618_Tune-Your-Style.png
2602.02602,Position: 3D Gaussian Splatting Watermarking Should Be Scenario-Driven and Threat-Model Explicit,extracted_embedded_figure,900x296,/Volumes/UBag/Documents/l40server_mirror/lyra/Lyra-2/paper_collection_3d4d_reconstruction_2026_04_26/boardmix_mindmap/method_figures/2602.02602_Position.png
2602.0243,3D Foundation Model-Based Loop Closing for Decentralized Collaborative SLAM,extracted_embedded_figure,900x618,/Volumes/UBag/Documents/l40server_mirror/lyra/Lyra-2/paper_collection_3d4d_reconstruction_2026_04_26/boardmix_mindmap/method_figures/2602.02430_Model-Based.png
2602.01723,FastPhysGS: Accelerating Physics-based Dynamic 3DGS Simulation via Interior Completion and Adaptive Optimization,extracted_embedded_figure,900x56,/Volumes/UBag/Documents/l40server_mirror/lyra/Lyra-2/paper_collection_3d4d_reconstruction_2026_04_26/boardmix_mindmap/method_figures/2602.01723_FastPhysGS.png
2602.01644,From Perception to Action: Spatial AI Agents and World Models,placeholder_or_no_embedded_method_figure,900x520,/Volumes/UBag/Documents/l40server_mirror/lyra/Lyra-2/paper_collection_3d4d_reconstruction_2026_04_26/boardmix_mindmap/method_figures/2602.01644_From_Perception_to_Action.png
2602.01748,OFERA: Blendshape-driven 3D Gaussian Control for Occluded Facial Expression to Realistic Avatars in VR,extracted_embedded_figure,900x1196,/Volumes/UBag/Documents/l40server_mirror/lyra/Lyra-2/paper_collection_3d4d_reconstruction_2026_04_26/boardmix_mindmap/method_figures/2602.01748_OFERA.png
2601.22861,Under-Canopy Terrain Reconstruction in Dense Forests Using RGB Imaging and Neural 3D Reconstruction,extracted_embedded_figure,600x600,/Volumes/UBag/Documents/l40server_mirror/lyra/Lyra-2/paper_collection_3d4d_reconstruction_2026_04_26/boardmix_mindmap/method_figures/2601.22861_Under-Canopy.png
2602.02002,UniDriveDreamer: A Single-Stage Multimodal World Model for Autonomous Driving,extracted_embedded_figure,900x167,/Volumes/UBag/Documents/l40server_mirror/lyra/Lyra-2/paper_collection_3d4d_reconstruction_2026_04_26/boardmix_mindmap/method_figures/2602.02002_UniDriveDreamer.png
2602.01536,UniDWM: Towards a Unified Driving World Model via Multifaceted Representation Learning,extracted_embedded_figure,247x284,/Volumes/UBag/Documents/l40server_mirror/lyra/Lyra-2/paper_collection_3d4d_reconstruction_2026_04_26/boardmix_mindmap/method_figures/2602.01536_UniDWM.png
2602.01674,VRGaussianAvatar: Integrating 3D Gaussian Avatars into VR,extracted_embedded_figure,900x810,/Volumes/UBag/Documents/l40server_mirror/lyra/Lyra-2/paper_collection_3d4d_reconstruction_2026_04_26/boardmix_mindmap/method_figures/2602.01674_VRGaussianAvatar.png
2602.02454,World-Gymnast: Training Robots with Reinforcement Learning in a World Model,extracted_embedded_figure,900x281,/Volumes/UBag/Documents/l40server_mirror/lyra/Lyra-2/paper_collection_3d4d_reconstruction_2026_04_26/boardmix_mindmap/method_figures/2602.02454_World-Gymnast.png
2602.04043,AnyStyle: Single-Pass Multimodal Stylization for 3D Gaussian Splatting,extracted_embedded_figure,900x740,/Volumes/UBag/Documents/l40server_mirror/lyra/Lyra-2/paper_collection_3d4d_reconstruction_2026_04_26/boardmix_mindmap/method_figures/2602.04043_AnyStyle.png
2602.03793,BridgeV2W: Bridging Video Generation Models to Embodied World Models via Embodiment Masks,extracted_embedded_figure,900x900,/Volumes/UBag/Documents/l40server_mirror/lyra/Lyra-2/paper_collection_3d4d_reconstruction_2026_04_26/boardmix_mindmap/method_figures/2602.03793_BridgeV2W.png
2602.03847,EventNeuS: 3D Mesh Reconstruction from a Single Event Camera,extracted_embedded_figure,900x234,/Volumes/UBag/Documents/l40server_mirror/lyra/Lyra-2/paper_collection_3d4d_reconstruction_2026_04_26/boardmix_mindmap/method_figures/2602.03847_EventNeuS.png
2602.032,Hand3R: Online 4D Hand-Scene Reconstruction in the Wild,extracted_embedded_figure,757x705,/Volumes/UBag/Documents/l40server_mirror/lyra/Lyra-2/paper_collection_3d4d_reconstruction_2026_04_26/boardmix_mindmap/method_figures/2602.03200_Hand3R.png
2602.03242,InstaDrive: Instance-Aware Driving World Models for Realistic and Consistent Video Generation,extracted_embedded_figure,900x506,/Volumes/UBag/Documents/l40server_mirror/lyra/Lyra-2/paper_collection_3d4d_reconstruction_2026_04_26/boardmix_mindmap/method_figures/2602.03242_InstaDrive.png
2602.03747,LIVE: Long-horizon Interactive Video World Modeling,extracted_embedded_figure,900x256,/Volumes/UBag/Documents/l40server_mirror/lyra/Lyra-2/paper_collection_3d4d_reconstruction_2026_04_26/boardmix_mindmap/method_figures/2602.03747_LIVE.png
2602.03327,Pi-GS: Sparse-View Gaussian Splatting with Dense π^3 Initialization,extracted_embedded_figure,900x377,/Volumes/UBag/Documents/l40server_mirror/lyra/Lyra-2/paper_collection_3d4d_reconstruction_2026_04_26/boardmix_mindmap/method_figures/2602.03327_Pi-GS.png
2602.02,SurfSplat: Conquering Feedforward 2D Gaussian Splatting with Surface Continuity Priors,extracted_embedded_figure,900x645,/Volumes/UBag/Documents/l40server_mirror/lyra/Lyra-2/paper_collection_3d4d_reconstruction_2026_04_26/boardmix_mindmap/method_figures/2602.02000_SurfSplat.png
2602.05029,Differentiable Inverse Graphics for Zero-shot Scene Reconstruction and Robot Grasping,extracted_embedded_figure,900x964,/Volumes/UBag/Documents/l40server_mirror/lyra/Lyra-2/paper_collection_3d4d_reconstruction_2026_04_26/boardmix_mindmap/method_figures/2602.05029_paper.png
2602.04201,From Sparse Sensors to Continuous Fields: STRIDE for Spatiotemporal Reconstruction,extracted_embedded_figure,220x220,/Volumes/UBag/Documents/l40server_mirror/lyra/Lyra-2/paper_collection_3d4d_reconstruction_2026_04_26/boardmix_mindmap/method_figures/2602.04201_From_Sparse_Sensors_to_Continuous_Fields.png
2602.0705,Interpreting Physics in Video World Models,extracted_embedded_figure,900x343,/Volumes/UBag/Documents/l40server_mirror/lyra/Lyra-2/paper_collection_3d4d_reconstruction_2026_04_26/boardmix_mindmap/method_figures/2602.07050_Interpreting_Physics_in_Video_World_Models.png
2602.04317,"JOintGS: Joint Optimization of Cameras, Bodies and 3D Gaussians for In-the-Wild Monocular Reconstruction",extracted_embedded_figure,900x584,/Volumes/UBag/Documents/l40server_mirror/lyra/Lyra-2/paper_collection_3d4d_reconstruction_2026_04_26/boardmix_mindmap/method_figures/2602.04317_JOintGS.png
2602.05047,QuantumGS: Quantum Encoding Framework for Gaussian Splatting,extracted_embedded_figure,900x520,/Volumes/UBag/Documents/l40server_mirror/lyra/Lyra-2/paper_collection_3d4d_reconstruction_2026_04_26/boardmix_mindmap/method_figures/2602.05047_QuantumGS.png
2602.04517,S-MUSt3R: Sliding Multi-view 3D Reconstruction,extracted_embedded_figure,836x321,/Volumes/UBag/Documents/l40server_mirror/lyra/Lyra-2/paper_collection_3d4d_reconstruction_2026_04_26/boardmix_mindmap/method_figures/2602.04517_S-MUSt3R.png
2602.04271,SkeletonGaussian: Editable 4D Generation through Gaussian Skeletonization,extracted_embedded_figure,315x315,/Volumes/UBag/Documents/l40server_mirror/lyra/Lyra-2/paper_collection_3d4d_reconstruction_2026_04_26/boardmix_mindmap/method_figures/2602.04271_SkeletonGaussian.png
2602.04108,SuperPoint-E: local features for 3D reconstruction via tracking adaptation in endoscopy,extracted_embedded_figure,900x675,/Volumes/UBag/Documents/l40server_mirror/lyra/Lyra-2/paper_collection_3d4d_reconstruction_2026_04_26/boardmix_mindmap/method_figures/2602.04108_SuperPoint-E.png
2602.01035,FUSE-Flow: Scalable Real-Time Multi-View Point Cloud Reconstruction Using Confidence,placeholder_or_no_embedded_method_figure,900x520,/Volumes/UBag/Documents/l40server_mirror/lyra/Lyra-2/paper_collection_3d4d_reconstruction_2026_04_26/boardmix_mindmap/method_figures/2602.01035_FUSE-Flow.png
2602.01033,GMAC: Global Multi-View Constraint for Automatic Multi-Camera Extrinsic Calibration,extracted_embedded_figure,297x174,/Volumes/UBag/Documents/l40server_mirror/lyra/Lyra-2/paper_collection_3d4d_reconstruction_2026_04_26/boardmix_mindmap/method_figures/2602.01033_GMAC.png
2602.05434,LD-SLRO: Latent Diffusion Structured Light for 3-D Reconstruction of Highly Reflective Objects,extracted_embedded_figure,900x788,/Volumes/UBag/Documents/l40server_mirror/lyra/Lyra-2/paper_collection_3d4d_reconstruction_2026_04_26/boardmix_mindmap/method_figures/2602.05434_LD-SLRO.png
2602.06163,MetaSSP: Enhancing Semi-supervised Implicit 3D Reconstruction through Meta-adaptive EMA and SDF-aware Pseudo-label Evaluation,extracted_embedded_figure,424x424,/Volumes/UBag/Documents/l40server_mirror/lyra/Lyra-2/paper_collection_3d4d_reconstruction_2026_04_26/boardmix_mindmap/method_figures/2602.06163_MetaSSP.png
2602.06158,MGP-KAD: Multimodal Geometric Priors and Kolmogorov-Arnold Decoder for Single-View 3D Reconstruction in Complex Scenes,extracted_embedded_figure,900x400,/Volumes/UBag/Documents/l40server_mirror/lyra/Lyra-2/paper_collection_3d4d_reconstruction_2026_04_26/boardmix_mindmap/method_figures/2602.06158_MGP-KAD.png
2602.05884,Neural Implicit 3D Cardiac Shape Reconstruction from Sparse CT Angiography Slices Mimicking 2D Transthoracic Echocardiography Views,extracted_embedded_figure,900x475,/Volumes/UBag/Documents/l40server_mirror/lyra/Lyra-2/paper_collection_3d4d_reconstruction_2026_04_26/boardmix_mindmap/method_figures/2602.05884_CT.png
2602.05423,NeVStereo: A NeRF-Driven NVS-Stereo Architecture for High-Fidelity 3D Tasks,extracted_embedded_figure,900x194,/Volumes/UBag/Documents/l40server_mirror/lyra/Lyra-2/paper_collection_3d4d_reconstruction_2026_04_26/boardmix_mindmap/method_figures/2602.05423_NeVStereo.png
2602.05822,NVS-HO: A Benchmark for Novel View Synthesis of Handheld Objects,extracted_embedded_figure,540x960,/Volumes/UBag/Documents/l40server_mirror/lyra/Lyra-2/paper_collection_3d4d_reconstruction_2026_04_26/boardmix_mindmap/method_figures/2602.05822_NVS-HO.png
2602.05557,PIRATR: Parametric Object Inference for Robotic Applications with Transformers in 3D Point Clouds,extracted_embedded_figure,900x180,/Volumes/UBag/Documents/l40server_mirror/lyra/Lyra-2/paper_collection_3d4d_reconstruction_2026_04_26/boardmix_mindmap/method_figures/2602.05557_PIRATR.png
2602.0519,PoseGaussian: Pose-Driven Novel View Synthesis for Robust 3D Human Reconstruction,extracted_embedded_figure,900x506,/Volumes/UBag/Documents/l40server_mirror/lyra/Lyra-2/paper_collection_3d4d_reconstruction_2026_04_26/boardmix_mindmap/method_figures/2602.05190_PoseGaussian.png
2602.05572,ShapeGaussian: High-Fidelity 4D Human Reconstruction in Monocular Videos via Vision Priors,extracted_embedded_figure,900x334,/Volumes/UBag/Documents/l40server_mirror/lyra/Lyra-2/paper_collection_3d4d_reconstruction_2026_04_26/boardmix_mindmap/method_figures/2602.05572_ShapeGaussian.png
2602.02989,SharpTimeGS: Sharp and Stable Dynamic Gaussian Splatting via Lifespan Modulation,extracted_embedded_figure,900x570,/Volumes/UBag/Documents/l40server_mirror/lyra/Lyra-2/paper_collection_3d4d_reconstruction_2026_04_26/boardmix_mindmap/method_figures/2602.02989_SharpTimeGS.png
2602.04439,TrajVG: 3D Trajectory-Coupled Visual Geometry Learning,extracted_embedded_figure,900x460,/Volumes/UBag/Documents/l40server_mirror/lyra/Lyra-2/paper_collection_3d4d_reconstruction_2026_04_26/boardmix_mindmap/method_figures/2602.04439_TrajVG.png
2602.05508,VGGT-Motion: Motion-Aware Calibration-Free Monocular SLAM for Long-Range Consistency,extracted_embedded_figure,900x535,/Volumes/UBag/Documents/l40server_mirror/lyra/Lyra-2/paper_collection_3d4d_reconstruction_2026_04_26/boardmix_mindmap/method_figures/2602.05508_VGGT-Motion.png
2602.06949,DreamDojo: A Generalist Robot World Model from Large-Scale Human Videos,extracted_embedded_figure,900x436,/Volumes/UBag/Documents/l40server_mirror/lyra/Lyra-2/paper_collection_3d4d_reconstruction_2026_04_26/boardmix_mindmap/method_figures/2602.06949_DreamDojo.png
2602.06521,DriveWorld-VLA: Unified Latent-Space World Modeling with Vision-Language-Action for Autonomous Driving,extracted_embedded_figure,900x506,/Volumes/UBag/Documents/l40server_mirror/lyra/Lyra-2/paper_collection_3d4d_reconstruction_2026_04_26/boardmix_mindmap/method_figures/2602.06521_DriveWorld-VLA.png
2602.06478,"Efficient-LVSM: Faster, Cheaper, and Better Large View Synthesis Model via Decoupled Co-Refinement Attention",extracted_embedded_figure,900x201,/Volumes/UBag/Documents/l40server_mirror/lyra/Lyra-2/paper_collection_3d4d_reconstruction_2026_04_26/boardmix_mindmap/method_figures/2602.06478_Efficient-LVSM.png
2602.0683,GaussianPOP: Principled Simplification Framework for Compact 3D Gaussian Splatting via Error Quantification,extracted_embedded_figure,900x675,/Volumes/UBag/Documents/l40server_mirror/lyra/Lyra-2/paper_collection_3d4d_reconstruction_2026_04_26/boardmix_mindmap/method_figures/2602.06830_GaussianPOP.png
2602.06488,Rebenchmarking Unsupervised Monocular 3D Occupancy Prediction,extracted_embedded_figure,490x366,/Volumes/UBag/Documents/l40server_mirror/lyra/Lyra-2/paper_collection_3d4d_reconstruction_2026_04_26/boardmix_mindmap/method_figures/2602.06488_paper.png
2601.08414,SPARK: Scalable Real-Time Point Cloud Aggregation with Multi-View Self-Calibration,placeholder_or_no_embedded_method_figure,900x520,/Volumes/UBag/Documents/l40server_mirror/lyra/Lyra-2/paper_collection_3d4d_reconstruction_2026_04_26/boardmix_mindmap/method_figures/2601.08414_SPARK.png
2602.06508,World-VLA-Loop: Closed-Loop Learning of Video World Model and VLA Policy,extracted_embedded_figure,781x844,/Volumes/UBag/Documents/l40server_mirror/lyra/Lyra-2/paper_collection_3d4d_reconstruction_2026_04_26/boardmix_mindmap/method_figures/2602.06508_World-VLA-Loop.png
2602.07444,Perspective-aware fusion of incomplete depth maps and surface normals for accurate 3D reconstruction,extracted_embedded_figure,807x870,/Volumes/UBag/Documents/l40server_mirror/lyra/Lyra-2/paper_collection_3d4d_reconstruction_2026_04_26/boardmix_mindmap/method_figures/2602.07444_paper.png
2602.07938,Integrating Specialized and Generic Agent Motion Prediction with Dynamic Occupancy Grid Maps,extracted_embedded_figure,900x515,/Volumes/UBag/Documents/l40server_mirror/lyra/Lyra-2/paper_collection_3d4d_reconstruction_2026_04_26/boardmix_mindmap/method_figures/2602.07938_paper.png
2602.08058,Picasso: Holistic Scene Reconstruction with Physics-Constrained Sampling,extracted_embedded_figure,900x675,/Volumes/UBag/Documents/l40server_mirror/lyra/Lyra-2/paper_collection_3d4d_reconstruction_2026_04_26/boardmix_mindmap/method_figures/2602.08058_Picasso.png
2602.0786,Recovering 3D Shapes from Ultra-Fast Motion-Blurred Images,extracted_embedded_figure,900x900,/Volumes/UBag/Documents/l40server_mirror/lyra/Lyra-2/paper_collection_3d4d_reconstruction_2026_04_26/boardmix_mindmap/method_figures/2602.07860_Ultra-Fast.png
2602.07891,Scalable Adaptation of 3D Geometric Foundation Models via Weak Supervision from Internet Video,extracted_embedded_figure,900x505,/Volumes/UBag/Documents/l40server_mirror/lyra/Lyra-2/paper_collection_3d4d_reconstruction_2026_04_26/boardmix_mindmap/method_figures/2602.07891_paper.png
2602.08909,Analysis of Converged 3D Gaussian Splatting Solutions: Density Effects and Prediction Limit,extracted_embedded_figure,900x686,/Volumes/UBag/Documents/l40server_mirror/lyra/Lyra-2/paper_collection_3d4d_reconstruction_2026_04_26/boardmix_mindmap/method_figures/2602.08909_paper.png
2602.08558,FLAG-4D: Flow-Guided Local-Global Dual-Deformation Model for 4D Reconstruction,extracted_embedded_figure,536x960,/Volumes/UBag/Documents/l40server_mirror/lyra/Lyra-2/paper_collection_3d4d_reconstruction_2026_04_26/boardmix_mindmap/method_figures/2602.08558_FLAG-4D.png
2602.08784,GaussianCaR: Gaussian Splatting for Efficient Camera-Radar Fusion,extracted_embedded_figure,284x284,/Volumes/UBag/Documents/l40server_mirror/lyra/Lyra-2/paper_collection_3d4d_reconstruction_2026_04_26/boardmix_mindmap/method_figures/2602.08784_GaussianCaR.png
2602.04162,Improving 2D Diffusion Models for 3D Medical Imaging with Inter-Slice Consistent Stochasticity,placeholder_or_no_embedded_method_figure,900x520,/Volumes/UBag/Documents/l40server_mirror/lyra/Lyra-2/paper_collection_3d4d_reconstruction_2026_04_26/boardmix_mindmap/method_figures/2602.04162_Inter-Slice.png
2602.08266,Informative Object-centric Next Best View for Object-aware 3D Gaussian Splatting in Cluttered Scenes,extracted_embedded_figure,900x540,/Volumes/UBag/Documents/l40server_mirror/lyra/Lyra-2/paper_collection_3d4d_reconstruction_2026_04_26/boardmix_mindmap/method_figures/2602.08266_paper.png
2602.13299,KidMesh: Computational Mesh Reconstruction for Pediatric Congenital Hydronephrosis Using Deep Neural Networks,extracted_embedded_figure,900x290,/Volumes/UBag/Documents/l40server_mirror/lyra/Lyra-2/paper_collection_3d4d_reconstruction_2026_04_26/boardmix_mindmap/method_figures/2602.13299_KidMesh.png
2602.08397,RealSynCol: a high-fidelity synthetic colon dataset for 3D reconstruction applications,extracted_embedded_figure,900x404,/Volumes/UBag/Documents/l40server_mirror/lyra/Lyra-2/paper_collection_3d4d_reconstruction_2026_04_26/boardmix_mindmap/method_figures/2602.08397_RealSynCol.png
2601.15897,ThermoSplat: Cross-Modal 3D Gaussian Splatting with Feature Modulation and Geometry Decoupling,extracted_embedded_figure,900x375,/Volumes/UBag/Documents/l40server_mirror/lyra/Lyra-2/paper_collection_3d4d_reconstruction_2026_04_26/boardmix_mindmap/method_figures/2601.15897_ThermoSplat.png
2602.0854,TIBR4D: Tracing-Guided Iterative Boundary Refinement for Efficient 4D Gaussian Segmentation,extracted_embedded_figure,900x320,/Volumes/UBag/Documents/l40server_mirror/lyra/Lyra-2/paper_collection_3d4d_reconstruction_2026_04_26/boardmix_mindmap/method_figures/2602.08540_TIBR4D.png
2602.08236,When and How Much to Imagine: Adaptive Test-Time Scaling with World Models for Visual Spatial Reasoning,extracted_embedded_figure,896x576,/Volumes/UBag/Documents/l40server_mirror/lyra/Lyra-2/paper_collection_3d4d_reconstruction_2026_04_26/boardmix_mindmap/method_figures/2602.08236_When_and_How_Much_to_Imagine.png
2602.10094,4RC: 4D Reconstruction via Conditional Querying Anytime and Anywhere,extracted_embedded_figure,900x474,/Volumes/UBag/Documents/l40server_mirror/lyra/Lyra-2/paper_collection_3d4d_reconstruction_2026_04_26/boardmix_mindmap/method_figures/2602.10094_4RC.png
2602.03213,ConsisDrive: Identity-Preserving Driving World Models for Video Generation by Instance Mask,extracted_embedded_figure,800x424,/Volumes/UBag/Documents/l40server_mirror/lyra/Lyra-2/paper_collection_3d4d_reconstruction_2026_04_26/boardmix_mindmap/method_figures/2602.03213_ConsisDrive.png
2602.10278,ERGO: Excess-Risk-Guided Optimization for High-Fidelity Monocular 3D Gaussian Splatting,extracted_embedded_figure,310x928,/Volumes/UBag/Documents/l40server_mirror/lyra/Lyra-2/paper_collection_3d4d_reconstruction_2026_04_26/boardmix_mindmap/method_figures/2602.10278_ERGO.png
2602.09999,Faster-GS: Analyzing and Improving Gaussian Splatting Optimization,extracted_embedded_figure,900x598,/Volumes/UBag/Documents/l40server_mirror/lyra/Lyra-2/paper_collection_3d4d_reconstruction_2026_04_26/boardmix_mindmap/method_figures/2602.09999_Faster-GS.png
2602.09878,MVISTA-4D: View-Consistent 4D World Model with Test-Time Action Inference for Robotic Manipulation,extracted_embedded_figure,445x150,/Volumes/UBag/Documents/l40server_mirror/lyra/Lyra-2/paper_collection_3d4d_reconstruction_2026_04_26/boardmix_mindmap/method_figures/2602.09878_MVISTA-4D.png
2602.10104,Olaf-World: Orienting Latent Actions for Video World Modeling,extracted_embedded_figure,800x346,/Volumes/UBag/Documents/l40server_mirror/lyra/Lyra-2/paper_collection_3d4d_reconstruction_2026_04_26/boardmix_mindmap/method_figures/2602.10104_Olaf-World.png
2602.10101,Robo3R: Enhancing Robotic Manipulation with Accurate Feed-Forward 3D Reconstruction,extracted_embedded_figure,900x614,/Volumes/UBag/Documents/l40server_mirror/lyra/Lyra-2/paper_collection_3d4d_reconstruction_2026_04_26/boardmix_mindmap/method_figures/2602.10101_Robo3R.png
2602.09918,SARS: A Novel Face and Body Shape and Appearance Aware 3D Reconstruction System extends Morphable Models,extracted_embedded_figure,900x759,/Volumes/UBag/Documents/l40server_mirror/lyra/Lyra-2/paper_collection_3d4d_reconstruction_2026_04_26/boardmix_mindmap/method_figures/2602.09918_SARS.png
2602.09415,"Stability and Concentration in Nonlinear Inverse Problems with Block-Structured Parameters: Lipschitz Geometry, Identifiability, and an Application to Gaussian Splatting",placeholder_or_no_embedded_method_figure,900x520,/Volumes/UBag/Documents/l40server_mirror/lyra/Lyra-2/paper_collection_3d4d_reconstruction_2026_04_26/boardmix_mindmap/method_figures/2602.09415_Block-Structured.png
2602.10239,XSPLAIN: XAI-enabling Splat-based Prototype Learning for Attribute-aware INterpretability,extracted_embedded_figure,900x361,/Volumes/UBag/Documents/l40server_mirror/lyra/Lyra-2/paper_collection_3d4d_reconstruction_2026_04_26/boardmix_mindmap/method_figures/2602.10239_XSPLAIN.png
2602.11433,Filmsticking++: Rapid Film Sticking for Explicit Surface Reconstruction,placeholder_or_no_embedded_method_figure,900x520,/Volumes/UBag/Documents/l40server_mirror/lyra/Lyra-2/paper_collection_3d4d_reconstruction_2026_04_26/boardmix_mindmap/method_figures/2602.11433_Filmsticking.png
2602.10884,ResWorld: Temporal Residual World Model for End-to-End Autonomous Driving,extracted_embedded_figure,400x225,/Volumes/UBag/Documents/l40server_mirror/lyra/Lyra-2/paper_collection_3d4d_reconstruction_2026_04_26/boardmix_mindmap/method_figures/2602.10884_ResWorld.png
2602.10717,"Say, Dream, and Act: Learning Video World Models for Instruction-Driven Robot Manipulation",extracted_embedded_figure,794x182,/Volumes/UBag/Documents/l40server_mirror/lyra/Lyra-2/paper_collection_3d4d_reconstruction_2026_04_26/boardmix_mindmap/method_figures/2602.10717_Say_Dream_and_Act.png
2602.06032,Splat and Distill: Augmenting Teachers with Feed-Forward 3D Reconstruction For 3D-Aware Distillation,extracted_embedded_figure,900x901,/Volumes/UBag/Documents/l40server_mirror/lyra/Lyra-2/paper_collection_3d4d_reconstruction_2026_04_26/boardmix_mindmap/method_figures/2602.06032_Splat_and_Distill.png
2602.07493,Thermal odometry and dense mapping using learned odometry and Gaussian splatting,extracted_embedded_figure,900x392,/Volumes/UBag/Documents/l40server_mirror/lyra/Lyra-2/paper_collection_3d4d_reconstruction_2026_04_26/boardmix_mindmap/method_figures/2602.07493_paper.png
2602.10943,Towards Learning a Generalizable 3D Scene Representation from 2D Observations,extracted_embedded_figure,900x430,/Volumes/UBag/Documents/l40server_mirror/lyra/Lyra-2/paper_collection_3d4d_reconstruction_2026_04_26/boardmix_mindmap/method_figures/2602.10943_paper.png
2602.12159,3DGSNav: Enhancing Vision-Language Model Reasoning for Object Navigation via Active 3D Gaussian Splatting,extracted_embedded_figure,900x554,/Volumes/UBag/Documents/l40server_mirror/lyra/Lyra-2/paper_collection_3d4d_reconstruction_2026_04_26/boardmix_mindmap/method_figures/2602.12159_3DGSNav.png
2602.11757,Code2Worlds: Empowering Coding LLMs for 4D World Generation,extracted_embedded_figure,900x506,/Volumes/UBag/Documents/l40server_mirror/lyra/Lyra-2/paper_collection_3d4d_reconstruction_2026_04_26/boardmix_mindmap/method_figures/2602.11757_Code2Worlds.png
2602.11642,Electrostatics-Inspired Surface Reconstruction (EISR): Recovering 3D Shapes as a Superposition of Poisson's PDE Solutions,extracted_embedded_figure,900x277,/Volumes/UBag/Documents/l40server_mirror/lyra/Lyra-2/paper_collection_3d4d_reconstruction_2026_04_26/boardmix_mindmap/method_figures/2602.11642_Electrostatics-Inspired.png
2601.21421,From Implicit Ambiguity to Explicit Solidity: Diagnosing Interior Geometric Degradation in Neural Radiance Fields for Dense 3D Scene Understanding,placeholder_or_no_embedded_method_figure,900x520,/Volumes/UBag/Documents/l40server_mirror/lyra/Lyra-2/paper_collection_3d4d_reconstruction_2026_04_26/boardmix_mindmap/method_figures/2601.21421_From_Implicit_Ambiguity_to_Explicit_Solidity.png
2602.11714,GSO-SLAM: Bidirectionally Coupled Gaussian Splatting and Direct Visual Odometry,extracted_embedded_figure,900x540,/Volumes/UBag/Documents/l40server_mirror/lyra/Lyra-2/paper_collection_3d4d_reconstruction_2026_04_26/boardmix_mindmap/method_figures/2602.11714_GSO-SLAM.png
2602.11577,LeafFit: Plant Assets Creation from 3D Gaussian Splatting,extracted_embedded_figure,900x900,/Volumes/UBag/Documents/l40server_mirror/lyra/Lyra-2/paper_collection_3d4d_reconstruction_2026_04_26/boardmix_mindmap/method_figures/2602.11577_LeafFit.png
2602.00148,Learning Physics-Grounded 4D Dynamics with Neural Gaussian Force Fields,extracted_embedded_figure,649x326,/Volumes/UBag/Documents/l40server_mirror/lyra/Lyra-2/paper_collection_3d4d_reconstruction_2026_04_26/boardmix_mindmap/method_figures/2602.00148_Physics-Grounded.png
2602.12003,Projected Representation Conditioning for High-fidelity Novel View Synthesis,extracted_embedded_figure,900x386,/Volumes/UBag/Documents/l40server_mirror/lyra/Lyra-2/paper_collection_3d4d_reconstruction_2026_04_26/boardmix_mindmap/method_figures/2602.12003_paper.png
2602.10983,Scaling World Model for Hierarchical Manipulation Policies,extracted_embedded_figure,900x630,/Volumes/UBag/Documents/l40server_mirror/lyra/Lyra-2/paper_collection_3d4d_reconstruction_2026_04_26/boardmix_mindmap/method_figures/2602.10983_paper.png
2602.04053,Seeing Through Clutter: Structured 3D Scene Reconstruction via Iterative Object Removal,extracted_embedded_figure,900x933,/Volumes/UBag/Documents/l40server_mirror/lyra/Lyra-2/paper_collection_3d4d_reconstruction_2026_04_26/boardmix_mindmap/method_figures/2602.04053_Seeing_Through_Clutter.png
2602.13347,Visual Foresight for Robotic Stow: A Diffusion-Based World Model from Sparse Snapshots,extracted_embedded_figure,458x458,/Volumes/UBag/Documents/l40server_mirror/lyra/Lyra-2/paper_collection_3d4d_reconstruction_2026_04_26/boardmix_mindmap/method_figures/2602.13347_Visual_Foresight_for_Robotic_Stow.png
2602.11882,Where Bits Matter in World Model Planning: A Paired Mixed-Bit Study for Efficient Spatial Reasoning,placeholder_or_no_embedded_method_figure,900x520,/Volumes/UBag/Documents/l40server_mirror/lyra/Lyra-2/paper_collection_3d4d_reconstruction_2026_04_26/boardmix_mindmap/method_figures/2602.11882_Where_Bits_Matter_in_World_Model_Planning.png
2602.12796,GSM-GS: Geometry-Constrained Single and Multi-view Gaussian Splatting for Surface Reconstruction,extracted_embedded_figure,900x608,/Volumes/UBag/Documents/l40server_mirror/lyra/Lyra-2/paper_collection_3d4d_reconstruction_2026_04_26/boardmix_mindmap/method_figures/2602.12796_GSM-GS.png
2602.13041,Implicit-Scale 3D Reconstruction for Multi-Food Volume Estimation from Monocular Images,extracted_embedded_figure,900x594,/Volumes/UBag/Documents/l40server_mirror/lyra/Lyra-2/paper_collection_3d4d_reconstruction_2026_04_26/boardmix_mindmap/method_figures/2602.13041_Implicit-Scale.png
2602.13806,Gaussian Sequences with Multi-Scale Dynamics for 4D Reconstruction from Monocular Casual Videos,extracted_embedded_figure,900x704,/Volumes/UBag/Documents/l40server_mirror/lyra/Lyra-2/paper_collection_3d4d_reconstruction_2026_04_26/boardmix_mindmap/method_figures/2602.13806_Multi-Scale.png
2602.13909,High-fidelity 3D reconstruction for planetary exploration,extracted_embedded_figure,900x359,/Volumes/UBag/Documents/l40server_mirror/lyra/Lyra-2/paper_collection_3d4d_reconstruction_2026_04_26/boardmix_mindmap/method_figures/2602.13909_paper.png
2602.13801,Joint Orientation and Weight Optimization for Robust Watertight Surface Reconstruction via Dirichlet-Regularized Winding Fields,extracted_embedded_figure,900x332,/Volumes/UBag/Documents/l40server_mirror/lyra/Lyra-2/paper_collection_3d4d_reconstruction_2026_04_26/boardmix_mindmap/method_figures/2602.13801_Dirichlet-Regularized.png
2602.13549,Nighttime Autonomous Driving Scene Reconstruction with Physically-Based Gaussian Splatting,extracted_embedded_figure,900x279,/Volumes/UBag/Documents/l40server_mirror/lyra/Lyra-2/paper_collection_3d4d_reconstruction_2026_04_26/boardmix_mindmap/method_figures/2602.13549_Physically-Based.png
2602.11575,ReaDy-Go: Real-to-Sim Dynamic 3D Gaussian Splatting Simulation for Environment-Specific Visual Navigation with Moving Obstacles,extracted_embedded_figure,900x1012,/Volumes/UBag/Documents/l40server_mirror/lyra/Lyra-2/paper_collection_3d4d_reconstruction_2026_04_26/boardmix_mindmap/method_figures/2602.11575_ReaDy-Go.png
2602.14311,Exploiting Structure-from-Motion for Robust Vision-Based Map Matching for Aircraft Surface Movement,extracted_embedded_figure,898x444,/Volumes/UBag/Documents/l40server_mirror/lyra/Lyra-2/paper_collection_3d4d_reconstruction_2026_04_26/boardmix_mindmap/method_figures/2602.14311_from-Motion.png
2602.14021,Flow4R: Unifying 4D Reconstruction and Tracking with Scene Flow,extracted_embedded_figure,900x429,/Volumes/UBag/Documents/l40server_mirror/lyra/Lyra-2/paper_collection_3d4d_reconstruction_2026_04_26/boardmix_mindmap/method_figures/2602.14021_Flow4R.png
2602.14119,GeoFusionLRM: Geometry-Aware Self-Correction for Consistent 3D Reconstruction,extracted_embedded_figure,596x597,/Volumes/UBag/Documents/l40server_mirror/lyra/Lyra-2/paper_collection_3d4d_reconstruction_2026_04_26/boardmix_mindmap/method_figures/2602.14119_GeoFusionLRM.png
2602.14199,Learnable Multi-level Discrete Wavelet Transforms for 3D Gaussian Splatting Frequency Modulation,extracted_embedded_figure,900x304,/Volumes/UBag/Documents/l40server_mirror/lyra/Lyra-2/paper_collection_3d4d_reconstruction_2026_04_26/boardmix_mindmap/method_figures/2602.14199_paper.png
2602.13977,WoVR: World Models as Reliable Simulators for Post-Training VLA Policies with RL,extracted_embedded_figure,900x600,/Volumes/UBag/Documents/l40server_mirror/lyra/Lyra-2/paper_collection_3d4d_reconstruction_2026_04_26/boardmix_mindmap/method_figures/2602.13977_WoVR.png
2602.14493,Gaussian Mesh Renderer for Lightweight Differentiable Rendering,extracted_embedded_figure,512x512,/Volumes/UBag/Documents/l40server_mirror/lyra/Lyra-2/paper_collection_3d4d_reconstruction_2026_04_26/boardmix_mindmap/method_figures/2602.14493_paper.png
2602.15733,MeshMimic: Geometry-Aware Humanoid Motion Learning through 3D Scene Reconstruction,extracted_embedded_figure,900x1160,/Volumes/UBag/Documents/l40server_mirror/lyra/Lyra-2/paper_collection_3d4d_reconstruction_2026_04_26/boardmix_mindmap/method_figures/2602.15733_MeshMimic.png
2602.15775,NeRFscopy: Neural Radiance Fields for in-vivo Time-Varying Tissues from Endoscopy,extracted_embedded_figure,900x292,/Volumes/UBag/Documents/l40server_mirror/lyra/Lyra-2/paper_collection_3d4d_reconstruction_2026_04_26/boardmix_mindmap/method_figures/2602.15775_NeRFscopy.png
2602.15516,Semantic-Guided 3D Gaussian Splatting for Transient Object Removal,extracted_embedded_figure,900x586,/Volumes/UBag/Documents/l40server_mirror/lyra/Lyra-2/paper_collection_3d4d_reconstruction_2026_04_26/boardmix_mindmap/method_figures/2602.15516_Semantic-Guided.png
2601.22615,TTSA3R: Training-Free Temporal-Spatial Adaptive Persistent State for Streaming 3D Reconstruction,extracted_embedded_figure,900x701,/Volumes/UBag/Documents/l40server_mirror/lyra/Lyra-2/paper_collection_3d4d_reconstruction_2026_04_26/boardmix_mindmap/method_figures/2601.22615_TTSA3R.png
2602.16675,Learning to unfold cloth: Scaling up world models to deformable object manipulation,extracted_embedded_figure,900x225,/Volumes/UBag/Documents/l40server_mirror/lyra/Lyra-2/paper_collection_3d4d_reconstruction_2026_04_26/boardmix_mindmap/method_figures/2602.16675_Learning_to_unfold_cloth.png
2602.07101,Zero-Shot UAV Navigation in Forests via Relightable 3D Gaussian Splatting,extracted_embedded_figure,900x672,/Volumes/UBag/Documents/l40server_mirror/lyra/Lyra-2/paper_collection_3d4d_reconstruction_2026_04_26/boardmix_mindmap/method_figures/2602.07101_Zero-Shot.png
2602.17124,3D Scene Rendering with Multimodal Gaussian Splatting,extracted_embedded_figure,560x420,/Volumes/UBag/Documents/l40server_mirror/lyra/Lyra-2/paper_collection_3d4d_reconstruction_2026_04_26/boardmix_mindmap/method_figures/2602.17124_paper.png
2602.17473,4D Monocular Surgical Reconstruction under Arbitrary Camera Motions,extracted_embedded_figure,900x604,/Volumes/UBag/Documents/l40server_mirror/lyra/Lyra-2/paper_collection_3d4d_reconstruction_2026_04_26/boardmix_mindmap/method_figures/2602.17473_paper.png
2602.17117,i-PhysGaussian: Implicit Physical Simulation for 3D Gaussian Splatting,extracted_embedded_figure,900x386,/Volumes/UBag/Documents/l40server_mirror/lyra/Lyra-2/paper_collection_3d4d_reconstruction_2026_04_26/boardmix_mindmap/method_figures/2602.17117_i-PhysGaussian.png
2602.17182,NRGS-SLAM: Monocular Non-Rigid SLAM for Endoscopy via Deformation-Aware 3D Gaussian Splatting,extracted_embedded_figure,900x811,/Volumes/UBag/Documents/l40server_mirror/lyra/Lyra-2/paper_collection_3d4d_reconstruction_2026_04_26/boardmix_mindmap/method_figures/2602.17182_NRGS-SLAM.png
2602.15899,SceneVGGT: VGGT-based online 3D semantic SLAM for indoor scene understanding and navigation,extracted_embedded_figure,900x325,/Volumes/UBag/Documents/l40server_mirror/lyra/Lyra-2/paper_collection_3d4d_reconstruction_2026_04_26/boardmix_mindmap/method_figures/2602.15899_SceneVGGT.png
2602.18314,Diff2DGS: Reliable Reconstruction of Occluded Surgical Scenes via 2D Gaussian Splatting,extracted_embedded_figure,453x391,/Volumes/UBag/Documents/l40server_mirror/lyra/Lyra-2/paper_collection_3d4d_reconstruction_2026_04_26/boardmix_mindmap/method_figures/2602.18314_Diff2DGS.png
2602.18422,Generated Reality: Human-centric World Simulation using Interactive Video Generation with Hand and Camera Control,extracted_embedded_figure,900x495,/Volumes/UBag/Documents/l40server_mirror/lyra/Lyra-2/paper_collection_3d4d_reconstruction_2026_04_26/boardmix_mindmap/method_figures/2602.18422_Generated_Reality.png
2602.18322,Unifying Color and Lightness Correction with View-Adaptive Curve Adjustment for Robust 3D Novel View Synthesis,extracted_embedded_figure,900x467,/Volumes/UBag/Documents/l40server_mirror/lyra/Lyra-2/paper_collection_3d4d_reconstruction_2026_04_26/boardmix_mindmap/method_figures/2602.18322_View-Adaptive.png
2602.02089,UrbanGS: A Scalable and Efficient Architecture for Geometrically Accurate Large-Scene Reconstruction,extracted_embedded_figure,900x592,/Volumes/UBag/Documents/l40server_mirror/lyra/Lyra-2/paper_collection_3d4d_reconstruction_2026_04_26/boardmix_mindmap/method_figures/2602.02089_UrbanGS.png
2602.07854,Geometry-Aware Rotary Position Embedding for Consistent Video World Model,extracted_embedded_figure,900x103,/Volumes/UBag/Documents/l40server_mirror/lyra/Lyra-2/paper_collection_3d4d_reconstruction_2026_04_26/boardmix_mindmap/method_figures/2602.07854_Geometry-Aware.png
2602.18886,PhysConvex: Physics-Informed 3D Dynamic Convex Radiance Fields for Reconstruction and Simulation,extracted_embedded_figure,900x265,/Volumes/UBag/Documents/l40server_mirror/lyra/Lyra-2/paper_collection_3d4d_reconstruction_2026_04_26/boardmix_mindmap/method_figures/2602.18886_PhysConvex.png
2602.19323,DefenseSplat: Enhancing the Robustness of 3D Gaussian Splatting via Frequency-Aware Filtering,extracted_embedded_figure,450x533,/Volumes/UBag/Documents/l40server_mirror/lyra/Lyra-2/paper_collection_3d4d_reconstruction_2026_04_26/boardmix_mindmap/method_figures/2602.19323_DefenseSplat.png
2602.19916,Augmented Radiance Field: A General Framework for Enhanced Gaussian Splatting,extracted_embedded_figure,900x241,/Volumes/UBag/Documents/l40server_mirror/lyra/Lyra-2/paper_collection_3d4d_reconstruction_2026_04_26/boardmix_mindmap/method_figures/2602.19916_Augmented_Radiance_Field.png
2602.19697,BayesFusion-SDF: Probabilistic Signed Distance Fusion with View Planning on CPU,placeholder_or_no_embedded_method_figure,900x520,/Volumes/UBag/Documents/l40server_mirror/lyra/Lyra-2/paper_collection_3d4d_reconstruction_2026_04_26/boardmix_mindmap/method_figures/2602.19697_BayesFusion-SDF.png
2602.20342,Large-scale Photorealistic Outdoor 3D Scene Reconstruction from UAV Imagery Using Gaussian Splatting Techniques,extracted_embedded_figure,874x498,/Volumes/UBag/Documents/l40server_mirror/lyra/Lyra-2/paper_collection_3d4d_reconstruction_2026_04_26/boardmix_mindmap/method_figures/2602.20342_UAV.png
2602.19896,Monocular Mesh Recovery and Body Measurement of Female Saanen Goats,extracted_embedded_figure,900x417,/Volumes/UBag/Documents/l40server_mirror/lyra/Lyra-2/paper_collection_3d4d_reconstruction_2026_04_26/boardmix_mindmap/method_figures/2602.19896_paper.png
2602.19753,RAP: Fast Feedforward Rendering-Free Attribute-Guided Primitive Importance Score Prediction for Efficient 3D Gaussian Splatting Processing,extracted_embedded_figure,900x273,/Volumes/UBag/Documents/l40server_mirror/lyra/Lyra-2/paper_collection_3d4d_reconstruction_2026_04_26/boardmix_mindmap/method_figures/2602.19753_RAP.png
2602.20079,SemanticNVS: Improving Semantic Scene Understanding in Generative Novel View Synthesis,extracted_embedded_figure,576x576,/Volumes/UBag/Documents/l40server_mirror/lyra/Lyra-2/paper_collection_3d4d_reconstruction_2026_04_26/boardmix_mindmap/method_figures/2602.20079_SemanticNVS.png
2602.19735,VGGT-MPR: VGGT-Enhanced Multimodal Place Recognition in Autonomous Driving Environments,extracted_embedded_figure,900x675,/Volumes/UBag/Documents/l40server_mirror/lyra/Lyra-2/paper_collection_3d4d_reconstruction_2026_04_26/boardmix_mindmap/method_figures/2602.19735_VGGT-MPR.png
2602.20933,Dropping Anchor and Spherical Harmonics for Sparse-view Gaussian Splatting,extracted_embedded_figure,900x768,/Volumes/UBag/Documents/l40server_mirror/lyra/Lyra-2/paper_collection_3d4d_reconstruction_2026_04_26/boardmix_mindmap/method_figures/2602.20933_paper.png
2602.20584,Long-Term Multi-Session 3D Reconstruction Under Substantial Appearance Change,extracted_embedded_figure,900x479,/Volumes/UBag/Documents/l40server_mirror/lyra/Lyra-2/paper_collection_3d4d_reconstruction_2026_04_26/boardmix_mindmap/method_figures/2602.20584_Long-Term.png
2602.20718,Monocular Endoscopic Tissue 3D Reconstruction with Multi-Level Geometry Regularization,extracted_embedded_figure,900x423,/Volumes/UBag/Documents/l40server_mirror/lyra/Lyra-2/paper_collection_3d4d_reconstruction_2026_04_26/boardmix_mindmap/method_figures/2602.20718_Multi-Level.png
2602.20807,RU4D-SLAM: Reweighting Uncertainty in Gaussian Splatting SLAM for 4D Scene Reconstruction,extracted_embedded_figure,900x343,/Volumes/UBag/Documents/l40server_mirror/lyra/Lyra-2/paper_collection_3d4d_reconstruction_2026_04_26/boardmix_mindmap/method_figures/2602.20807_RU4D-SLAM.png
2602.21341,Scaling View Synthesis Transformers,extracted_embedded_figure,900x665,/Volumes/UBag/Documents/l40server_mirror/lyra/Lyra-2/paper_collection_3d4d_reconstruction_2026_04_26/boardmix_mindmap/method_figures/2602.21341_Scaling_View_Synthesis_Transformers.png
2602.13314,Sim2Radar: Toward Bridging the Radar Sim-to-Real Gap with VLM-Guided Scene Reconstruction,extracted_embedded_figure,900x318,/Volumes/UBag/Documents/l40server_mirror/lyra/Lyra-2/paper_collection_3d4d_reconstruction_2026_04_26/boardmix_mindmap/method_figures/2602.13314_Sim2Radar.png
2602.22376,AeroDGS: Physically Consistent Dynamic Gaussian Splatting for Single-Sequence Aerial 4D Reconstruction,extracted_embedded_figure,900x304,/Volumes/UBag/Documents/l40server_mirror/lyra/Lyra-2/paper_collection_3d4d_reconstruction_2026_04_26/boardmix_mindmap/method_figures/2602.22376_AeroDGS.png
2602.21467,Geometric Priors for Generalizable World Models via Vector Symbolic Architecture,extracted_embedded_figure,354x399,/Volumes/UBag/Documents/l40server_mirror/lyra/Lyra-2/paper_collection_3d4d_reconstruction_2026_04_26/boardmix_mindmap/method_figures/2602.21467_paper.png
2602.21929,Geometry-as-context: Modulating Explicit 3D in Scene-consistent Video Generation to Geometry Context,placeholder_or_no_embedded_method_figure,900x520,/Volumes/UBag/Documents/l40server_mirror/lyra/Lyra-2/paper_collection_3d4d_reconstruction_2026_04_26/boardmix_mindmap/method_figures/2602.21929_Geometry-as-context.png
2602.21535,Pseudo-View Enhancement via Confidence Fusion for Unposed Sparse-View Reconstruction,extracted_embedded_figure,817x414,/Volumes/UBag/Documents/l40server_mirror/lyra/Lyra-2/paper_collection_3d4d_reconstruction_2026_04_26/boardmix_mindmap/method_figures/2602.21535_Pseudo-View.png
2602.21699,SF3D-RGB: Scene Flow Estimation from Monocular Camera and Sparse LiDAR,placeholder_or_no_embedded_method_figure,900x520,/Volumes/UBag/Documents/l40server_mirror/lyra/Lyra-2/paper_collection_3d4d_reconstruction_2026_04_26/boardmix_mindmap/method_figures/2602.21699_SF3D-RGB.png
2602.22096,WeatherCity: Urban Scene Reconstruction with Controllable Multi-Weather Transformation,extracted_embedded_figure,900x600,/Volumes/UBag/Documents/l40server_mirror/lyra/Lyra-2/paper_collection_3d4d_reconstruction_2026_04_26/boardmix_mindmap/method_figures/2602.22096_WeatherCity.png
2602.22596,BetterScene: 3D Scene Synthesis with Representation-Aligned Generative Model,extracted_embedded_figure,900x395,/Volumes/UBag/Documents/l40server_mirror/lyra/Lyra-2/paper_collection_3d4d_reconstruction_2026_04_26/boardmix_mindmap/method_figures/2602.22596_BetterScene.png
2602.21101,Event-Aided Sharp Radiance Field Reconstruction for Fast-Flying Drones,extracted_embedded_figure,900x407,/Volumes/UBag/Documents/l40server_mirror/lyra/Lyra-2/paper_collection_3d4d_reconstruction_2026_04_26/boardmix_mindmap/method_figures/2602.21101_Event-Aided.png
2602.23058,GeoWorld: Geometric World Models,extracted_embedded_figure,900x341,/Volumes/UBag/Documents/l40server_mirror/lyra/Lyra-2/paper_collection_3d4d_reconstruction_2026_04_26/boardmix_mindmap/method_figures/2602.23058_GeoWorld.png
2602.22571,GIFSplat: Generative Prior-Guided Iterative Feed-Forward 3D Gaussian Splatting from Sparse Views,extracted_embedded_figure,900x964,/Volumes/UBag/Documents/l40server_mirror/lyra/Lyra-2/paper_collection_3d4d_reconstruction_2026_04_26/boardmix_mindmap/method_figures/2602.22571_GIFSplat.png
2602.23206,"Grasp, Slide, Roll: Comparative Analysis of Contact Modes for Tactile-Based Shape Reconstruction",extracted_embedded_figure,900x269,/Volumes/UBag/Documents/l40server_mirror/lyra/Lyra-2/paper_collection_3d4d_reconstruction_2026_04_26/boardmix_mindmap/method_figures/2602.23206_Grasp_Slide_Roll.png
2602.228,GSTurb: Gaussian Splatting for Atmospheric Turbulence Mitigation,extracted_embedded_figure,900x654,/Volumes/UBag/Documents/l40server_mirror/lyra/Lyra-2/paper_collection_3d4d_reconstruction_2026_04_26/boardmix_mindmap/method_figures/2602.22800_GSTurb.png
2602.23172,Latent Gaussian Splatting for 4D Panoptic Occupancy Tracking,extracted_embedded_figure,900x663,/Volumes/UBag/Documents/l40server_mirror/lyra/Lyra-2/paper_collection_3d4d_reconstruction_2026_04_26/boardmix_mindmap/method_figures/2602.23172_paper.png
2602.23259,Risk-Aware World Model Predictive Control for Generalizable End-to-End Autonomous Driving,extracted_embedded_figure,900x506,/Volumes/UBag/Documents/l40server_mirror/lyra/Lyra-2/paper_collection_3d4d_reconstruction_2026_04_26/boardmix_mindmap/method_figures/2602.23259_Risk-Aware.png
2602.22731,Sapling-NeRF: Geo-Localised Sapling Reconstruction in Forests for Ecological Monitoring,extracted_embedded_figure,900x1294,/Volumes/UBag/Documents/l40server_mirror/lyra/Lyra-2/paper_collection_3d4d_reconstruction_2026_04_26/boardmix_mindmap/method_figures/2602.22731_Sapling-NeRF.png
2602.22208,Solaris: Building a Multiplayer Video World Model in Minecraft,extracted_embedded_figure,578x578,/Volumes/UBag/Documents/l40server_mirror/lyra/Lyra-2/paper_collection_3d4d_reconstruction_2026_04_26/boardmix_mindmap/method_figures/2602.22208_Solaris.png
2602.22565,SwiftNDC: Fast Neural Depth Correction for High-Fidelity 3D Reconstruction,extracted_embedded_figure,900x599,/Volumes/UBag/Documents/l40server_mirror/lyra/Lyra-2/paper_collection_3d4d_reconstruction_2026_04_26/boardmix_mindmap/method_figures/2602.22565_SwiftNDC.png
2602.23224,UniScale: Unified Scale-Aware 3D Reconstruction for Multi-View Understanding via Prior Injection for Robotic Perception,extracted_embedded_figure,900x389,/Volumes/UBag/Documents/l40server_mirror/lyra/Lyra-2/paper_collection_3d4d_reconstruction_2026_04_26/boardmix_mindmap/method_figures/2602.23224_UniScale.png
2602.23361,VGG-T$^3$: Offline Feed-Forward 3D Reconstruction at Scale,extracted_embedded_figure,900x476,/Volumes/UBag/Documents/l40server_mirror/lyra/Lyra-2/paper_collection_3d4d_reconstruction_2026_04_26/boardmix_mindmap/method_figures/2602.23361_VGG-T_3.png
2602.21644,DAGS-SLAM: Dynamic-Aware 3DGS SLAM via Spatiotemporal Motion Probability and Uncertainty-Aware Scheduling,extracted_embedded_figure,900x398,/Volumes/UBag/Documents/l40server_mirror/lyra/Lyra-2/paper_collection_3d4d_reconstruction_2026_04_26/boardmix_mindmap/method_figures/2602.21644_DAGS-SLAM.png
2603.13284,Do Diffusion Models Dream of Electric Planes? Discrete and Continuous Simulation-Based Inference for Aircraft Design,extracted_embedded_figure,900x145,/Volumes/UBag/Documents/l40server_mirror/lyra/Lyra-2/paper_collection_3d4d_reconstruction_2026_04_26/boardmix_mindmap/method_figures/2603.13284_Simulation-Based.png
2602.24148,HumanOrbit: 3D Human Reconstruction as 360° Orbit Generation,extracted_embedded_figure,900x900,/Volumes/UBag/Documents/l40server_mirror/lyra/Lyra-2/paper_collection_3d4d_reconstruction_2026_04_26/boardmix_mindmap/method_figures/2602.24148_HumanOrbit.png
2601.10553,Inference-time Physics Alignment of Video Generative Models with Latent World Models,extracted_embedded_figure,900x306,/Volumes/UBag/Documents/l40server_mirror/lyra/Lyra-2/paper_collection_3d4d_reconstruction_2026_04_26/boardmix_mindmap/method_figures/2601.10553_paper.png
2602.23926,Leveraging Geometric Prior Uncertainty and Complementary Constraints for High-Fidelity Neural Indoor Surface Reconstruction,extracted_embedded_figure,821x824,/Volumes/UBag/Documents/l40server_mirror/lyra/Lyra-2/paper_collection_3d4d_reconstruction_2026_04_26/boardmix_mindmap/method_figures/2602.23926_High-Fidelity.png
2602.23969,MSVBench: Towards Human-Level Evaluation of Multi-Shot Video Generation,extracted_embedded_figure,900x568,/Volumes/UBag/Documents/l40server_mirror/lyra/Lyra-2/paper_collection_3d4d_reconstruction_2026_04_26/boardmix_mindmap/method_figures/2602.23969_MSVBench.png
2602.24136,"Prune Wisely, Reconstruct Sharply: Compact 3D Gaussian Splatting via Adaptive Pruning and Difference-of-Gaussian Primitives",extracted_embedded_figure,900x215,/Volumes/UBag/Documents/l40server_mirror/lyra/Lyra-2/paper_collection_3d4d_reconstruction_2026_04_26/boardmix_mindmap/method_figures/2602.24136_Prune_Wisely_Reconstruct_Sharply.png
2602.2402,SR3R: Rethinking Super-Resolution 3D Reconstruction With Feed-Forward Gaussian Splatting,extracted_embedded_figure,531x540,/Volumes/UBag/Documents/l40server_mirror/lyra/Lyra-2/paper_collection_3d4d_reconstruction_2026_04_26/boardmix_mindmap/method_figures/2602.24020_SR3R.png
2603.00492,ArtiFixer: Enhancing and Extending 3D Reconstruction with Auto-Regressive Diffusion Models,extracted_embedded_figure,900x501,/Volumes/UBag/Documents/l40server_mirror/lyra/Lyra-2/paper_collection_3d4d_reconstruction_2026_04_26/boardmix_mindmap/method_figures/2603.00492_ArtiFixer.png
2603.00466,DreamWorld: Unified World Modeling in Video Generation,extracted_embedded_figure,351x234,/Volumes/UBag/Documents/l40server_mirror/lyra/Lyra-2/paper_collection_3d4d_reconstruction_2026_04_26/boardmix_mindmap/method_figures/2603.00466_DreamWorld.png
2603.00805,NERFIFY: A Multi-Agent Framework for Turning NeRF Papers into Code,extracted_embedded_figure,900x174,/Volumes/UBag/Documents/l40server_mirror/lyra/Lyra-2/paper_collection_3d4d_reconstruction_2026_04_26/boardmix_mindmap/method_figures/2603.00805_NERFIFY.png
2603.00418,Station2Radar: query conditioned gaussian splatting for precipitation field,extracted_embedded_figure,900x904,/Volumes/UBag/Documents/l40server_mirror/lyra/Lyra-2/paper_collection_3d4d_reconstruction_2026_04_26/boardmix_mindmap/method_figures/2603.00418_Station2Radar.png
2603.00697,TokenSplat: Token-aligned 3D Gaussian Splatting for Feed-forward Pose-free Reconstruction,extracted_embedded_figure,900x308,/Volumes/UBag/Documents/l40server_mirror/lyra/Lyra-2/paper_collection_3d4d_reconstruction_2026_04_26/boardmix_mindmap/method_figures/2603.00697_TokenSplat.png
2603.00952,Decoupling Motion and Geometry in 4D Gaussian Splatting,extracted_embedded_figure,323x250,/Volumes/UBag/Documents/l40server_mirror/lyra/Lyra-2/paper_collection_3d4d_reconstruction_2026_04_26/boardmix_mindmap/method_figures/2603.00952_paper.png
2603.00905,pySpatial: Generating 3D Visual Programs for Zero-Shot Spatial Reasoning,extracted_embedded_figure,900x524,/Volumes/UBag/Documents/l40server_mirror/lyra/Lyra-2/paper_collection_3d4d_reconstruction_2026_04_26/boardmix_mindmap/method_figures/2603.00905_pySpatial.png
2603.01194,RnG: A Unified Transformer for Complete 3D Modeling from Partial Observations,extracted_embedded_figure,900x475,/Volumes/UBag/Documents/l40server_mirror/lyra/Lyra-2/paper_collection_3d4d_reconstruction_2026_04_26/boardmix_mindmap/method_figures/2603.01194_RnG.png
2602.09407,Single-Slice-to-3D Reconstruction in Medical Imaging and Natural Objects: A Comparative Benchmark with SAM 3D,extracted_embedded_figure,820x820,/Volumes/UBag/Documents/l40server_mirror/lyra/Lyra-2/paper_collection_3d4d_reconstruction_2026_04_26/boardmix_mindmap/method_figures/2602.09407_Single-Slice-to-3D.png
2603.00949,StegoNGP: 3D Cryptographic Steganography using Instant-NGP,extracted_embedded_figure,532x283,/Volumes/UBag/Documents/l40server_mirror/lyra/Lyra-2/paper_collection_3d4d_reconstruction_2026_04_26/boardmix_mindmap/method_figures/2603.00949_StegoNGP.png
2603.00908,UD-SfPNet: An Underwater Descattering Shape-from-Polarization Network for 3D Normal Reconstruction,extracted_embedded_figure,900x367,/Volumes/UBag/Documents/l40server_mirror/lyra/Lyra-2/paper_collection_3d4d_reconstruction_2026_04_26/boardmix_mindmap/method_figures/2603.00908_UD-SfPNet.png
2603.02129,LiftAvatar: Kinematic-Space Completion for Expression-Controlled 3D Gaussian Avatar Animation,extracted_embedded_figure,900x862,/Volumes/UBag/Documents/l40server_mirror/lyra/Lyra-2/paper_collection_3d4d_reconstruction_2026_04_26/boardmix_mindmap/method_figures/2603.02129_LiftAvatar.png
2603.01603,Sparse View Distractor-Free Gaussian Splatting,extracted_embedded_figure,518x518,/Volumes/UBag/Documents/l40server_mirror/lyra/Lyra-2/paper_collection_3d4d_reconstruction_2026_04_26/boardmix_mindmap/method_figures/2603.01603_Sparse_View_Distractor-Free_Gaussian_Splatting.png
2603.01371,TIMI: Training-Free Image-to-3D Multi-Instance Generation with Spatial Fidelity,extracted_embedded_figure,326x197,/Volumes/UBag/Documents/l40server_mirror/lyra/Lyra-2/paper_collection_3d4d_reconstruction_2026_04_26/boardmix_mindmap/method_figures/2603.01371_TIMI.png
2603.0185,Tiny-DroNeRF: Tiny Neural Radiance Fields aboard Federated Learning-enabled Nano-drones,extracted_embedded_figure,900x207,/Volumes/UBag/Documents/l40server_mirror/lyra/Lyra-2/paper_collection_3d4d_reconstruction_2026_04_26/boardmix_mindmap/method_figures/2603.01850_Tiny-DroNeRF.png
2602.2016,tttLRM: Test-Time Training for Long Context and Autoregressive 3D Reconstruction,extracted_embedded_figure,900x548,/Volumes/UBag/Documents/l40server_mirror/lyra/Lyra-2/paper_collection_3d4d_reconstruction_2026_04_26/boardmix_mindmap/method_figures/2602.20160_tttLRM.png
2603.02049,WorldStereo: Bridging Camera-Guided Video Generation and Scene Reconstruction via 3D Geometric Memories,extracted_embedded_figure,900x622,/Volumes/UBag/Documents/l40server_mirror/lyra/Lyra-2/paper_collection_3d4d_reconstruction_2026_04_26/boardmix_mindmap/method_figures/2603.02049_WorldStereo.png
2603.03482,Beyond Pixel Histories: World Models with Persistent 3D State,extracted_embedded_figure,900x395,/Volumes/UBag/Documents/l40server_mirror/lyra/Lyra-2/paper_collection_3d4d_reconstruction_2026_04_26/boardmix_mindmap/method_figures/2603.03482_Beyond_Pixel_Histories.png
2603.02499,Biomechanically Accurate Gait Analysis: A 3d Human Reconstruction Framework for Markerless Estimation of Gait Parameters,extracted_embedded_figure,900x229,/Volumes/UBag/Documents/l40server_mirror/lyra/Lyra-2/paper_collection_3d4d_reconstruction_2026_04_26/boardmix_mindmap/method_figures/2603.02499_Biomechanically_Accurate_Gait_Analysis.png
2603.02619,Direct Reward Fine-Tuning on Poses for Single Image to 3D Human in the Wild,extracted_embedded_figure,900x900,/Volumes/UBag/Documents/l40server_mirror/lyra/Lyra-2/paper_collection_3d4d_reconstruction_2026_04_26/boardmix_mindmap/method_figures/2603.02619_Fine-Tuning.png
2603.03265,DuoMo: Dual Motion Diffusion for World-Space Human Reconstruction,extracted_embedded_figure,900x471,/Volumes/UBag/Documents/l40server_mirror/lyra/Lyra-2/paper_collection_3d4d_reconstruction_2026_04_26/boardmix_mindmap/method_figures/2603.03265_DuoMo.png
2603.01099,HeroGS: Hierarchical Guidance for Robust 3D Gaussian Splatting under Sparse Views,extracted_embedded_figure,900x728,/Volumes/UBag/Documents/l40server_mirror/lyra/Lyra-2/paper_collection_3d4d_reconstruction_2026_04_26/boardmix_mindmap/method_figures/2603.01099_HeroGS.png
2603.02893,Intrinsic Geometry-Appearance Consistency Optimization for Sparse-View Gaussian Splatting,extracted_embedded_figure,833x826,/Volumes/UBag/Documents/l40server_mirror/lyra/Lyra-2/paper_collection_3d4d_reconstruction_2026_04_26/boardmix_mindmap/method_figures/2603.02893_Geometry-Appearance.png
2603.02866,Multimodal-Prior-Guided Importance Sampling for Hierarchical Gaussian Splatting in Sparse-View Novel View Synthesis,extracted_embedded_figure,900x828,/Volumes/UBag/Documents/l40server_mirror/lyra/Lyra-2/paper_collection_3d4d_reconstruction_2026_04_26/boardmix_mindmap/method_figures/2603.02866_Multimodal-Prior-Guided.png
2603.02134,OnlineX: Unified Online 3D Reconstruction and Understanding with Active-to-Stable State Evolution,extracted_embedded_figure,900x1098,/Volumes/UBag/Documents/l40server_mirror/lyra/Lyra-2/paper_collection_3d4d_reconstruction_2026_04_26/boardmix_mindmap/method_figures/2603.02134_OnlineX.png
2603.02801,R3GW: Relightable 3D Gaussians for Outdoor Scenes in the Wild,extracted_embedded_figure,900x580,/Volumes/UBag/Documents/l40server_mirror/lyra/Lyra-2/paper_collection_3d4d_reconstruction_2026_04_26/boardmix_mindmap/method_figures/2603.02801_R3GW.png
2603.02548,SemGS: Feed-Forward Semantic 3D Gaussian Splatting from Sparse Views for Generalizable Scene Understanding,extracted_embedded_figure,900x484,/Volumes/UBag/Documents/l40server_mirror/lyra/Lyra-2/paper_collection_3d4d_reconstruction_2026_04_26/boardmix_mindmap/method_figures/2603.02548_SemGS.png
2603.02133,SimRecon: SimReady Compositional Scene Reconstruction from Real Videos,extracted_embedded_figure,900x426,/Volumes/UBag/Documents/l40server_mirror/lyra/Lyra-2/paper_collection_3d4d_reconstruction_2026_04_26/boardmix_mindmap/method_figures/2603.02133_SimRecon.png
2603.02985,The Dresden Dataset for 4D Reconstruction of Non-Rigid Abdominal Surgical Scenes,placeholder_or_no_embedded_method_figure,900x520,/Volumes/UBag/Documents/l40server_mirror/lyra/Lyra-2/paper_collection_3d4d_reconstruction_2026_04_26/boardmix_mindmap/method_figures/2603.02985_Non-Rigid.png
2603.02986,VIRGi: View-dependent Instant Recoloring of 3D Gaussians Splats,extracted_embedded_figure,900x438,/Volumes/UBag/Documents/l40server_mirror/lyra/Lyra-2/paper_collection_3d4d_reconstruction_2026_04_26/boardmix_mindmap/method_figures/2603.02986_VIRGi.png
2603.04338,ArtHOI: Articulated Human-Object Interaction Synthesis by 4D Reconstruction from Video Priors,extracted_embedded_figure,900x349,/Volumes/UBag/Documents/l40server_mirror/lyra/Lyra-2/paper_collection_3d4d_reconstruction_2026_04_26/boardmix_mindmap/method_figures/2603.04338_ArtHOI.png
2603.04254,EmbodiedSplat: Online Feed-Forward Semantic 3DGS for Open-Vocabulary 3D Scene Understanding,extracted_embedded_figure,900x269,/Volumes/UBag/Documents/l40server_mirror/lyra/Lyra-2/paper_collection_3d4d_reconstruction_2026_04_26/boardmix_mindmap/method_figures/2603.04254_EmbodiedSplat.png
2602.24065,EvalMVX: A Unified Benchmarking for Neural 3D Reconstruction under Diverse Multiview Setups,extracted_embedded_figure,900x921,/Volumes/UBag/Documents/l40server_mirror/lyra/Lyra-2/paper_collection_3d4d_reconstruction_2026_04_26/boardmix_mindmap/method_figures/2602.24065_EvalMVX.png
2603.02887,Generalized non-exponential Gaussian splatting,extracted_embedded_figure,520x520,/Volumes/UBag/Documents/l40server_mirror/lyra/Lyra-2/paper_collection_3d4d_reconstruction_2026_04_26/boardmix_mindmap/method_figures/2603.02887_Generalized_non-exponential_Gaussian_splatting.png
2602.11291,H-WM: Robotic Task and Motion Planning Guided by Hierarchical World Model,extracted_embedded_figure,900x689,/Volumes/UBag/Documents/l40server_mirror/lyra/Lyra-2/paper_collection_3d4d_reconstruction_2026_04_26/boardmix_mindmap/method_figures/2602.11291_H-WM.png
2603.03765,LiDAR Prompted Spatio-Temporal Multi-View Stereo for Autonomous Driving,extracted_embedded_figure,900x376,/Volumes/UBag/Documents/l40server_mirror/lyra/Lyra-2/paper_collection_3d4d_reconstruction_2026_04_26/boardmix_mindmap/method_figures/2603.03765_LiDAR.png
2603.04029,Self-adapting Robotic Agents through Online Continual Reinforcement Learning with World Model Feedback,placeholder_or_no_embedded_method_figure,900x520,/Volumes/UBag/Documents/l40server_mirror/lyra/Lyra-2/paper_collection_3d4d_reconstruction_2026_04_26/boardmix_mindmap/method_figures/2603.04029_paper.png
2603.04317,World Properties without World Models: Recovering Spatial and Temporal Structure from Co-occurrence Statistics in Static Word Embeddings,placeholder_or_no_embedded_method_figure,900x520,/Volumes/UBag/Documents/l40server_mirror/lyra/Lyra-2/paper_collection_3d4d_reconstruction_2026_04_26/boardmix_mindmap/method_figures/2603.04317_World_Properties_without_World_Models.png
2603.0533,Dark3R: Learning Structure from Motion in the Dark,extracted_embedded_figure,900x803,/Volumes/UBag/Documents/l40server_mirror/lyra/Lyra-2/paper_collection_3d4d_reconstruction_2026_04_26/boardmix_mindmap/method_figures/2603.05330_Dark3R.png
2603.0477,DSA-SRGS: Super-Resolution Gaussian Splatting for Dynamic Sparse-View DSA Reconstruction,extracted_embedded_figure,900x929,/Volumes/UBag/Documents/l40server_mirror/lyra/Lyra-2/paper_collection_3d4d_reconstruction_2026_04_26/boardmix_mindmap/method_figures/2603.04770_DSA-SRGS.png
2603.0429,Gaussian Wardrobe: Compositional 3D Gaussian Avatars for Free-Form Virtual Try-On,extracted_embedded_figure,900x1225,/Volumes/UBag/Documents/l40server_mirror/lyra/Lyra-2/paper_collection_3d4d_reconstruction_2026_04_26/boardmix_mindmap/method_figures/2603.04290_Gaussian_Wardrobe.png
2603.05108,GaussTwin: Unified Simulation and Correction with Gaussian Splatting for Robotic Digital Twins,extracted_embedded_figure,900x575,/Volumes/UBag/Documents/l40server_mirror/lyra/Lyra-2/paper_collection_3d4d_reconstruction_2026_04_26/boardmix_mindmap/method_figures/2603.05108_GaussTwin.png
2603.04847,GloSplat: Joint Pose-Appearance Optimization for Faster and More Accurate 3D Reconstruction,extracted_embedded_figure,900x598,/Volumes/UBag/Documents/l40server_mirror/lyra/Lyra-2/paper_collection_3d4d_reconstruction_2026_04_26/boardmix_mindmap/method_figures/2603.04847_GloSplat.png
2603.04993,MultiGO++: Monocular 3D Clothed Human Reconstruction via Geometry-Texture Collaboration,extracted_embedded_figure,900x1546,/Volumes/UBag/Documents/l40server_mirror/lyra/Lyra-2/paper_collection_3d4d_reconstruction_2026_04_26/boardmix_mindmap/method_figures/2603.04993_MultiGO.png
2603.04179,NOVA3R: Non-pixel-aligned Visual Transformer for Amodal 3D Reconstruction,extracted_embedded_figure,900x374,/Volumes/UBag/Documents/l40server_mirror/lyra/Lyra-2/paper_collection_3d4d_reconstruction_2026_04_26/boardmix_mindmap/method_figures/2603.04179_NOVA3R.png
2603.05081,Orthogonal Spatial-temporal Distributional Transfer for 4D Generation,extracted_embedded_figure,900x738,/Volumes/UBag/Documents/l40server_mirror/lyra/Lyra-2/paper_collection_3d4d_reconstruction_2026_04_26/boardmix_mindmap/method_figures/2603.05081_paper.png
2603.05152,SSR-GS: Separating Specular Reflection in Gaussian Splatting for Glossy Surface Reconstruction,extracted_embedded_figure,900x296,/Volumes/UBag/Documents/l40server_mirror/lyra/Lyra-2/paper_collection_3d4d_reconstruction_2026_04_26/boardmix_mindmap/method_figures/2603.05152_SSR-GS.png
2603.05473,Towards 3D Scene Understanding of Gas Plumes in LWIR Hyperspectral Images Using Neural Radiance Fields,placeholder_or_no_embedded_method_figure,900x520,/Volumes/UBag/Documents/l40server_mirror/lyra/Lyra-2/paper_collection_3d4d_reconstruction_2026_04_26/boardmix_mindmap/method_figures/2603.05473_LWIR.png
2602.2429,UFO-4D: Unposed Feedforward 4D Reconstruction from Two Images,extracted_embedded_figure,900x574,/Volumes/UBag/Documents/l40server_mirror/lyra/Lyra-2/paper_collection_3d4d_reconstruction_2026_04_26/boardmix_mindmap/method_figures/2602.24290_UFO-4D.png
2603.0686,ColonSplat: Reconstruction of Peristaltic Motion in Colonoscopy with Dynamic Gaussian Splatting,extracted_embedded_figure,900x360,/Volumes/UBag/Documents/l40server_mirror/lyra/Lyra-2/paper_collection_3d4d_reconstruction_2026_04_26/boardmix_mindmap/method_figures/2603.06860_ColonSplat.png
2603.05882,CylinderSplat: 3D Gaussian Splatting with Cylindrical Triplanes for Panoramic Novel View Synthesis,extracted_embedded_figure,900x310,/Volumes/UBag/Documents/l40server_mirror/lyra/Lyra-2/paper_collection_3d4d_reconstruction_2026_04_26/boardmix_mindmap/method_figures/2603.05882_CylinderSplat.png
2603.06216,EntON: Eigenentropy-Optimized Neighborhood Densification in 3D Gaussian Splatting,placeholder_or_no_embedded_method_figure,900x520,/Volumes/UBag/Documents/l40server_mirror/lyra/Lyra-2/paper_collection_3d4d_reconstruction_2026_04_26/boardmix_mindmap/method_figures/2603.06216_EntON.png
2603.05078,MoRe: Motion-aware Feed-forward 4D Reconstruction Transformer,extracted_embedded_figure,900x634,/Volumes/UBag/Documents/l40server_mirror/lyra/Lyra-2/paper_collection_3d4d_reconstruction_2026_04_26/boardmix_mindmap/method_figures/2603.05078_MoRe.png
2603.03485,Phys4D: Fine-Grained Physics-Consistent 4D Modeling from Video Diffusion,extracted_embedded_figure,900x514,/Volumes/UBag/Documents/l40server_mirror/lyra/Lyra-2/paper_collection_3d4d_reconstruction_2026_04_26/boardmix_mindmap/method_figures/2603.03485_Phys4D.png
2603.05888,PixARMesh: Autoregressive Mesh-Native Single-View Scene Reconstruction,extracted_embedded_figure,648x484,/Volumes/UBag/Documents/l40server_mirror/lyra/Lyra-2/paper_collection_3d4d_reconstruction_2026_04_26/boardmix_mindmap/method_figures/2603.05888_PixARMesh.png
2603.05787,Spectral Probing of Feature Upsamplers in 2D-to-3D Scene Reconstruction,placeholder_or_no_embedded_method_figure,900x520,/Volumes/UBag/Documents/l40server_mirror/lyra/Lyra-2/paper_collection_3d4d_reconstruction_2026_04_26/boardmix_mindmap/method_figures/2603.05787_to-3D.png
2603.05876,Systematic Evaluation of Novel View Synthesis for Video Place Recognition,extracted_embedded_figure,900x600,/Volumes/UBag/Documents/l40server_mirror/lyra/Lyra-2/paper_collection_3d4d_reconstruction_2026_04_26/boardmix_mindmap/method_figures/2603.05876_paper.png
2603.06061,Transforming Omnidirectional RGB-LiDAR data into 3D Gaussian Splatting,extracted_embedded_figure,900x371,/Volumes/UBag/Documents/l40server_mirror/lyra/Lyra-2/paper_collection_3d4d_reconstruction_2026_04_26/boardmix_mindmap/method_figures/2603.06061_RGB-LiDAR.png
2603.0621,VG3S: Visual Geometry Grounded Gaussian Splatting for Semantic Occupancy Prediction,extracted_embedded_figure,900x425,/Volumes/UBag/Documents/l40server_mirror/lyra/Lyra-2/paper_collection_3d4d_reconstruction_2026_04_26/boardmix_mindmap/method_figures/2603.06210_VG3S.png
2601.01144,VISO: Robust Underwater Visual-Inertial-Sonar SLAM with Photometric Rendering for Dense 3D Reconstruction,extracted_embedded_figure,900x540,/Volumes/UBag/Documents/l40server_mirror/lyra/Lyra-2/paper_collection_3d4d_reconstruction_2026_04_26/boardmix_mindmap/method_figures/2601.01144_VISO.png
2603.05851,VS3R: Robust Full-frame Video Stabilization via Deep 3D Reconstruction,extracted_embedded_figure,900x410,/Volumes/UBag/Documents/l40server_mirror/lyra/Lyra-2/paper_collection_3d4d_reconstruction_2026_04_26/boardmix_mindmap/method_figures/2603.05851_VS3R.png
2603.06445,What if? Emulative Simulation with World Models for Situated Reasoning,extracted_embedded_figure,900x390,/Volumes/UBag/Documents/l40server_mirror/lyra/Lyra-2/paper_collection_3d4d_reconstruction_2026_04_26/boardmix_mindmap/method_figures/2603.06445_paper.png
2603.07264,Kinematics-Aware Latent World Models for Data-Efficient Autonomous Driving,extracted_embedded_figure,813x529,/Volumes/UBag/Documents/l40server_mirror/lyra/Lyra-2/paper_collection_3d4d_reconstruction_2026_04_26/boardmix_mindmap/method_figures/2603.07264_Kinematics-Aware.png
2603.07039,Self-Supervised Multi-Modal World Model with 4D Space-Time Embedding,extracted_embedded_figure,900x900,/Volumes/UBag/Documents/l40server_mirror/lyra/Lyra-2/paper_collection_3d4d_reconstruction_2026_04_26/boardmix_mindmap/method_figures/2603.07039_Self-Supervised.png
2603.06971,SurgCUT3R: Surgical Scene-Aware Continuous Understanding of Temporal 3D Representation,extracted_embedded_figure,900x478,/Volumes/UBag/Documents/l40server_mirror/lyra/Lyra-2/paper_collection_3d4d_reconstruction_2026_04_26/boardmix_mindmap/method_figures/2603.06971_SurgCUT3R.png
2603.07794,4DRC-OCC: Robust Semantic Occupancy Prediction Through Fusion of 4D Radar and Camera,extracted_embedded_figure,900x518,/Volumes/UBag/Documents/l40server_mirror/lyra/Lyra-2/paper_collection_3d4d_reconstruction_2026_04_26/boardmix_mindmap/method_figures/2603.07794_4DRC-OCC.png
2603.07533,ACCURATE: Arbitrary-shaped Continuum Reconstruction Under Robust Adaptive Two-view Estimation,placeholder_or_no_embedded_method_figure,900x520,/Volumes/UBag/Documents/l40server_mirror/lyra/Lyra-2/paper_collection_3d4d_reconstruction_2026_04_26/boardmix_mindmap/method_figures/2603.07533_ACCURATE.png
2603.07441,DogWeave: High-Fidelity 3D Canine Reconstruction from a Single Image via Normal Fusion and Conditional Inpainting,extracted_embedded_figure,400x300,/Volumes/UBag/Documents/l40server_mirror/lyra/Lyra-2/paper_collection_3d4d_reconstruction_2026_04_26/boardmix_mindmap/method_figures/2603.07441_DogWeave.png
2603.07604,EmbedTalk: Triplane-Free Talking Head Synthesis using Embedding-Driven Gaussian Deformation,extracted_embedded_figure,450x450,/Volumes/UBag/Documents/l40server_mirror/lyra/Lyra-2/paper_collection_3d4d_reconstruction_2026_04_26/boardmix_mindmap/method_figures/2603.07604_EmbedTalk.png
2603.07552,ReconDrive: Fast Feed-Forward 4D Gaussian Splatting for Autonomous Driving Scene Reconstruction,extracted_embedded_figure,900x334,/Volumes/UBag/Documents/l40server_mirror/lyra/Lyra-2/paper_collection_3d4d_reconstruction_2026_04_26/boardmix_mindmap/method_figures/2603.07552_ReconDrive.png
2603.08519,AtomVLA: Scalable Post-Training for Robotic Manipulation via Predictive Latent World Models,extracted_embedded_figure,900x422,/Volumes/UBag/Documents/l40server_mirror/lyra/Lyra-2/paper_collection_3d4d_reconstruction_2026_04_26/boardmix_mindmap/method_figures/2603.08519_AtomVLA.png
2603.08254,DynamicVGGT: Learning Dynamic Point Maps for 4D Scene Reconstruction in Autonomous Driving,extracted_embedded_figure,900x600,/Volumes/UBag/Documents/l40server_mirror/lyra/Lyra-2/paper_collection_3d4d_reconstruction_2026_04_26/boardmix_mindmap/method_figures/2603.08254_DynamicVGGT.png
2603.08133,Fast Low-light Enhancement and Deblurring for 3D Dark Scenes,extracted_embedded_figure,900x320,/Volumes/UBag/Documents/l40server_mirror/lyra/Lyra-2/paper_collection_3d4d_reconstruction_2026_04_26/boardmix_mindmap/method_figures/2603.08133_paper.png
2603.08255,FlowTouch: View-Invariant Visuo-Tactile Prediction,extracted_embedded_figure,900x927,/Volumes/UBag/Documents/l40server_mirror/lyra/Lyra-2/paper_collection_3d4d_reconstruction_2026_04_26/boardmix_mindmap/method_figures/2603.08255_FlowTouch.png
2603.08313,HDR-NSFF: High Dynamic Range Neural Scene Flow Fields,extracted_embedded_figure,900x836,/Volumes/UBag/Documents/l40server_mirror/lyra/Lyra-2/paper_collection_3d4d_reconstruction_2026_04_26/boardmix_mindmap/method_figures/2603.08313_HDR-NSFF.png
2603.08546,Interactive World Simulator for Robot Policy Training and Evaluation,extracted_embedded_figure,900x1111,/Volumes/UBag/Documents/l40server_mirror/lyra/Lyra-2/paper_collection_3d4d_reconstruction_2026_04_26/boardmix_mindmap/method_figures/2603.08546_paper.png
2603.08147,MV-Fashion: Towards Enabling Virtual Try-On and Size Estimation with Multi-View Paired Data,extracted_embedded_figure,900x272,/Volumes/UBag/Documents/l40server_mirror/lyra/Lyra-2/paper_collection_3d4d_reconstruction_2026_04_26/boardmix_mindmap/method_figures/2603.08147_MV-Fashion.png
2603.08997,SkipGS: Post-Densification Backward Skipping for Efficient 3DGS Training,extracted_embedded_figure,900x531,/Volumes/UBag/Documents/l40server_mirror/lyra/Lyra-2/paper_collection_3d4d_reconstruction_2026_04_26/boardmix_mindmap/method_figures/2603.08997_SkipGS.png
2603.08055,Speed3R: Sparse Feed-forward 3D Reconstruction Models,extracted_embedded_figure,900x640,/Volumes/UBag/Documents/l40server_mirror/lyra/Lyra-2/paper_collection_3d4d_reconstruction_2026_04_26/boardmix_mindmap/method_figures/2603.08055_Speed3R.png
2603.08503,Spherical-GOF: Geometry-Aware Panoramic Gaussian Opacity Fields for 3D Scene Reconstruction,extracted_embedded_figure,900x270,/Volumes/UBag/Documents/l40server_mirror/lyra/Lyra-2/paper_collection_3d4d_reconstruction_2026_04_26/boardmix_mindmap/method_figures/2603.08503_Spherical-GOF.png
2603.08983,SurgCalib: Gaussian Splatting-Based Hand-Eye Calibration for Robot-Assisted Minimally Invasive Surgery,extracted_embedded_figure,900x675,/Volumes/UBag/Documents/l40server_mirror/lyra/Lyra-2/paper_collection_3d4d_reconstruction_2026_04_26/boardmix_mindmap/method_figures/2603.08983_SurgCalib.png
2603.10125,4DEquine: Disentangling Motion and Appearance for 4D Equine Reconstruction from Monocular Video,extracted_embedded_figure,512x512,/Volumes/UBag/Documents/l40server_mirror/lyra/Lyra-2/paper_collection_3d4d_reconstruction_2026_04_26/boardmix_mindmap/method_figures/2603.10125_4DEquine.png
2603.09291,DenoiseSplat: Feed-Forward Gaussian Splatting for Noisy 3D Scene Reconstruction,extracted_embedded_figure,900x506,/Volumes/UBag/Documents/l40server_mirror/lyra/Lyra-2/paper_collection_3d4d_reconstruction_2026_04_26/boardmix_mindmap/method_figures/2603.09291_DenoiseSplat.png
2603.09718,GSStream: 3D Gaussian Splatting based Volumetric Scene Streaming System,extracted_embedded_figure,900x810,/Volumes/UBag/Documents/l40server_mirror/lyra/Lyra-2/paper_collection_3d4d_reconstruction_2026_04_26/boardmix_mindmap/method_figures/2603.09718_GSStream.png
2603.09086,"Latent World Models for Automated Driving: A Unified Taxonomy, Evaluation Framework, and Open Challenges",extracted_embedded_figure,900x502,/Volumes/UBag/Documents/l40server_mirror/lyra/Lyra-2/paper_collection_3d4d_reconstruction_2026_04_26/boardmix_mindmap/method_figures/2603.09086_Latent_World_Models_for_Automated_Driving.png
2603.09319,NLiPsCalib: An Efficient Calibration Framework for High-Fidelity 3D Reconstruction of Curved Visuotactile Sensors,extracted_embedded_figure,696x1512,/Volumes/UBag/Documents/l40server_mirror/lyra/Lyra-2/paper_collection_3d4d_reconstruction_2026_04_26/boardmix_mindmap/method_figures/2603.09319_NLiPsCalib.png
2603.09925,On the Structural Failure of Chamfer Distance in 3D Shape Optimization,extracted_embedded_figure,900x514,/Volumes/UBag/Documents/l40server_mirror/lyra/Lyra-2/paper_collection_3d4d_reconstruction_2026_04_26/boardmix_mindmap/method_figures/2603.09925_paper.png
2603.09703,ProGS: Towards Progressive Coding for 3D Gaussian Splatting,extracted_embedded_figure,900x582,/Volumes/UBag/Documents/l40server_mirror/lyra/Lyra-2/paper_collection_3d4d_reconstruction_2026_04_26/boardmix_mindmap/method_figures/2603.09703_ProGS.png
2603.09241,RAE-NWM: Navigation World Model in Dense Visual Representation Space,extracted_embedded_figure,256x256,/Volumes/UBag/Documents/l40server_mirror/lyra/Lyra-2/paper_collection_3d4d_reconstruction_2026_04_26/boardmix_mindmap/method_figures/2603.09241_RAE-NWM.png
2603.09968,ReCoSplat: Autoregressive Feed-Forward Gaussian Splatting Using Render-and-Compare,extracted_embedded_figure,900x900,/Volumes/UBag/Documents/l40server_mirror/lyra/Lyra-2/paper_collection_3d4d_reconstruction_2026_04_26/boardmix_mindmap/method_figures/2603.09968_ReCoSplat.png
2603.09277,Speeding Up the Learning of 3D Gaussians with Much Shorter Gaussian Lists,extracted_embedded_figure,900x916,/Volumes/UBag/Documents/l40server_mirror/lyra/Lyra-2/paper_collection_3d4d_reconstruction_2026_04_26/boardmix_mindmap/method_figures/2603.09277_paper.png
2603.09673,VarSplat: Uncertainty-aware 3D Gaussian Splatting for Robust RGB-D SLAM,extracted_embedded_figure,900x373,/Volumes/UBag/Documents/l40server_mirror/lyra/Lyra-2/paper_collection_3d4d_reconstruction_2026_04_26/boardmix_mindmap/method_figures/2603.09673_VarSplat.png
2602.08958,Grow with the Flow: 4D Reconstruction of Growing Plants with Gaussian Flow Fields,extracted_embedded_figure,900x900,/Volumes/UBag/Documents/l40server_mirror/lyra/Lyra-2/paper_collection_3d4d_reconstruction_2026_04_26/boardmix_mindmap/method_figures/2602.08958_Grow_with_the_Flow.png
2603.10551,P-GSVC: Layered Progressive 2D Gaussian Splatting for Scalable Image and Video,extracted_embedded_figure,900x506,/Volumes/UBag/Documents/l40server_mirror/lyra/Lyra-2/paper_collection_3d4d_reconstruction_2026_04_26/boardmix_mindmap/method_figures/2603.10551_P-GSVC.png
2601.22046,PLANING: A Loosely Coupled Triangle-Gaussian Framework for Streaming 3D Reconstruction,extracted_embedded_figure,900x1600,/Volumes/UBag/Documents/l40server_mirror/lyra/Lyra-2/paper_collection_3d4d_reconstruction_2026_04_26/boardmix_mindmap/method_figures/2601.22046_PLANING.png
2603.10801,PolGS++: Physically-Guided Polarimetric Gaussian Splatting for Fast Reflective Surface Reconstruction,extracted_embedded_figure,448x594,/Volumes/UBag/Documents/l40server_mirror/lyra/Lyra-2/paper_collection_3d4d_reconstruction_2026_04_26/boardmix_mindmap/method_figures/2603.10801_PolGS.png
2603.10893,S2D: Sparse to Dense Lifting for 3D Reconstruction with Minimal Inputs,extracted_embedded_figure,900x582,/Volumes/UBag/Documents/l40server_mirror/lyra/Lyra-2/paper_collection_3d4d_reconstruction_2026_04_26/boardmix_mindmap/method_figures/2603.10893_S2D.png
2603.10638,Splat2Real: Novel-view Scaling for Physical AI with 3D Gaussian Splatting,extracted_embedded_figure,900x502,/Volumes/UBag/Documents/l40server_mirror/lyra/Lyra-2/paper_collection_3d4d_reconstruction_2026_04_26/boardmix_mindmap/method_figures/2603.10638_Splat2Real.png
2603.11969,AstroSplat: Physics-Based Gaussian Splatting for Rendering and Reconstruction of Small Celestial Bodies,extracted_embedded_figure,900x900,/Volumes/UBag/Documents/l40server_mirror/lyra/Lyra-2/paper_collection_3d4d_reconstruction_2026_04_26/boardmix_mindmap/method_figures/2603.11969_AstroSplat.png
2603.1181,CEI-3D: Collaborative Explicit-Implicit 3D Reconstruction for Realistic and Fine-Grained Object Editing,extracted_embedded_figure,800x600,/Volumes/UBag/Documents/l40server_mirror/lyra/Lyra-2/paper_collection_3d4d_reconstruction_2026_04_26/boardmix_mindmap/method_figures/2603.11810_CEI-3D.png
2602.24161,GeoDiff4D: Geometry-Aware Diffusion for 4D Head Avatar Reconstruction,extracted_embedded_figure,900x501,/Volumes/UBag/Documents/l40server_mirror/lyra/Lyra-2/paper_collection_3d4d_reconstruction_2026_04_26/boardmix_mindmap/method_figures/2602.24161_GeoDiff4D.png
2603.01928,LaST-VLA: Thinking in Latent Spatio-Temporal Space for Vision-Language-Action in Autonomous Driving,extracted_embedded_figure,900x761,/Volumes/UBag/Documents/l40server_mirror/lyra/Lyra-2/paper_collection_3d4d_reconstruction_2026_04_26/boardmix_mindmap/method_figures/2603.01928_LaST-VLA.png
2603.11543,Mango-GS: Enhancing Spatio-Temporal Consistency in Dynamic Scenes Reconstruction using Multi-Frame Node-Guided 4D Gaussian Splatting,extracted_embedded_figure,900x345,/Volumes/UBag/Documents/l40server_mirror/lyra/Lyra-2/paper_collection_3d4d_reconstruction_2026_04_26/boardmix_mindmap/method_figures/2603.11543_Mango-GS.png
2603.11531,Mobile-GS: Real-time Gaussian Splatting for Mobile Devices,extracted_embedded_figure,900x597,/Volumes/UBag/Documents/l40server_mirror/lyra/Lyra-2/paper_collection_3d4d_reconstruction_2026_04_26/boardmix_mindmap/method_figures/2603.11531_Mobile-GS.png
2603.11534,Risk-Controllable Multi-View Diffusion for Driving Scenario Generation,placeholder_or_no_embedded_method_figure,900x520,/Volumes/UBag/Documents/l40server_mirror/lyra/Lyra-2/paper_collection_3d4d_reconstruction_2026_04_26/boardmix_mindmap/method_figures/2603.11534_Risk-Controllable.png
2603.09632,X-GS: An Extensible Open Framework for Perceiving and Thinking via 3D Gaussian Splatting,extracted_embedded_figure,900x248,/Volumes/UBag/Documents/l40server_mirror/lyra/Lyra-2/paper_collection_3d4d_reconstruction_2026_04_26/boardmix_mindmap/method_figures/2603.09632_X-GS.png
2603.12553,Beyond Dense Futures: World Models as Structured Planners for Robotic Manipulation,extracted_embedded_figure,486x432,/Volumes/UBag/Documents/l40server_mirror/lyra/Lyra-2/paper_collection_3d4d_reconstruction_2026_04_26/boardmix_mindmap/method_figures/2603.12553_Beyond_Dense_Futures.png
2603.12721,CMHANet: A Cross-Modal Hybrid Attention Network for Point Cloud Registration,extracted_embedded_figure,640x480,/Volumes/UBag/Documents/l40server_mirror/lyra/Lyra-2/paper_collection_3d4d_reconstruction_2026_04_26/boardmix_mindmap/method_figures/2603.12721_CMHANet.png
2601.0754,Enhancing Novel View Synthesis via Geometry Grounded Set Diffusion,extracted_embedded_figure,900x404,/Volumes/UBag/Documents/l40server_mirror/lyra/Lyra-2/paper_collection_3d4d_reconstruction_2026_04_26/boardmix_mindmap/method_figures/2601.07540_paper.png
2603.13423,From Gradients to Riccati Geometry: Kalman World Models for Single-Pass Learning,placeholder_or_no_embedded_method_figure,900x520,/Volumes/UBag/Documents/l40server_mirror/lyra/Lyra-2/paper_collection_3d4d_reconstruction_2026_04_26/boardmix_mindmap/method_figures/2603.13423_From_Gradients_to_Riccati_Geometry.png
2603.12647,LR-SGS: Robust LiDAR-Reflectance-Guided Salient Gaussian Splatting for Self-Driving Scene Reconstruction,extracted_embedded_figure,900x314,/Volumes/UBag/Documents/l40server_mirror/lyra/Lyra-2/paper_collection_3d4d_reconstruction_2026_04_26/boardmix_mindmap/method_figures/2603.12647_LR-SGS.png
2603.13215,"Out of Sight, Out of Mind? Evaluating State Evolution in Video World Models",extracted_embedded_figure,876x876,/Volumes/UBag/Documents/l40server_mirror/lyra/Lyra-2/paper_collection_3d4d_reconstruction_2026_04_26/boardmix_mindmap/method_figures/2603.13215_paper.png
2603.07664,Ref-DGS: Reflective Dual Gaussian Splatting,extracted_embedded_figure,900x900,/Volumes/UBag/Documents/l40server_mirror/lyra/Lyra-2/paper_collection_3d4d_reconstruction_2026_04_26/boardmix_mindmap/method_figures/2603.07664_Ref-DGS.png
2603.13024,SAW: Toward a Surgical Action World Model via Controllable and Scalable Video Generation,extracted_embedded_figure,684x550,/Volumes/UBag/Documents/l40server_mirror/lyra/Lyra-2/paper_collection_3d4d_reconstruction_2026_04_26/boardmix_mindmap/method_figures/2603.13024_SAW.png
2603.13556,Semantic Aware Feature Extraction for Enhanced 3D Reconstruction,extracted_embedded_figure,900x360,/Volumes/UBag/Documents/l40server_mirror/lyra/Lyra-2/paper_collection_3d4d_reconstruction_2026_04_26/boardmix_mindmap/method_figures/2603.13556_paper.png
2603.13585,"Sonar-MASt3R: Real-Time Opti-Acoustic Fusion in Turbid, Unstructured Environments",extracted_embedded_figure,900x278,/Volumes/UBag/Documents/l40server_mirror/lyra/Lyra-2/paper_collection_3d4d_reconstruction_2026_04_26/boardmix_mindmap/method_figures/2603.13585_Sonar-MASt3R.png
2603.12796,Spectral Defense Against Resource-Targeting Attack in 3D Gaussian Splatting,extracted_embedded_figure,471x387,/Volumes/UBag/Documents/l40server_mirror/lyra/Lyra-2/paper_collection_3d4d_reconstruction_2026_04_26/boardmix_mindmap/method_figures/2603.12796_Resource-Targeting.png
2603.12903,Spectral-Geometric Neural Fields for Pose-Free LiDAR View Synthesis,extracted_embedded_figure,900x652,/Volumes/UBag/Documents/l40server_mirror/lyra/Lyra-2/paper_collection_3d4d_reconstruction_2026_04_26/boardmix_mindmap/method_figures/2603.12903_Spectral-Geometric.png
2601.12823,TreeDGS: Aerial Gaussian Splatting for Distant DBH Measurement,extracted_embedded_figure,900x359,/Volumes/UBag/Documents/l40server_mirror/lyra/Lyra-2/paper_collection_3d4d_reconstruction_2026_04_26/boardmix_mindmap/method_figures/2601.12823_TreeDGS.png
2603.12655,VGGT-World: Transforming VGGT into an Autoregressive Geometry World Model,placeholder_or_no_embedded_method_figure,900x520,/Volumes/UBag/Documents/l40server_mirror/lyra/Lyra-2/paper_collection_3d4d_reconstruction_2026_04_26/boardmix_mindmap/method_figures/2603.12655_VGGT-World.png
2603.13825,Building Explicit World Model for Zero-Shot Open-World Object Manipulation,extracted_embedded_figure,900x1200,/Volumes/UBag/Documents/l40server_mirror/lyra/Lyra-2/paper_collection_3d4d_reconstruction_2026_04_26/boardmix_mindmap/method_figures/2603.13825_Zero-Shot.png
2603.12064,Dense Dynamic Scene Reconstruction and Camera Pose Estimation from Multi-View Videos,extracted_embedded_figure,712x438,/Volumes/UBag/Documents/l40server_mirror/lyra/Lyra-2/paper_collection_3d4d_reconstruction_2026_04_26/boardmix_mindmap/method_figures/2603.12064_Multi-View.png
2603.14104,GelSphere: An Omnidirectional Rolling Vision-Based Tactile Sensor for Online 3D Reconstruction and Normal Force Estimation,extracted_embedded_figure,900x599,/Volumes/UBag/Documents/l40server_mirror/lyra/Lyra-2/paper_collection_3d4d_reconstruction_2026_04_26/boardmix_mindmap/method_figures/2603.14104_GelSphere.png
2603.13859,Geo-ID: Test-Time Geometric Consensus for Cross-View Consistent Intrinsics,extracted_embedded_figure,768x512,/Volumes/UBag/Documents/l40server_mirror/lyra/Lyra-2/paper_collection_3d4d_reconstruction_2026_04_26/boardmix_mindmap/method_figures/2603.13859_Geo-ID.png
2603.14031,Intrinsic Tolerance in C-Arm Imaging: How Extrinsic Re-optimization Preserves 3D Reconstruction Accuracy,placeholder_or_no_embedded_method_figure,900x520,/Volumes/UBag/Documents/l40server_mirror/lyra/Lyra-2/paper_collection_3d4d_reconstruction_2026_04_26/boardmix_mindmap/method_figures/2603.14031_Intrinsic_Tolerance_in_C-Arm_Imaging.png
2603.13783,RetimeGS: Continuous-Time Reconstruction of 4D Gaussian Splatting,extracted_embedded_figure,900x385,/Volumes/UBag/Documents/l40server_mirror/lyra/Lyra-2/paper_collection_3d4d_reconstruction_2026_04_26/boardmix_mindmap/method_figures/2603.13783_RetimeGS.png
2603.13869,TransDex: Pre-training Visuo-Tactile Policy with Point Cloud Reconstruction for Dexterous Manipulation of Transparent Objects,placeholder_or_no_embedded_method_figure,900x520,/Volumes/UBag/Documents/l40server_mirror/lyra/Lyra-2/paper_collection_3d4d_reconstruction_2026_04_26/boardmix_mindmap/method_figures/2603.13869_TransDex.png
2603.14301,4D Synchronized Fields: Motion-Language Gaussian Splatting for Temporal Scene Understanding,extracted_embedded_figure,900x340,/Volumes/UBag/Documents/l40server_mirror/lyra/Lyra-2/paper_collection_3d4d_reconstruction_2026_04_26/boardmix_mindmap/method_figures/2603.14301_4D_Synchronized_Fields.png
2603.14249,OAHuman: Occlusion-Aware 3D Human Reconstruction from Monocular Images,extracted_embedded_figure,900x329,/Volumes/UBag/Documents/l40server_mirror/lyra/Lyra-2/paper_collection_3d4d_reconstruction_2026_04_26/boardmix_mindmap/method_figures/2603.14249_OAHuman.png
2603.14232,S2GS: Streaming Semantic Gaussian Splatting for Online Scene Understanding and Reconstruction,extracted_embedded_figure,256x256,/Volumes/UBag/Documents/l40server_mirror/lyra/Lyra-2/paper_collection_3d4d_reconstruction_2026_04_26/boardmix_mindmap/method_figures/2603.14232_S2GS.png
2603.14392,WestWorld: A Knowledge-Encoded Scalable Trajectory World Model for Diverse Robotic Systems,extracted_embedded_figure,253x336,/Volumes/UBag/Documents/l40server_mirror/lyra/Lyra-2/paper_collection_3d4d_reconstruction_2026_04_26/boardmix_mindmap/method_figures/2603.14392_WestWorld.png
2603.13049,3DTCR: A Physics-Based Generative Framework for Vortex-Following 3D Reconstruction to Improve Tropical Cyclone Intensity Forecasting,placeholder_or_no_embedded_method_figure,900x520,/Volumes/UBag/Documents/l40server_mirror/lyra/Lyra-2/paper_collection_3d4d_reconstruction_2026_04_26/boardmix_mindmap/method_figures/2603.13049_3DTCR.png
2603.14948,Bridging Scene Generation and Planning: Driving with World Model via Unifying Vision and Motion Representation,extracted_embedded_figure,900x427,/Volumes/UBag/Documents/l40server_mirror/lyra/Lyra-2/paper_collection_3d4d_reconstruction_2026_04_26/boardmix_mindmap/method_figures/2603.14948_Bridging_Scene_Generation_and_Planning.png
2603.15771,CorrectionPlanner: Self-Correction Planner with Reinforcement Learning in Autonomous Driving,extracted_embedded_figure,900x462,/Volumes/UBag/Documents/l40server_mirror/lyra/Lyra-2/paper_collection_3d4d_reconstruction_2026_04_26/boardmix_mindmap/method_figures/2603.15771_CorrectionPlanner.png
2603.14684,E2EGS: Event-to-Edge Gaussian Splatting for Pose-Free 3D Reconstruction,extracted_embedded_figure,900x420,/Volumes/UBag/Documents/l40server_mirror/lyra/Lyra-2/paper_collection_3d4d_reconstruction_2026_04_26/boardmix_mindmap/method_figures/2603.14684_E2EGS.png
2603.14965,GeoNVS: Geometry Grounded Video Diffusion for Novel View Synthesis,extracted_embedded_figure,768x324,/Volumes/UBag/Documents/l40server_mirror/lyra/Lyra-2/paper_collection_3d4d_reconstruction_2026_04_26/boardmix_mindmap/method_figures/2603.14965_GeoNVS.png
2603.15583,Grounding World Simulation Models in a Real-World Metropolis,extracted_embedded_figure,900x506,/Volumes/UBag/Documents/l40server_mirror/lyra/Lyra-2/paper_collection_3d4d_reconstruction_2026_04_26/boardmix_mindmap/method_figures/2603.15583_Real-World.png
2603.16943,KGS-GCN: Enhancing Sparse Skeleton Sensing via Kinematics-Driven Gaussian Splatting and Probabilistic Topology for Action Recognition,extracted_embedded_figure,900x1202,/Volumes/UBag/Documents/l40server_mirror/lyra/Lyra-2/paper_collection_3d4d_reconstruction_2026_04_26/boardmix_mindmap/method_figures/2603.16943_KGS-GCN.png
2603.14763,LiDAR-EVS: Enhance Extrapolated View Synthesis for 3D Gaussian Splatting with Pseudo-LiDAR Supervision,extracted_embedded_figure,643x370,/Volumes/UBag/Documents/l40server_mirror/lyra/Lyra-2/paper_collection_3d4d_reconstruction_2026_04_26/boardmix_mindmap/method_figures/2603.14763_LiDAR-EVS.png
2603.1533,"MeMix: Writing Less, Remembering More for Streaming 3D Reconstruction",extracted_embedded_figure,900x633,/Volumes/UBag/Documents/l40server_mirror/lyra/Lyra-2/paper_collection_3d4d_reconstruction_2026_04_26/boardmix_mindmap/method_figures/2603.15330_MeMix.png
2601.02716,MorphGS: Morphology-Adaptive Articulated 3D Motion Transfer from Videos,extracted_embedded_figure,900x900,/Volumes/UBag/Documents/l40server_mirror/lyra/Lyra-2/paper_collection_3d4d_reconstruction_2026_04_26/boardmix_mindmap/method_figures/2601.02716_MorphGS.png
2603.15186,NavGSim: High-Fidelity Gaussian Splatting Simulator for Large-Scale Navigation,extracted_embedded_figure,900x516,/Volumes/UBag/Documents/l40server_mirror/lyra/Lyra-2/paper_collection_3d4d_reconstruction_2026_04_26/boardmix_mindmap/method_figures/2603.15186_NavGSim.png
2603.14908,PerlAD: Towards Enhanced Closed-loop End-to-end Autonomous Driving with Pseudo-simulation-based Reinforcement Learning,extracted_embedded_figure,900x900,/Volumes/UBag/Documents/l40server_mirror/lyra/Lyra-2/paper_collection_3d4d_reconstruction_2026_04_26/boardmix_mindmap/method_figures/2603.14908_PerlAD.png
2603.15433,Real-Time Human Frontal View Synthesis from a Single Image,extracted_embedded_figure,900x900,/Volumes/UBag/Documents/l40server_mirror/lyra/Lyra-2/paper_collection_3d4d_reconstruction_2026_04_26/boardmix_mindmap/method_figures/2603.15433_Real-Time.png
2603.15759,Simulation Distillation: Pretraining World Models in Simulation for Rapid Real-World Adaptation,extracted_embedded_figure,900x675,/Volumes/UBag/Documents/l40server_mirror/lyra/Lyra-2/paper_collection_3d4d_reconstruction_2026_04_26/boardmix_mindmap/method_figures/2603.15759_Simulation_Distillation.png
2603.14765,SSR: A Training-Free Approach for Streaming 3D Reconstruction,extracted_embedded_figure,452x456,/Volumes/UBag/Documents/l40server_mirror/lyra/Lyra-2/paper_collection_3d4d_reconstruction_2026_04_26/boardmix_mindmap/method_figures/2603.14765_SSR.png
2603.1686,DreamPlan: Efficient Reinforcement Fine-Tuning of Vision-Language Planners via Video World Models,extracted_embedded_figure,900x605,/Volumes/UBag/Documents/l40server_mirror/lyra/Lyra-2/paper_collection_3d4d_reconstruction_2026_04_26/boardmix_mindmap/method_figures/2603.16860_DreamPlan.png
2603.16133,DualPrim: Compact 3D Reconstruction with Positive and Negative Primitives,extracted_embedded_figure,900x900,/Volumes/UBag/Documents/l40server_mirror/lyra/Lyra-2/paper_collection_3d4d_reconstruction_2026_04_26/boardmix_mindmap/method_figures/2603.16133_DualPrim.png
2603.16444,Fast-HaMeR: Boosting Hand Mesh Reconstruction using Knowledge Distillation,extracted_embedded_figure,900x900,/Volumes/UBag/Documents/l40server_mirror/lyra/Lyra-2/paper_collection_3d4d_reconstruction_2026_04_26/boardmix_mindmap/method_figures/2603.16444_Fast-HaMeR.png
2603.17201,FastLoop: Parallel Loop Closing with GPU-Acceleration in Visual SLAM,extracted_embedded_figure,900x265,/Volumes/UBag/Documents/l40server_mirror/lyra/Lyra-2/paper_collection_3d4d_reconstruction_2026_04_26/boardmix_mindmap/method_figures/2603.17201_FastLoop.png
2603.16461,GAP-MLLM: Geometry-Aligned Pre-training for Activating 3D Spatial Perception in Multimodal Large Language Models,extracted_embedded_figure,900x672,/Volumes/UBag/Documents/l40server_mirror/lyra/Lyra-2/paper_collection_3d4d_reconstruction_2026_04_26/boardmix_mindmap/method_figures/2603.16461_GAP-MLLM.png
2603.11298,InstantHDR: Single-forward Gaussian Splatting for High Dynamic Range 3D Reconstruction,extracted_embedded_figure,900x659,/Volumes/UBag/Documents/l40server_mirror/lyra/Lyra-2/paper_collection_3d4d_reconstruction_2026_04_26/boardmix_mindmap/method_figures/2603.11298_InstantHDR.png
2603.16211,Leveling3D: Leveling Up 3D Reconstruction with Feed-Forward 3D Gaussian Splatting and Geometry-Aware Generation,extracted_embedded_figure,900x349,/Volumes/UBag/Documents/l40server_mirror/lyra/Lyra-2/paper_collection_3d4d_reconstruction_2026_04_26/boardmix_mindmap/method_figures/2603.16211_Leveling3D.png
2603.16844,M^3: Dense Matching Meets Multi-View Foundation Models for Monocular Gaussian Splatting SLAM,extracted_embedded_figure,900x651,/Volumes/UBag/Documents/l40server_mirror/lyra/Lyra-2/paper_collection_3d4d_reconstruction_2026_04_26/boardmix_mindmap/method_figures/2603.16844_M_3.png
2603.17117,MosaicMem: Hybrid Spatial Memory for Controllable Video World Models,extracted_embedded_figure,900x353,/Volumes/UBag/Documents/l40server_mirror/lyra/Lyra-2/paper_collection_3d4d_reconstruction_2026_04_26/boardmix_mindmap/method_figures/2603.17117_MosaicMem.png
2603.16103,NanoGS: Training-Free Gaussian Splat Simplification,extracted_embedded_figure,900x418,/Volumes/UBag/Documents/l40server_mirror/lyra/Lyra-2/paper_collection_3d4d_reconstruction_2026_04_26/boardmix_mindmap/method_figures/2603.16103_NanoGS.png
2603.16447,ProgressiveAvatars: Progressive Animatable 3D Gaussian Avatars,extracted_embedded_figure,900x991,/Volumes/UBag/Documents/l40server_mirror/lyra/Lyra-2/paper_collection_3d4d_reconstruction_2026_04_26/boardmix_mindmap/method_figures/2603.16447_ProgressiveAvatars.png
2603.16538,Rethinking Pose Refinement in 3D Gaussian Splatting under Pose Prior and Geometric Uncertainty,extracted_embedded_figure,900x186,/Volumes/UBag/Documents/l40server_mirror/lyra/Lyra-2/paper_collection_3d4d_reconstruction_2026_04_26/boardmix_mindmap/method_figures/2603.16538_paper.png
2603.17165,SLAM Adversarial Lab: An Extensible Framework for Visual SLAM Robustness Evaluation under Adverse Conditions,placeholder_or_no_embedded_method_figure,900x520,/Volumes/UBag/Documents/l40server_mirror/lyra/Lyra-2/paper_collection_3d4d_reconstruction_2026_04_26/boardmix_mindmap/method_figures/2603.17165_SLAM_Adversarial_Lab.png
2603.16871,WorldCam: Interactive Autoregressive 3D Gaming Worlds with Camera Pose as a Unifying Geometric Representation,extracted_embedded_figure,900x234,/Volumes/UBag/Documents/l40server_mirror/lyra/Lyra-2/paper_collection_3d4d_reconstruction_2026_04_26/boardmix_mindmap/method_figures/2603.16871_WorldCam.png
2603.17358,A 3D Reconstruction Benchmark for Asset Inspection,extracted_embedded_figure,900x506,/Volumes/UBag/Documents/l40server_mirror/lyra/Lyra-2/paper_collection_3d4d_reconstruction_2026_04_26/boardmix_mindmap/method_figures/2603.17358_A_3D_Reconstruction_Benchmark_for_Asset_Inspection.png
2603.17975,AHOY! Animatable Humans under Occlusion from YouTube Videos with Gaussian Splatting and Video Diffusion Priors,extracted_embedded_figure,900x1350,/Volumes/UBag/Documents/l40server_mirror/lyra/Lyra-2/paper_collection_3d4d_reconstruction_2026_04_26/boardmix_mindmap/method_figures/2603.17975_AHOY.png
2603.12789,Coherent Human-Scene Reconstruction from Multi-Person Multi-View Video in a Single Pass,extracted_embedded_figure,900x510,/Volumes/UBag/Documents/l40server_mirror/lyra/Lyra-2/paper_collection_3d4d_reconstruction_2026_04_26/boardmix_mindmap/method_figures/2603.12789_Human-Scene.png
2603.18266,Enactor: From Traffic Simulators to Surrogate World Models,placeholder_or_no_embedded_method_figure,900x520,/Volumes/UBag/Documents/l40server_mirror/lyra/Lyra-2/paper_collection_3d4d_reconstruction_2026_04_26/boardmix_mindmap/method_figures/2603.18266_Enactor.png
2603.18306,Fast and Generalizable NeRF Architecture Selection for Satellite Scene Reconstruction,extracted_embedded_figure,512x512,/Volumes/UBag/Documents/l40server_mirror/lyra/Lyra-2/paper_collection_3d4d_reconstruction_2026_04_26/boardmix_mindmap/method_figures/2603.18306_NeRF.png
2603.15359,NavThinker: Action-Conditioned World Models for Coupled Prediction and Planning in Social Navigation,extracted_embedded_figure,900x878,/Volumes/UBag/Documents/l40server_mirror/lyra/Lyra-2/paper_collection_3d4d_reconstruction_2026_04_26/boardmix_mindmap/method_figures/2603.15359_NavThinker.png
2603.17236,Neural Radiance Maps for Extraterrestrial Navigation and Path Planning,extracted_embedded_figure,900x605,/Volumes/UBag/Documents/l40server_mirror/lyra/Lyra-2/paper_collection_3d4d_reconstruction_2026_04_26/boardmix_mindmap/method_figures/2603.17236_paper.png
2603.16301,OGScene3D: Incremental Open-Vocabulary 3D Gaussian Scene Graph Mapping for Scene Understanding,extracted_embedded_figure,900x295,/Volumes/UBag/Documents/l40server_mirror/lyra/Lyra-2/paper_collection_3d4d_reconstruction_2026_04_26/boardmix_mindmap/method_figures/2603.16301_OGScene3D.png
2603.17571,PanoVGGT: Feed-Forward 3D Reconstruction from Panoramic Imagery,extracted_embedded_figure,900x506,/Volumes/UBag/Documents/l40server_mirror/lyra/Lyra-2/paper_collection_3d4d_reconstruction_2026_04_26/boardmix_mindmap/method_figures/2603.17571_PanoVGGT.png
2603.17605,ReLaGS: Relational Language Gaussian Splatting,extracted_embedded_figure,900x390,/Volumes/UBag/Documents/l40server_mirror/lyra/Lyra-2/paper_collection_3d4d_reconstruction_2026_04_26/boardmix_mindmap/method_figures/2603.17605_ReLaGS.png
2603.17625,S-VGGT: Structure-Aware Subscene Decomposition for Scalable 3D Foundation Models,extracted_embedded_figure,563x433,/Volumes/UBag/Documents/l40server_mirror/lyra/Lyra-2/paper_collection_3d4d_reconstruction_2026_04_26/boardmix_mindmap/method_figures/2603.17625_S-VGGT.png
2603.17375,Stereo World Model: Camera-Guided Stereo Video Generation,extracted_embedded_figure,900x386,/Volumes/UBag/Documents/l40server_mirror/lyra/Lyra-2/paper_collection_3d4d_reconstruction_2026_04_26/boardmix_mindmap/method_figures/2603.17375_Stereo_World_Model.png
2603.17519,UniSem: Generalizable Semantic 3D Reconstruction from Sparse Unposed Images,extracted_embedded_figure,379x770,/Volumes/UBag/Documents/l40server_mirror/lyra/Lyra-2/paper_collection_3d4d_reconstruction_2026_04_26/boardmix_mindmap/method_figures/2603.17519_UniSem.png
2603.17382,VisionNVS: Self-Supervised Inpainting for Novel View Synthesis under the Virtual-Shift Paradigm,extracted_embedded_figure,622x385,/Volumes/UBag/Documents/l40server_mirror/lyra/Lyra-2/paper_collection_3d4d_reconstruction_2026_04_26/boardmix_mindmap/method_figures/2603.17382_VisionNVS.png
2603.17229,Visual SLAM with DEM Anchoring for Lunar Surface Navigation,extracted_embedded_figure,900x900,/Volumes/UBag/Documents/l40server_mirror/lyra/Lyra-2/paper_collection_3d4d_reconstruction_2026_04_26/boardmix_mindmap/method_figures/2603.17229_SLAM.png
2603.19219,DriveTok: 3D Driving Scene Tokenization for Unified Multi-View Reconstruction and Understanding,extracted_embedded_figure,900x442,/Volumes/UBag/Documents/l40server_mirror/lyra/Lyra-2/paper_collection_3d4d_reconstruction_2026_04_26/boardmix_mindmap/method_figures/2603.19219_DriveTok.png
2601.05738,FeatureSLAM: Feature-enriched 3D gaussian splatting SLAM in real time,extracted_embedded_figure,900x598,/Volumes/UBag/Documents/l40server_mirror/lyra/Lyra-2/paper_collection_3d4d_reconstruction_2026_04_26/boardmix_mindmap/method_figures/2601.05738_FeatureSLAM.png
2603.18493,FILT3R: Latent State Adaptive Kalman Filter for Streaming 3D Reconstruction,extracted_embedded_figure,900x858,/Volumes/UBag/Documents/l40server_mirror/lyra/Lyra-2/paper_collection_3d4d_reconstruction_2026_04_26/boardmix_mindmap/method_figures/2603.18493_FILT3R.png
2603.18912,GHOST: Fast Category-agnostic Hand-Object Interaction Reconstruction from RGB Videos using Gaussian Splatting,extracted_embedded_figure,900x830,/Volumes/UBag/Documents/l40server_mirror/lyra/Lyra-2/paper_collection_3d4d_reconstruction_2026_04_26/boardmix_mindmap/method_figures/2603.18912_GHOST.png
2603.19137,GSMem: 3D Gaussian Splatting as Persistent Spatial Memory for Zero-Shot Embodied Exploration and Reasoning,extracted_embedded_figure,900x454,/Volumes/UBag/Documents/l40server_mirror/lyra/Lyra-2/paper_collection_3d4d_reconstruction_2026_04_26/boardmix_mindmap/method_figures/2603.19137_GSMem.png
2603.18402,Inst4DGS: Instance-Decomposed 4D Gaussian Splatting with Multi-Video Label Permutation Learning,extracted_embedded_figure,900x506,/Volumes/UBag/Documents/l40server_mirror/lyra/Lyra-2/paper_collection_3d4d_reconstruction_2026_04_26/boardmix_mindmap/method_figures/2603.18402_Inst4DGS.png
2603.19231,MonoArt: Progressive Structural Reasoning for Monocular Articulated 3D Reconstruction,extracted_embedded_figure,341x243,/Volumes/UBag/Documents/l40server_mirror/lyra/Lyra-2/paper_collection_3d4d_reconstruction_2026_04_26/boardmix_mindmap/method_figures/2603.19231_MonoArt.png
2603.1851,OnlinePG: Online Open-Vocabulary Panoptic Mapping with 3D Gaussian Splatting,extracted_embedded_figure,900x765,/Volumes/UBag/Documents/l40server_mirror/lyra/Lyra-2/paper_collection_3d4d_reconstruction_2026_04_26/boardmix_mindmap/method_figures/2603.18510_OnlinePG.png
2603.19193,Reconstruction Matters: Learning Geometry-Aligned BEV Representation through 3D Gaussian Splatting,extracted_embedded_figure,900x527,/Volumes/UBag/Documents/l40server_mirror/lyra/Lyra-2/paper_collection_3d4d_reconstruction_2026_04_26/boardmix_mindmap/method_figures/2603.19193_Reconstruction_Matters.png
2603.18774,SEAR: Simple and Efficient Adaptation of Visual Geometric Transformers for RGB+Thermal 3D Reconstruction,placeholder_or_no_embedded_method_figure,900x520,/Volumes/UBag/Documents/l40server_mirror/lyra/Lyra-2/paper_collection_3d4d_reconstruction_2026_04_26/boardmix_mindmap/method_figures/2603.18774_SEAR.png
2603.18943,VGGT-360: Geometry-Consistent Zero-Shot Panoramic Depth Estimation,extracted_embedded_figure,900x450,/Volumes/UBag/Documents/l40server_mirror/lyra/Lyra-2/paper_collection_3d4d_reconstruction_2026_04_26/boardmix_mindmap/method_figures/2603.18943_VGGT-360.png
2603.20077,"A Unified Platform and Quality Assurance Framework for 3D Ultrasound Reconstruction with Robotic, Optical, and Electromagnetic Tracking",extracted_embedded_figure,900x818,/Volumes/UBag/Documents/l40server_mirror/lyra/Lyra-2/paper_collection_3d4d_reconstruction_2026_04_26/boardmix_mindmap/method_figures/2603.20077_paper.png
2603.20428,Benchmarking Efficient & Effective Camera Pose Estimation Strategies for Novel View Synthesis,placeholder_or_no_embedded_method_figure,900x520,/Volumes/UBag/Documents/l40server_mirror/lyra/Lyra-2/paper_collection_3d4d_reconstruction_2026_04_26/boardmix_mindmap/method_figures/2603.20428_paper.png
2603.19563,Dual-Domain Representation Alignment: Bridging 2D and 3D Vision via Geometry-Aware Architecture Search,placeholder_or_no_embedded_method_figure,900x520,/Volumes/UBag/Documents/l40server_mirror/lyra/Lyra-2/paper_collection_3d4d_reconstruction_2026_04_26/boardmix_mindmap/method_figures/2603.19563_Dual-Domain_Representation_Alignment.png
2603.19675,DynFlowDrive: Flow-Based Dynamic World Modeling for Autonomous Driving,extracted_embedded_figure,900x675,/Volumes/UBag/Documents/l40server_mirror/lyra/Lyra-2/paper_collection_3d4d_reconstruction_2026_04_26/boardmix_mindmap/method_figures/2603.19675_DynFlowDrive.png
2603.20128,Generalizable NGP-SR: Generalizable Neural Radiance Fields Super-Resolution via Neural Graph Primitives,extracted_embedded_figure,900x441,/Volumes/UBag/Documents/l40server_mirror/lyra/Lyra-2/paper_collection_3d4d_reconstruction_2026_04_26/boardmix_mindmap/method_figures/2603.20128_Generalizable_NGP-SR.png
2603.20337,High-fidelity Multi-view Normal Integration with Scale-encoded Neural Surface Representation,extracted_embedded_figure,900x900,/Volumes/UBag/Documents/l40server_mirror/lyra/Lyra-2/paper_collection_3d4d_reconstruction_2026_04_26/boardmix_mindmap/method_figures/2603.20337_paper.png
2603.19234,Matryoshka Gaussian Splatting,extracted_embedded_figure,900x357,/Volumes/UBag/Documents/l40server_mirror/lyra/Lyra-2/paper_collection_3d4d_reconstruction_2026_04_26/boardmix_mindmap/method_figures/2603.19234_Matryoshka_Gaussian_Splatting.png
2603.19613,OrbitNVS: Harnessing Video Diffusion Priors for Novel View Synthesis,extracted_embedded_figure,900x900,/Volumes/UBag/Documents/l40server_mirror/lyra/Lyra-2/paper_collection_3d4d_reconstruction_2026_04_26/boardmix_mindmap/method_figures/2603.19613_OrbitNVS.png
2603.19762,PCSTracker: Long-Term Scene Flow Estimation for Point Cloud Sequences,extracted_embedded_figure,463x391,/Volumes/UBag/Documents/l40server_mirror/lyra/Lyra-2/paper_collection_3d4d_reconstruction_2026_04_26/boardmix_mindmap/method_figures/2603.19762_PCSTracker.png
2603.19753,ReLi3D: Relightable Multi-view 3D Reconstruction with Disentangled Illumination,extracted_embedded_figure,900x227,/Volumes/UBag/Documents/l40server_mirror/lyra/Lyra-2/paper_collection_3d4d_reconstruction_2026_04_26/boardmix_mindmap/method_figures/2603.19753_ReLi3D.png
2603.19926,SegVGGT: Joint 3D Reconstruction and Instance Segmentation from Multi-View Images,extracted_embedded_figure,900x688,/Volumes/UBag/Documents/l40server_mirror/lyra/Lyra-2/paper_collection_3d4d_reconstruction_2026_04_26/boardmix_mindmap/method_figures/2603.19926_SegVGGT.png
2603.20448,Thermal is Always Wild: Characterizing and Addressing Challenges in Thermal-Only Novel View Synthesis,extracted_embedded_figure,900x328,/Volumes/UBag/Documents/l40server_mirror/lyra/Lyra-2/paper_collection_3d4d_reconstruction_2026_04_26/boardmix_mindmap/method_figures/2603.20448_Thermal_is_Always_Wild.png
2603.20443,"TRGS-SLAM: IMU-Aided Gaussian Splatting SLAM for Blurry, Rolling Shutter, and Noisy Thermal Images",extracted_embedded_figure,900x595,/Volumes/UBag/Documents/l40server_mirror/lyra/Lyra-2/paper_collection_3d4d_reconstruction_2026_04_26/boardmix_mindmap/method_figures/2603.20443_TRGS-SLAM.png
2603.19708,WorldAgents: Can Foundation Image Models be Agents for 3D World Models?,extracted_embedded_figure,900x610,/Volumes/UBag/Documents/l40server_mirror/lyra/Lyra-2/paper_collection_3d4d_reconstruction_2026_04_26/boardmix_mindmap/method_figures/2603.19708_WorldAgents.png
2603.19543,Zero Shot Deformation Reconstruction for Soft Robots Using a Flexible Sensor Array and Cage Based 3D Gaussian Modeling,extracted_embedded_figure,900x445,/Volumes/UBag/Documents/l40server_mirror/lyra/Lyra-2/paper_collection_3d4d_reconstruction_2026_04_26/boardmix_mindmap/method_figures/2603.19543_paper.png
2603.20857,Fast and Robust Deformable 3D Gaussian Splatting,placeholder_or_no_embedded_method_figure,900x520,/Volumes/UBag/Documents/l40server_mirror/lyra/Lyra-2/paper_collection_3d4d_reconstruction_2026_04_26/boardmix_mindmap/method_figures/2603.20857_Fast_and_Robust_Deformable_3D_Gaussian_Splatting.png
2603.20611,GaussianPile: A Unified Sparse Gaussian Splatting Framework for Slice-based Volumetric Reconstruction,extracted_embedded_figure,900x919,/Volumes/UBag/Documents/l40server_mirror/lyra/Lyra-2/paper_collection_3d4d_reconstruction_2026_04_26/boardmix_mindmap/method_figures/2603.20611_GaussianPile.png
2603.20588,RayMap3R: Inference-Time RayMap for Dynamic 3D Reconstruction,extracted_embedded_figure,900x642,/Volumes/UBag/Documents/l40server_mirror/lyra/Lyra-2/paper_collection_3d4d_reconstruction_2026_04_26/boardmix_mindmap/method_figures/2603.20588_RayMap3R.png
2601.21998,Causal World Modeling for Robot Control,extracted_embedded_figure,900x141,/Volumes/UBag/Documents/l40server_mirror/lyra/Lyra-2/paper_collection_3d4d_reconstruction_2026_04_26/boardmix_mindmap/method_figures/2601.21998_Causal_World_Modeling_for_Robot_Control.png
2601.05237,ObjectForesight: Predicting Future 3D Object Trajectories from Human Videos,extracted_embedded_figure,272x179,/Volumes/UBag/Documents/l40server_mirror/lyra/Lyra-2/paper_collection_3d4d_reconstruction_2026_04_26/boardmix_mindmap/method_figures/2601.05237_ObjectForesight.png
2603.21436,PAS3R: Pose-Adaptive Streaming 3D Reconstruction for Long Video Sequences,placeholder_or_no_embedded_method_figure,900x520,/Volumes/UBag/Documents/l40server_mirror/lyra/Lyra-2/paper_collection_3d4d_reconstruction_2026_04_26/boardmix_mindmap/method_figures/2603.21436_PAS3R.png
2603.21055,SGAD-SLAM: Splatting Gaussians at Adjusted Depth for Better Radiance Fields in RGBD SLAM,extracted_embedded_figure,900x555,/Volumes/UBag/Documents/l40server_mirror/lyra/Lyra-2/paper_collection_3d4d_reconstruction_2026_04_26/boardmix_mindmap/method_figures/2603.21055_SGAD-SLAM.png
2603.21166,Training-Free Instance-Aware 3D Scene Reconstruction and Diffusion-Based View Synthesis from Sparse Images,extracted_embedded_figure,900x423,/Volumes/UBag/Documents/l40server_mirror/lyra/Lyra-2/paper_collection_3d4d_reconstruction_2026_04_26/boardmix_mindmap/method_figures/2603.21166_Training-Free.png
2603.22631,CAM3R: Camera-Agnostic Model for 3D Reconstruction,extracted_embedded_figure,900x721,/Volumes/UBag/Documents/l40server_mirror/lyra/Lyra-2/paper_collection_3d4d_reconstruction_2026_04_26/boardmix_mindmap/method_figures/2603.22631_CAM3R.png
2603.21933,Camera-Agnostic Pruning of 3D Gaussian Splats via Descriptor-Based Beta Evidence,extracted_embedded_figure,900x455,/Volumes/UBag/Documents/l40server_mirror/lyra/Lyra-2/paper_collection_3d4d_reconstruction_2026_04_26/boardmix_mindmap/method_figures/2603.21933_Camera-Agnostic.png
2603.23297,Drop-In Perceptual Optimization for 3D Gaussian Splatting,extracted_embedded_figure,900x506,/Volumes/UBag/Documents/l40server_mirror/lyra/Lyra-2/paper_collection_3d4d_reconstruction_2026_04_26/boardmix_mindmap/method_figures/2603.23297_Drop-In.png
2603.21557,From Part to Whole: 3D Generative World Model with an Adaptive Structural Hierarchy,extracted_embedded_figure,900x561,/Volumes/UBag/Documents/l40server_mirror/lyra/Lyra-2/paper_collection_3d4d_reconstruction_2026_04_26/boardmix_mindmap/method_figures/2603.21557_From_Part_to_Whole.png
2603.22572,FullCircle: Effortless 3D Reconstruction from Casual 360$^\circ$ Captures,extracted_embedded_figure,900x365,/Volumes/UBag/Documents/l40server_mirror/lyra/Lyra-2/paper_collection_3d4d_reconstruction_2026_04_26/boardmix_mindmap/method_figures/2603.22572_FullCircle.png
2601.05848,Goal Force: Teaching Video Models To Accomplish Physics-Conditioned Goals,extracted_embedded_figure,900x664,/Volumes/UBag/Documents/l40server_mirror/lyra/Lyra-2/paper_collection_3d4d_reconstruction_2026_04_26/boardmix_mindmap/method_figures/2601.05848_Goal_Force.png
2603.22036,GTSR: Subsurface Scattering Awared 3D Gaussians for Translucent Surface Reconstruction,extracted_embedded_figure,900x279,/Volumes/UBag/Documents/l40server_mirror/lyra/Lyra-2/paper_collection_3d4d_reconstruction_2026_04_26/boardmix_mindmap/method_figures/2603.22036_GTSR.png
2603.06989,MipSLAM: Alias-Free Gaussian Splatting SLAM,extracted_embedded_figure,900x544,/Volumes/UBag/Documents/l40server_mirror/lyra/Lyra-2/paper_collection_3d4d_reconstruction_2026_04_26/boardmix_mindmap/method_figures/2603.06989_MipSLAM.png
2603.21695,RefracGS: Novel View Synthesis Through Refractive Water Surfaces with 3D Gaussian Ray Tracing,extracted_embedded_figure,900x506,/Volumes/UBag/Documents/l40server_mirror/lyra/Lyra-2/paper_collection_3d4d_reconstruction_2026_04_26/boardmix_mindmap/method_figures/2603.21695_RefracGS.png
2603.22275,Repurposing Geometric Foundation Models for Multi-view Diffusion,extracted_embedded_figure,900x642,/Volumes/UBag/Documents/l40server_mirror/lyra/Lyra-2/paper_collection_3d4d_reconstruction_2026_04_26/boardmix_mindmap/method_figures/2603.22275_paper.png
2603.21931,SatGeo-NeRF: Geometrically Regularized NeRF for Satellite Imagery,extracted_embedded_figure,900x432,/Volumes/UBag/Documents/l40server_mirror/lyra/Lyra-2/paper_collection_3d4d_reconstruction_2026_04_26/boardmix_mindmap/method_figures/2603.21931_SatGeo-NeRF.png
2603.2245,Static Scene Reconstruction from Dynamic Egocentric Videos,extracted_embedded_figure,900x328,/Volumes/UBag/Documents/l40server_mirror/lyra/Lyra-2/paper_collection_3d4d_reconstruction_2026_04_26/boardmix_mindmap/method_figures/2603.22450_paper.png
2601.04453,"UniDrive-WM: Unified Understanding, Planning and Generation World Model For Autonomous Driving",extracted_embedded_figure,900x506,/Volumes/UBag/Documents/l40server_mirror/lyra/Lyra-2/paper_collection_3d4d_reconstruction_2026_04_26/boardmix_mindmap/method_figures/2601.04453_UniDrive-WM.png
2603.22531,UrbanVGGT: Scalable Sidewalk Width Estimation from Street View Images,extracted_embedded_figure,900x495,/Volumes/UBag/Documents/l40server_mirror/lyra/Lyra-2/paper_collection_3d4d_reconstruction_2026_04_26/boardmix_mindmap/method_figures/2603.22531_UrbanVGGT.png
2603.21546,What Do World Models Learn in RL? Probing Latent Representations in Learned Environment Simulators,extracted_embedded_figure,479x479,/Volumes/UBag/Documents/l40server_mirror/lyra/Lyra-2/paper_collection_3d4d_reconstruction_2026_04_26/boardmix_mindmap/method_figures/2603.21546_RL.png
2603.22286,WorldCache: Content-Aware Caching for Accelerated Video World Models,extracted_embedded_figure,900x292,/Volumes/UBag/Documents/l40server_mirror/lyra/Lyra-2/paper_collection_3d4d_reconstruction_2026_04_26/boardmix_mindmap/method_figures/2603.22286_WorldCache.png
2603.23686,AdvSplat: Adversarial Attacks on Feed-Forward Gaussian Splatting Models,extracted_embedded_figure,427x395,/Volumes/UBag/Documents/l40server_mirror/lyra/Lyra-2/paper_collection_3d4d_reconstruction_2026_04_26/boardmix_mindmap/method_figures/2603.23686_AdvSplat.png
2603.17808,EVA: Aligning Video World Models with Executable Robot Actions via Inverse Dynamics Rewards,extracted_embedded_figure,640x480,/Volumes/UBag/Documents/l40server_mirror/lyra/Lyra-2/paper_collection_3d4d_reconstruction_2026_04_26/boardmix_mindmap/method_figures/2603.17808_EVA.png
2603.20583,GHOST: Ground-projected Hypotheses from Observed Structure-from-Motion Trajectories,extracted_embedded_figure,900x469,/Volumes/UBag/Documents/l40server_mirror/lyra/Lyra-2/paper_collection_3d4d_reconstruction_2026_04_26/boardmix_mindmap/method_figures/2603.20583_GHOST.png
2603.23246,GO-Renderer: Generative Object Rendering with 3D-aware Controllable Video Diffusion Models,extracted_embedded_figure,900x506,/Volumes/UBag/Documents/l40server_mirror/lyra/Lyra-2/paper_collection_3d4d_reconstruction_2026_04_26/boardmix_mindmap/method_figures/2603.23246_GO-Renderer.png
2603.23192,GTLR-GS: Geometry-Texture Aware LiDAR-Regularized 3D Gaussian Splatting for Realistic Scene Reconstruction,extracted_embedded_figure,900x630,/Volumes/UBag/Documents/l40server_mirror/lyra/Lyra-2/paper_collection_3d4d_reconstruction_2026_04_26/boardmix_mindmap/method_figures/2603.23192_GTLR-GS.png
2603.07145,LiveWorld: Simulating Out-of-Sight Dynamics in Generative Video World Models,extracted_embedded_figure,900x384,/Volumes/UBag/Documents/l40server_mirror/lyra/Lyra-2/paper_collection_3d4d_reconstruction_2026_04_26/boardmix_mindmap/method_figures/2603.07145_LiveWorld.png
2603.22796,PhotoAgent: A Robotic Photographer with Spatial and Aesthetic Understanding,extracted_embedded_figure,900x547,/Volumes/UBag/Documents/l40server_mirror/lyra/Lyra-2/paper_collection_3d4d_reconstruction_2026_04_26/boardmix_mindmap/method_figures/2603.22796_PhotoAgent.png
2603.22786,Predictive Photometric Uncertainty in Gaussian Splatting for Novel View Synthesis,extracted_embedded_figure,900x227,/Volumes/UBag/Documents/l40server_mirror/lyra/Lyra-2/paper_collection_3d4d_reconstruction_2026_04_26/boardmix_mindmap/method_figures/2603.22786_paper.png
2603.22851,UniQueR: Unified Query-based Feedforward 3D Reconstruction,extracted_embedded_figure,733x671,/Volumes/UBag/Documents/l40server_mirror/lyra/Lyra-2/paper_collection_3d4d_reconstruction_2026_04_26/boardmix_mindmap/method_figures/2603.22851_UniQueR.png
2603.24393,3D-Mix for VLA: A Plug-and-Play Module for Integrating VGGT-based 3D Information into Vision-Language-Action Models,extracted_embedded_figure,512x512,/Volumes/UBag/Documents/l40server_mirror/lyra/Lyra-2/paper_collection_3d4d_reconstruction_2026_04_26/boardmix_mindmap/method_figures/2603.24393_3D-Mix_for_VLA.png
2603.2444,CUA-Suite: Massive Human-annotated Video Demonstrations for Computer-Use Agents,extracted_embedded_figure,900x900,/Volumes/UBag/Documents/l40server_mirror/lyra/Lyra-2/paper_collection_3d4d_reconstruction_2026_04_26/boardmix_mindmap/method_figures/2603.24440_CUA-Suite.png
2603.01601,Dehallu3D: Hallucination-Mitigated 3D Generation from Single Image via Cyclic View Consistency Refinement,extracted_embedded_figure,900x506,/Volumes/UBag/Documents/l40server_mirror/lyra/Lyra-2/paper_collection_3d4d_reconstruction_2026_04_26/boardmix_mindmap/method_figures/2603.01601_Dehallu3D.png
2603.2477,DRoPS: Dynamic 3D Reconstruction of Pre-Scanned Objects,extracted_embedded_figure,900x900,/Volumes/UBag/Documents/l40server_mirror/lyra/Lyra-2/paper_collection_3d4d_reconstruction_2026_04_26/boardmix_mindmap/method_figures/2603.24770_DRoPS.png
2603.24577,EndoVGGT: GNN-Enhanced Depth Estimation for Surgical 3D Reconstruction,extracted_embedded_figure,900x302,/Volumes/UBag/Documents/l40server_mirror/lyra/Lyra-2/paper_collection_3d4d_reconstruction_2026_04_26/boardmix_mindmap/method_figures/2603.24577_EndoVGGT.png
2603.21304,F4Splat: Feed-Forward Predictive Densification for Feed-Forward 3D Gaussian Splatting,extracted_embedded_figure,900x702,/Volumes/UBag/Documents/l40server_mirror/lyra/Lyra-2/paper_collection_3d4d_reconstruction_2026_04_26/boardmix_mindmap/method_figures/2603.21304_F4Splat.png
2603.23891,FilterGS: Traversal-Free Parallel Filtering and Adaptive Shrinking for Large-Scale LoD 3D Gaussian Splatting,placeholder_or_no_embedded_method_figure,900x520,/Volumes/UBag/Documents/l40server_mirror/lyra/Lyra-2/paper_collection_3d4d_reconstruction_2026_04_26/boardmix_mindmap/method_figures/2603.23891_FilterGS.png
2603.22792,Instrument-Splatting++: Towards Controllable Surgical Instrument Digital Twin Using Gaussian Splatting,extracted_embedded_figure,900x675,/Volumes/UBag/Documents/l40server_mirror/lyra/Lyra-2/paper_collection_3d4d_reconstruction_2026_04_26/boardmix_mindmap/method_figures/2603.22792_Instrument-Splatting.png
2603.24581,Latent-WAM: Latent World Action Modeling for End-to-End Autonomous Driving,extracted_embedded_figure,900x464,/Volumes/UBag/Documents/l40server_mirror/lyra/Lyra-2/paper_collection_3d4d_reconstruction_2026_04_26/boardmix_mindmap/method_figures/2603.24581_Latent-WAM.png
2602.22212,Neu-PiG: Neural Preconditioned Grids for Fast Dynamic Surface Reconstruction on Long Sequences,extracted_embedded_figure,900x189,/Volumes/UBag/Documents/l40server_mirror/lyra/Lyra-2/paper_collection_3d4d_reconstruction_2026_04_26/boardmix_mindmap/method_figures/2602.22212_Neu-PiG.png
2603.23973,SLAT-Phys: Fast Material Property Field Prediction from Structured 3D Latents,extracted_embedded_figure,512x512,/Volumes/UBag/Documents/l40server_mirror/lyra/Lyra-2/paper_collection_3d4d_reconstruction_2026_04_26/boardmix_mindmap/method_figures/2603.23973_SLAT-Phys.png
2603.19682,3D Gaussian Splatting with Self-Constrained Priors for High Fidelity Surface Reconstruction,extracted_embedded_figure,900x900,/Volumes/UBag/Documents/l40server_mirror/lyra/Lyra-2/paper_collection_3d4d_reconstruction_2026_04_26/boardmix_mindmap/method_figures/2603.19682_Self-Constrained.png
2603.25623,Accurate Surface and Reflectance Modelling from 3D Radar Data with Neural Radiance Fields,extracted_embedded_figure,900x526,/Volumes/UBag/Documents/l40server_mirror/lyra/Lyra-2/paper_collection_3d4d_reconstruction_2026_04_26/boardmix_mindmap/method_figures/2603.25623_paper.png
2603.25129,AirSplat: Alignment and Rating for Robust Feed-Forward 3D Gaussian Splatting,extracted_embedded_figure,900x246,/Volumes/UBag/Documents/l40server_mirror/lyra/Lyra-2/paper_collection_3d4d_reconstruction_2026_04_26/boardmix_mindmap/method_figures/2603.25129_AirSplat.png
2603.25791,ArtHOI: Taming Foundation Models for Monocular 4D Reconstruction of Hand-Articulated-Object Interactions,extracted_embedded_figure,900x505,/Volumes/UBag/Documents/l40server_mirror/lyra/Lyra-2/paper_collection_3d4d_reconstruction_2026_04_26/boardmix_mindmap/method_figures/2603.25791_ArtHOI.png
2603.21936,Cross-Instance Gaussian Splatting Registration via Geometry-Aware Feature-Guided Alignment,extracted_embedded_figure,900x393,/Volumes/UBag/Documents/l40server_mirror/lyra/Lyra-2/paper_collection_3d4d_reconstruction_2026_04_26/boardmix_mindmap/method_figures/2603.21936_Cross-Instance.png
2603.25819,Geo$^\textbf{2}$: Geometry-Guided Cross-view Geo-Localization and Image Synthesis,extracted_embedded_figure,900x544,/Volumes/UBag/Documents/l40server_mirror/lyra/Lyra-2/paper_collection_3d4d_reconstruction_2026_04_26/boardmix_mindmap/method_figures/2603.25819_Geo_textbf_2.png
2603.0101,GeodesicNVS: Probability Density Geodesic Flow Matching for Novel View Synthesis,extracted_embedded_figure,900x81,/Volumes/UBag/Documents/l40server_mirror/lyra/Lyra-2/paper_collection_3d4d_reconstruction_2026_04_26/boardmix_mindmap/method_figures/2603.01010_GeodesicNVS.png
2603.25336,HeSS: Head Sensitivity Score for Sparsity Redistribution in VGGT,extracted_embedded_figure,900x592,/Volumes/UBag/Documents/l40server_mirror/lyra/Lyra-2/paper_collection_3d4d_reconstruction_2026_04_26/boardmix_mindmap/method_figures/2603.25336_HeSS.png
2603.23997,HGGT: Robust and Flexible 3D Hand Mesh Reconstruction from Uncalibrated Images,extracted_embedded_figure,900x389,/Volumes/UBag/Documents/l40server_mirror/lyra/Lyra-2/paper_collection_3d4d_reconstruction_2026_04_26/boardmix_mindmap/method_figures/2603.23997_HGGT.png
2601.03824,IDESplat: Iterative Depth Probability Estimation for Generalizable 3D Gaussian Splatting,extracted_embedded_figure,900x1060,/Volumes/UBag/Documents/l40server_mirror/lyra/Lyra-2/paper_collection_3d4d_reconstruction_2026_04_26/boardmix_mindmap/method_figures/2601.03824_IDESplat.png
2603.25399,LaMP: Learning Vision-Language-Action Policies with 3D Scene Flow as Latent Motion Prior,extracted_embedded_figure,900x337,/Volumes/UBag/Documents/l40server_mirror/lyra/Lyra-2/paper_collection_3d4d_reconstruction_2026_04_26/boardmix_mindmap/method_figures/2603.25399_LaMP.png
2603.25058,Learning Explicit Continuous Motion Representation for Dynamic Gaussian Splatting from Monocular Videos,extracted_embedded_figure,360x480,/Volumes/UBag/Documents/l40server_mirror/lyra/Lyra-2/paper_collection_3d4d_reconstruction_2026_04_26/boardmix_mindmap/method_figures/2603.25058_paper.png
2603.25415,Modernising Reinforcement Learning-Based Navigation for Embodied Semantic Scene Graph Generation,placeholder_or_no_embedded_method_figure,900x520,/Volumes/UBag/Documents/l40server_mirror/lyra/Lyra-2/paper_collection_3d4d_reconstruction_2026_04_26/boardmix_mindmap/method_figures/2603.25415_Learning-Based.png
2603.25042,MoRGS: Efficient Per-Gaussian Motion Reasoning for Streamable Dynamic 3D Scenes,extracted_embedded_figure,900x675,/Volumes/UBag/Documents/l40server_mirror/lyra/Lyra-2/paper_collection_3d4d_reconstruction_2026_04_26/boardmix_mindmap/method_figures/2603.25042_MoRGS.png
2601.00393,NeoVerse: Enhancing 4D World Model with in-the-wild Monocular Videos,extracted_embedded_figure,900x601,/Volumes/UBag/Documents/l40server_mirror/lyra/Lyra-2/paper_collection_3d4d_reconstruction_2026_04_26/boardmix_mindmap/method_figures/2601.00393_NeoVerse.png
2603.25685,Persistent Robot World Models: Stabilizing Multi-Step Rollouts via Reinforcement Learning,extracted_embedded_figure,320x388,/Volumes/UBag/Documents/l40server_mirror/lyra/Lyra-2/paper_collection_3d4d_reconstruction_2026_04_26/boardmix_mindmap/method_figures/2603.25685_Persistent_Robot_World_Models.png
2603.25981,Policy-Guided World Model Planning for Language-Conditioned Visual Navigation,extracted_embedded_figure,640x480,/Volumes/UBag/Documents/l40server_mirror/lyra/Lyra-2/paper_collection_3d4d_reconstruction_2026_04_26/boardmix_mindmap/method_figures/2603.25981_Policy-Guided.png
2603.23324,Pose-Free Omnidirectional Gaussian Splatting for 360-Degree Videos with Consistent Depth Priors,extracted_embedded_figure,900x450,/Volumes/UBag/Documents/l40server_mirror/lyra/Lyra-2/paper_collection_3d4d_reconstruction_2026_04_26/boardmix_mindmap/method_figures/2603.23324_Pose-Free.png
2603.22893,SLARM: Streaming and Language-Aligned Reconstruction Model for Dynamic Scenes,extracted_embedded_figure,660x891,/Volumes/UBag/Documents/l40server_mirror/lyra/Lyra-2/paper_collection_3d4d_reconstruction_2026_04_26/boardmix_mindmap/method_figures/2603.22893_SLARM.png
2603.23637,Stochastic Ray Tracing for the Reconstruction of 3D Gaussian Splatting,extracted_embedded_figure,900x417,/Volumes/UBag/Documents/l40server_mirror/lyra/Lyra-2/paper_collection_3d4d_reconstruction_2026_04_26/boardmix_mindmap/method_figures/2603.23637_paper.png
2603.2681,Unblur-SLAM: Dense Neural SLAM for Blurry Inputs,extracted_embedded_figure,724x536,/Volumes/UBag/Documents/l40server_mirror/lyra/Lyra-2/paper_collection_3d4d_reconstruction_2026_04_26/boardmix_mindmap/method_figures/2603.26810_Unblur-SLAM.png
2603.25265,ViewSplat: View-Adaptive Dynamic Gaussian Splatting for Feed-Forward Synthesis,extracted_embedded_figure,900x724,/Volumes/UBag/Documents/l40server_mirror/lyra/Lyra-2/paper_collection_3d4d_reconstruction_2026_04_26/boardmix_mindmap/method_figures/2603.25265_ViewSplat.png
2602.05321,Wid3R: Wide Field-of-View 3D Reconstruction via Camera Model Conditioning,extracted_embedded_figure,900x206,/Volumes/UBag/Documents/l40server_mirror/lyra/Lyra-2/paper_collection_3d4d_reconstruction_2026_04_26/boardmix_mindmap/method_figures/2602.05321_Wid3R.png
2603.23376,ABot-PhysWorld: Interactive World Foundation Model for Robotic Manipulation with Physics Alignment,extracted_embedded_figure,900x446,/Volumes/UBag/Documents/l40server_mirror/lyra/Lyra-2/paper_collection_3d4d_reconstruction_2026_04_26/boardmix_mindmap/method_figures/2603.23376_ABot-PhysWorld.png
2603.26638,Drive-Through 3D Vehicle Exterior Reconstruction via Dynamic-Scene SfM and Distortion-Aware Gaussian Splatting,extracted_embedded_figure,900x274,/Volumes/UBag/Documents/l40server_mirror/lyra/Lyra-2/paper_collection_3d4d_reconstruction_2026_04_26/boardmix_mindmap/method_figures/2603.26638_Drive-Through.png
2603.21356,FluidGaussian: Propagating Simulation-Based Uncertainty Toward Functionally-Intelligent 3D Reconstruction,extracted_embedded_figure,900x248,/Volumes/UBag/Documents/l40server_mirror/lyra/Lyra-2/paper_collection_3d4d_reconstruction_2026_04_26/boardmix_mindmap/method_figures/2603.21356_FluidGaussian.png
2603.25053,GaussFusion: Improving 3D Reconstruction in the Wild with A Geometry-Informed Video Generator,extracted_embedded_figure,756x429,/Volumes/UBag/Documents/l40server_mirror/lyra/Lyra-2/paper_collection_3d4d_reconstruction_2026_04_26/boardmix_mindmap/method_figures/2603.25053_GaussFusion.png
2603.26661,GaussianGPT: Towards Autoregressive 3D Gaussian Scene Generation,extracted_embedded_figure,900x762,/Volumes/UBag/Documents/l40server_mirror/lyra/Lyra-2/paper_collection_3d4d_reconstruction_2026_04_26/boardmix_mindmap/method_figures/2603.26661_GaussianGPT.png
2603.27016,Generative Shape Reconstruction with Geometry-Guided Langevin Dynamics,extracted_embedded_figure,512x512,/Volumes/UBag/Documents/l40server_mirror/lyra/Lyra-2/paper_collection_3d4d_reconstruction_2026_04_26/boardmix_mindmap/method_figures/2603.27016_Geometry-Guided.png
2603.26023,GLU: Global-Local-Uncertainty Fusion for Scalable Spatiotemporal Reconstruction and Forecasting,extracted_embedded_figure,900x385,/Volumes/UBag/Documents/l40server_mirror/lyra/Lyra-2/paper_collection_3d4d_reconstruction_2026_04_26/boardmix_mindmap/method_figures/2603.26023_GLU.png
2603.20176,LagerNVS: Latent Geometry for Fully Neural Real-time Novel View Synthesis,extracted_embedded_figure,900x280,/Volumes/UBag/Documents/l40server_mirror/lyra/Lyra-2/paper_collection_3d4d_reconstruction_2026_04_26/boardmix_mindmap/method_figures/2603.20176_LagerNVS.png
2603.26067,R-PGA: Robust Physical Adversarial Camouflage Generation via Relightable 3D Gaussian Splatting,placeholder_or_no_embedded_method_figure,900x520,/Volumes/UBag/Documents/l40server_mirror/lyra/Lyra-2/paper_collection_3d4d_reconstruction_2026_04_26/boardmix_mindmap/method_figures/2603.26067_R-PGA.png
2603.24994,Relaxed Rigidity with Ray-based Grouping for Dynamic Gaussian Splatting,extracted_embedded_figure,800x800,/Volumes/UBag/Documents/l40server_mirror/lyra/Lyra-2/paper_collection_3d4d_reconstruction_2026_04_26/boardmix_mindmap/method_figures/2603.24994_paper.png
2603.26837,SpatialAnt: Autonomous Zero-Shot Robot Navigation via Active Scene Reconstruction and Visual Anticipation,extracted_embedded_figure,900x640,/Volumes/UBag/Documents/l40server_mirror/lyra/Lyra-2/paper_collection_3d4d_reconstruction_2026_04_26/boardmix_mindmap/method_figures/2603.26837_SpatialAnt.png
2603.26599,VGGRPO: Towards World-Consistent Video Generation with 4D Latent Reward,extracted_embedded_figure,900x334,/Volumes/UBag/Documents/l40server_mirror/lyra/Lyra-2/paper_collection_3d4d_reconstruction_2026_04_26/boardmix_mindmap/method_figures/2603.26599_VGGRPO.png
2603.16816,WildDepth: A Multimodal Dataset for 3D Wildlife Perception and Depth Estimation,extracted_embedded_figure,900x521,/Volumes/UBag/Documents/l40server_mirror/lyra/Lyra-2/paper_collection_3d4d_reconstruction_2026_04_26/boardmix_mindmap/method_figures/2603.16816_WildDepth.png
2603.17227,Adaptive Anchor Policies for Efficient 4D Gaussian Streaming,extracted_embedded_figure,900x1405,/Volumes/UBag/Documents/l40server_mirror/lyra/Lyra-2/paper_collection_3d4d_reconstruction_2026_04_26/boardmix_mindmap/method_figures/2603.17227_paper.png
2603.273,Complet4R: Geometric Complete 4D Reconstruction,extracted_embedded_figure,900x504,/Volumes/UBag/Documents/l40server_mirror/lyra/Lyra-2/paper_collection_3d4d_reconstruction_2026_04_26/boardmix_mindmap/method_figures/2603.27300_Complet4R.png
2603.21332,EmoTaG: Emotion-Aware Talking Head Synthesis on Gaussian Splatting with Few-Shot Personalization,extracted_embedded_figure,900x378,/Volumes/UBag/Documents/l40server_mirror/lyra/Lyra-2/paper_collection_3d4d_reconstruction_2026_04_26/boardmix_mindmap/method_figures/2603.21332_EmoTaG.png
2603.27449,LOME: Learning Human-Object Manipulation with Action-Conditioned Egocentric World Model,extracted_embedded_figure,900x322,/Volumes/UBag/Documents/l40server_mirror/lyra/Lyra-2/paper_collection_3d4d_reconstruction_2026_04_26/boardmix_mindmap/method_figures/2603.27449_LOME.png
2602.08961,MotionCrafter: Dense Geometry and Motion Reconstruction with a 4D VAE,extracted_embedded_figure,900x481,/Volumes/UBag/Documents/l40server_mirror/lyra/Lyra-2/paper_collection_3d4d_reconstruction_2026_04_26/boardmix_mindmap/method_figures/2602.08961_MotionCrafter.png
2603.27228,NimbusGS: Unified 3D Scene Reconstruction under Hybrid Weather,extracted_embedded_figure,900x428,/Volumes/UBag/Documents/l40server_mirror/lyra/Lyra-2/paper_collection_3d4d_reconstruction_2026_04_26/boardmix_mindmap/method_figures/2603.27228_NimbusGS.png
2603.25716,Out of Sight but Not Out of Mind: Hybrid Memory for Dynamic Video World Models,extracted_embedded_figure,900x446,/Volumes/UBag/Documents/l40server_mirror/lyra/Lyra-2/paper_collection_3d4d_reconstruction_2026_04_26/boardmix_mindmap/method_figures/2603.25716_Out_of_Sight_but_Not_Out_of_Mind.png
2603.27455,From None to All: Self-Supervised 3D Reconstruction via Novel View Synthesis,extracted_embedded_figure,900x404,/Volumes/UBag/Documents/l40server_mirror/lyra/Lyra-2/paper_collection_3d4d_reconstruction_2026_04_26/boardmix_mindmap/method_figures/2603.27455_From_None_to_All.png
2603.27797,Which Reconstruction Model Should a Robot Use? Routing Image-to-3D Models for Cost-Aware Robotic Manipulation,extracted_embedded_figure,900x311,/Volumes/UBag/Documents/l40server_mirror/lyra/Lyra-2/paper_collection_3d4d_reconstruction_2026_04_26/boardmix_mindmap/method_figures/2603.27797_to-3D.png
2603.28064,\textit{4DSurf}: High-Fidelity Dynamic Scene Surface Reconstruction,extracted_embedded_figure,900x506,/Volumes/UBag/Documents/l40server_mirror/lyra/Lyra-2/paper_collection_3d4d_reconstruction_2026_04_26/boardmix_mindmap/method_figures/2603.28064_textit_4DSurf.png
2603.28963,AutoWorld: Scaling Multi-Agent Traffic Simulation with Self-Supervised World Models,extracted_embedded_figure,900x502,/Volumes/UBag/Documents/l40server_mirror/lyra/Lyra-2/paper_collection_3d4d_reconstruction_2026_04_26/boardmix_mindmap/method_figures/2603.28963_AutoWorld.png
2602.23574,Evidential Neural Radiance Fields,extracted_embedded_figure,900x376,/Volumes/UBag/Documents/l40server_mirror/lyra/Lyra-2/paper_collection_3d4d_reconstruction_2026_04_26/boardmix_mindmap/method_figures/2602.23574_Evidential_Neural_Radiance_Fields.png
2603.25008,Few TensoRF: Enhance the Few-shot on Tensorial Radiance Fields,extracted_embedded_figure,900x208,/Volumes/UBag/Documents/l40server_mirror/lyra/Lyra-2/paper_collection_3d4d_reconstruction_2026_04_26/boardmix_mindmap/method_figures/2603.25008_Few_TensoRF.png
2603.28896,Fisheye3R: Adapting Unified 3D Feed-Forward Foundation Models to Fisheye Lenses,extracted_embedded_figure,607x607,/Volumes/UBag/Documents/l40server_mirror/lyra/Lyra-2/paper_collection_3d4d_reconstruction_2026_04_26/boardmix_mindmap/method_figures/2603.28896_Fisheye3R.png
2603.28887,OccSim: Multi-kilometer Simulation with Long-horizon Occupancy World Models,extracted_embedded_figure,900x483,/Volumes/UBag/Documents/l40server_mirror/lyra/Lyra-2/paper_collection_3d4d_reconstruction_2026_04_26/boardmix_mindmap/method_figures/2603.28887_OccSim.png
2603.2802,Physically Inspired Gaussian Splatting for HDR Novel View Synthesis,extracted_embedded_figure,900x1018,/Volumes/UBag/Documents/l40server_mirror/lyra/Lyra-2/paper_collection_3d4d_reconstruction_2026_04_26/boardmix_mindmap/method_figures/2603.28020_HDR.png
2603.2809,To View Transform or Not to View Transform: NeRF-based Pre-training Perspective,extracted_embedded_figure,756x284,/Volumes/UBag/Documents/l40server_mirror/lyra/Lyra-2/paper_collection_3d4d_reconstruction_2026_04_26/boardmix_mindmap/method_figures/2603.28090_To_View_Transform_or_Not_to_View_Transform.png
2603.29022,UltraG-Ray: Physics-Based Gaussian Ray Casting for Novel Ultrasound View Synthesis,extracted_embedded_figure,900x402,/Volumes/UBag/Documents/l40server_mirror/lyra/Lyra-2/paper_collection_3d4d_reconstruction_2026_04_26/boardmix_mindmap/method_figures/2603.29022_UltraG-Ray.png
2601.05138,VerseCrafter: Dynamic Realistic Video World Model with 4D Geometric Control,extracted_embedded_figure,900x720,/Volumes/UBag/Documents/l40server_mirror/lyra/Lyra-2/paper_collection_3d4d_reconstruction_2026_04_26/boardmix_mindmap/method_figures/2601.05138_VerseCrafter.png
2603.28489,"Video Generation Models as World Models: Efficient Paradigms, Architectures and Algorithms",placeholder_or_no_embedded_method_figure,900x520,/Volumes/UBag/Documents/l40server_mirror/lyra/Lyra-2/paper_collection_3d4d_reconstruction_2026_04_26/boardmix_mindmap/method_figures/2603.28489_Video_Generation_Models_as_World_Models.png
2603.29394,AA-Splat: Anti-Aliased Feed-forward Gaussian Splatting,extracted_embedded_figure,375x563,/Volumes/UBag/Documents/l40server_mirror/lyra/Lyra-2/paper_collection_3d4d_reconstruction_2026_04_26/boardmix_mindmap/method_figures/2603.29394_AA-Splat.png
2603.29734,GRVS: a Generalizable and Recurrent Approach to Monocular Dynamic View Synthesis,extracted_embedded_figure,900x84,/Volumes/UBag/Documents/l40server_mirror/lyra/Lyra-2/paper_collection_3d4d_reconstruction_2026_04_26/boardmix_mindmap/method_figures/2603.29734_GRVS.png
2603.29185,Hierarchical Visual Relocalization with Nearest View Synthesis from Feature Gaussian Splatting,extracted_embedded_figure,900x588,/Volumes/UBag/Documents/l40server_mirror/lyra/Lyra-2/paper_collection_3d4d_reconstruction_2026_04_26/boardmix_mindmap/method_figures/2603.29185_paper.png
2603.29209,LightHarmony3D: Harmonizing Illumination and Shadows for Object Insertion in 3D Gaussian Splatting,extracted_embedded_figure,768x800,/Volumes/UBag/Documents/l40server_mirror/lyra/Lyra-2/paper_collection_3d4d_reconstruction_2026_04_26/boardmix_mindmap/method_figures/2603.29209_LightHarmony3D.png
2603.29296,"MotionScale: Reconstructing Appearance, Geometry, and Motion of Dynamic Scenes with Scalable 4D Gaussian Splatting",extracted_embedded_figure,900x457,/Volumes/UBag/Documents/l40server_mirror/lyra/Lyra-2/paper_collection_3d4d_reconstruction_2026_04_26/boardmix_mindmap/method_figures/2603.29296_MotionScale.png
2602.18887,SafeDrive: Fine-Grained Safety Reasoning for End-to-End Driving in a Sparse World,extracted_embedded_figure,900x268,/Volumes/UBag/Documents/l40server_mirror/lyra/Lyra-2/paper_collection_3d4d_reconstruction_2026_04_26/boardmix_mindmap/method_figures/2602.18887_SafeDrive.png
2603.27084,SceneExpander: Expanding 3D Scenes with Free-Form Inserted Views,extracted_embedded_figure,900x510,/Volumes/UBag/Documents/l40server_mirror/lyra/Lyra-2/paper_collection_3d4d_reconstruction_2026_04_26/boardmix_mindmap/method_figures/2603.27084_SceneExpander.png
2603.27516,SGS-Intrinsic: Semantic-Invariant Gaussian Splatting for Sparse-View Indoor Inverse Rendering,extracted_embedded_figure,426x320,/Volumes/UBag/Documents/l40server_mirror/lyra/Lyra-2/paper_collection_3d4d_reconstruction_2026_04_26/boardmix_mindmap/method_figures/2603.27516_SGS-Intrinsic.png
2603.29089,WorldFlow3D: Flowing Through 3D Distributions for Unbounded World Generation,extracted_embedded_figure,900x506,/Volumes/UBag/Documents/l40server_mirror/lyra/Lyra-2/paper_collection_3d4d_reconstruction_2026_04_26/boardmix_mindmap/method_figures/2603.29089_WorldFlow3D.png
2603.19979,X-World: Controllable Ego-Centric Multi-Camera World Models for Scalable End-to-End Driving,extracted_embedded_figure,900x475,/Volumes/UBag/Documents/l40server_mirror/lyra/Lyra-2/paper_collection_3d4d_reconstruction_2026_04_26/boardmix_mindmap/method_figures/2603.19979_X-World.png
2601.16148,ActionMesh: Animated 3D Mesh Generation with Temporal 3D Diffusion,extracted_embedded_figure,900x291,/Volumes/UBag/Documents/l40server_mirror/lyra/Lyra-2/paper_collection_3d4d_reconstruction_2026_04_26/boardmix_mindmap/method_figures/2601.16148_ActionMesh.png
2604.00494,ARGS: Auto-Regressive Gaussian Splatting via Parallel Progressive Next-Scale Prediction,extracted_embedded_figure,900x508,/Volumes/UBag/Documents/l40server_mirror/lyra/Lyra-2/paper_collection_3d4d_reconstruction_2026_04_26/boardmix_mindmap/method_figures/2604.00494_ARGS.png
2604.00928,Autoregressive Appearance Prediction for 3D Gaussian Avatars,extracted_embedded_figure,576x949,/Volumes/UBag/Documents/l40server_mirror/lyra/Lyra-2/paper_collection_3d4d_reconstruction_2026_04_26/boardmix_mindmap/method_figures/2604.00928_paper.png
2604.00804,Compact Keyframe-Optimized Multi-Agent Gaussian Splatting SLAM,extracted_embedded_figure,900x774,/Volumes/UBag/Documents/l40server_mirror/lyra/Lyra-2/paper_collection_3d4d_reconstruction_2026_04_26/boardmix_mindmap/method_figures/2604.00804_Keyframe-Optimized.png
2604.0103,Diff3R: Feed-forward 3D Gaussian Splatting with Uncertainty-aware Differentiable Optimization,extracted_embedded_figure,900x246,/Volumes/UBag/Documents/l40server_mirror/lyra/Lyra-2/paper_collection_3d4d_reconstruction_2026_04_26/boardmix_mindmap/method_figures/2604.01030_Diff3R.png
2604.00648,DirectFisheye-GS: Enabling Native Fisheye Input in Gaussian Splatting with Cross-View Joint Optimization,extracted_embedded_figure,900x327,/Volumes/UBag/Documents/l40server_mirror/lyra/Lyra-2/paper_collection_3d4d_reconstruction_2026_04_26/boardmix_mindmap/method_figures/2604.00648_DirectFisheye-GS.png
2604.00969,DLWM: Dual Latent World Models enable Holistic Gaussian-centric Pre-training in Autonomous Driving,extracted_embedded_figure,900x581,/Volumes/UBag/Documents/l40server_mirror/lyra/Lyra-2/paper_collection_3d4d_reconstruction_2026_04_26/boardmix_mindmap/method_figures/2604.00969_DLWM.png
2603.24587,DreamerAD: Efficient Reinforcement Learning via Latent World Model for Autonomous Driving,extracted_embedded_figure,900x820,/Volumes/UBag/Documents/l40server_mirror/lyra/Lyra-2/paper_collection_3d4d_reconstruction_2026_04_26/boardmix_mindmap/method_figures/2603.24587_DreamerAD.png
2604.00548,Reliev3R: Relieving Feed-forward Reconstruction from Multi-View Geometric Annotations,extracted_embedded_figure,900x750,/Volumes/UBag/Documents/l40server_mirror/lyra/Lyra-2/paper_collection_3d4d_reconstruction_2026_04_26/boardmix_mindmap/method_figures/2604.00548_Reliev3R.png
2604.00509,RT-GS: Gaussian Splatting with Reflection and Transmittance Primitives,extracted_embedded_figure,900x460,/Volumes/UBag/Documents/l40server_mirror/lyra/Lyra-2/paper_collection_3d4d_reconstruction_2026_04_26/boardmix_mindmap/method_figures/2604.00509_RT-GS.png
2602.19053,TeFlow: Enabling Multi-frame Supervision for Self-Supervised Feed-forward Scene Flow Estimation,extracted_embedded_figure,503x661,/Volumes/UBag/Documents/l40server_mirror/lyra/Lyra-2/paper_collection_3d4d_reconstruction_2026_04_26/boardmix_mindmap/method_figures/2602.19053_TeFlow.png
2601.10075,Thinking Like Van Gogh: Structure-Aware Style Transfer via Flow-Guided 3D Gaussian Splatting,extracted_embedded_figure,900x534,/Volumes/UBag/Documents/l40server_mirror/lyra/Lyra-2/paper_collection_3d4d_reconstruction_2026_04_26/boardmix_mindmap/method_figures/2601.10075_Thinking_Like_Van_Gogh.png
2603.24506,Toward Physically Consistent Driving Video World Models under Challenging Trajectories,extracted_embedded_figure,519x275,/Volumes/UBag/Documents/l40server_mirror/lyra/Lyra-2/paper_collection_3d4d_reconstruction_2026_04_26/boardmix_mindmap/method_figures/2603.24506_paper.png
2604.00538,TRiGS: Temporal Rigid-Body Motion for Scalable 4D Gaussian Splatting,extracted_embedded_figure,900x581,/Volumes/UBag/Documents/l40server_mirror/lyra/Lyra-2/paper_collection_3d4d_reconstruction_2026_04_26/boardmix_mindmap/method_figures/2604.00538_TRiGS.png
2604.01882,A3R: Agentic Affordance Reasoning via Cross-Dimensional Evidence in 3D Gaussian Scenes,extracted_embedded_figure,900x600,/Volumes/UBag/Documents/l40server_mirror/lyra/Lyra-2/paper_collection_3d4d_reconstruction_2026_04_26/boardmix_mindmap/method_figures/2604.01882_A3R.png
2604.0233,ActionParty: Multi-Subject Action Binding in Generative Video Games,extracted_embedded_figure,900x376,/Volumes/UBag/Documents/l40server_mirror/lyra/Lyra-2/paper_collection_3d4d_reconstruction_2026_04_26/boardmix_mindmap/method_figures/2604.02330_ActionParty.png
2604.01551,ColorGradedGaussians: Palette-Based Color Grading for 3D Gaussian Splatting via View-Space Sparse Decomposition,extracted_embedded_figure,900x506,/Volumes/UBag/Documents/l40server_mirror/lyra/Lyra-2/paper_collection_3d4d_reconstruction_2026_04_26/boardmix_mindmap/method_figures/2604.01551_ColorGradedGaussians.png
2604.02546,Contrastive Language-Colored Pointmap Pretraining for Unified 3D Scene Understanding,extracted_embedded_figure,289x217,/Volumes/UBag/Documents/l40server_mirror/lyra/Lyra-2/paper_collection_3d4d_reconstruction_2026_04_26/boardmix_mindmap/method_figures/2604.02546_Language-Colored.png
2604.01678,Director: Instance-aware Gaussian Splatting for Dynamic Scene Modeling and Understanding,extracted_embedded_figure,900x352,/Volumes/UBag/Documents/l40server_mirror/lyra/Lyra-2/paper_collection_3d4d_reconstruction_2026_04_26/boardmix_mindmap/method_figures/2604.01678_Director.png
2602.23205,EmbodMocap: In-the-Wild 4D Human-Scene Reconstruction for Embodied Agents,extracted_embedded_figure,900x645,/Volumes/UBag/Documents/l40server_mirror/lyra/Lyra-2/paper_collection_3d4d_reconstruction_2026_04_26/boardmix_mindmap/method_figures/2602.23205_EmbodMocap.png
2604.01605,F3DGS: Federated 3D Gaussian Splatting for Decentralized Multi-Agent World Modeling,extracted_embedded_figure,435x328,/Volumes/UBag/Documents/l40server_mirror/lyra/Lyra-2/paper_collection_3d4d_reconstruction_2026_04_26/boardmix_mindmap/method_figures/2604.01605_F3DGS.png
2603.19834,Fourier Splatting: Generalized Fourier encoded primitives for scalable radiance fields,extracted_embedded_figure,900x506,/Volumes/UBag/Documents/l40server_mirror/lyra/Lyra-2/paper_collection_3d4d_reconstruction_2026_04_26/boardmix_mindmap/method_figures/2603.19834_Fourier_Splatting.png
2601.16885,GPA-VGGT:Adapting VGGT to Large Scale Localization by Self-Supervised Learning with Geometry and Physics Aware Loss,extracted_embedded_figure,900x413,/Volumes/UBag/Documents/l40server_mirror/lyra/Lyra-2/paper_collection_3d4d_reconstruction_2026_04_26/boardmix_mindmap/method_figures/2601.16885_GPA-VGGT.png
2604.01884,GS^2: Graph-based Spatial Distribution Optimization for Compact 3D Gaussian Splatting,extracted_embedded_figure,900x900,/Volumes/UBag/Documents/l40server_mirror/lyra/Lyra-2/paper_collection_3d4d_reconstruction_2026_04_26/boardmix_mindmap/method_figures/2604.01884_GS_2.png
2601.20331,GVGS: Gaussian Visibility-Aware Multi-View Geometry for Accurate Surface Reconstruction,extracted_embedded_figure,900x336,/Volumes/UBag/Documents/l40server_mirror/lyra/Lyra-2/paper_collection_3d4d_reconstruction_2026_04_26/boardmix_mindmap/method_figures/2601.20331_GVGS.png
2601.14674,LaVR: Scene Latent Conditioned Generative Video Trajectory Re-Rendering using Large 4D Reconstruction Models,extracted_embedded_figure,900x432,/Volumes/UBag/Documents/l40server_mirror/lyra/Lyra-2/paper_collection_3d4d_reconstruction_2026_04_26/boardmix_mindmap/method_figures/2601.14674_LaVR.png
2604.01641,LivingWorld: Interactive 4D World Generation with Environmental Dynamics,extracted_embedded_figure,900x300,/Volumes/UBag/Documents/l40server_mirror/lyra/Lyra-2/paper_collection_3d4d_reconstruction_2026_04_26/boardmix_mindmap/method_figures/2604.01641_LivingWorld.png
2604.01607,ModTrans: Translating Real-world Models for Distributed Training Simulator,extracted_embedded_figure,821x696,/Volumes/UBag/Documents/l40server_mirror/lyra/Lyra-2/paper_collection_3d4d_reconstruction_2026_04_26/boardmix_mindmap/method_figures/2604.01607_ModTrans.png
2604.02289,Omni123: Exploring 3D Native Foundation Models with Limited 3D Data by Unifying Text to 2D and 3D Generation,extracted_embedded_figure,900x1200,/Volumes/UBag/Documents/l40server_mirror/lyra/Lyra-2/paper_collection_3d4d_reconstruction_2026_04_26/boardmix_mindmap/method_figures/2604.02289_Omni123.png
2604.01561,ReFlow: Self-correction Motion Learning for Dynamic Scene Reconstruction,extracted_embedded_figure,900x376,/Volumes/UBag/Documents/l40server_mirror/lyra/Lyra-2/paper_collection_3d4d_reconstruction_2026_04_26/boardmix_mindmap/method_figures/2604.01561_ReFlow.png
2601.15475,Seeing through Light and Darkness: Sensor-Physics Grounded Deblurring HDR NeRF from Single-Exposure Images and Events,extracted_embedded_figure,900x1149,/Volumes/UBag/Documents/l40server_mirror/lyra/Lyra-2/paper_collection_3d4d_reconstruction_2026_04_26/boardmix_mindmap/method_figures/2601.15475_Seeing_through_Light_and_Darkness.png
2604.00528,"Think, Act, Build: An Agentic Framework with Vision Language Models for Zero-Shot 3D Visual Grounding",extracted_embedded_figure,900x672,/Volumes/UBag/Documents/l40server_mirror/lyra/Lyra-2/paper_collection_3d4d_reconstruction_2026_04_26/boardmix_mindmap/method_figures/2604.00528_Think_Act_Build.png
2604.02586,TrackerSplat: Exploiting Point Tracking for Fast and Robust Dynamic 3D Gaussians Reconstruction,extracted_embedded_figure,900x475,/Volumes/UBag/Documents/l40server_mirror/lyra/Lyra-2/paper_collection_3d4d_reconstruction_2026_04_26/boardmix_mindmap/method_figures/2604.02586_TrackerSplat.png
2604.02714,ExploreVLA: Dense World Modeling and Exploration for End-to-End Autonomous Driving,placeholder_or_no_embedded_method_figure,900x520,/Volumes/UBag/Documents/l40server_mirror/lyra/Lyra-2/paper_collection_3d4d_reconstruction_2026_04_26/boardmix_mindmap/method_figures/2604.02714_ExploreVLA.png
2604.02836,Factorized Multi-Resolution HashGrid for Efficient Neural Radiance Fields: Execution on Edge-Devices,extracted_embedded_figure,900x208,/Volumes/UBag/Documents/l40server_mirror/lyra/Lyra-2/paper_collection_3d4d_reconstruction_2026_04_26/boardmix_mindmap/method_figures/2604.02836_Multi-Resolution.png
2604.03092,Flash-Mono: Feed-Forward Accelerated Gaussian Splatting Monocular SLAM,extracted_embedded_figure,900x549,/Volumes/UBag/Documents/l40server_mirror/lyra/Lyra-2/paper_collection_3d4d_reconstruction_2026_04_26/boardmix_mindmap/method_figures/2604.03092_Flash-Mono.png
2604.02915,GP-4DGS: Probabilistic 4D Gaussian Splatting from Monocular Video via Variational Gaussian Processes,extracted_embedded_figure,900x900,/Volumes/UBag/Documents/l40server_mirror/lyra/Lyra-2/paper_collection_3d4d_reconstruction_2026_04_26/boardmix_mindmap/method_figures/2604.02915_GP-4DGS.png
2604.02828,NavCrafter: Exploring 3D Scenes from a Single Image,extracted_embedded_figure,900x314,/Volumes/UBag/Documents/l40server_mirror/lyra/Lyra-2/paper_collection_3d4d_reconstruction_2026_04_26/boardmix_mindmap/method_figures/2604.02828_NavCrafter.png
2604.01581,Satellite-Free Training for Drone-View Geo-Localization,extracted_embedded_figure,900x1036,/Volumes/UBag/Documents/l40server_mirror/lyra/Lyra-2/paper_collection_3d4d_reconstruction_2026_04_26/boardmix_mindmap/method_figures/2604.01581_Satellite-Free.png
2604.03069,SparseSplat: Towards Applicable Feed-Forward 3D Gaussian Splatting with Pixel-Unaligned Prediction,extracted_embedded_figure,900x748,/Volumes/UBag/Documents/l40server_mirror/lyra/Lyra-2/paper_collection_3d4d_reconstruction_2026_04_26/boardmix_mindmap/method_figures/2604.03069_SparseSplat.png
2604.03462,SpectralSplat: Appearance-Disentangled Feed-Forward Gaussian Splatting for Driving Scenes,extracted_embedded_figure,900x121,/Volumes/UBag/Documents/l40server_mirror/lyra/Lyra-2/paper_collection_3d4d_reconstruction_2026_04_26/boardmix_mindmap/method_figures/2604.03462_SpectralSplat.png
2602.06343,Uncertainty-Aware 4D Gaussian Splatting for Monocular Occluded Human Rendering,extracted_embedded_figure,900x1369,/Volumes/UBag/Documents/l40server_mirror/lyra/Lyra-2/paper_collection_3d4d_reconstruction_2026_04_26/boardmix_mindmap/method_figures/2602.06343_Uncertainty-Aware.png
2604.01479,UniRecGen: Unifying Multi-View 3D Reconstruction and Generation,extracted_embedded_figure,900x807,/Volumes/UBag/Documents/l40server_mirror/lyra/Lyra-2/paper_collection_3d4d_reconstruction_2026_04_26/boardmix_mindmap/method_figures/2604.01479_UniRecGen.png
2604.02696,VBGS-SLAM: Variational Bayesian Gaussian Splatting Simultaneous Localization and Mapping,extracted_embedded_figure,900x348,/Volumes/UBag/Documents/l40server_mirror/lyra/Lyra-2/paper_collection_3d4d_reconstruction_2026_04_26/boardmix_mindmap/method_figures/2604.02696_VBGS-SLAM.png
2604.03878,Learning 3D Reconstruction with Priors in Test Time,extracted_embedded_figure,900x489,/Volumes/UBag/Documents/l40server_mirror/lyra/Lyra-2/paper_collection_3d4d_reconstruction_2026_04_26/boardmix_mindmap/method_figures/2604.03878_paper.png
2604.03773,M2StyleGS: Multi-Modality 3D Style Transfer with Gaussian Splatting,extracted_embedded_figure,900x373,/Volumes/UBag/Documents/l40server_mirror/lyra/Lyra-2/paper_collection_3d4d_reconstruction_2026_04_26/boardmix_mindmap/method_figures/2604.03773_M2StyleGS.png
2604.04063,4C4D: 4 Camera 4D Gaussian Splatting,extracted_embedded_figure,900x453,/Volumes/UBag/Documents/l40server_mirror/lyra/Lyra-2/paper_collection_3d4d_reconstruction_2026_04_26/boardmix_mindmap/method_figures/2604.04063_4C4D.png
2604.04198,DriveVA: Video Action Models are Zero-Shot Drivers,extracted_embedded_figure,900x599,/Volumes/UBag/Documents/l40server_mirror/lyra/Lyra-2/paper_collection_3d4d_reconstruction_2026_04_26/boardmix_mindmap/method_figures/2604.04198_DriveVA.png
2604.04016,HOIGS: Human-Object Interaction Gaussian Splatting,extracted_embedded_figure,900x295,/Volumes/UBag/Documents/l40server_mirror/lyra/Lyra-2/paper_collection_3d4d_reconstruction_2026_04_26/boardmix_mindmap/method_figures/2604.04016_HOIGS.png
2604.04135,NTIRE 2026 3D Restoration and Reconstruction in Real-world Adverse Conditions: RealX3D Challenge Results,extracted_embedded_figure,900x597,/Volumes/UBag/Documents/l40server_mirror/lyra/Lyra-2/paper_collection_3d4d_reconstruction_2026_04_26/boardmix_mindmap/method_figures/2604.04135_NTIRE.png
2603.18634,SwiftGS: Episodic Priors for Immediate Satellite Surface Recovery,extracted_embedded_figure,900x471,/Volumes/UBag/Documents/l40server_mirror/lyra/Lyra-2/paper_collection_3d4d_reconstruction_2026_04_26/boardmix_mindmap/method_figures/2603.18634_SwiftGS.png
2601.16736,A Step to Decouple Optimization in 3DGS,extracted_embedded_figure,900x560,/Volumes/UBag/Documents/l40server_mirror/lyra/Lyra-2/paper_collection_3d4d_reconstruction_2026_04_26/boardmix_mindmap/method_figures/2601.16736_A_Step_to_Decouple_Optimization_in_3DGS.png
2604.04874,Free-Range Gaussians: Non-Grid-Aligned Generative 3D Gaussian Reconstruction,extracted_embedded_figure,900x506,/Volumes/UBag/Documents/l40server_mirror/lyra/Lyra-2/paper_collection_3d4d_reconstruction_2026_04_26/boardmix_mindmap/method_figures/2604.04874_Free-Range_Gaussians.png
2604.04331,GA-GS: Generation-Assisted Gaussian Splatting for Static Scene Reconstruction,extracted_embedded_figure,900x502,/Volumes/UBag/Documents/l40server_mirror/lyra/Lyra-2/paper_collection_3d4d_reconstruction_2026_04_26/boardmix_mindmap/method_figures/2604.04331_GA-GS.png
2604.05062,GaussFly: Contrastive Reinforcement Learning for Visuomotor Policies in 3D Gaussian Fields,placeholder_or_no_embedded_method_figure,900x520,/Volumes/UBag/Documents/l40server_mirror/lyra/Lyra-2/paper_collection_3d4d_reconstruction_2026_04_26/boardmix_mindmap/method_figures/2604.05062_GaussFly.png
2604.0212,GEMM-GS: Accelerating 3D Gaussian Splatting on Tensor Cores with GEMM-Compatible Blending,extracted_embedded_figure,806x784,/Volumes/UBag/Documents/l40server_mirror/lyra/Lyra-2/paper_collection_3d4d_reconstruction_2026_04_26/boardmix_mindmap/method_figures/2604.02120_GEMM-GS.png
2604.03039,GenSmoke-GS: A Multi-Stage Method for Novel View Synthesis from Smoke-Degraded Images Using a Generative Model,extracted_embedded_figure,900x497,/Volumes/UBag/Documents/l40server_mirror/lyra/Lyra-2/paper_collection_3d4d_reconstruction_2026_04_26/boardmix_mindmap/method_figures/2604.03039_GenSmoke-GS.png
2604.09688,Immunizing 3D Gaussian Generative Models Against Unauthorized Fine-Tuning via Attribute-Space Traps,extracted_embedded_figure,900x345,/Volumes/UBag/Documents/l40server_mirror/lyra/Lyra-2/paper_collection_3d4d_reconstruction_2026_04_26/boardmix_mindmap/method_figures/2604.09688_Fine-Tuning.png
2604.0507,Part-Level 3D Gaussian Vehicle Generation with Joint and Hinge Axis Estimation,extracted_embedded_figure,900x281,/Volumes/UBag/Documents/l40server_mirror/lyra/Lyra-2/paper_collection_3d4d_reconstruction_2026_04_26/boardmix_mindmap/method_figures/2604.05070_Part-Level.png
2603.0903,PlayWorld: Learning Robot World Models from Autonomous Play,extracted_embedded_figure,900x294,/Volumes/UBag/Documents/l40server_mirror/lyra/Lyra-2/paper_collection_3d4d_reconstruction_2026_04_26/boardmix_mindmap/method_figures/2603.09030_PlayWorld.png
2604.05015,Video-MME-v2: Towards the Next Stage in Benchmarks for Comprehensive Video Understanding,extracted_embedded_figure,900x717,/Volumes/UBag/Documents/l40server_mirror/lyra/Lyra-2/paper_collection_3d4d_reconstruction_2026_04_26/boardmix_mindmap/method_figures/2604.05015_Video-MME-v2.png
2604.04642,WaterSplat-SLAM: Photorealistic Monocular SLAM in Underwater Environment,extracted_embedded_figure,900x237,/Volumes/UBag/Documents/l40server_mirror/lyra/Lyra-2/paper_collection_3d4d_reconstruction_2026_04_26/boardmix_mindmap/method_figures/2604.04642_WaterSplat-SLAM.png
2604.05366,3DTurboQuant: Training-Free Near-Optimal Quantization for 3D Reconstruction Models,placeholder_or_no_embedded_method_figure,900x520,/Volumes/UBag/Documents/l40server_mirror/lyra/Lyra-2/paper_collection_3d4d_reconstruction_2026_04_26/boardmix_mindmap/method_figures/2604.05366_3DTurboQuant.png
2604.05908,Appearance Decomposition Gaussian Splatting for Multi-Traversal Reconstruction,extracted_embedded_figure,298x633,/Volumes/UBag/Documents/l40server_mirror/lyra/Lyra-2/paper_collection_3d4d_reconstruction_2026_04_26/boardmix_mindmap/method_figures/2604.05908_Multi-Traversal.png
2604.06339,Evolution of Video Generative Foundations,extracted_embedded_figure,900x490,/Volumes/UBag/Documents/l40server_mirror/lyra/Lyra-2/paper_collection_3d4d_reconstruction_2026_04_26/boardmix_mindmap/method_figures/2604.06339_Evolution_of_Video_Generative_Foundations.png
2604.06358,GS-Surrogate: Deformable Gaussian Splatting for Parameter Space Exploration of Ensemble Simulations,extracted_embedded_figure,900x228,/Volumes/UBag/Documents/l40server_mirror/lyra/Lyra-2/paper_collection_3d4d_reconstruction_2026_04_26/boardmix_mindmap/method_figures/2604.06358_GS-Surrogate.png
2604.05436,Human Interaction-Aware 3D Reconstruction from a Single Image,extracted_embedded_figure,900x388,/Volumes/UBag/Documents/l40server_mirror/lyra/Lyra-2/paper_collection_3d4d_reconstruction_2026_04_26/boardmix_mindmap/method_figures/2604.05436_Interaction-Aware.png
2604.05715,In Depth We Trust: Reliable Monocular Depth Supervision for Gaussian Splatting,extracted_embedded_figure,900x295,/Volumes/UBag/Documents/l40server_mirror/lyra/Lyra-2/paper_collection_3d4d_reconstruction_2026_04_26/boardmix_mindmap/method_figures/2604.05715_In_Depth_We_Trust.png
2604.05402,LSGS-Loc: Towards Robust 3DGS-Based Visual Localization for Large-Scale UAV Scenarios,extracted_embedded_figure,900x252,/Volumes/UBag/Documents/l40server_mirror/lyra/Lyra-2/paper_collection_3d4d_reconstruction_2026_04_26/boardmix_mindmap/method_figures/2604.05402_LSGS-Loc.png
2604.05638,PanopticQuery: Unified Query-Time Reasoning for 4D Scenes,extracted_embedded_figure,900x506,/Volumes/UBag/Documents/l40server_mirror/lyra/Lyra-2/paper_collection_3d4d_reconstruction_2026_04_26/boardmix_mindmap/method_figures/2604.05638_PanopticQuery.png
2601.18336,PPISP: Physically-Plausible Compensation and Control of Photometric Variations in Radiance Field Reconstruction,extracted_embedded_figure,900x301,/Volumes/UBag/Documents/l40server_mirror/lyra/Lyra-2/paper_collection_3d4d_reconstruction_2026_04_26/boardmix_mindmap/method_figures/2601.18336_PPISP.png
2604.04576,PR-IQA: Partial-Reference Image Quality Assessment for Diffusion-Based Novel View Synthesis,extracted_embedded_figure,900x331,/Volumes/UBag/Documents/l40server_mirror/lyra/Lyra-2/paper_collection_3d4d_reconstruction_2026_04_26/boardmix_mindmap/method_figures/2604.04576_PR-IQA.png
2604.04925,SimpleProc: Fully Procedural Synthetic Data from Simple Rules for Multi-View Stereo,extracted_embedded_figure,900x433,/Volumes/UBag/Documents/l40server_mirror/lyra/Lyra-2/paper_collection_3d4d_reconstruction_2026_04_26/boardmix_mindmap/method_figures/2604.04925_SimpleProc.png
2603.26481,SparseCam4D: Spatio-Temporally Consistent 4D Reconstruction from Sparse Cameras,extracted_embedded_figure,900x675,/Volumes/UBag/Documents/l40server_mirror/lyra/Lyra-2/paper_collection_3d4d_reconstruction_2026_04_26/boardmix_mindmap/method_figures/2603.26481_SparseCam4D.png
2604.0861,A Semi-Automated Framework for 3D Reconstruction of Medieval Manuscript Miniatures,extracted_embedded_figure,900x247,/Volumes/UBag/Documents/l40server_mirror/lyra/Lyra-2/paper_collection_3d4d_reconstruction_2026_04_26/boardmix_mindmap/method_figures/2604.08610_Semi-Automated.png
2602.21105,BrepGaussian: CAD reconstruction from Multi-View Images with Gaussian Splatting,extracted_embedded_figure,900x292,/Volumes/UBag/Documents/l40server_mirror/lyra/Lyra-2/paper_collection_3d4d_reconstruction_2026_04_26/boardmix_mindmap/method_figures/2602.21105_BrepGaussian.png
2604.06739,DOC-GS: Dual-Domain Observation and Calibration for Reliable Sparse-View Gaussian Splatting,placeholder_or_no_embedded_method_figure,900x520,/Volumes/UBag/Documents/l40server_mirror/lyra/Lyra-2/paper_collection_3d4d_reconstruction_2026_04_26/boardmix_mindmap/method_figures/2604.06739_DOC-GS.png
2604.06725,Enhancing MLLM Spatial Understanding via Active 3D Scene Exploration for Multi-Perspective Reasoning,extracted_embedded_figure,900x874,/Volumes/UBag/Documents/l40server_mirror/lyra/Lyra-2/paper_collection_3d4d_reconstruction_2026_04_26/boardmix_mindmap/method_figures/2604.06725_MLLM.png
2604.07337,From Blobs to Spokes: High-Fidelity Surface Reconstruction via Oriented Gaussians,extracted_embedded_figure,900x506,/Volumes/UBag/Documents/l40server_mirror/lyra/Lyra-2/paper_collection_3d4d_reconstruction_2026_04_26/boardmix_mindmap/method_figures/2604.07337_From_Blobs_to_Spokes.png
2604.0725,Geo-EVS: Geometry-Conditioned Extrapolative View Synthesis for Autonomous Driving,extracted_embedded_figure,900x413,/Volumes/UBag/Documents/l40server_mirror/lyra/Lyra-2/paper_collection_3d4d_reconstruction_2026_04_26/boardmix_mindmap/method_figures/2604.07250_Geo-EVS.png
2604.0674,LiveStre4m: Feed-Forward Live Streaming of Novel Views from Unposed Multi-View Video,extracted_embedded_figure,384x288,/Volumes/UBag/Documents/l40server_mirror/lyra/Lyra-2/paper_collection_3d4d_reconstruction_2026_04_26/boardmix_mindmap/method_figures/2604.06740_LiveStre4m.png
2604.07279,Mem3R: Streaming 3D Reconstruction with Hybrid Memory via Test-Time Training,extracted_embedded_figure,900x889,/Volumes/UBag/Documents/l40server_mirror/lyra/Lyra-2/paper_collection_3d4d_reconstruction_2026_04_26/boardmix_mindmap/method_figures/2604.07279_Mem3R.png
2604.02996,Rendering Multi-Human and Multi-Object with 3D Gaussian Splatting,extracted_embedded_figure,900x747,/Volumes/UBag/Documents/l40server_mirror/lyra/Lyra-2/paper_collection_3d4d_reconstruction_2026_04_26/boardmix_mindmap/method_figures/2604.02996_Multi-Human.png
2604.07177,Splats under Pressure: Exploring Performance-Energy Trade-offs in Real-Time 3D Gaussian Splatting under Constrained GPU Budgets,placeholder_or_no_embedded_method_figure,900x520,/Volumes/UBag/Documents/l40server_mirror/lyra/Lyra-2/paper_collection_3d4d_reconstruction_2026_04_26/boardmix_mindmap/method_figures/2604.07177_Splats_under_Pressure.png
2603.20284,STAC: Plug-and-Play Spatio-Temporal Aware Cache Compression for Streaming 3D Reconstruction,extracted_embedded_figure,900x900,/Volumes/UBag/Documents/l40server_mirror/lyra/Lyra-2/paper_collection_3d4d_reconstruction_2026_04_26/boardmix_mindmap/method_figures/2603.20284_STAC.png
2604.0683,VGGT-SLAM++,placeholder_or_no_embedded_method_figure,900x520,/Volumes/UBag/Documents/l40server_mirror/lyra/Lyra-2/paper_collection_3d4d_reconstruction_2026_04_26/boardmix_mindmap/method_figures/2604.06830_VGGT-SLAM.png
2603.04385,ZipMap: Linear-Time Stateful 3D Reconstruction via Test-Time Training,extracted_embedded_figure,900x407,/Volumes/UBag/Documents/l40server_mirror/lyra/Lyra-2/paper_collection_3d4d_reconstruction_2026_04_26/boardmix_mindmap/method_figures/2603.04385_ZipMap.png
2604.07053,AnchorSplat: Feed-Forward 3D Gaussian Splatting with 3D Geometric Priors,extracted_embedded_figure,900x646,/Volumes/UBag/Documents/l40server_mirror/lyra/Lyra-2/paper_collection_3d4d_reconstruction_2026_04_26/boardmix_mindmap/method_figures/2604.07053_AnchorSplat.png
2604.08068,Brain3D: EEG-to-3D Decoding of Visual Representations via Multimodal Reasoning,extracted_embedded_figure,900x340,/Volumes/UBag/Documents/l40server_mirror/lyra/Lyra-2/paper_collection_3d4d_reconstruction_2026_04_26/boardmix_mindmap/method_figures/2604.08068_Brain3D.png
2604.07986,DP-DeGauss: Dynamic Probabilistic Gaussian Decomposition for Egocentric 4D Scene Reconstruction,extracted_embedded_figure,900x498,/Volumes/UBag/Documents/l40server_mirror/lyra/Lyra-2/paper_collection_3d4d_reconstruction_2026_04_26/boardmix_mindmap/method_figures/2604.07986_DP-DeGauss.png
2604.07728,GEAR: GEometry-motion Alternating Refinement for Articulated Object Modeling with Gaussian Splatting,extracted_embedded_figure,900x900,/Volumes/UBag/Documents/l40server_mirror/lyra/Lyra-2/paper_collection_3d4d_reconstruction_2026_04_26/boardmix_mindmap/method_figures/2604.07728_GEAR.png
2604.08719,LMGenDrive: Bridging Multimodal Understanding and Generative World Modeling for End-to-End Driving,placeholder_or_no_embedded_method_figure,900x520,/Volumes/UBag/Documents/l40server_mirror/lyra/Lyra-2/paper_collection_3d4d_reconstruction_2026_04_26/boardmix_mindmap/method_figures/2604.08719_LMGenDrive.png
2604.07991,MotionScape: A Large-Scale Real-World Highly Dynamic UAV Video Dataset for World Models,extracted_embedded_figure,549x302,/Volumes/UBag/Documents/l40server_mirror/lyra/Lyra-2/paper_collection_3d4d_reconstruction_2026_04_26/boardmix_mindmap/method_figures/2604.07991_MotionScape.png
2604.085,Novel View Synthesis as Video Completion,extracted_embedded_figure,314x181,/Volumes/UBag/Documents/l40server_mirror/lyra/Lyra-2/paper_collection_3d4d_reconstruction_2026_04_26/boardmix_mindmap/method_figures/2604.08500_Novel_View_Synthesis_as_Video_Completion.png
2604.0789,Sampling-Aware 3D Spatial Analysis in Multiplexed Imaging,extracted_embedded_figure,900x1346,/Volumes/UBag/Documents/l40server_mirror/lyra/Lyra-2/paper_collection_3d4d_reconstruction_2026_04_26/boardmix_mindmap/method_figures/2604.07890_Sampling-Aware.png
2604.08542,Scal3R: Scalable Test-Time Training for Large-Scale 3D Reconstruction,extracted_embedded_figure,900x586,/Volumes/UBag/Documents/l40server_mirror/lyra/Lyra-2/paper_collection_3d4d_reconstruction_2026_04_26/boardmix_mindmap/method_figures/2604.08542_Scal3R.png
2604.0876,SIC3D: Style Image Conditioned Text-to-3D Gaussian Splatting Generation,extracted_embedded_figure,900x442,/Volumes/UBag/Documents/l40server_mirror/lyra/Lyra-2/paper_collection_3d4d_reconstruction_2026_04_26/boardmix_mindmap/method_figures/2604.08760_SIC3D.png
2604.07923,Stitch4D: Sparse Multi-Location 4D Urban Reconstruction via Spatio-Temporal Interpolation,extracted_embedded_figure,900x541,/Volumes/UBag/Documents/l40server_mirror/lyra/Lyra-2/paper_collection_3d4d_reconstruction_2026_04_26/boardmix_mindmap/method_figures/2604.07923_Stitch4D.png
2604.0837,SurfelSplat: Learning Efficient and Generalizable Gaussian Surfel Representations for Sparse-View Surface Reconstruction,extracted_embedded_figure,900x444,/Volumes/UBag/Documents/l40server_mirror/lyra/Lyra-2/paper_collection_3d4d_reconstruction_2026_04_26/boardmix_mindmap/method_figures/2604.08370_SurfelSplat.png
2604.07957,WorldMAP: Bootstrapping Vision-Language Navigation Trajectory Prediction with Generative World Models,extracted_embedded_figure,512x406,/Volumes/UBag/Documents/l40server_mirror/lyra/Lyra-2/paper_collection_3d4d_reconstruction_2026_04_26/boardmix_mindmap/method_figures/2604.07957_WorldMAP.png
2604.09877,DINO_4D: Semantic-Aware 4D Reconstruction,extracted_embedded_figure,900x570,/Volumes/UBag/Documents/l40server_mirror/lyra/Lyra-2/paper_collection_3d4d_reconstruction_2026_04_26/boardmix_mindmap/method_figures/2604.09877_DINO_4D.png
2604.09862,FF3R: Feedforward Feature 3D Reconstruction from Unconstrained views,extracted_embedded_figure,900x507,/Volumes/UBag/Documents/l40server_mirror/lyra/Lyra-2/paper_collection_3d4d_reconstruction_2026_04_26/boardmix_mindmap/method_figures/2604.09862_FF3R.png
2603.27222,HD-VGGT: High-Resolution Visual Geometry Transformer,extracted_embedded_figure,900x93,/Volumes/UBag/Documents/l40server_mirror/lyra/Lyra-2/paper_collection_3d4d_reconstruction_2026_04_26/boardmix_mindmap/method_figures/2603.27222_HD-VGGT.png
2604.09059,Learning Vision-Language-Action World Models for Autonomous Driving,extracted_embedded_figure,900x501,/Volumes/UBag/Documents/l40server_mirror/lyra/Lyra-2/paper_collection_3d4d_reconstruction_2026_04_26/boardmix_mindmap/method_figures/2604.09059_Vision-Language-Action.png
2604.09903,PointSplat: Efficient Geometry-Driven Pruning and Transformer Refinement for 3D Gaussian Splatting,extracted_embedded_figure,900x515,/Volumes/UBag/Documents/l40server_mirror/lyra/Lyra-2/paper_collection_3d4d_reconstruction_2026_04_26/boardmix_mindmap/method_figures/2604.09903_PointSplat.png
2604.02003,ProDiG: Progressive Diffusion-Guided Gaussian Splatting for Aerial to Ground Reconstruction,extracted_embedded_figure,900x450,/Volumes/UBag/Documents/l40server_mirror/lyra/Lyra-2/paper_collection_3d4d_reconstruction_2026_04_26/boardmix_mindmap/method_figures/2604.02003_ProDiG.png
2604.09045,Scene-Agnostic Object-Centric Representation Learning for 3D Gaussian Splatting,placeholder_or_no_embedded_method_figure,900x520,/Volumes/UBag/Documents/l40server_mirror/lyra/Lyra-2/paper_collection_3d4d_reconstruction_2026_04_26/boardmix_mindmap/method_figures/2604.09045_Scene-Agnostic.png
2604.09324,Structure-Aware Fine-Grained Gaussian Splatting for Expressive Avatar Reconstruction,extracted_embedded_figure,900x276,/Volumes/UBag/Documents/l40server_mirror/lyra/Lyra-2/paper_collection_3d4d_reconstruction_2026_04_26/boardmix_mindmap/method_figures/2604.09324_Structure-Aware.png
2604.09411,SynFlow: Scaling Up LiDAR Scene Flow Estimation with Synthetic Data,extracted_embedded_figure,623x952,/Volumes/UBag/Documents/l40server_mirror/lyra/Lyra-2/paper_collection_3d4d_reconstruction_2026_04_26/boardmix_mindmap/method_figures/2604.09411_SynFlow.png
2604.08945,TouchAnything: Diffusion-Guided 3D Reconstruction from Sparse Robot Touches,extracted_embedded_figure,547x665,/Volumes/UBag/Documents/l40server_mirror/lyra/Lyra-2/paper_collection_3d4d_reconstruction_2026_04_26/boardmix_mindmap/method_figures/2604.08945_TouchAnything.png
2604.0933,VAG: Dual-Stream Video-Action Generation for Embodied Data Synthesis,extracted_embedded_figure,768x432,/Volumes/UBag/Documents/l40server_mirror/lyra/Lyra-2/paper_collection_3d4d_reconstruction_2026_04_26/boardmix_mindmap/method_figures/2604.09330_VAG.png
2604.10246,A Comparison of Multi-View Stereo Methods for Photogrammetric 3D Reconstruction: From Traditional to Learning-Based Approaches,placeholder_or_no_embedded_method_figure,900x520,/Volumes/UBag/Documents/l40server_mirror/lyra/Lyra-2/paper_collection_3d4d_reconstruction_2026_04_26/boardmix_mindmap/method_figures/2604.10246_Multi-View.png
2604.10259,Real-Time Human Reconstruction and Animation using Feed-Forward Gaussian Splatting,extracted_embedded_figure,900x502,/Volumes/UBag/Documents/l40server_mirror/lyra/Lyra-2/paper_collection_3d4d_reconstruction_2026_04_26/boardmix_mindmap/method_figures/2604.10259_Real-Time.png
2604.10106,VGGT-HPE: Reframing Head Pose Estimation as Relative Pose Prediction,extracted_embedded_figure,900x1445,/Volumes/UBag/Documents/l40server_mirror/lyra/Lyra-2/paper_collection_3d4d_reconstruction_2026_04_26/boardmix_mindmap/method_figures/2604.10106_VGGT-HPE.png
2604.1069,Do LLMs Build Spatial World Models? Evidence from Grid-World Maze Tasks,placeholder_or_no_embedded_method_figure,900x520,/Volumes/UBag/Documents/l40server_mirror/lyra/Lyra-2/paper_collection_3d4d_reconstruction_2026_04_26/boardmix_mindmap/method_figures/2604.10690_LLMs.png
2604.10512,FreeScale: Scaling 3D Scenes via Certainty-Aware Free-View Generation,extracted_embedded_figure,900x300,/Volumes/UBag/Documents/l40server_mirror/lyra/Lyra-2/paper_collection_3d4d_reconstruction_2026_04_26/boardmix_mindmap/method_figures/2604.10512_FreeScale.png
2604.10573,Learning 3D Representations for Spatial Intelligence from Unposed Multi-View Images,extracted_embedded_figure,314x249,/Volumes/UBag/Documents/l40server_mirror/lyra/Lyra-2/paper_collection_3d4d_reconstruction_2026_04_26/boardmix_mindmap/method_figures/2604.10573_Multi-View.png
2604.10593,MonoEM-GS: Monocular Expectation-Maximization Gaussian Splatting SLAM,extracted_embedded_figure,900x803,/Volumes/UBag/Documents/l40server_mirror/lyra/Lyra-2/paper_collection_3d4d_reconstruction_2026_04_26/boardmix_mindmap/method_figures/2604.10593_MonoEM-GS.png
2604.10415,Point2Pose: Occlusion-Recovering 6D Pose Tracking and 3D Reconstruction for Multiple Unknown Objects Via 2D Point Trackers,extracted_embedded_figure,900x314,/Volumes/UBag/Documents/l40server_mirror/lyra/Lyra-2/paper_collection_3d4d_reconstruction_2026_04_26/boardmix_mindmap/method_figures/2604.10415_Point2Pose.png
2604.10789,ReplicateAnyScene: Zero-Shot Video-to-3D Composition via Textual-Visual-Spatial Alignment,extracted_embedded_figure,900x506,/Volumes/UBag/Documents/l40server_mirror/lyra/Lyra-2/paper_collection_3d4d_reconstruction_2026_04_26/boardmix_mindmap/method_figures/2604.10789_ReplicateAnyScene.png
2604.11302,3D-Anchored Lookahead Planning for Persistent Robotic Scene Memory via World-Model-Based MCTS,extracted_embedded_figure,900x502,/Volumes/UBag/Documents/l40server_mirror/lyra/Lyra-2/paper_collection_3d4d_reconstruction_2026_04_26/boardmix_mindmap/method_figures/2604.11302_World-Model-Based.png
2604.11983,A Geometric Algebra-informed NeRF Framework for Generalizable Wireless Channel Prediction,extracted_embedded_figure,512x512,/Volumes/UBag/Documents/l40server_mirror/lyra/Lyra-2/paper_collection_3d4d_reconstruction_2026_04_26/boardmix_mindmap/method_figures/2604.11983_NeRF.png
2601.09211,Affostruction: 3D Affordance Grounding with Generative Reconstruction,extracted_embedded_figure,900x762,/Volumes/UBag/Documents/l40server_mirror/lyra/Lyra-2/paper_collection_3d4d_reconstruction_2026_04_26/boardmix_mindmap/method_figures/2601.09211_Affostruction.png
2604.11386,ComSim: Building Scalable Real-World Robot Data Generation via Compositional Simulation,extracted_embedded_figure,900x777,/Volumes/UBag/Documents/l40server_mirror/lyra/Lyra-2/paper_collection_3d4d_reconstruction_2026_04_26/boardmix_mindmap/method_figures/2604.11386_ComSim.png
2604.11401,GS4City: Hierarchical Semantic Gaussian Splatting via City-Model Priors,extracted_embedded_figure,900x664,/Volumes/UBag/Documents/l40server_mirror/lyra/Lyra-2/paper_collection_3d4d_reconstruction_2026_04_26/boardmix_mindmap/method_figures/2604.11401_GS4City.png
2604.07209,INSPATIO-WORLD: A Real-Time 4D World Simulator via Spatiotemporal Autoregressive Modeling,extracted_embedded_figure,900x519,/Volumes/UBag/Documents/l40server_mirror/lyra/Lyra-2/paper_collection_3d4d_reconstruction_2026_04_26/boardmix_mindmap/method_figures/2604.07209_INSPATIO-WORLD.png
2604.10994,LumiMotion: Improving Gaussian Relighting with Scene Dynamics,extracted_embedded_figure,900x1262,/Volumes/UBag/Documents/l40server_mirror/lyra/Lyra-2/paper_collection_3d4d_reconstruction_2026_04_26/boardmix_mindmap/method_figures/2604.10994_LumiMotion.png
2604.11142,Naka-GS: A Bionics-inspired Dual-Branch Naka Correction and Progressive Point Pruning for Low-Light 3DGS,extracted_embedded_figure,900x189,/Volumes/UBag/Documents/l40server_mirror/lyra/Lyra-2/paper_collection_3d4d_reconstruction_2026_04_26/boardmix_mindmap/method_figures/2604.11142_Naka-GS.png
2604.11992,ReefMapGS: Enabling Large-Scale Underwater Reconstruction by Closing the Loop Between Multimodal SLAM and Gaussian Splatting,extracted_embedded_figure,900x506,/Volumes/UBag/Documents/l40server_mirror/lyra/Lyra-2/paper_collection_3d4d_reconstruction_2026_04_26/boardmix_mindmap/method_figures/2604.11992_ReefMapGS.png
2603.12639,RoboStereo: Dual-Tower 4D Embodied World Models for Unified Policy Optimization,extracted_embedded_figure,900x637,/Volumes/UBag/Documents/l40server_mirror/lyra/Lyra-2/paper_collection_3d4d_reconstruction_2026_04_26/boardmix_mindmap/method_figures/2603.12639_RoboStereo.png
2603.28287,TerraSky3D: Multi-View Reconstructions of European Landmarks in 4K,extracted_embedded_figure,900x1599,/Volumes/UBag/Documents/l40server_mirror/lyra/Lyra-2/paper_collection_3d4d_reconstruction_2026_04_26/boardmix_mindmap/method_figures/2603.28287_TerraSky3D.png
2604.11685,Unfolding 3D Gaussian Splatting via Iterative Gaussian Synopsis,placeholder_or_no_embedded_method_figure,900x520,/Volumes/UBag/Documents/l40server_mirror/lyra/Lyra-2/paper_collection_3d4d_reconstruction_2026_04_26/boardmix_mindmap/method_figures/2604.11685_paper.png
2604.12251,ArtifactWorld: Scaling 3D Gaussian Splatting Artifact Restoration via Video Generation Models,extracted_embedded_figure,900x1020,/Volumes/UBag/Documents/l40server_mirror/lyra/Lyra-2/paper_collection_3d4d_reconstruction_2026_04_26/boardmix_mindmap/method_figures/2604.12251_ArtifactWorld.png
2604.0841,BLaDA: Bridging Language to Functional Dexterous Actions within 3DGS Fields,extracted_embedded_figure,375x281,/Volumes/UBag/Documents/l40server_mirror/lyra/Lyra-2/paper_collection_3d4d_reconstruction_2026_04_26/boardmix_mindmap/method_figures/2604.08410_BLaDA.png
2602.15355,DAV-GSWT: Diffusion-Active-View Sampling for Data-Efficient Gaussian Splatting Wang Tiles,extracted_embedded_figure,900x443,/Volumes/UBag/Documents/l40server_mirror/lyra/Lyra-2/paper_collection_3d4d_reconstruction_2026_04_26/boardmix_mindmap/method_figures/2602.15355_DAV-GSWT.png
2604.12592,ELoG-GS: Dual-Branch Gaussian Splatting with Luminance-Guided Enhancement for Extreme Low-light 3D Reconstruction,extracted_embedded_figure,844x560,/Volumes/UBag/Documents/l40server_mirror/lyra/Lyra-2/paper_collection_3d4d_reconstruction_2026_04_26/boardmix_mindmap/method_figures/2604.12592_ELoG-GS.png
2604.12837,GGD-SLAM: Monocular 3DGS SLAM Powered by Generalizable Motion Model for Dynamic Environments,extracted_embedded_figure,640x480,/Volumes/UBag/Documents/l40server_mirror/lyra/Lyra-2/paper_collection_3d4d_reconstruction_2026_04_26/boardmix_mindmap/method_figures/2604.12837_GGD-SLAM.png
2604.12626,Habitat-GS: A High-Fidelity Navigation Simulator with Dynamic Gaussian Splatting,extracted_embedded_figure,900x900,/Volumes/UBag/Documents/l40server_mirror/lyra/Lyra-2/paper_collection_3d4d_reconstruction_2026_04_26/boardmix_mindmap/method_figures/2604.12626_Habitat-GS.png
2604.1334,MSGS: Multispectral 3D Gaussian Splatting,extracted_embedded_figure,900x572,/Volumes/UBag/Documents/l40server_mirror/lyra/Lyra-2/paper_collection_3d4d_reconstruction_2026_04_26/boardmix_mindmap/method_figures/2604.13340_MSGS.png
2604.13235,Neural 3D Reconstruction of Planetary Surfaces from Descent-Phase Wide-Angle Imagery,extracted_embedded_figure,900x900,/Volumes/UBag/Documents/l40server_mirror/lyra/Lyra-2/paper_collection_3d4d_reconstruction_2026_04_26/boardmix_mindmap/method_figures/2604.13235_Descent-Phase.png
2604.13153,PatchPoison: Poisoning Multi-View Datasets to Degrade 3D Reconstruction,extracted_embedded_figure,900x304,/Volumes/UBag/Documents/l40server_mirror/lyra/Lyra-2/paper_collection_3d4d_reconstruction_2026_04_26/boardmix_mindmap/method_figures/2604.13153_PatchPoison.png
2604.12923,Pi-HOC: Pairwise 3D Human-Object Contact Estimation,extracted_embedded_figure,900x195,/Volumes/UBag/Documents/l40server_mirror/lyra/Lyra-2/paper_collection_3d4d_reconstruction_2026_04_26/boardmix_mindmap/method_figures/2604.12923_Pi-HOC.png
2604.12908,Robotic Manipulation is Vision-to-Geometry Mapping ($f(v) \rightarrow G$): Vision-Geometry Backbones over Language and Video Models,extracted_embedded_figure,900x674,/Volumes/UBag/Documents/l40server_mirror/lyra/Lyra-2/paper_collection_3d4d_reconstruction_2026_04_26/boardmix_mindmap/method_figures/2604.12908_to-Geometry.png
2604.13333,SSD-GS: Scattering and Shadow Decomposition for Relightable 3D Gaussian Splatting,extracted_embedded_figure,900x378,/Volumes/UBag/Documents/l40server_mirror/lyra/Lyra-2/paper_collection_3d4d_reconstruction_2026_04_26/boardmix_mindmap/method_figures/2604.13333_SSD-GS.png
2604.06168,Action Images: End-to-End Policy Learning via Multiview Video Generation,extracted_embedded_figure,900x502,/Volumes/UBag/Documents/l40server_mirror/lyra/Lyra-2/paper_collection_3d4d_reconstruction_2026_04_26/boardmix_mindmap/method_figures/2604.06168_Action_Images.png
2604.13856,Any3DAvatar: Fast and High-Quality Full-Head 3D Avatar Reconstruction from Single Portrait Image,extracted_embedded_figure,900x900,/Volumes/UBag/Documents/l40server_mirror/lyra/Lyra-2/paper_collection_3d4d_reconstruction_2026_04_26/boardmix_mindmap/method_figures/2604.13856_Any3DAvatar.png
2604.13746,ClipGStream: Clip-Stream Gaussian Splatting for Any Length and Any Motion Multi-View Dynamic Scene Reconstruction,extracted_embedded_figure,900x669,/Volumes/UBag/Documents/l40server_mirror/lyra/Lyra-2/paper_collection_3d4d_reconstruction_2026_04_26/boardmix_mindmap/method_figures/2604.13746_ClipGStream.png
2604.13416,DF3DV-1K: A Large-Scale Dataset and Benchmark for Distractor-Free Novel View Synthesis,extracted_embedded_figure,900x257,/Volumes/UBag/Documents/l40server_mirror/lyra/Lyra-2/paper_collection_3d4d_reconstruction_2026_04_26/boardmix_mindmap/method_figures/2604.13416_DF3DV-1K.png
2604.14025,Feed-Forward 3D Scene Modeling: A Problem-Driven Perspective,extracted_embedded_figure,657x176,/Volumes/UBag/Documents/l40server_mirror/lyra/Lyra-2/paper_collection_3d4d_reconstruction_2026_04_26/boardmix_mindmap/method_figures/2604.14025_Feed-Forward_3D_Scene_Modeling.png
2604.14048,Free Geometry: Refining 3D Reconstruction from Longer Versions of Itself,extracted_embedded_figure,900x490,/Volumes/UBag/Documents/l40server_mirror/lyra/Lyra-2/paper_collection_3d4d_reconstruction_2026_04_26/boardmix_mindmap/method_figures/2604.14048_Free_Geometry.png
2604.14268,"HY-World 2.0: A Multi-Modal World Model for Reconstructing, Generating, and Simulating 3D Worlds",extracted_embedded_figure,900x506,/Volumes/UBag/Documents/l40server_mirror/lyra/Lyra-2/paper_collection_3d4d_reconstruction_2026_04_26/boardmix_mindmap/method_figures/2604.14268_HY-World_2.0.png
2604.13918,PartNerFace: Part-based Neural Radiance Fields for Animatable Facial Avatar Reconstruction,extracted_embedded_figure,900x437,/Volumes/UBag/Documents/l40server_mirror/lyra/Lyra-2/paper_collection_3d4d_reconstruction_2026_04_26/boardmix_mindmap/method_figures/2604.13918_PartNerFace.png
2604.13492,RadarSplat-RIO: Indoor Radar-Inertial Odometry with Gaussian Splatting-Based Radar Bundle Adjustment,extracted_embedded_figure,900x1012,/Volumes/UBag/Documents/l40server_mirror/lyra/Lyra-2/paper_collection_3d4d_reconstruction_2026_04_26/boardmix_mindmap/method_figures/2604.13492_RadarSplat-RIO.png
2604.13905,"Rethinking Image-to-3D Generation with Sparse Queries: Efficiency, Capacity, and Input-View Bias",extracted_embedded_figure,479x479,/Volumes/UBag/Documents/l40server_mirror/lyra/Lyra-2/paper_collection_3d4d_reconstruction_2026_04_26/boardmix_mindmap/method_figures/2604.13905_to-3D.png
2604.13476,RobotPan: A 360$^\circ$ Surround-View Robotic Vision System for Embodied Perception,extracted_embedded_figure,900x328,/Volumes/UBag/Documents/l40server_mirror/lyra/Lyra-2/paper_collection_3d4d_reconstruction_2026_04_26/boardmix_mindmap/method_figures/2604.13476_RobotPan.png
2602.17909,A Single Image and Multimodality Is All You Need for Novel View Synthesis,extracted_embedded_figure,900x565,/Volumes/UBag/Documents/l40server_mirror/lyra/Lyra-2/paper_collection_3d4d_reconstruction_2026_04_26/boardmix_mindmap/method_figures/2602.17909_paper.png
2604.15052,CAVERS: Multimodal SLAM Data from a Natural Karstic Cave with Ground Truth Motion Capture,extracted_embedded_figure,900x900,/Volumes/UBag/Documents/l40server_mirror/lyra/Lyra-2/paper_collection_3d4d_reconstruction_2026_04_26/boardmix_mindmap/method_figures/2604.15052_CAVERS.png
2603.0769,FrameVGGT: Geometry-Aligned Frame-Level Memory for Bounded Streaming VGGT,placeholder_or_no_embedded_method_figure,900x520,/Volumes/UBag/Documents/l40server_mirror/lyra/Lyra-2/paper_collection_3d4d_reconstruction_2026_04_26/boardmix_mindmap/method_figures/2603.07690_FrameVGGT.png
2604.14141,Geometric Context Transformer for Streaming 3D Reconstruction,extracted_embedded_figure,900x141,/Volumes/UBag/Documents/l40server_mirror/lyra/Lyra-2/paper_collection_3d4d_reconstruction_2026_04_26/boardmix_mindmap/method_figures/2604.14141_paper.png
2604.14706,NG-GS: NeRF-Guided 3D Gaussian Splatting Segmentation,extracted_embedded_figure,900x401,/Volumes/UBag/Documents/l40server_mirror/lyra/Lyra-2/paper_collection_3d4d_reconstruction_2026_04_26/boardmix_mindmap/method_figures/2604.14706_NG-GS.png
2604.1258,PDF-GS: Progressive Distractor Filtering for Robust 3D Gaussian Splatting,extracted_embedded_figure,900x900,/Volumes/UBag/Documents/l40server_mirror/lyra/Lyra-2/paper_collection_3d4d_reconstruction_2026_04_26/boardmix_mindmap/method_figures/2604.12580_PDF-GS.png
2604.15239,TokenGS: Decoupling 3D Gaussian Prediction from Pixels with Learnable Tokens,extracted_embedded_figure,715x417,/Volumes/UBag/Documents/l40server_mirror/lyra/Lyra-2/paper_collection_3d4d_reconstruction_2026_04_26/boardmix_mindmap/method_figures/2604.15239_TokenGS.png
2604.15875,CLOTH-HUGS: Cloth Aware Human Gaussian Splatting,extracted_embedded_figure,900x253,/Volumes/UBag/Documents/l40server_mirror/lyra/Lyra-2/paper_collection_3d4d_reconstruction_2026_04_26/boardmix_mindmap/method_figures/2604.15875_CLOTH-HUGS.png
2604.15612,GaussianFlow SLAM: Monocular Gaussian Splatting SLAM Guided by GaussianFlow,extracted_embedded_figure,900x437,/Volumes/UBag/Documents/l40server_mirror/lyra/Lyra-2/paper_collection_3d4d_reconstruction_2026_04_26/boardmix_mindmap/method_figures/2604.15612_GaussianFlow_SLAM.png
2604.15284,GlobalSplat: Efficient Feed-Forward 3D Gaussian Splatting via Global Scene Tokens,extracted_embedded_figure,900x502,/Volumes/UBag/Documents/l40server_mirror/lyra/Lyra-2/paper_collection_3d4d_reconstruction_2026_04_26/boardmix_mindmap/method_figures/2604.15284_GlobalSplat.png
2604.16747,"Incoherent Deformation, Not Capacity: Diagnosing and Mitigating Overfitting in Dynamic Gaussian Splatting",extracted_embedded_figure,900x331,/Volumes/UBag/Documents/l40server_mirror/lyra/Lyra-2/paper_collection_3d4d_reconstruction_2026_04_26/boardmix_mindmap/method_figures/2604.16747_Incoherent_Deformation_Not_Capacity.png
2604.15941,Neural Gabor Splatting: Enhanced Gaussian Splatting with Neural Gabor for High-frequency Surface Reconstruction,extracted_embedded_figure,900x505,/Volumes/UBag/Documents/l40server_mirror/lyra/Lyra-2/paper_collection_3d4d_reconstruction_2026_04_26/boardmix_mindmap/method_figures/2604.15941_Neural_Gabor_Splatting.png
2604.1654,PoInit-of-View: Poisoning Initialization of Views Transfers Across Multiple 3D Reconstruction Systems,extracted_embedded_figure,900x548,/Volumes/UBag/Documents/l40server_mirror/lyra/Lyra-2/paper_collection_3d4d_reconstruction_2026_04_26/boardmix_mindmap/method_figures/2604.16540_PoInit-of-View.png
2604.15862,Splats in Splats++: Robust and Generalizable 3D Gaussian Splatting Steganography,extracted_embedded_figure,900x887,/Volumes/UBag/Documents/l40server_mirror/lyra/Lyra-2/paper_collection_3d4d_reconstruction_2026_04_26/boardmix_mindmap/method_figures/2604.15862_Splats_in_Splats.png
2604.17155,Instant Colorization of Gaussian Splats,extracted_embedded_figure,900x675,/Volumes/UBag/Documents/l40server_mirror/lyra/Lyra-2/paper_collection_3d4d_reconstruction_2026_04_26/boardmix_mindmap/method_figures/2604.17155_Instant_Colorization_of_Gaussian_Splats.png
2604.1691,LAGS: Low-Altitude Gaussian Splatting with Groupwise Heterogeneous Graph Learning,placeholder_or_no_embedded_method_figure,900x520,/Volumes/UBag/Documents/l40server_mirror/lyra/Lyra-2/paper_collection_3d4d_reconstruction_2026_04_26/boardmix_mindmap/method_figures/2604.16910_LAGS.png
2604.17651,Infrastructure-Centric World Models: Bridging Temporal Depth and Spatial Breadth for Roadside Perception,placeholder_or_no_embedded_method_figure,900x520,/Volumes/UBag/Documents/l40server_mirror/lyra/Lyra-2/paper_collection_3d4d_reconstruction_2026_04_26/boardmix_mindmap/method_figures/2604.17651_Infrastructure-Centric_World_Models.png
2604.18205,A Comparative Evaluation of Geometric Accuracy in NeRF and Gaussian Splatting,placeholder_or_no_embedded_method_figure,900x520,/Volumes/UBag/Documents/l40server_mirror/lyra/Lyra-2/paper_collection_3d4d_reconstruction_2026_04_26/boardmix_mindmap/method_figures/2604.18205_NeRF.png
2604.18468,Asset Harvester: Extracting 3D Assets from Autonomous Driving Logs for Simulation,extracted_embedded_figure,900x360,/Volumes/UBag/Documents/l40server_mirror/lyra/Lyra-2/paper_collection_3d4d_reconstruction_2026_04_26/boardmix_mindmap/method_figures/2604.18468_Asset_Harvester.png
2604.04787,AvatarPointillist: AutoRegressive 4D Gaussian Avatarization,extracted_embedded_figure,900x1018,/Volumes/UBag/Documents/l40server_mirror/lyra/Lyra-2/paper_collection_3d4d_reconstruction_2026_04_26/boardmix_mindmap/method_figures/2604.04787_AvatarPointillist.png
2604.18336,Enhancing Glass Surface Reconstruction via Depth Prior for Robot Navigation,extracted_embedded_figure,900x407,/Volumes/UBag/Documents/l40server_mirror/lyra/Lyra-2/paper_collection_3d4d_reconstruction_2026_04_26/boardmix_mindmap/method_figures/2604.18336_paper.png
2604.17721,GeGS-PCR: Effective and Robust 3D Point Cloud Registration with Two-Stage Color-Enhanced Geometric-3DGS Fusion,extracted_embedded_figure,900x314,/Volumes/UBag/Documents/l40server_mirror/lyra/Lyra-2/paper_collection_3d4d_reconstruction_2026_04_26/boardmix_mindmap/method_figures/2604.17721_GeGS-PCR.png
2604.18047,GS-STVSR: Ultra-Efficient Continuous Spatio-Temporal Video Super-Resolution via 2D Gaussian Splatting,extracted_embedded_figure,900x506,/Volumes/UBag/Documents/l40server_mirror/lyra/Lyra-2/paper_collection_3d4d_reconstruction_2026_04_26/boardmix_mindmap/method_figures/2604.18047_GS-STVSR.png
2603.2053,Memory Over Maps: 3D Object Localization Without Reconstruction,extracted_embedded_figure,900x483,/Volumes/UBag/Documents/l40server_mirror/lyra/Lyra-2/paper_collection_3d4d_reconstruction_2026_04_26/boardmix_mindmap/method_figures/2603.20530_Memory_Over_Maps.png
2604.17965,MU-GeNeRF: Multi-view Uncertainty-guided Generalizable Neural Radiance Fields for Distractor-aware Scene,extracted_embedded_figure,900x408,/Volumes/UBag/Documents/l40server_mirror/lyra/Lyra-2/paper_collection_3d4d_reconstruction_2026_04_26/boardmix_mindmap/method_figures/2604.17965_MU-GeNeRF.png
2604.17831,PCM-NeRF: Probabilistic Camera Modeling for Neural Radiance Fields under Pose Uncertainty,extracted_embedded_figure,900x633,/Volumes/UBag/Documents/l40server_mirror/lyra/Lyra-2/paper_collection_3d4d_reconstruction_2026_04_26/boardmix_mindmap/method_figures/2604.17831_PCM-NeRF.png
2604.17727,Voronoi-guided Bilateral 2D Gaussian Splatting for Arbitrary-Scale Hyperspectral Image Super-Resolution,extracted_embedded_figure,900x436,/Volumes/UBag/Documents/l40server_mirror/lyra/Lyra-2/paper_collection_3d4d_reconstruction_2026_04_26/boardmix_mindmap/method_figures/2604.17727_Arbitrary-Scale.png
2604.1898,AdaGScale: Viewpoint-Adaptive Gaussian Scaling in 3D Gaussian Splatting to Reduce Gaussian-Tile Pairs,extracted_embedded_figure,237x148,/Volumes/UBag/Documents/l40server_mirror/lyra/Lyra-2/paper_collection_3d4d_reconstruction_2026_04_26/boardmix_mindmap/method_figures/2604.18980_AdaGScale.png
2604.19216,An Object-Centered Data Acquisition Method for 3D Gaussian Splatting using Mobile Phones,placeholder_or_no_embedded_method_figure,900x520,/Volumes/UBag/Documents/l40server_mirror/lyra/Lyra-2/paper_collection_3d4d_reconstruction_2026_04_26/boardmix_mindmap/method_figures/2604.19216_Object-Centered.png
2604.19747,AnyRecon: Arbitrary-View 3D Reconstruction with Video Diffusion Model,extracted_embedded_figure,900x514,/Volumes/UBag/Documents/l40server_mirror/lyra/Lyra-2/paper_collection_3d4d_reconstruction_2026_04_26/boardmix_mindmap/method_figures/2604.19747_AnyRecon.png
2604.19133,BALTIC: A Benchmark and Cross-Domain Strategy for 3D Reconstruction Across Air and Underwater Domains Under Varying Illumination,extracted_embedded_figure,900x142,/Volumes/UBag/Documents/l40server_mirror/lyra/Lyra-2/paper_collection_3d4d_reconstruction_2026_04_26/boardmix_mindmap/method_figures/2604.19133_BALTIC.png
2604.20046,Gaussians on a Diet: High-Quality Memory-Bounded 3D Gaussian Splatting Training,extracted_embedded_figure,778x582,/Volumes/UBag/Documents/l40server_mirror/lyra/Lyra-2/paper_collection_3d4d_reconstruction_2026_04_26/boardmix_mindmap/method_figures/2604.20046_Gaussians_on_a_Diet.png
2604.19624,GRAFT: Geometric Refinement and Fitting Transformer for Human Scene Reconstruction,extracted_embedded_figure,900x900,/Volumes/UBag/Documents/l40server_mirror/lyra/Lyra-2/paper_collection_3d4d_reconstruction_2026_04_26/boardmix_mindmap/method_figures/2604.19624_GRAFT.png
2604.19673,InHabit: Leveraging Image Foundation Models for Scalable 3D Human Placement,extracted_embedded_figure,900x506,/Volumes/UBag/Documents/l40server_mirror/lyra/Lyra-2/paper_collection_3d4d_reconstruction_2026_04_26/boardmix_mindmap/method_figures/2604.19673_InHabit.png
2604.18564,MultiWorld: Scalable Multi-Agent Multi-View Video World Models,extracted_embedded_figure,900x900,/Volumes/UBag/Documents/l40server_mirror/lyra/Lyra-2/paper_collection_3d4d_reconstruction_2026_04_26/boardmix_mindmap/method_figures/2604.18564_MultiWorld.png
2604.19127,OT-UVGS: Revisiting UV Mapping for Gaussian Splatting as a Capacity Allocation Problem,extracted_embedded_figure,900x599,/Volumes/UBag/Documents/l40server_mirror/lyra/Lyra-2/paper_collection_3d4d_reconstruction_2026_04_26/boardmix_mindmap/method_figures/2604.19127_OT-UVGS.png
2604.19556,Paparazzo: Active Mapping of Moving 3D Objects,extracted_embedded_figure,900x600,/Volumes/UBag/Documents/l40server_mirror/lyra/Lyra-2/paper_collection_3d4d_reconstruction_2026_04_26/boardmix_mindmap/method_figures/2604.19556_Paparazzo.png
2604.19349,RAFT-MSF++: Temporal Geometry-Motion Feature Fusion for Self-Supervised Monocular Scene Flow,extracted_embedded_figure,900x946,/Volumes/UBag/Documents/l40server_mirror/lyra/Lyra-2/paper_collection_3d4d_reconstruction_2026_04_26/boardmix_mindmap/method_figures/2604.19349_RAFT-MSF.png
2604.05301,SmokeGS-R: Physics-Guided Pseudo-Clean 3DGS for Real-World Multi-View Smoke Restoration,extracted_embedded_figure,900x502,/Volumes/UBag/Documents/l40server_mirror/lyra/Lyra-2/paper_collection_3d4d_reconstruction_2026_04_26/boardmix_mindmap/method_figures/2604.05301_SmokeGS-R.png
2604.19923,UniCon3R: Contact-aware 3D Human-Scene Reconstruction from Monocular Video,extracted_embedded_figure,900x365,/Volumes/UBag/Documents/l40server_mirror/lyra/Lyra-2/paper_collection_3d4d_reconstruction_2026_04_26/boardmix_mindmap/method_figures/2604.19923_UniCon3R.png
2604.19257,Unposed-to-3D: Learning Simulation-Ready Vehicles from Real-World Images,extracted_embedded_figure,512x311,/Volumes/UBag/Documents/l40server_mirror/lyra/Lyra-2/paper_collection_3d4d_reconstruction_2026_04_26/boardmix_mindmap/method_figures/2604.19257_Unposed-to-3D.png
2604.05687,3D Smoke Scene Reconstruction Guided by Vision Priors from Multimodal Large Language Models,extracted_embedded_figure,900x591,/Volumes/UBag/Documents/l40server_mirror/lyra/Lyra-2/paper_collection_3d4d_reconstruction_2026_04_26/boardmix_mindmap/method_figures/2604.05687_paper.png
2604.11098,Efficient Transceiver Design for Aerial Image Transmission and Large-scale Scene Reconstruction,extracted_embedded_figure,900x450,/Volumes/UBag/Documents/l40server_mirror/lyra/Lyra-2/paper_collection_3d4d_reconstruction_2026_04_26/boardmix_mindmap/method_figures/2604.11098_paper.png
2604.20784,GeoRect4D: Geometry-Compatible Generative Rectification for Dynamic Sparse-View 3D Reconstruction,extracted_embedded_figure,900x377,/Volumes/UBag/Documents/l40server_mirror/lyra/Lyra-2/paper_collection_3d4d_reconstruction_2026_04_26/boardmix_mindmap/method_figures/2604.20784_GeoRect4D.png
2604.20155,GSCompleter: A Distillation-Free Plugin for Metric-Aware 3D Gaussian Splatting Completion in Seconds,extracted_embedded_figure,900x900,/Volumes/UBag/Documents/l40server_mirror/lyra/Lyra-2/paper_collection_3d4d_reconstruction_2026_04_26/boardmix_mindmap/method_figures/2604.20155_GSCompleter.png
2604.19683,Mask World Model: Predicting What Matters for Robust Robot Policy Learning,extracted_embedded_figure,900x563,/Volumes/UBag/Documents/l40server_mirror/lyra/Lyra-2/paper_collection_3d4d_reconstruction_2026_04_26/boardmix_mindmap/method_figures/2604.19683_Mask_World_Model.png
2603.20714,The Role and Relationship of Initialization and Densification in 3D Gaussian Splatting,placeholder_or_no_embedded_method_figure,900x520,/Volumes/UBag/Documents/l40server_mirror/lyra/Lyra-2/paper_collection_3d4d_reconstruction_2026_04_26/boardmix_mindmap/method_figures/2603.20714_paper.png
2604.20151,Toward Safe Autonomous Robotic Endovascular Interventions using World Models,extracted_embedded_figure,900x1032,/Volumes/UBag/Documents/l40server_mirror/lyra/Lyra-2/paper_collection_3d4d_reconstruction_2026_04_26/boardmix_mindmap/method_figures/2604.20151_paper.png
2604.13589,Dehaze-then-Splat: Generative Dehazing with Physics-Informed 3D Gaussian Splatting for Smoke-Free Novel View Synthesis,extracted_embedded_figure,900x639,/Volumes/UBag/Documents/l40server_mirror/lyra/Lyra-2/paper_collection_3d4d_reconstruction_2026_04_26/boardmix_mindmap/method_figures/2604.13589_Dehaze-then-Splat.png
2604.21631,DualSplat: Robust 3D Gaussian Splatting via Pseudo-Mask Bootstrapping from Reconstruction Failures,extracted_embedded_figure,900x222,/Volumes/UBag/Documents/l40server_mirror/lyra/Lyra-2/paper_collection_3d4d_reconstruction_2026_04_26/boardmix_mindmap/method_figures/2604.21631_DualSplat.png
2604.21741,Hi-WM: Human-in-the-World-Model for Scalable Robot Post-Training,extracted_embedded_figure,900x675,/Volumes/UBag/Documents/l40server_mirror/lyra/Lyra-2/paper_collection_3d4d_reconstruction_2026_04_26/boardmix_mindmap/method_figures/2604.21741_Hi-WM.png
2604.21713,Unlocking the Power of Critical Factors for 3D Visual Geometry Estimation,placeholder_or_no_embedded_method_figure,900x520,/Volumes/UBag/Documents/l40server_mirror/lyra/Lyra-2/paper_collection_3d4d_reconstruction_2026_04_26/boardmix_mindmap/method_figures/2604.21713_paper.png
2604.21915,Vista4D: Video Reshooting with 4D Point Clouds,extracted_embedded_figure,900x585,/Volumes/UBag/Documents/l40server_mirror/lyra/Lyra-2/paper_collection_3d4d_reconstruction_2026_04_26/boardmix_mindmap/method_figures/2604.21915_Vista4D.png
2604.21914,VistaBot: View-Robust Robot Manipulation via Spatiotemporal-Aware View Synthesis,extracted_embedded_figure,900x562,/Volumes/UBag/Documents/l40server_mirror/lyra/Lyra-2/paper_collection_3d4d_reconstruction_2026_04_26/boardmix_mindmap/method_figures/2604.21914_VistaBot.png
2604.21182,WildSplatter: Feed-forward 3D Gaussian Splatting with Appearance Control from Unconstrained Images,extracted_embedded_figure,900x340,/Volumes/UBag/Documents/l40server_mirror/lyra/Lyra-2/paper_collection_3d4d_reconstruction_2026_04_26/boardmix_mindmap/method_figures/2604.21182_WildSplatter.png
