arxiv_id	year	source_group	tags	title	authors	categories	pdf_path	zotero_status
1804.02505	2018	curated-pre2026	Codex:3D-Reconstruction,Codex:3D4D-Reconstruction	MVSNet: Depth Inference for Unstructured Multi-view Stereo	Yao Yao; Zixin Luo; Shiwei Li; Tian Fang; Long Quan	cs.CV	/Volumes/UBag/Documents/l40server_mirror/lyra/Lyra-2/paper_collection_3d4d_reconstruction_2026_04_26/pdfs/2018_MVSNet_Depth_Inference_for_Unstructured_Multi_view_Stereo_1804.02505.pdf	imported
1906.07751	2019	curated-pre2026	Codex:3D4D-Reconstruction	Neural Volumes: Learning Dynamic Renderable Volumes from Images	Stephen Lombardi; Tomas Simon; Jason Saragih; Gabriel Schwartz; Andreas Lehrmann; Yaser Sheikh	cs.GR cs.CV	/Volumes/UBag/Documents/l40server_mirror/lyra/Lyra-2/paper_collection_3d4d_reconstruction_2026_04_26/pdfs/2019_Neural_Volumes_Learning_Dynamic_Renderable_Volumes_from_Images_1906.07751.pdf	imported
2003.08934	2020	curated-pre2026	Codex:3D-Reconstruction,Codex:3D4D-Reconstruction	NeRF: Representing Scenes as Neural Radiance Fields for View Synthesis	Ben Mildenhall; Pratul P. Srinivasan; Matthew Tancik; Jonathan T. Barron; Ravi Ramamoorthi; Ren Ng	cs.CV cs.GR	/Volumes/UBag/Documents/l40server_mirror/lyra/Lyra-2/paper_collection_3d4d_reconstruction_2026_04_26/pdfs/2020_NeRF_Representing_Scenes_as_Neural_Radiance_Fields_for_View_Synthesis_2003.08934.pdf	imported
2003.09852	2020	curated-pre2026	Codex:3D-Reconstruction,Codex:3D4D-Reconstruction	Multiview Neural Surface Reconstruction by Disentangling Geometry and Appearance	Lior Yariv; Yoni Kasten; Dror Moran; Meirav Galun; Matan Atzmon; Ronen Basri; Yaron Lipman	cs.CV cs.GR cs.LG	/Volumes/UBag/Documents/l40server_mirror/lyra/Lyra-2/paper_collection_3d4d_reconstruction_2026_04_26/pdfs/2020_Multiview_Neural_Surface_Reconstruction_by_Disentangling_Geometry_and_Appearance_2003.09852.pdf	imported
2011.13961	2020	curated-pre2026	Codex:3D-Reconstruction,Codex:3D4D-Reconstruction	D-NeRF: Neural Radiance Fields for Dynamic Scenes	Albert Pumarola; Enric Corona; Gerard Pons-Moll; Francesc Moreno-Noguer	cs.CV	/Volumes/UBag/Documents/l40server_mirror/lyra/Lyra-2/paper_collection_3d4d_reconstruction_2026_04_26/pdfs/2020_D_NeRF_Neural_Radiance_Fields_for_Dynamic_Scenes_2011.13961.pdf	imported
2104.00681	2021	curated-pre2026	Codex:3D-Reconstruction,Codex:3D4D-Reconstruction	NeuralRecon: Real-Time Coherent 3D Reconstruction from Monocular Video	Jiaming Sun; Yiming Xie; Linghao Chen; Xiaowei Zhou; Hujun Bao	cs.CV cs.RO	/Volumes/UBag/Documents/l40server_mirror/lyra/Lyra-2/paper_collection_3d4d_reconstruction_2026_04_26/pdfs/2021_NeuralRecon_Real_Time_Coherent_3D_Reconstruction_from_Monocular_Video_2104.00681.pdf	imported
2102.13090	2021	curated-pre2026	Codex:3D-Reconstruction,Codex:3D4D-Reconstruction	IBRNet: Learning Multi-View Image-Based Rendering	Qianqian Wang; Zhicheng Wang; Kyle Genova; Pratul Srinivasan; Howard Zhou; Jonathan T. Barron; Ricardo Martin-Brualla; Noah Snavely; Thomas Funkhouser	cs.CV	/Volumes/UBag/Documents/l40server_mirror/lyra/Lyra-2/paper_collection_3d4d_reconstruction_2026_04_26/pdfs/2021_IBRNet_Learning_Multi_View_Image_Based_Rendering_2102.13090.pdf	imported
2011.13084	2021	curated-pre2026	Codex:3D4D-Reconstruction,Codex:4D-Reconstruction	Neural Scene Flow Fields for Space-Time View Synthesis of Dynamic Scenes	Zhengqi Li; Simon Niklaus; Noah Snavely; Oliver Wang	cs.CV	/Volumes/UBag/Documents/l40server_mirror/lyra/Lyra-2/paper_collection_3d4d_reconstruction_2026_04_26/pdfs/2021_Neural_Scene_Flow_Fields_for_Space_Time_View_Synthesis_of_Dynamic_Scenes_2011.13084.pdf	imported
2012.02190	2021	curated-pre2026	Codex:3D-Reconstruction,Codex:3D4D-Reconstruction	pixelNeRF: Neural Radiance Fields from One or Few Images	Alex Yu; Vickie Ye; Matthew Tancik; Angjoo Kanazawa	cs.CV cs.GR cs.LG	/Volumes/UBag/Documents/l40server_mirror/lyra/Lyra-2/paper_collection_3d4d_reconstruction_2026_04_26/pdfs/2021_pixelNeRF_Neural_Radiance_Fields_from_One_or_Few_Images_2012.02190.pdf	imported
2106.13228	2021	curated-pre2026	Codex:3D-Reconstruction,Codex:3D4D-Reconstruction	HyperNeRF: A Higher-Dimensional Representation for Topologically Varying Neural Radiance Fields	Keunhong Park; Utkarsh Sinha; Peter Hedman; Jonathan T. Barron; Sofien Bouaziz; Dan B Goldman; Ricardo Martin-Brualla; Steven M. Seitz	cs.CV cs.GR	/Volumes/UBag/Documents/l40server_mirror/lyra/Lyra-2/paper_collection_3d4d_reconstruction_2026_04_26/pdfs/2021_HyperNeRF_A_Higher_Dimensional_Representation_for_Topologically_Varying_Neural_Radiance_Fi_2106.13228.pdf	imported
2011.12948	2021	curated-pre2026	Codex:3D-Reconstruction,Codex:3D4D-Reconstruction	Nerfies: Deformable Neural Radiance Fields	Keunhong Park; Utkarsh Sinha; Jonathan T. Barron; Sofien Bouaziz; Dan B Goldman; Steven M. Seitz; Ricardo Martin-Brualla	cs.CV cs.GR	/Volumes/UBag/Documents/l40server_mirror/lyra/Lyra-2/paper_collection_3d4d_reconstruction_2026_04_26/pdfs/2021_Nerfies_Deformable_Neural_Radiance_Fields_2011.12948.pdf	imported
2112.00724	2021	curated-pre2026	Codex:3D-Reconstruction,Codex:3D4D-Reconstruction	RegNeRF: Regularizing Neural Radiance Fields for View Synthesis from Sparse Inputs	Michael Niemeyer; Jonathan T. Barron; Ben Mildenhall; Mehdi S. M. Sajjadi; Andreas Geiger; Noha Radwan	cs.CV cs.AI cs.GR	/Volumes/UBag/Documents/l40server_mirror/lyra/Lyra-2/paper_collection_3d4d_reconstruction_2026_04_26/pdfs/2021_RegNeRF_Regularizing_Neural_Radiance_Fields_for_View_Synthesis_from_Sparse_Inputs_2112.00724.pdf	imported
2106.12052	2021	curated-pre2026	Codex:3D4D-Reconstruction	Volume Rendering of Neural Implicit Surfaces	Lior Yariv; Jiatao Gu; Yoni Kasten; Yaron Lipman	cs.CV	/Volumes/UBag/Documents/l40server_mirror/lyra/Lyra-2/paper_collection_3d4d_reconstruction_2026_04_26/pdfs/2021_Volume_Rendering_of_Neural_Implicit_Surfaces_2106.12052.pdf	imported
2108.10869	2022	curated-pre2026	Codex:3D-Reconstruction,Codex:3D4D-Reconstruction	DROID-SLAM: Deep Visual SLAM for Monocular, Stereo, and RGB-D Cameras	Zachary Teed; Jia Deng	cs.CV	/Volumes/UBag/Documents/l40server_mirror/lyra/Lyra-2/paper_collection_3d4d_reconstruction_2026_04_26/pdfs/2022_DROID_SLAM_Deep_Visual_SLAM_for_Monocular_Stereo_and_RGB_D_Cameras_2108.10869.pdf	imported
2111.12077	2022	curated-pre2026	Codex:3D-Reconstruction,Codex:3D4D-Reconstruction	Mip-NeRF 360: Unbounded Anti-Aliased Neural Radiance Fields	Jonathan T. Barron; Ben Mildenhall; Dor Verbin; Pratul P. Srinivasan; Peter Hedman	cs.CV cs.GR	/Volumes/UBag/Documents/l40server_mirror/lyra/Lyra-2/paper_collection_3d4d_reconstruction_2026_04_26/pdfs/2022_Mip_NeRF_360_Unbounded_Anti_Aliased_Neural_Radiance_Fields_2111.12077.pdf	imported
2112.12130	2022	curated-pre2026	Codex:3D4D-Reconstruction	NICE-SLAM: Neural Implicit Scalable Encoding for SLAM	Zihan Zhu; Songyou Peng; Viktor Larsson; Weiwei Xu; Hujun Bao; Zhaopeng Cui; Martin R. Oswald; Marc Pollefeys	cs.CV	/Volumes/UBag/Documents/l40server_mirror/lyra/Lyra-2/paper_collection_3d4d_reconstruction_2026_04_26/pdfs/2022_NICE_SLAM_Neural_Implicit_Scalable_Encoding_for_SLAM_2112.12130.pdf	imported
2103.02597	2022	curated-pre2026	Codex:3D-Reconstruction,Codex:3D4D-Reconstruction	Neural 3D Video Synthesis from Multi-view Video	Tianye Li; Mira Slavcheva; Michael Zollhoefer; Simon Green; Christoph Lassner; Changil Kim; Tanner Schmidt; Steven Lovegrove; Michael Goesele; Richard Newcombe; Zhaoyang Lv	cs.CV cs.GR	/Volumes/UBag/Documents/l40server_mirror/lyra/Lyra-2/paper_collection_3d4d_reconstruction_2026_04_26/pdfs/2022_Neural_3D_Video_Synthesis_from_Multi_view_Video_2103.02597.pdf	imported
2201.05989	2022	curated-pre2026	Codex:3D4D-Reconstruction	Instant Neural Graphics Primitives with a Multiresolution Hash Encoding	Thomas Müller; Alex Evans; Christoph Schied; Alexander Keller	cs.CV cs.GR cs.LG	/Volumes/UBag/Documents/l40server_mirror/lyra/Lyra-2/paper_collection_3d4d_reconstruction_2026_04_26/pdfs/2022_Instant_Neural_Graphics_Primitives_with_a_Multiresolution_Hash_Encoding_2201.05989.pdf	imported
2205.15285	2022	curated-pre2026	Codex:3D-Reconstruction,Codex:3D4D-Reconstruction	Fast Dynamic Radiance Fields with Time-Aware Neural Voxels	Jiemin Fang; Taoran Yi; Xinggang Wang; Lingxi Xie; Xiaopeng Zhang; Wenyu Liu; Matthias Nießner; Qi Tian	cs.CV cs.GR	/Volumes/UBag/Documents/l40server_mirror/lyra/Lyra-2/paper_collection_3d4d_reconstruction_2026_04_26/pdfs/2022_Fast_Dynamic_Radiance_Fields_with_Time_Aware_Neural_Voxels_2205.15285.pdf	imported
2209.14988	2022	curated-pre2026	Codex:3D-Reconstruction,Codex:3D4D-Reconstruction	DreamFusion: Text-to-3D using 2D Diffusion	Ben Poole; Ajay Jain; Jonathan T. Barron; Ben Mildenhall	cs.CV cs.LG stat.ML	/Volumes/UBag/Documents/l40server_mirror/lyra/Lyra-2/paper_collection_3d4d_reconstruction_2026_04_26/pdfs/2022_DreamFusion_Text_to_3D_using_2D_Diffusion_2209.14988.pdf	imported
2206.00665	2022	curated-pre2026	Codex:3D-Reconstruction,Codex:3D4D-Reconstruction	MonoSDF: Exploring Monocular Geometric Cues for Neural Implicit Surface Reconstruction	Zehao Yu; Songyou Peng; Michael Niemeyer; Torsten Sattler; Andreas Geiger	cs.CV	/Volumes/UBag/Documents/l40server_mirror/lyra/Lyra-2/paper_collection_3d4d_reconstruction_2026_04_26/pdfs/2022_MonoSDF_Exploring_Monocular_Geometric_Cues_for_Neural_Implicit_Surface_Reconstruction_2206.00665.pdf	imported
2106.10689	2023	curated-pre2026	Codex:3D-Reconstruction,Codex:3D4D-Reconstruction	NeuS: Learning Neural Implicit Surfaces by Volume Rendering for Multi-view Reconstruction	Peng Wang; Lingjie Liu; Yuan Liu; Christian Theobalt; Taku Komura; Wenping Wang	cs.CV cs.GR	/Volumes/UBag/Documents/l40server_mirror/lyra/Lyra-2/paper_collection_3d4d_reconstruction_2026_04_26/pdfs/2023_NeuS_Learning_Neural_Implicit_Surfaces_by_Volume_Rendering_for_Multi_view_Reconstruction_2106.10689.pdf	imported
2303.11328	2023	curated-pre2026	Codex:3D-Reconstruction,Codex:3D4D-Reconstruction	Zero-1-to-3: Zero-shot One Image to 3D Object	Ruoshi Liu; Rundi Wu; Basile Van Hoorick; Pavel Tokmakov; Sergey Zakharov; Carl Vondrick	cs.CV cs.GR cs.RO	/Volumes/UBag/Documents/l40server_mirror/lyra/Lyra-2/paper_collection_3d4d_reconstruction_2026_04_26/pdfs/2023_Zero_1_to_3_Zero_shot_One_Image_to_3D_Object_2303.11328.pdf	imported
2301.10241	2023	curated-pre2026	Codex:3D-Reconstruction,Codex:3D4D-Reconstruction	K-Planes: Explicit Radiance Fields in Space, Time, and Appearance	Sara Fridovich-Keil; Giacomo Meanti; Frederik Warburg; Benjamin Recht; Angjoo Kanazawa	cs.CV	/Volumes/UBag/Documents/l40server_mirror/lyra/Lyra-2/paper_collection_3d4d_reconstruction_2026_04_26/pdfs/2023_K_Planes_Explicit_Radiance_Fields_in_Space_Time_and_Appearance_2301.10241.pdf	imported
2301.09632	2023	curated-pre2026	Codex:3D4D-Reconstruction	HexPlane: A Fast Representation for Dynamic Scenes	Ang Cao; Justin Johnson	cs.CV	/Volumes/UBag/Documents/l40server_mirror/lyra/Lyra-2/paper_collection_3d4d_reconstruction_2026_04_26/pdfs/2023_HexPlane_A_Fast_Representation_for_Dynamic_Scenes_2301.09632.pdf	imported
2308.04079	2023	curated-pre2026	Codex:3D-Reconstruction,Codex:3D4D-Reconstruction	3D Gaussian Splatting for Real-Time Radiance Field Rendering	Bernhard Kerbl; Georgios Kopanas; Thomas Leimkühler; George Drettakis	cs.GR cs.CV	/Volumes/UBag/Documents/l40server_mirror/lyra/Lyra-2/paper_collection_3d4d_reconstruction_2026_04_26/pdfs/2023_3D_Gaussian_Splatting_for_Real_Time_Radiance_Field_Rendering_2308.04079.pdf	imported
2308.09713	2023	curated-pre2026	Codex:3D-Reconstruction,Codex:3D4D-Reconstruction,Codex:4D-Reconstruction	Dynamic 3D Gaussians: Tracking by Persistent Dynamic View Synthesis	Jonathon Luiten; Georgios Kopanas; Bastian Leibe; Deva Ramanan	cs.CV	/Volumes/UBag/Documents/l40server_mirror/lyra/Lyra-2/paper_collection_3d4d_reconstruction_2026_04_26/pdfs/2023_Dynamic_3D_Gaussians_Tracking_by_Persistent_Dynamic_View_Synthesis_2308.09713.pdf	imported
2310.11448	2023	curated-pre2026	Codex:3D4D-Reconstruction	4K4D: Real-Time 4D View Synthesis at 4K Resolution	Zhen Xu; Sida Peng; Haotong Lin; Guangzhao He; Jiaming Sun; Yujun Shen; Hujun Bao; Xiaowei Zhou	cs.CV	/Volumes/UBag/Documents/l40server_mirror/lyra/Lyra-2/paper_collection_3d4d_reconstruction_2026_04_26/pdfs/2023_4K4D_Real_Time_4D_View_Synthesis_at_4K_Resolution_2310.11448.pdf	imported
2309.13101	2023	curated-pre2026	Codex:3D-Reconstruction,Codex:3D4D-Reconstruction,Codex:4D-Reconstruction	Deformable 3D Gaussians for High-Fidelity Monocular Dynamic Scene Reconstruction	Ziyi Yang; Xinyu Gao; Wen Zhou; Shaohui Jiao; Yuqing Zhang; Xiaogang Jin	cs.CV	/Volumes/UBag/Documents/l40server_mirror/lyra/Lyra-2/paper_collection_3d4d_reconstruction_2026_04_26/pdfs/2023_Deformable_3D_Gaussians_for_High_Fidelity_Monocular_Dynamic_Scene_Reconstruction_2309.13101.pdf	imported
2402.05054	2024	curated-pre2026	Codex:3D4D-Reconstruction	LGM: Large Multi-View Gaussian Model for High-Resolution 3D Content Creation	Jiaxiang Tang; Zhaoxi Chen; Xiaokang Chen; Tengfei Wang; Gang Zeng; Ziwei Liu	cs.CV	/Volumes/UBag/Documents/l40server_mirror/lyra/Lyra-2/paper_collection_3d4d_reconstruction_2026_04_26/pdfs/2024_LGM_Large_Multi_View_Gaussian_Model_for_High_Resolution_3D_Content_Creation_2402.05054.pdf	imported
2312.16812	2024	curated-pre2026	Codex:3D-Reconstruction,Codex:3D4D-Reconstruction,Codex:4D-Reconstruction	Spacetime Gaussian Feature Splatting for Real-Time Dynamic View Synthesis	Zhan Li; Zhang Chen; Zhong Li; Yi Xu	cs.CV cs.GR	/Volumes/UBag/Documents/l40server_mirror/lyra/Lyra-2/paper_collection_3d4d_reconstruction_2026_04_26/pdfs/2024_Spacetime_Gaussian_Feature_Splatting_for_Real_Time_Dynamic_View_Synthesis_2312.16812.pdf	imported
2309.03453	2024	curated-pre2026	Codex:3D4D-Reconstruction	SyncDreamer: Generating Multiview-consistent Images from a Single-view Image	Yuan Liu; Cheng Lin; Zijiao Zeng; Xiaoxiao Long; Lingjie Liu; Taku Komura; Wenping Wang	cs.CV cs.AI cs.GR	/Volumes/UBag/Documents/l40server_mirror/lyra/Lyra-2/paper_collection_3d4d_reconstruction_2026_04_26/pdfs/2024_SyncDreamer_Generating_Multiview_consistent_Images_from_a_Single_view_Image_2309.03453.pdf	imported
2405.10314	2024	curated-pre2026	Codex:3D-Reconstruction,Codex:3D4D-Reconstruction	CAT3D: Create Anything in 3D with Multi-View Diffusion Models	Ruiqi Gao; Aleksander Holynski; Philipp Henzler; Arthur Brussee; Ricardo Martin-Brualla; Pratul Srinivasan; Jonathan T. Barron; Ben Poole	cs.CV	/Volumes/UBag/Documents/l40server_mirror/lyra/Lyra-2/paper_collection_3d4d_reconstruction_2026_04_26/pdfs/2024_CAT3D_Create_Anything_in_3D_with_Multi_View_Diffusion_Models_2405.10314.pdf	imported
2406.09756	2024	curated-pre2026	Codex:3D-Reconstruction,Codex:3D4D-Reconstruction	Grounding Image Matching in 3D with MASt3R	Vincent Leroy; Yohann Cabon; Jérôme Revaud	cs.CV	/Volumes/UBag/Documents/l40server_mirror/lyra/Lyra-2/paper_collection_3d4d_reconstruction_2026_04_26/pdfs/2024_Grounding_Image_Matching_in_3D_with_MASt3R_2406.09756.pdf	imported
2310.08528	2024	curated-pre2026	Codex:3D-Reconstruction,Codex:3D4D-Reconstruction,Codex:4D-Reconstruction	4D Gaussian Splatting for Real-Time Dynamic Scene Rendering	Guanjun Wu; Taoran Yi; Jiemin Fang; Lingxi Xie; Xiaopeng Zhang; Wei Wei; Wenyu Liu; Qi Tian; Xinggang Wang	cs.CV cs.GR	/Volumes/UBag/Documents/l40server_mirror/lyra/Lyra-2/paper_collection_3d4d_reconstruction_2026_04_26/pdfs/2024_4D_Gaussian_Splatting_for_Real_Time_Dynamic_Scene_Rendering_2310.08528.pdf	existing
2312.14132	2024	curated-pre2026	Codex:3D-Reconstruction,Codex:3D4D-Reconstruction	DUSt3R: Geometric 3D Vision Made Easy	Shuzhe Wang; Vincent Leroy; Yohann Cabon; Boris Chidlovskii; Jerome Revaud	cs.CV	/Volumes/UBag/Documents/l40server_mirror/lyra/Lyra-2/paper_collection_3d4d_reconstruction_2026_04_26/pdfs/2024_DUSt3R_Geometric_3D_Vision_Made_Easy_2312.14132.pdf	existing
2503.11651	2025	curated-pre2026	Codex:3D-Reconstruction,Codex:3D4D-Reconstruction	VGGT: Visual Geometry Grounded Transformer	Jianyuan Wang; Minghao Chen; Nikita Karaev; Andrea Vedaldi; Christian Rupprecht; David Novotny	cs.CV	/Volumes/UBag/Documents/l40server_mirror/lyra/Lyra-2/paper_collection_3d4d_reconstruction_2026_04_26/pdfs/2025_VGGT_Visual_Geometry_Grounded_Transformer_2503.11651.pdf	imported
2410.03825	2025	curated-pre2026	Codex:3D4D-Reconstruction	MonST3R: A Simple Approach for Estimating Geometry in the Presence of Motion	Junyi Zhang; Charles Herrmann; Junhwa Hur; Varun Jampani; Trevor Darrell; Forrester Cole; Deqing Sun; Ming-Hsuan Yang	cs.CV	/Volumes/UBag/Documents/l40server_mirror/lyra/Lyra-2/paper_collection_3d4d_reconstruction_2026_04_26/pdfs/2025_MonST3R_A_Simple_Approach_for_Estimating_Geometry_in_the_Presence_of_Motion_2410.03825.pdf	imported
2503.18945	2025	curated-pre2026	Codex:3D4D-Reconstruction	Aether: Geometric-Aware Unified World Modeling	Aether Team; Haoyi Zhu; Yifan Wang; Jianjun Zhou; Wenzheng Chang; Yang Zhou; Zizun Li; Junyi Chen; Chunhua Shen; Jiangmiao Pang; Tong He	cs.CV cs.AI cs.LG cs.RO	/Volumes/UBag/Documents/l40server_mirror/lyra/Lyra-2/paper_collection_3d4d_reconstruction_2026_04_26/pdfs/2025_Aether_Geometric_Aware_Unified_World_Modeling_2503.18945.pdf	existing
2602.19182	2025	2026-arxiv	Codex:3D-Reconstruction,Codex:3D4D-Reconstruction	Thin Plate Spline Surface Reconstruction via the Method of Matched Sections	Igor Orynyak; Kirill Danylenko; Danylo Tavrov	cs.GR cs.NA math.NA	/Volumes/UBag/Documents/l40server_mirror/lyra/Lyra-2/paper_collection_3d4d_reconstruction_2026_04_26/pdfs/2025_Thin_Plate_Spline_Surface_Reconstruction_via_the_Method_of_Matched_Sections_2602.19182.pdf	imported
2602.06044	2025	2026-arxiv	Codex:3D-Reconstruction,Codex:3D4D-Reconstruction	COSMOS: Coherent Supergaussian Modeling with Spatial Priors for Sparse-View 3D Splatting	Chaeyoung Jeong; Kwangsu Kim	eess.IV cs.CV cs.GR	/Volumes/UBag/Documents/l40server_mirror/lyra/Lyra-2/paper_collection_3d4d_reconstruction_2026_04_26/pdfs/2025_COSMOS_Coherent_Supergaussian_Modeling_with_Spatial_Priors_for_Sparse_View_3D_Splatting_2602.06044.pdf	imported
2601.00012	2025	2026-arxiv	Codex:3D-Reconstruction,Codex:3D4D-Reconstruction	Neural Brain Fields: A NeRF-Inspired Approach for Generating Nonexistent EEG Electrodes	Shahar Ain Kedem; Itamar Zimerman; Eliya Nachmani	eess.SP cs.AI cs.CV cs.LG eess.AS	/Volumes/UBag/Documents/l40server_mirror/lyra/Lyra-2/paper_collection_3d4d_reconstruction_2026_04_26/pdfs/2025_Neural_Brain_Fields_A_NeRF_Inspired_Approach_for_Generating_Nonexistent_EEG_Electrodes_2601.00012.pdf	imported
2603.15622	2025	2026-arxiv	Codex:3D-Reconstruction,Codex:3D4D-Reconstruction	SAC-NeRF: Adaptive Ray Sampling for Neural Radiance Fields via Soft Actor-Critic Reinforcement Learning	Chenyu Ge	cs.CV cs.AI	/Volumes/UBag/Documents/l40server_mirror/lyra/Lyra-2/paper_collection_3d4d_reconstruction_2026_04_26/pdfs/2025_SAC_NeRF_Adaptive_Ray_Sampling_for_Neural_Radiance_Fields_via_Soft_Actor_Critic_Reinforcem_2603.15622.pdf	imported
2601.00051	2025	2026-arxiv	Codex:3D+4D-Evolution,Codex:3D-Reconstruction,Codex:3D4D-Reconstruction,Codex:4D-Reconstruction	TeleWorld: Towards Dynamic Multimodal Synthesis with a 4D World Model	Yabo Chen; Yuanzhi Liang; Jiepeng Wang; Tingxi Chen; Junfei Cheng; Zixiao Gu; Yuyang Huang; Zicheng Jiang; Wei Li; Tian Li; Weichen Li; Zuoxin Li; Guangce Liu; Jialun Liu; Junqi Liu; Haoyuan Wang; Qizhen Weng; Xuan'er Wu; Xunzhi Xiang; Xiaoyan Yang; Xin Zhang; Shiwen Zhang; Junyu Zhou; Chengcheng Zhou; Haibin Huang; Chi Zhang; Xuelong Li	cs.CV	/Volumes/UBag/Documents/l40server_mirror/lyra/Lyra-2/paper_collection_3d4d_reconstruction_2026_04_26/pdfs/2025_TeleWorld_Towards_Dynamic_Multimodal_Synthesis_with_a_4D_World_Model_2601.00051.pdf	imported
2601.00913	2026	2026-arxiv	Codex:3D-Reconstruction,Codex:3D4D-Reconstruction	Clean-GS: Semantic Mask-Guided Pruning for 3D Gaussian Splatting	Subhankar Mishra	cs.CV cs.LG	/Volumes/UBag/Documents/l40server_mirror/lyra/Lyra-2/paper_collection_3d4d_reconstruction_2026_04_26/pdfs/2026_Clean_GS_Semantic_Mask_Guided_Pruning_for_3D_Gaussian_Splatting_2601.00913.pdf	imported
2601.00207	2026	2026-arxiv	Codex:3D-Reconstruction,Codex:3D4D-Reconstruction	CropNeRF: A Neural Radiance Field-Based Framework for Crop Counting	Md Ahmed Al Muzaddid; William J. Beksi	cs.CV cs.RO	/Volumes/UBag/Documents/l40server_mirror/lyra/Lyra-2/paper_collection_3d4d_reconstruction_2026_04_26/pdfs/2026_CropNeRF_A_Neural_Radiance_Field_Based_Framework_for_Crop_Counting_2601.00207.pdf	imported
2601.00328	2026	2026-arxiv	Codex:3D-Reconstruction,Codex:3D4D-Reconstruction	Joint Geometry-Appearance Human Reconstruction in a Unified Latent Space via Bridge Diffusion	Yingzhi Tang; Qijian Zhang; Junhui Hou	cs.CV	/Volumes/UBag/Documents/l40server_mirror/lyra/Lyra-2/paper_collection_3d4d_reconstruction_2026_04_26/pdfs/2026_Joint_Geometry_Appearance_Human_Reconstruction_in_a_Unified_Latent_Space_via_Bridge_Diffus_2601.00328.pdf	imported
2601.00796	2026	2026-arxiv	Codex:3D-Reconstruction,Codex:3D4D-Reconstruction,Codex:4D-Reconstruction	AdaGaR: Adaptive Gabor Representation for Dynamic Scene Reconstruction	Jiewen Chan; Zhenjun Zhao; Yu-Lun Liu	cs.CV	/Volumes/UBag/Documents/l40server_mirror/lyra/Lyra-2/paper_collection_3d4d_reconstruction_2026_04_26/pdfs/2026_AdaGaR_Adaptive_Gabor_Representation_for_Dynamic_Scene_Reconstruction_2601.00796.pdf	imported
2601.00678	2026	2026-arxiv	Codex:3D4D-Reconstruction,Codex:4D-Reconstruction	Pixel-to-4D: Camera-Controlled Image-to-Video Generation with Dynamic 3D Gaussians	Melonie de Almeida; Daniela Ivanova; Tong Shi; John H. Williamson; Paul Henderson	cs.CV	/Volumes/UBag/Documents/l40server_mirror/lyra/Lyra-2/paper_collection_3d4d_reconstruction_2026_04_26/pdfs/2026_Pixel_to_4D_Camera_Controlled_Image_to_Video_Generation_with_Dynamic_3D_Gaussians_2601.00678.pdf	imported
2601.01222	2026	2026-arxiv	Codex:3D-Reconstruction,Codex:3D4D-Reconstruction	UniSH: Unifying Scene and Human Reconstruction in a Feed-Forward Pass	Mengfei Li; Peng Li; Zheng Zhang; Jiahao Lu; Chengfeng Zhao; Wei Xue; Qifeng Liu; Sida Peng; Wenxiao Zhang; Wenhan Luo; Yuan Liu; Yike Guo	cs.CV	/Volumes/UBag/Documents/l40server_mirror/lyra/Lyra-2/paper_collection_3d4d_reconstruction_2026_04_26/pdfs/2026_UniSH_Unifying_Scene_and_Human_Reconstruction_in_a_Feed_Forward_Pass_2601.01222.pdf	imported
2601.01660	2026	2026-arxiv	Codex:3D-Reconstruction,Codex:3D4D-Reconstruction	Animated 3DGS Avatars in Diverse Scenes with Consistent Lighting and Shadows	Aymen Mir; Riza Alp Guler; Jian Wang; Gerard Pons-Moll; Bing Zhou	cs.CV	/Volumes/UBag/Documents/l40server_mirror/lyra/Lyra-2/paper_collection_3d4d_reconstruction_2026_04_26/pdfs/2026_Animated_3DGS_Avatars_in_Diverse_Scenes_with_Consistent_Lighting_and_Shadows_2601.01660.pdf	imported
2601.01431	2026	2026-arxiv	Codex:3D-Reconstruction,Codex:3D4D-Reconstruction	EdgeNeRF: Edge-Guided Regularization for Neural Radiance Fields from Sparse Views	Weiqi Yu; Yiyang Yao; Lin He; Jianming Lv	cs.CV	/Volumes/UBag/Documents/l40server_mirror/lyra/Lyra-2/paper_collection_3d4d_reconstruction_2026_04_26/pdfs/2026_EdgeNeRF_Edge_Guided_Regularization_for_Neural_Radiance_Fields_from_Sparse_Views_2601.01431.pdf	imported
2601.01386	2026	2026-arxiv	Codex:3D-Reconstruction,Codex:3D4D-Reconstruction	ParkGaussian: Surround-view 3D Gaussian Splatting for Autonomous Parking	Xiaobao Wei; Zhangjie Ye; Yuxiang Gu; Zunjie Zhu; Yunfei Guo; Yingying Shen; Shan Zhao; Ming Lu; Haiyang Sun; Bing Wang; Guang Chen; Rongfeng Lu; Hangjun Ye	cs.CV cs.AI	/Volumes/UBag/Documents/l40server_mirror/lyra/Lyra-2/paper_collection_3d4d_reconstruction_2026_04_26/pdfs/2026_ParkGaussian_Surround_view_3D_Gaussian_Splatting_for_Autonomous_Parking_2601.01386.pdf	imported
2601.00939	2026	2026-arxiv	Codex:3D-Reconstruction,Codex:3D4D-Reconstruction	ShadowGS: Shadow-Aware 3D Gaussian Splatting for Satellite Imagery	Feng Luo; Hongbo Pan; Xiang Yang; Baoyu Jiang; Fengqing Liu; Tao Huang	cs.CV	/Volumes/UBag/Documents/l40server_mirror/lyra/Lyra-2/paper_collection_3d4d_reconstruction_2026_04_26/pdfs/2026_ShadowGS_Shadow_Aware_3D_Gaussian_Splatting_for_Satellite_Imagery_2601.00939.pdf	imported
2601.02102	2026	2026-arxiv	Codex:3D-Reconstruction,Codex:3D4D-Reconstruction	360-GeoGS: Geometrically Consistent Feed-Forward 3D Gaussian Splatting Reconstruction for 360 Images	Jiaqi Yao; Zhongmiao Yan; Jingyi Xu; Songpengcheng Xia; Yan Xiang; Ling Pei	cs.CV	/Volumes/UBag/Documents/l40server_mirror/lyra/Lyra-2/paper_collection_3d4d_reconstruction_2026_04_26/pdfs/2026_360_GeoGS_Geometrically_Consistent_Feed_Forward_3D_Gaussian_Splatting_Reconstruction_for_3_2601.02102.pdf	imported
2601.01847	2026	2026-arxiv	Codex:3D-Reconstruction,Codex:3D4D-Reconstruction	ESGaussianFace: Emotional and Stylized Audio-Driven Facial Animation via 3D Gaussian Splatting	Chuhang Ma; Shuai Tan; Ye Pan; Jiaolong Yang; Xin Tong	cs.CV	/Volumes/UBag/Documents/l40server_mirror/lyra/Lyra-2/paper_collection_3d4d_reconstruction_2026_04_26/pdfs/2026_ESGaussianFace_Emotional_and_Stylized_Audio_Driven_Facial_Animation_via_3D_Gaussian_Splatt_2601.01847.pdf	imported
2601.02339	2026	2026-arxiv	Codex:3D-Reconstruction,Codex:3D4D-Reconstruction	Joint Semantic and Rendering Enhancements in 3D Gaussian Modeling with Anisotropic Local Encoding	Jingming He; Chongyi Li; Shiqi Wang; Sam Kwong	cs.CV	/Volumes/UBag/Documents/l40server_mirror/lyra/Lyra-2/paper_collection_3d4d_reconstruction_2026_04_26/pdfs/2026_Joint_Semantic_and_Rendering_Enhancements_in_3D_Gaussian_Modeling_with_Anisotropic_Local_E_2601.02339.pdf	imported
2601.02072	2026	2026-arxiv	Codex:3D-Reconstruction,Codex:3D4D-Reconstruction	SketchRodGS: Sketch-based Extraction of Slender Geometries for Animating Gaussian Splatting Scenes	Haato Watanabe; Nobuyuki Umetani	cs.GR cs.CV	/Volumes/UBag/Documents/l40server_mirror/lyra/Lyra-2/paper_collection_3d4d_reconstruction_2026_04_26/pdfs/2026_SketchRodGS_Sketch_based_Extraction_of_Slender_Geometries_for_Animating_Gaussian_Splatting_2601.02072.pdf	imported
2601.03200	2026	2026-arxiv	Codex:3D-Reconstruction,Codex:3D4D-Reconstruction	A High-Fidelity Digital Twin for Robotic Manipulation Based on 3D Gaussian Splatting	Ziyang Sun; Lingfan Bao; Tianhu Peng; Jingcheng Sun; Chengxu Zhou	cs.RO	/Volumes/UBag/Documents/l40server_mirror/lyra/Lyra-2/paper_collection_3d4d_reconstruction_2026_04_26/pdfs/2026_A_High_Fidelity_Digital_Twin_for_Robotic_Manipulation_Based_on_3D_Gaussian_Splatting_2601.03200.pdf	imported
2601.03319	2026	2026-arxiv	Codex:3D-Reconstruction,Codex:3D4D-Reconstruction	CaricatureGS: Exaggerating 3D Gaussian Splatting Faces With Gaussian Curvature	Eldad Matmon; Amit Bracha; Noam Rotstein; Ron Kimmel	cs.GR cs.AI cs.LG	/Volumes/UBag/Documents/l40server_mirror/lyra/Lyra-2/paper_collection_3d4d_reconstruction_2026_04_26/pdfs/2026_CaricatureGS_Exaggerating_3D_Gaussian_Splatting_Faces_With_Gaussian_Curvature_2601.03319.pdf	imported
2601.03357	2026	2026-arxiv	Codex:3D-Reconstruction,Codex:3D4D-Reconstruction	RelightAnyone: A Generalized Relightable 3D Gaussian Head Model	Yingyan Xu; Pramod Rao; Sebastian Weiss; Gaspard Zoss; Markus Gross; Christian Theobalt; Marc Habermann; Derek Bradley	cs.CV cs.GR	/Volumes/UBag/Documents/l40server_mirror/lyra/Lyra-2/paper_collection_3d4d_reconstruction_2026_04_26/pdfs/2026_RelightAnyone_A_Generalized_Relightable_3D_Gaussian_Head_Model_2601.03357.pdf	imported
2601.03782	2026	2026-arxiv	Codex:3D+4D-Evolution,Codex:3D4D-Reconstruction	PointWorld: Scaling 3D World Models for In-The-Wild Robotic Manipulation	Wenlong Huang; Yu-Wei Chao; Arsalan Mousavian; Ming-Yu Liu; Dieter Fox; Kaichun Mo; Li Fei-Fei	cs.RO cs.AI cs.CV	/Volumes/UBag/Documents/l40server_mirror/lyra/Lyra-2/paper_collection_3d4d_reconstruction_2026_04_26/pdfs/2026_PointWorld_Scaling_3D_World_Models_for_In_The_Wild_Robotic_Manipulation_2601.03782.pdf	imported
2601.04348	2026	2026-arxiv	Codex:3D-Reconstruction,Codex:3D4D-Reconstruction	SCAR-GS: Spatial Context Attention for Residuals in Progressive Gaussian Splatting	Diego Revilla; Pooja Suresh; Anand Bhojan; Ooi Wei Tsang	cs.CV cs.GR	/Volumes/UBag/Documents/l40server_mirror/lyra/Lyra-2/paper_collection_3d4d_reconstruction_2026_04_26/pdfs/2026_SCAR_GS_Spatial_Context_Attention_for_Residuals_in_Progressive_Gaussian_Splatting_2601.04348.pdf	imported
2601.03517	2026	2026-arxiv	Codex:3D+4D-Evolution,Codex:3D4D-Reconstruction	Semantic Belief-State World Model for 3D Human Motion Prediction	Sarim Chaudhry	cs.CV	/Volumes/UBag/Documents/l40server_mirror/lyra/Lyra-2/paper_collection_3d4d_reconstruction_2026_04_26/pdfs/2026_Semantic_Belief_State_World_Model_for_3D_Human_Motion_Prediction_2601.03517.pdf	imported
2601.05116	2026	2026-arxiv	Codex:3D-Reconstruction,Codex:3D4D-Reconstruction	From Rays to Projections: Better Inputs for Feed-Forward View Synthesis	Zirui Wu; Zeren Jiang; Martin R. Oswald; Jie Song	cs.CV	/Volumes/UBag/Documents/l40server_mirror/lyra/Lyra-2/paper_collection_3d4d_reconstruction_2026_04_26/pdfs/2026_From_Rays_to_Projections_Better_Inputs_for_Feed_Forward_View_Synthesis_2601.05116.pdf	imported
2601.05251	2026	2026-arxiv	Codex:3D-Reconstruction,Codex:3D4D-Reconstruction	Mesh4D: 4D Mesh Reconstruction and Tracking from Monocular Video	Zeren Jiang; Chuanxia Zheng; Iro Laina; Diane Larlus; Andrea Vedaldi	cs.CV	/Volumes/UBag/Documents/l40server_mirror/lyra/Lyra-2/paper_collection_3d4d_reconstruction_2026_04_26/pdfs/2026_Mesh4D_4D_Mesh_Reconstruction_and_Tracking_from_Monocular_Video_2601.05251.pdf	imported
2601.05368	2026	2026-arxiv	Codex:3D-Reconstruction,Codex:3D4D-Reconstruction,Codex:4D-Reconstruction	MOSAIC-GS: Monocular Scene Reconstruction via Advanced Initialization for Complex Dynamic Environments	Svitlana Morkva; Maximum Wilder-Smith; Michael Oechsle; Alessio Tonioni; Marco Hutter; Vaishakh Patil	cs.CV	/Volumes/UBag/Documents/l40server_mirror/lyra/Lyra-2/paper_collection_3d4d_reconstruction_2026_04_26/pdfs/2026_MOSAIC_GS_Monocular_Scene_Reconstruction_via_Advanced_Initialization_for_Complex_Dynamic_E_2601.05368.pdf	imported
2601.05653	2026	2026-arxiv	Codex:3D+4D-Evolution,Codex:3D4D-Reconstruction	EvoQRE: Modeling Bounded Rationality in Safety-Critical Traffic Simulation via Evolutionary Quantal Response Equilibrium	Phu-Hoa Pham; Chi-Nguyen Tran; Duy-Minh Dao-Sy; Phu-Quy Nguyen-Lam; Trung-Kiet Huynh	cs.RO cs.MA	/Volumes/UBag/Documents/l40server_mirror/lyra/Lyra-2/paper_collection_3d4d_reconstruction_2026_04_26/pdfs/2026_EvoQRE_Modeling_Bounded_Rationality_in_Safety_Critical_Traffic_Simulation_via_Evolutionary_2601.05653.pdf	imported
2601.05584	2026	2026-arxiv	Codex:3D-Reconstruction,Codex:3D4D-Reconstruction,Codex:4D-Reconstruction	GS-DMSR: Dynamic Sensitive Multi-scale Manifold Enhancement for Accelerated High-Quality 3D Gaussian Splatting	Nengbo Lu; Minghua Pan; Shaohua Sun; Yizhou Liang	cs.CV cs.AI	/Volumes/UBag/Documents/l40server_mirror/lyra/Lyra-2/paper_collection_3d4d_reconstruction_2026_04_26/pdfs/2026_GS_DMSR_Dynamic_Sensitive_Multi_scale_Manifold_Enhancement_for_Accelerated_High_Quality_3D_2601.05584.pdf	imported
2601.05853	2026	2026-arxiv	Codex:3D-Reconstruction,Codex:3D4D-Reconstruction	LayerGS: Decomposition and Inpainting of Layered 3D Human Avatars via 2D Gaussian Splatting	Yinghan Xu; John Dingliana	cs.CV cs.AI cs.GR	/Volumes/UBag/Documents/l40server_mirror/lyra/Lyra-2/paper_collection_3d4d_reconstruction_2026_04_26/pdfs/2026_LayerGS_Decomposition_and_Inpainting_of_Layered_3D_Human_Avatars_via_2D_Gaussian_Splatting_2601.05853.pdf	imported
2601.06285	2026	2026-arxiv	Codex:3D-Reconstruction,Codex:3D4D-Reconstruction	NAS-GS: Noise-Aware Sonar Gaussian Splatting	Shida Xu; Jingqi Jiang; Jonatan Scharff Willners; Sen Wang	cs.CV cs.RO	/Volumes/UBag/Documents/l40server_mirror/lyra/Lyra-2/paper_collection_3d4d_reconstruction_2026_04_26/pdfs/2026_NAS_GS_Noise_Aware_Sonar_Gaussian_Splatting_2601.06285.pdf	imported
2601.05722	2026	2026-arxiv	Codex:3D-Reconstruction,Codex:3D4D-Reconstruction	Rotate Your Character: Revisiting Video Diffusion Models for High-Quality 3D Character Generation	Jin Wang; Jianxiang Lu; Comi Chen; Guangzheng Xu; Haoyu Yang; Peng Chen; Na Zhang; Yifan Xu; Longhuang Wu; Shuai Shao; Qinglin Lu; Ping Luo	cs.CV	/Volumes/UBag/Documents/l40server_mirror/lyra/Lyra-2/paper_collection_3d4d_reconstruction_2026_04_26/pdfs/2026_Rotate_Your_Character_Revisiting_Video_Diffusion_Models_for_High_Quality_3D_Character_Gene_2601.05722.pdf	imported
2601.11617	2026	2026-arxiv	Codex:3D-Reconstruction,Codex:3D4D-Reconstruction	PointSLAM++: Robust Dense Neural Gaussian Point Cloud-based SLAM	Xu Wang; Boyao Han; Xiaojun Chen; Ying Liu; Ruihui Li	cs.CV cs.GR cs.RO	/Volumes/UBag/Documents/l40server_mirror/lyra/Lyra-2/paper_collection_3d4d_reconstruction_2026_04_26/pdfs/2026_PointSLAM_Robust_Dense_Neural_Gaussian_Point_Cloud_based_SLAM_2601.11617.pdf	imported
2601.06839	2026	2026-arxiv	Codex:3D-Reconstruction,Codex:3D4D-Reconstruction	PRISM: Color-Stratified Point Cloud Sampling	Hansol Lim; Minhyeok Im; Jongseong Brad Choi	cs.CV	/Volumes/UBag/Documents/l40server_mirror/lyra/Lyra-2/paper_collection_3d4d_reconstruction_2026_04_26/pdfs/2026_PRISM_Color_Stratified_Point_Cloud_Sampling_2601.06839.pdf	imported
2601.01705	2026	2026-arxiv	Codex:3D+4D-Evolution,Codex:3D4D-Reconstruction	Explicit World Models for Reliable Human-Robot Collaboration	Kenneth Kwok; Basura Fernando; Qianli Xu; Vigneshwaran Subbaraju; Dongkyu Choi; Boon Kiat Quek	cs.RO cs.AI	/Volumes/UBag/Documents/l40server_mirror/lyra/Lyra-2/paper_collection_3d4d_reconstruction_2026_04_26/pdfs/2026_Explicit_World_Models_for_Reliable_Human_Robot_Collaboration_2601.01705.pdf	imported
2601.07484	2026	2026-arxiv	Codex:3D-Reconstruction,Codex:3D4D-Reconstruction	R3-RECON: Radiance-Field-Free Active Reconstruction via Renderability	Xiaofeng Jin; Matteo Frosi; Yiran Guo; Matteo Matteucci	cs.GR	/Volumes/UBag/Documents/l40server_mirror/lyra/Lyra-2/paper_collection_3d4d_reconstruction_2026_04_26/pdfs/2026_R3_RECON_Radiance_Field_Free_Active_Reconstruction_via_Renderability_2601.07484.pdf	imported
2601.05394	2026	2026-arxiv	Codex:3D-Reconstruction,Codex:3D4D-Reconstruction	Sketch&Patch++: Efficient Structure-Aware 3D Gaussian Representation	Yuang Shi; Géraldine Morin; Simone Gasparini; Wei Tsang Ooi	cs.CV cs.GR cs.MM eess.IV	/Volumes/UBag/Documents/l40server_mirror/lyra/Lyra-2/paper_collection_3d4d_reconstruction_2026_04_26/pdfs/2026_Sketch_Patch_Efficient_Structure_Aware_3D_Gaussian_Representation_2601.05394.pdf	imported
2601.07823	2026	2026-arxiv	Codex:3D+4D-Evolution,Codex:3D4D-Reconstruction	Video Generation Models in Robotics -- Applications, Research Challenges, Future Directions	Zhiting Mei; Tenny Yin; Ola Shorinwa; Apurva Badithela; Zhonghe Zheng; Joseph Bruno; Madison Bland; Lihan Zha; Asher Hancock; Jaime Fernández Fisac; Philip Dames; Anirudha Majumdar	eess.SY cs.RO cs.SY	/Volumes/UBag/Documents/l40server_mirror/lyra/Lyra-2/paper_collection_3d4d_reconstruction_2026_04_26/pdfs/2026_Video_Generation_Models_in_Robotics_Applications_Research_Challenges_Future_Directions_2601.07823.pdf	imported
2601.08371	2026	2026-arxiv	Codex:3D-Reconstruction,Codex:3D4D-Reconstruction	Geo-NVS-w: Geometry-Aware Novel View Synthesis In-the-Wild with an SDF Renderer	Anastasios Tsalakopoulos; Angelos Kanlis; Evangelos Chatzis; Antonis Karakottas; Dimitrios Zarpalas	cs.CV cs.AI cs.GR cs.LG	/Volumes/UBag/Documents/l40server_mirror/lyra/Lyra-2/paper_collection_3d4d_reconstruction_2026_04_26/pdfs/2026_Geo_NVS_w_Geometry_Aware_Novel_View_Synthesis_In_the_Wild_with_an_SDF_Renderer_2601.08371.pdf	imported
2601.08832	2026	2026-arxiv	Codex:3D-Reconstruction,Codex:3D4D-Reconstruction	RAVEN: Erasing Invisible Watermarks via Novel View Synthesis	Fahad Shamshad; Nils Lukas; Karthik Nandakumar	cs.CV	/Volumes/UBag/Documents/l40server_mirror/lyra/Lyra-2/paper_collection_3d4d_reconstruction_2026_04_26/pdfs/2026_RAVEN_Erasing_Invisible_Watermarks_via_Novel_View_Synthesis_2601.08832.pdf	imported
2601.09697	2026	2026-arxiv	Codex:3D-Reconstruction,Codex:3D4D-Reconstruction	Efficient Camera-Controlled Video Generation of Static Scenes via Sparse Diffusion and 3D Rendering	Jieying Chen; Jeffrey Hu; Joan Lasenby; Ayush Tewari	cs.CV	/Volumes/UBag/Documents/l40server_mirror/lyra/Lyra-2/paper_collection_3d4d_reconstruction_2026_04_26/pdfs/2026_Efficient_Camera_Controlled_Video_Generation_of_Static_Scenes_via_Sparse_Diffusion_and_3D_2601.09697.pdf	existing
2601.09452	2026	2026-arxiv	Codex:3D+4D-Evolution,Codex:3D4D-Reconstruction	MAD: Motion Appearance Decoupling for efficient Driving World Models	Ahmad Rahimi; Valentin Gerard; Eloi Zablocki; Matthieu Cord; Alexandre Alahi	cs.CV	/Volumes/UBag/Documents/l40server_mirror/lyra/Lyra-2/paper_collection_3d4d_reconstruction_2026_04_26/pdfs/2026_MAD_Motion_Appearance_Decoupling_for_efficient_Driving_World_Models_2601.09452.pdf	imported
2601.09665	2026	2026-arxiv	Codex:3D-Reconstruction,Codex:3D4D-Reconstruction	SCE-SLAM: Scale-Consistent Monocular SLAM via Scene Coordinate Embeddings	Yuchen Wu; Jiahe Li; Xiaohan Yu; Lina Yu; Jin Zheng; Xiao Bai	cs.CV	/Volumes/UBag/Documents/l40server_mirror/lyra/Lyra-2/paper_collection_3d4d_reconstruction_2026_04_26/pdfs/2026_SCE_SLAM_Scale_Consistent_Monocular_SLAM_via_Scene_Coordinate_Embeddings_2601.09665.pdf	imported
2601.09499	2026	2026-arxiv	Codex:3D-Reconstruction,Codex:3D4D-Reconstruction,Codex:4D-Reconstruction	V-DPM: 4D Video Reconstruction with Dynamic Point Maps	Edgar Sucar; Eldar Insafutdinov; Zihang Lai; Andrea Vedaldi	cs.CV	/Volumes/UBag/Documents/l40server_mirror/lyra/Lyra-2/paper_collection_3d4d_reconstruction_2026_04_26/pdfs/2026_V_DPM_4D_Video_Reconstruction_with_Dynamic_Point_Maps_2601.09499.pdf	imported
2601.03869	2026	2026-arxiv	Codex:3D-Reconstruction,Codex:3D4D-Reconstruction	Bayesian Monocular Depth Refinement via Neural Radiance Fields	Arun Muthukkumar	cs.CV cs.GR cs.LG cs.RO	/Volumes/UBag/Documents/l40server_mirror/lyra/Lyra-2/paper_collection_3d4d_reconstruction_2026_04_26/pdfs/2026_Bayesian_Monocular_Depth_Refinement_via_Neural_Radiance_Fields_2601.03869.pdf	imported
2601.00705	2026	2026-arxiv	Codex:3D-Reconstruction,Codex:3D4D-Reconstruction	RGS-SLAM: Robust Gaussian Splatting SLAM with One-Shot Dense Initialization	Wei-Tse Cheng; Yen-Jen Chiou; Yuan-Fu Yang	cs.CV cs.RO	/Volumes/UBag/Documents/l40server_mirror/lyra/Lyra-2/paper_collection_3d4d_reconstruction_2026_04_26/pdfs/2026_RGS_SLAM_Robust_Gaussian_Splatting_SLAM_with_One_Shot_Dense_Initialization_2601.00705.pdf	imported
2601.10716	2026	2026-arxiv	Codex:3D-Reconstruction,Codex:3D4D-Reconstruction	WildRayZer: Self-supervised Large View Synthesis in Dynamic Environments	Xuweiyi Chen; Wentao Zhou; Zezhou Cheng	cs.CV	/Volumes/UBag/Documents/l40server_mirror/lyra/Lyra-2/paper_collection_3d4d_reconstruction_2026_04_26/pdfs/2026_WildRayZer_Self_supervised_Large_View_Synthesis_in_Dynamic_Environments_2601.10716.pdf	imported
2601.11030	2026	2026-arxiv	Codex:3D-Reconstruction,Codex:3D4D-Reconstruction	IDDR-NGP: Incorporating Detectors for Distractor Removal with Instant Neural Radiance Field	Xianliang Huang; Jiajie Gou; Shuhang Chen; Zhizhou Zhong; Jihong Guan; Shuigeng Zhou	cs.CV cs.AI	/Volumes/UBag/Documents/l40server_mirror/lyra/Lyra-2/paper_collection_3d4d_reconstruction_2026_04_26/pdfs/2026_IDDR_NGP_Incorporating_Detectors_for_Distractor_Removal_with_Instant_Neural_Radiance_Field_2601.11030.pdf	imported
2601.12122	2026	2026-arxiv	Codex:3D-Reconstruction,Codex:3D4D-Reconstruction	Active Semantic Mapping of Horticultural Environments Using Gaussian Splatting	Jose Cuaran; Naveen K. Upalapati; Girish Chowdhary	cs.RO	/Volumes/UBag/Documents/l40server_mirror/lyra/Lyra-2/paper_collection_3d4d_reconstruction_2026_04_26/pdfs/2026_Active_Semantic_Mapping_of_Horticultural_Environments_Using_Gaussian_Splatting_2601.12122.pdf	imported
2601.12277	2026	2026-arxiv	Codex:3D+4D-Evolution,Codex:3D4D-Reconstruction	An Efficient and Multi-Modal Navigation System with One-Step World Model	Wangtian Shen; Ziyang Meng; Jinming Ma; Mingliang Zhou; Diyun Xiang	cs.RO	/Volumes/UBag/Documents/l40server_mirror/lyra/Lyra-2/paper_collection_3d4d_reconstruction_2026_04_26/pdfs/2026_An_Efficient_and_Multi_Modal_Navigation_System_with_One_Step_World_Model_2601.12277.pdf	imported
2601.12481	2026	2026-arxiv	Codex:3D-Reconstruction,Codex:3D4D-Reconstruction	NeuralFur: Animal Fur Reconstruction From Multi-View Images	Vanessa Sklyarova; Berna Kabadayi; Anastasios Yiannakidis; Giorgio Becherini; Michael J. Black; Justus Thies	cs.CV cs.GR	/Volumes/UBag/Documents/l40server_mirror/lyra/Lyra-2/paper_collection_3d4d_reconstruction_2026_04_26/pdfs/2026_NeuralFur_Animal_Fur_Reconstruction_From_Multi_View_Images_2601.12481.pdf	imported
2601.04754	2026	2026-arxiv	Codex:3D-Reconstruction,Codex:3D4D-Reconstruction	ProFuse: Efficient Cross-View Context Fusion for Open-Vocabulary 3D Gaussian Splatting	Yen-Jen Chiou; Wei-Tse Cheng; Yuan-Fu Yang	cs.CV	/Volumes/UBag/Documents/l40server_mirror/lyra/Lyra-2/paper_collection_3d4d_reconstruction_2026_04_26/pdfs/2026_ProFuse_Efficient_Cross_View_Context_Fusion_for_Open_Vocabulary_3D_Gaussian_Splatting_2601.04754.pdf	imported
2601.03024	2026	2026-arxiv	Codex:3D-Reconstruction,Codex:3D4D-Reconstruction	SA-ResGS: Self-Augmented Residual 3D Gaussian Splatting for Next Best View Selection	Kim Jun-Seong; Tae-Hyun Oh; Eduardo Pérez-Pellitero; Youngkyoon Jang	cs.CV	/Volumes/UBag/Documents/l40server_mirror/lyra/Lyra-2/paper_collection_3d4d_reconstruction_2026_04_26/pdfs/2026_SA_ResGS_Self_Augmented_Residual_3D_Gaussian_Splatting_for_Next_Best_View_Selection_2601.03024.pdf	imported
2601.12257	2026	2026-arxiv	Codex:3D-Reconstruction,Codex:3D4D-Reconstruction	Soft Shadow Diffusion (SSD): Physics-inspired Learning for 3D Computational Periscopy	Fadlullah Raji; John Murray-Bruce	cs.CV cs.AI cs.CG cs.GR	/Volumes/UBag/Documents/l40server_mirror/lyra/Lyra-2/paper_collection_3d4d_reconstruction_2026_04_26/pdfs/2026_Soft_Shadow_Diffusion_SSD_Physics_inspired_Learning_for_3D_Computational_Periscopy_2601.12257.pdf	imported
2601.13132	2026	2026-arxiv	Codex:3D-Reconstruction,Codex:3D4D-Reconstruction	GaussExplorer: 3D Gaussian Splatting for Embodied Exploration and Reasoning	Kim Yu-Ji; Dahye Lee; Kim Jun-Seong; GeonU Kim; Nam Hyeon-Woo; Yongjin Kwon; Yu-Chiang Frank Wang; Jaesung Choe; Tae-Hyun Oh	cs.CV	/Volumes/UBag/Documents/l40server_mirror/lyra/Lyra-2/paper_collection_3d4d_reconstruction_2026_04_26/pdfs/2026_GaussExplorer_3D_Gaussian_Splatting_for_Embodied_Exploration_and_Reasoning_2601.13132.pdf	imported
2601.12770	2026	2026-arxiv	Codex:3D-Reconstruction,Codex:3D4D-Reconstruction	Generalizable and Animatable 3D Full-Head Gaussian Avatar from a Single Image	Shuling Zhao; Dan Xu	cs.CV	/Volumes/UBag/Documents/l40server_mirror/lyra/Lyra-2/paper_collection_3d4d_reconstruction_2026_04_26/pdfs/2026_Generalizable_and_Animatable_3D_Full_Head_Gaussian_Avatar_from_a_Single_Image_2601.12770.pdf	imported
2601.04984	2026	2026-arxiv	Codex:3D-Reconstruction,Codex:3D4D-Reconstruction	OceanSplat: Object-aware Gaussian Splatting with Trinocular View Consistency for Underwater Scene Reconstruction	Minseong Kweon; Jinsun Park	cs.CV	/Volumes/UBag/Documents/l40server_mirror/lyra/Lyra-2/paper_collection_3d4d_reconstruction_2026_04_26/pdfs/2026_OceanSplat_Object_aware_Gaussian_Splatting_with_Trinocular_View_Consistency_for_Underwater_2601.04984.pdf	imported
2601.09291	2026	2026-arxiv	Codex:3D-Reconstruction,Codex:3D4D-Reconstruction	TIDI-GS: Floater Suppression in 3D Gaussian Splatting for Enhanced Indoor Scene Fidelity	Sooyeun Yang; Cheyul Im; Jee Won Lee; Jongseong Brad Choi	cs.GR	/Volumes/UBag/Documents/l40server_mirror/lyra/Lyra-2/paper_collection_3d4d_reconstruction_2026_04_26/pdfs/2026_TIDI_GS_Floater_Suppression_in_3D_Gaussian_Splatting_for_Enhanced_Indoor_Scene_Fidelity_2601.09291.pdf	imported
2601.05839	2026	2026-arxiv	Codex:3D-Reconstruction,Codex:3D4D-Reconstruction	GeoSurDepth: Harnessing Foundation Model for Spatial Geometry Consistency-Oriented Self-Supervised Surround-View Depth Estimation	Weimin Liu; Wenjun Wang; Joshua H. Meng	cs.CV	/Volumes/UBag/Documents/l40server_mirror/lyra/Lyra-2/paper_collection_3d4d_reconstruction_2026_04_26/pdfs/2026_GeoSurDepth_Harnessing_Foundation_Model_for_Spatial_Geometry_Consistency_Oriented_Self_Sup_2601.05839.pdf	imported
2601.13574	2026	2026-arxiv	Codex:3D-Reconstruction,Codex:3D4D-Reconstruction	Highly Deformable Proprioceptive Membrane for Real-Time 3D Shape Reconstruction	Guanyu Xu; Jiaqi Wang; Dezhong Tong; Xiaonan Huang	cs.RO	/Volumes/UBag/Documents/l40server_mirror/lyra/Lyra-2/paper_collection_3d4d_reconstruction_2026_04_26/pdfs/2026_Highly_Deformable_Proprioceptive_Membrane_for_Real_Time_3D_Shape_Reconstruction_2601.13574.pdf	imported
2601.14161	2026	2026-arxiv	Codex:3D-Reconstruction,Codex:3D4D-Reconstruction	One-Shot Refiner: Boosting Feed-forward Novel View Synthesis via One-Step Diffusion	Yitong Dong; Qi Zhang; Minchao Jiang; Zhiqiang Wu; Qingnan Fan; Ying Feng; Huaqi Zhang; Hujun Bao; Guofeng Zhang	cs.CV	/Volumes/UBag/Documents/l40server_mirror/lyra/Lyra-2/paper_collection_3d4d_reconstruction_2026_04_26/pdfs/2026_One_Shot_Refiner_Boosting_Feed_forward_Novel_View_Synthesis_via_One_Step_Diffusion_2601.14161.pdf	imported
2601.13706	2026	2026-arxiv	Codex:3D-Reconstruction,Codex:3D4D-Reconstruction	ParkingTwin: Training-Free Streaming 3D Reconstruction for Parking-Lot Digital Twins	Xinhao Liu; Yu Wang; Xiansheng Guo; Gordon Owusu Boateng; Yu Cao; Haonan Si; Xingchen Guo; Nirwan Ansari	cs.CV	/Volumes/UBag/Documents/l40server_mirror/lyra/Lyra-2/paper_collection_3d4d_reconstruction_2026_04_26/pdfs/2026_ParkingTwin_Training_Free_Streaming_3D_Reconstruction_for_Parking_Lot_Digital_Twins_2601.13706.pdf	imported
2601.14208	2026	2026-arxiv	Codex:3D-Reconstruction,Codex:3D4D-Reconstruction	Rig-Aware 3D Reconstruction of Vehicle Undercarriages using Gaussian Splatting	Nitin Kulkarni; Akhil Devarashetti; Charlie Cluss; Livio Forte; Dan Buckmaster; Philip Schneider; Chunming Qiao; Alina Vereshchaka	cs.CV cs.GR cs.LG	/Volumes/UBag/Documents/l40server_mirror/lyra/Lyra-2/paper_collection_3d4d_reconstruction_2026_04_26/pdfs/2026_Rig_Aware_3D_Reconstruction_of_Vehicle_Undercarriages_using_Gaussian_Splatting_2601.14208.pdf	imported
2601.10814	2026	2026-arxiv	Codex:3D-Reconstruction,Codex:3D4D-Reconstruction	SurfSLAM: Sim-to-Real Underwater Stereo Reconstruction For Real-Time SLAM	Onur Bagoren; Seth Isaacson; Sacchin Sundar; Yung-Ching Sun; Anja Sheppard; Haoyu Ma; Abrar Shariff; Ram Vasudevan; Katherine A. Skinner	cs.RO	/Volumes/UBag/Documents/l40server_mirror/lyra/Lyra-2/paper_collection_3d4d_reconstruction_2026_04_26/pdfs/2026_SurfSLAM_Sim_to_Real_Underwater_Stereo_Reconstruction_For_Real_Time_SLAM_2601.10814.pdf	imported
2601.15533	2026	2026-arxiv	Codex:3D+4D-Evolution,Codex:3D4D-Reconstruction	From Generative Engines to Actionable Simulators: The Imperative of Physical Grounding in World Models	Zhikang Chen; Tingting Zhu	cs.AI	/Volumes/UBag/Documents/l40server_mirror/lyra/Lyra-2/paper_collection_3d4d_reconstruction_2026_04_26/pdfs/2026_From_Generative_Engines_to_Actionable_Simulators_The_Imperative_of_Physical_Grounding_in_W_2601.15533.pdf	imported
2601.14875	2026	2026-arxiv	Codex:3D-Reconstruction,Codex:3D4D-Reconstruction	GAT-NeRF: Geometry-Aware-Transformer Enhanced Neural Radiance Fields for High-Fidelity 4D Facial Avatars	Zhe Chang; Haodong Jin; Ying Sun; Yan Song; Hui Yu	cs.CV cs.AI	/Volumes/UBag/Documents/l40server_mirror/lyra/Lyra-2/paper_collection_3d4d_reconstruction_2026_04_26/pdfs/2026_GAT_NeRF_Geometry_Aware_Transformer_Enhanced_Neural_Radiance_Fields_for_High_Fidelity_4D_F_2601.14875.pdf	imported
2601.15431	2026	2026-arxiv	Codex:3D-Reconstruction,Codex:3D4D-Reconstruction	SplatBus: A Gaussian Splatting Viewer Framework via GPU Interprocess Communication	Yinghan Xu; Théo Morales; John Dingliana	cs.GR cs.CV	/Volumes/UBag/Documents/l40server_mirror/lyra/Lyra-2/paper_collection_3d4d_reconstruction_2026_04_26/pdfs/2026_SplatBus_A_Gaussian_Splatting_Viewer_Framework_via_GPU_Interprocess_Communication_2601.15431.pdf	imported
2601.17067	2026	2026-arxiv	Codex:3D+4D-Evolution,Codex:3D4D-Reconstruction	A Mechanistic View on Video Generation as World Models: State and Dynamics	Luozhou Wang; Zhifei Chen; Yihua Du; Dongyu Yan; Wenhang Ge; Guibao Shen; Xinli Xu; Leyi Wu; Man Chen; Tianshuo Xu; Peiran Ren; Xin Tao; Pengfei Wan; Ying-Cong Chen	cs.CV cs.AI	/Volumes/UBag/Documents/l40server_mirror/lyra/Lyra-2/paper_collection_3d4d_reconstruction_2026_04_26/pdfs/2026_A_Mechanistic_View_on_Video_Generation_as_World_Models_State_and_Dynamics_2601.17067.pdf	imported
2601.16163	2026	2026-arxiv	Codex:3D+4D-Evolution,Codex:3D4D-Reconstruction	Cosmos Policy: Fine-Tuning Video Models for Visuomotor Control and Planning	Moo Jin Kim; Yihuai Gao; Tsung-Yi Lin; Yen-Chen Lin; Yunhao Ge; Grace Lam; Percy Liang; Shuran Song; Ming-Yu Liu; Chelsea Finn; Jinwei Gu	cs.AI cs.RO	/Volumes/UBag/Documents/l40server_mirror/lyra/Lyra-2/paper_collection_3d4d_reconstruction_2026_04_26/pdfs/2026_Cosmos_Policy_Fine_Tuning_Video_Models_for_Visuomotor_Control_and_Planning_2601.16163.pdf	imported
2601.15951	2026	2026-arxiv	Codex:3D-Reconstruction,Codex:3D4D-Reconstruction,Codex:4D-Reconstruction	EVolSplat4D: Efficient Volume-based Gaussian Splatting for 4D Urban Scene Synthesis	Sheng Miao; Sijin Li; Pan Wang; Dongfeng Bai; Bingbing Liu; Yue Wang; Andreas Geiger; Yiyi Liao	cs.CV	/Volumes/UBag/Documents/l40server_mirror/lyra/Lyra-2/paper_collection_3d4d_reconstruction_2026_04_26/pdfs/2026_EVolSplat4D_Efficient_Volume_based_Gaussian_Splatting_for_4D_Urban_Scene_Synthesis_2601.15951.pdf	imported
2601.15772	2026	2026-arxiv	Codex:3D-Reconstruction,Codex:3D4D-Reconstruction	LL-GaussianImage: Efficient Image Representation for Zero-shot Low-Light Enhancement with 2D Gaussian Splatting	Yuhan Chen; Wenxuan Yu; Guofa Li; Yijun Xu; Ying Fang; Yicui Shi; Long Cao; Wenbo Chu; Keqiang Li	cs.CV	/Volumes/UBag/Documents/l40server_mirror/lyra/Lyra-2/paper_collection_3d4d_reconstruction_2026_04_26/pdfs/2026_LL_GaussianImage_Efficient_Image_Representation_for_Zero_shot_Low_Light_Enhancement_with_2_2601.15772.pdf	imported
2601.16982	2026	2026-arxiv	Codex:3D4D-Reconstruction,Codex:4D-Reconstruction	AnyView: Synthesizing Any Novel View in Dynamic Scenes	Basile Van Hoorick; Dian Chen; Shun Iwase; Pavel Tokmakov; Muhammad Zubair Irshad; Igor Vasiljevic; Swati Gupta; Fangzhou Cheng; Sergey Zakharov; Vitor Campagnolo Guizilini	cs.CV cs.LG cs.RO	/Volumes/UBag/Documents/l40server_mirror/lyra/Lyra-2/paper_collection_3d4d_reconstruction_2026_04_26/pdfs/2026_AnyView_Synthesizing_Any_Novel_View_in_Dynamic_Scenes_2601.16982.pdf	imported
2601.17088	2026	2026-arxiv	Codex:3D-Reconstruction,Codex:3D4D-Reconstruction	GlassesGB: Controllable 2D GAN-Based Eyewear Personalization for 3D Gaussian Blendshapes Head Avatars	Rui-Yang Ju; Jen-Shiun Chiang	cs.CV	/Volumes/UBag/Documents/l40server_mirror/lyra/Lyra-2/paper_collection_3d4d_reconstruction_2026_04_26/pdfs/2026_GlassesGB_Controllable_2D_GAN_Based_Eyewear_Personalization_for_3D_Gaussian_Blendshapes_He_2601.17088.pdf	imported
2601.17185	2026	2026-arxiv	Codex:3D-Reconstruction,Codex:3D4D-Reconstruction	LGDWT-GS: Local and Global Discrete Wavelet-Regularized 3D Gaussian Splatting for Sparse-View Scene Reconstruction	Shima Salehi; Atharva Agashe; Andrew J. McFarland; Joshua Peeples	cs.CV	/Volumes/UBag/Documents/l40server_mirror/lyra/Lyra-2/paper_collection_3d4d_reconstruction_2026_04_26/pdfs/2026_LGDWT_GS_Local_and_Global_Discrete_Wavelet_Regularized_3D_Gaussian_Splatting_for_Sparse_Vi_2601.17185.pdf	imported
2602.16713	2026	2026-arxiv	Codex:3D-Reconstruction,Codex:3D4D-Reconstruction	Three-dimensional Damage Visualization of Civil Structures via Gaussian Splatting-enabled Digital Twins	Shuo Wang; Shuo Wang; Xin Nie; Yasutaka Narazaki; Thomas Matiki; Billie F. Spencer Jr	cs.CV	/Volumes/UBag/Documents/l40server_mirror/lyra/Lyra-2/paper_collection_3d4d_reconstruction_2026_04_26/pdfs/2026_Three_dimensional_Damage_Visualization_of_Civil_Structures_via_Gaussian_Splatting_enabled_2602.16713.pdf	imported
2602.00096	2026	2026-arxiv	Codex:3D+4D-Evolution,Codex:3D4D-Reconstruction	Mirage2Matter: A Physically Grounded Gaussian World Model from Video	Zhengqing Gao; Ziwen Li; Xin Wang; Jiaxin Huang; Zhenyang Ren; Mingkai Shao; Hanlue Zhang; Tianyu Huang; Yongkang Cheng; Yandong Guo; Runqi Lin; Yuanyuan Wang; Tongliang Liu; Kun Zhang; Mingming Gong	cs.CV cs.AI	/Volumes/UBag/Documents/l40server_mirror/lyra/Lyra-2/paper_collection_3d4d_reconstruction_2026_04_26/pdfs/2026_Mirage2Matter_A_Physically_Grounded_Gaussian_World_Model_from_Video_2602.00096.pdf	imported
2601.17350	2026	2026-arxiv	Codex:3D-Reconstruction,Codex:3D4D-Reconstruction	NeRF-MIR: Towards High-Quality Restoration of Masked Images with Neural Radiance Fields	Xianliang Huang; Zhizhou Zhong; Shuhang Chen; Yi Xu; Juhong Guan; Shuigeng Zhou	cs.CV cs.AI	/Volumes/UBag/Documents/l40server_mirror/lyra/Lyra-2/paper_collection_3d4d_reconstruction_2026_04_26/pdfs/2026_NeRF_MIR_Towards_High_Quality_Restoration_of_Masked_Images_with_Neural_Radiance_Fields_2601.17350.pdf	imported
2603.29572	2026	2026-arxiv	Codex:3D+4D-Evolution,Codex:3D4D-Reconstruction	Turbo4DGen: Ultra-Fast Acceleration for 4D Generation	Yuanbin Man; Ying Huang; Zhile Ren; Miao Yin	cs.GR cs.AI cs.CV	/Volumes/UBag/Documents/l40server_mirror/lyra/Lyra-2/paper_collection_3d4d_reconstruction_2026_04_26/pdfs/2026_Turbo4DGen_Ultra_Fast_Acceleration_for_4D_Generation_2603.29572.pdf	imported
2601.17720	2026	2026-arxiv	Codex:3D-Reconstruction,Codex:3D4D-Reconstruction	Advancing Structured Priors for Sparse-Voxel Surface Reconstruction	Ting-Hsun Chi; Chu-Rong Chen; Chi-Tun Hsu; Hsuan-Ting Lin; Sheng-Yu Huang; Cheng Sun; Yu-Chiang Frank Wang	cs.CV	/Volumes/UBag/Documents/l40server_mirror/lyra/Lyra-2/paper_collection_3d4d_reconstruction_2026_04_26/pdfs/2026_Advancing_Structured_Priors_for_Sparse_Voxel_Surface_Reconstruction_2601.17720.pdf	imported
2601.17791	2026	2026-arxiv	Codex:3D-Reconstruction,Codex:3D4D-Reconstruction	Agreement-Driven Multi-View 3D Reconstruction for Live Cattle Weight Estimation	Rabin Dulal; Wenfeng Jia; Lihong Zheng; Jane Quinn	cs.CV	/Volumes/UBag/Documents/l40server_mirror/lyra/Lyra-2/paper_collection_3d4d_reconstruction_2026_04_26/pdfs/2026_Agreement_Driven_Multi_View_3D_Reconstruction_for_Live_Cattle_Weight_Estimation_2601.17791.pdf	imported
2601.05208	2026	2026-arxiv	Codex:3D-Reconstruction,Codex:3D4D-Reconstruction	MoE3D: A Mixture-of-Experts Module for 3D Reconstruction	Zichen Wang; Ang Cao; Liam J. Wang; Jeong Joon Park	cs.CV	/Volumes/UBag/Documents/l40server_mirror/lyra/Lyra-2/paper_collection_3d4d_reconstruction_2026_04_26/pdfs/2026_MoE3D_A_Mixture_of_Experts_Module_for_3D_Reconstruction_2601.05208.pdf	imported
2601.17900	2026	2026-arxiv	Codex:3D-Reconstruction,Codex:3D4D-Reconstruction	Revisiting 3D Reconstruction Kernels as Low-Pass Filters	Shengjun Zhang; Min Chen; Yibo Wei; Mingyu Dong; Yueqi Duan	cs.CV	/Volumes/UBag/Documents/l40server_mirror/lyra/Lyra-2/paper_collection_3d4d_reconstruction_2026_04_26/pdfs/2026_Revisiting_3D_Reconstruction_Kernels_as_Low_Pass_Filters_2601.17900.pdf	imported
2601.18993	2026	2026-arxiv	Codex:3D4D-Reconstruction,Codex:4D-Reconstruction	FreeOrbit4D: Training-Free Arbitrary Camera Redirection for Monocular Videos via Geometry-Complete 4D Reconstruction	Wei Cao; Hao Zhang; Fengrui Tian; Yulun Wu; Yingying Li; Shenlong Wang; Ning Yu; Yaoyao Liu	cs.CV cs.AI cs.GR	/Volumes/UBag/Documents/l40server_mirror/lyra/Lyra-2/paper_collection_3d4d_reconstruction_2026_04_26/pdfs/2026_FreeOrbit4D_Training_Free_Arbitrary_Camera_Redirection_for_Monocular_Videos_via_Geometry_C_2601.18993.pdf	imported
2601.02103	2026	2026-arxiv	Codex:3D-Reconstruction,Codex:3D4D-Reconstruction	HeadLighter: Disentangling Illumination in Generative 3D Gaussian Heads via Lightstage Captures	Yating Wang; Yuan Sun; Xuan Wang; Ran Yi; Boyao Zhou; Yipengjing Sun; Hongyu Liu; Yinuo Wang; Lizhuang Ma	cs.CV	/Volumes/UBag/Documents/l40server_mirror/lyra/Lyra-2/paper_collection_3d4d_reconstruction_2026_04_26/pdfs/2026_HeadLighter_Disentangling_Illumination_in_Generative_3D_Gaussian_Heads_via_Lightstage_Capt_2601.02103.pdf	imported
2601.18475	2026	2026-arxiv	Codex:3D-Reconstruction,Codex:3D4D-Reconstruction	LoD-Structured 3D Gaussian Splatting for Streaming Video Reconstruction	Xinhui Liu; Can Wang; Lei Liu; Zhenghao Chen; Wei Jiang; Wei Wang; Dong Xu	cs.GR cs.CV	/Volumes/UBag/Documents/l40server_mirror/lyra/Lyra-2/paper_collection_3d4d_reconstruction_2026_04_26/pdfs/2026_LoD_Structured_3D_Gaussian_Splatting_for_Streaming_Video_Reconstruction_2601.18475.pdf	imported
2601.19014	2026	2026-arxiv	Codex:3D-Reconstruction,Codex:3D4D-Reconstruction	Non-Invasive 3D Wound Measurement with RGB-D Imaging	Lena Harkämper; Leo Lebrat; David Ahmedt-Aristizabal; Olivier Salvado; Mattias Heinrich; Rodrigo Santa Cruz	cs.CV	/Volumes/UBag/Documents/l40server_mirror/lyra/Lyra-2/paper_collection_3d4d_reconstruction_2026_04_26/pdfs/2026_Non_Invasive_3D_Wound_Measurement_with_RGB_D_Imaging_2601.19014.pdf	imported
2601.18633	2026	2026-arxiv	Codex:3D-Reconstruction,Codex:3D4D-Reconstruction	Splat-Portrait: Generalizing Talking Heads with Gaussian Splatting	Tong Shi; Melonie de Almeida; Daniela Ivanova; Nicolas Pugeault; Paul Henderson	cs.CV	/Volumes/UBag/Documents/l40server_mirror/lyra/Lyra-2/paper_collection_3d4d_reconstruction_2026_04_26/pdfs/2026_Splat_Portrait_Generalizing_Talking_Heads_with_Gaussian_Splatting_2601.18633.pdf	imported
2601.18323	2026	2026-arxiv	Codex:3D+4D-Evolution,Codex:3D4D-Reconstruction	TC-IDM: Grounding Video Generation for Executable Zero-shot Robot Motion	Weishi Mi; Yong Bao; Xiaowei Chi; Xiaozhu Ju; Zhiyuan Qin; Kuangzhi Ge; Kai Tang; Peidong Jia; Shanghang Zhang; Jian Tang	cs.RO	/Volumes/UBag/Documents/l40server_mirror/lyra/Lyra-2/paper_collection_3d4d_reconstruction_2026_04_26/pdfs/2026_TC_IDM_Grounding_Video_Generation_for_Executable_Zero_shot_Robot_Motion_2601.18323.pdf	imported
2601.19216	2026	2026-arxiv	Codex:3D-Reconstruction,Codex:3D4D-Reconstruction	Bridging Visual and Wireless Sensing: A Unified Radiation Field for 3D Radio Map Construction	Chaozheng Wen; Jingwen Tong; Zehong Lin; Chenghong Bian; Jun Zhang	cs.NI cs.AI cs.CV cs.LG	/Volumes/UBag/Documents/l40server_mirror/lyra/Lyra-2/paper_collection_3d4d_reconstruction_2026_04_26/pdfs/2026_Bridging_Visual_and_Wireless_Sensing_A_Unified_Radiation_Field_for_3D_Radio_Map_Constructi_2601.19216.pdf	imported
2601.19717	2026	2026-arxiv	Codex:3D-Reconstruction,Codex:3D4D-Reconstruction	DiffStyle3D: Consistent 3D Gaussian Stylization via Attention Optimization	Yitong Yang; Xuexin Liu; Yinglin Wang; Jing Wang; Hao Dou; Changshuo Wang; Shuting He	cs.CV	/Volumes/UBag/Documents/l40server_mirror/lyra/Lyra-2/paper_collection_3d4d_reconstruction_2026_04_26/pdfs/2026_DiffStyle3D_Consistent_3D_Gaussian_Stylization_via_Attention_Optimization_2601.19717.pdf	imported
2601.19484	2026	2026-arxiv	Codex:3D+4D-Evolution,Codex:3D4D-Reconstruction	Dynamic Worlds, Dynamic Humans: Generating Virtual Human-Scene Interaction Motion in Dynamic Scenes	Yin Wang; Zhiying Leng; Haitian Liu; Frederick W. B. Li; Mu Li; Xiaohui Liang	cs.CV	/Volumes/UBag/Documents/l40server_mirror/lyra/Lyra-2/paper_collection_3d4d_reconstruction_2026_04_26/pdfs/2026_Dynamic_Worlds_Dynamic_Humans_Generating_Virtual_Human_Scene_Interaction_Motion_in_Dynamic_2601.19484.pdf	imported
2601.17835	2026	2026-arxiv	Codex:3D-Reconstruction,Codex:3D4D-Reconstruction	Geometry-Grounded Gaussian Splatting	Baowen Zhang; Chenxing Jiang; Heng Li; Shaojie Shen; Ping Tan	cs.CV	/Volumes/UBag/Documents/l40server_mirror/lyra/Lyra-2/paper_collection_3d4d_reconstruction_2026_04_26/pdfs/2026_Geometry_Grounded_Gaussian_Splatting_2601.17835.pdf	imported
2601.19843	2026	2026-arxiv	Codex:3D-Reconstruction,Codex:3D4D-Reconstruction,Codex:4D-Reconstruction	Graphical X Splatting (GraphiXS): A Graphical Model for 4D Gaussian Splatting under Uncertainty	Doga Yilmaz; Jialin Zhu; Deshan Gong; He Wang	cs.GR	/Volumes/UBag/Documents/l40server_mirror/lyra/Lyra-2/paper_collection_3d4d_reconstruction_2026_04_26/pdfs/2026_Graphical_X_Splatting_GraphiXS_A_Graphical_Model_for_4D_Gaussian_Splatting_under_Uncertain_2601.19843.pdf	imported
2601.15766	2026	2026-arxiv	Codex:3D-Reconstruction,Codex:3D4D-Reconstruction	LL-GaussianMap: Zero-shot Low-Light Image Enhancement via 2D Gaussian Splatting Guided Gain Maps	Yuhan Chen; Ying Fang; Guofa Li; Wenxuan Yu; Yicui Shi; Jingrui Zhang; Kefei Qian; Wenbo Chu; Keqiang Li	cs.CV	/Volumes/UBag/Documents/l40server_mirror/lyra/Lyra-2/paper_collection_3d4d_reconstruction_2026_04_26/pdfs/2026_LL_GaussianMap_Zero_shot_Low_Light_Image_Enhancement_via_2D_Gaussian_Splatting_Guided_Gain_2601.15766.pdf	imported
2601.20051	2026	2026-arxiv	Codex:3D-Reconstruction,Codex:3D4D-Reconstruction	Size Matters: Reconstructing Real-Scale 3D Models from Monocular Images for Food Portion Estimation	Gautham Vinod; Bruce Coburn; Siddeshwar Raghavan; Jiangpeng He; Fengqing Zhu	cs.CV cs.AI cs.LG cs.MM	/Volumes/UBag/Documents/l40server_mirror/lyra/Lyra-2/paper_collection_3d4d_reconstruction_2026_04_26/pdfs/2026_Size_Matters_Reconstructing_Real_Scale_3D_Models_from_Monocular_Images_for_Food_Portion_Es_2601.20051.pdf	imported
2601.19233	2026	2026-arxiv	Codex:3D-Reconstruction,Codex:3D4D-Reconstruction	UniMGS: Unifying Mesh and 3D Gaussian Splatting with Single-Pass Rasterization and Proxy-Based Deformation	Zeyu Xiao; Mingyang Sun; Yimin Cong; Lintao Wang; Dongliang Kou; Zhenyi Wu; Dingkang Yang; Peng Zhai; Zeyu Wang; Lihua Zhang	cs.GR	/Volumes/UBag/Documents/l40server_mirror/lyra/Lyra-2/paper_collection_3d4d_reconstruction_2026_04_26/pdfs/2026_UniMGS_Unifying_Mesh_and_3D_Gaussian_Splatting_with_Single_Pass_Rasterization_and_Proxy_Ba_2601.19233.pdf	imported
2601.19753	2026	2026-arxiv	Codex:3D-Reconstruction,Codex:3D4D-Reconstruction	WaterClear-GS: Optical-Aware Gaussian Splatting for Underwater Reconstruction and Restoration	Xinrui Zhang; Yufeng Wang; Shuangkang Fang; Zesheng Wang; Dacheng Qi; Wenrui Ding	cs.CV	/Volumes/UBag/Documents/l40server_mirror/lyra/Lyra-2/paper_collection_3d4d_reconstruction_2026_04_26/pdfs/2026_WaterClear_GS_Optical_Aware_Gaussian_Splatting_for_Underwater_Reconstruction_and_Restorati_2601.19753.pdf	imported
2601.19489	2026	2026-arxiv	Codex:3D-Reconstruction,Codex:3D4D-Reconstruction	Fast Converging 3D Gaussian Splatting for 1-Minute Reconstruction	Ziyu Zhang; Tianle Liu; Diantao Tu; Shuhan Shen	cs.CV	/Volumes/UBag/Documents/l40server_mirror/lyra/Lyra-2/paper_collection_3d4d_reconstruction_2026_04_26/pdfs/2026_Fast_Converging_3D_Gaussian_Splatting_for_1_Minute_Reconstruction_2601.19489.pdf	imported
2601.20857	2026	2026-arxiv	Codex:3D-Reconstruction,Codex:3D4D-Reconstruction	FreeFix: Boosting 3D Gaussian Splatting via Fine-Tuning-Free Diffusion Models	Hongyu Zhou; Zisen Shao; Sheng Miao; Pan Wang; Dongfeng Bai; Bingbing Liu; Yiyi Liao	cs.CV	/Volumes/UBag/Documents/l40server_mirror/lyra/Lyra-2/paper_collection_3d4d_reconstruction_2026_04_26/pdfs/2026_FreeFix_Boosting_3D_Gaussian_Splatting_via_Fine_Tuning_Free_Diffusion_Models_2601.20857.pdf	imported
2601.19785	2026	2026-arxiv	Codex:3D-Reconstruction,Codex:3D4D-Reconstruction	GeoDiff3D: Self-Supervised 3D Scene Generation with Geometry-Constrained 2D Diffusion Guidance	Haozhi Zhu; Miaomiao Zhao; Dingyao Liu; Runze Tian; Yan Zhang; Jie Guo; Fenggen Yu	cs.CV	/Volumes/UBag/Documents/l40server_mirror/lyra/Lyra-2/paper_collection_3d4d_reconstruction_2026_04_26/pdfs/2026_GeoDiff3D_Self_Supervised_3D_Scene_Generation_with_Geometry_Constrained_2D_Diffusion_Guida_2601.19785.pdf	imported
2602.06991	2026	2026-arxiv	Codex:3D-Reconstruction,Codex:3D4D-Reconstruction	LangGS-SLAM: Real-Time Language-Feature Gaussian Splatting SLAM	Seongbo Ha; Sibaek Lee; Kyungsu Kang; Joonyeol Choi; Seungjun Tak; Hyeonwoo Yu	cs.RO cs.CV eess.IV	/Volumes/UBag/Documents/l40server_mirror/lyra/Lyra-2/paper_collection_3d4d_reconstruction_2026_04_26/pdfs/2026_LangGS_SLAM_Real_Time_Language_Feature_Gaussian_Splatting_SLAM_2602.06991.pdf	imported
2601.22032	2026	2026-arxiv	Codex:3D+4D-Evolution,Codex:3D4D-Reconstruction	Drive-JEPA: Video JEPA Meets Multimodal Trajectory Distillation for End-to-End Driving	Linhan Wang; Zichong Yang; Chen Bai; Guoxiang Zhang; Xiaotong Liu; Xiaoyin Zheng; Xiao-Xiao Long; Chang-Tien Lu; Cheng Lu	cs.CV	/Volumes/UBag/Documents/l40server_mirror/lyra/Lyra-2/paper_collection_3d4d_reconstruction_2026_04_26/pdfs/2026_Drive_JEPA_Video_JEPA_Meets_Multimodal_Trajectory_Distillation_for_End_to_End_Driving_2601.22032.pdf	imported
2601.16272	2026	2026-arxiv	Codex:3D-Reconstruction,Codex:3D4D-Reconstruction	GR3EN: Generative Relighting for 3D Environments	Xiaoyan Xing; Philipp Henzler; Junhwa Hur; Runze Li; Jonathan T. Barron; Pratul P. Srinivasan; Dor Verbin	cs.CV	/Volumes/UBag/Documents/l40server_mirror/lyra/Lyra-2/paper_collection_3d4d_reconstruction_2026_04_26/pdfs/2026_GR3EN_Generative_Relighting_for_3D_Environments_2601.16272.pdf	imported
2601.22086	2026	2026-arxiv	Codex:3D+4D-Evolution,Codex:3D4D-Reconstruction	Learning Transient Convective Heat Transfer with Geometry Aware World Models	Onur T. Doganay; Alexander Klawonn; Martin Eigel; Hanno Gottschalk	physics.flu-dyn cs.CV	/Volumes/UBag/Documents/l40server_mirror/lyra/Lyra-2/paper_collection_3d4d_reconstruction_2026_04_26/pdfs/2026_Learning_Transient_Convective_Heat_Transfer_with_Geometry_Aware_World_Models_2601.22086.pdf	imported
2601.21786	2026	2026-arxiv	Codex:3D-Reconstruction,Codex:3D4D-Reconstruction	Synthetic-to-Real Domain Bridging for Single-View 3D Reconstruction of Ships for Maritime Monitoring	Borja Carrillo-Perez; Felix Sattler; Angel Bueno Rodriguez; Maurice Stephan; Sarah Barnes	cs.CV cs.AI cs.GR	/Volumes/UBag/Documents/l40server_mirror/lyra/Lyra-2/paper_collection_3d4d_reconstruction_2026_04_26/pdfs/2026_Synthetic_to_Real_Domain_Bridging_for_Single_View_3D_Reconstruction_of_Ships_for_Maritime_2601.21786.pdf	imported
2601.22045	2026	2026-arxiv	Codex:3D-Reconstruction,Codex:3D4D-Reconstruction	Urban Neural Surface Reconstruction from Constrained Sparse Aerial Imagery with 3D SAR Fusion	Da Li; Chen Yao; Tong Mao; Jiacheng Bao; Houjun Sun	cs.CV	/Volumes/UBag/Documents/l40server_mirror/lyra/Lyra-2/paper_collection_3d4d_reconstruction_2026_04_26/pdfs/2026_Urban_Neural_Surface_Reconstruction_from_Constrained_Sparse_Aerial_Imagery_with_3D_SAR_Fus_2601.22045.pdf	imported
2602.00395	2026	2026-arxiv	Codex:3D-Reconstruction,Codex:3D4D-Reconstruction	3DGS$^2$-TR: Scalable Second-Order Trust-Region Method for 3D Gaussian Splatting	Roger Hsiao; Yuchen Fang; Xiangru Huang; Ruilong Li; Hesam Rabeti; Zan Gojcic; Javad Lavaei; James Demmel; Sophia Shao	cs.CV cs.LG math.OC	/Volumes/UBag/Documents/l40server_mirror/lyra/Lyra-2/paper_collection_3d4d_reconstruction_2026_04_26/pdfs/2026_3DGS_2_TR_Scalable_Second_Order_Trust_Region_Method_for_3D_Gaussian_Splatting_2602.00395.pdf	imported
2601.23065	2026	2026-arxiv	Codex:3D-Reconstruction,Codex:3D4D-Reconstruction	EAG-PT: Emission-Aware Gaussians and Path Tracing for Indoor Scene Reconstruction and Editing	Xijie Yang; Mulin Yu; Changjian Jiang; Kerui Ren; Tao Lu; Jiangmiao Pang; Dahua Lin; Bo Dai; Linning Xu	cs.GR cs.CV	/Volumes/UBag/Documents/l40server_mirror/lyra/Lyra-2/paper_collection_3d4d_reconstruction_2026_04_26/pdfs/2026_EAG_PT_Emission_Aware_Gaussians_and_Path_Tracing_for_Indoor_Scene_Reconstruction_and_Editi_2601.23065.pdf	imported
2601.13837	2026	2026-arxiv	Codex:3D-Reconstruction,Codex:3D4D-Reconstruction	FastGHA: Generalized Few-Shot 3D Gaussian Head Avatars with Real-Time Animation	Xinya Ji; Sebastian Weiss; Manuel Kansy; Jacek Naruniec; Xun Cao; Barbara Solenthaler; Derek Bradley	cs.CV	/Volumes/UBag/Documents/l40server_mirror/lyra/Lyra-2/paper_collection_3d4d_reconstruction_2026_04_26/pdfs/2026_FastGHA_Generalized_Few_Shot_3D_Gaussian_Head_Avatars_with_Real_Time_Animation_2601.13837.pdf	imported
2601.22988	2026	2026-arxiv	Codex:3D-Reconstruction,Codex:3D4D-Reconstruction	Learning Geometrically-Grounded 3D Visual Representations for View-Generalizable Robotic Manipulation	Di Zhang; Weicheng Duan; Dasen Gu; Hongye Lu; Hai Zhang; Hang Yu; Junqiao Zhao; Guang Chen	cs.RO	/Volumes/UBag/Documents/l40server_mirror/lyra/Lyra-2/paper_collection_3d4d_reconstruction_2026_04_26/pdfs/2026_Learning_Geometrically_Grounded_3D_Visual_Representations_for_View_Generalizable_Robotic_M_2601.22988.pdf	imported
2601.19887	2026	2026-arxiv	Codex:3D-Reconstruction,Codex:3D4D-Reconstruction	VGGT-SLAM 2.0: Real-time Dense Feed-forward Scene Reconstruction	Dominic Maggio; Luca Carlone	cs.CV cs.RO	/Volumes/UBag/Documents/l40server_mirror/lyra/Lyra-2/paper_collection_3d4d_reconstruction_2026_04_26/pdfs/2026_VGGT_SLAM_2_0_Real_time_Dense_Feed_forward_Scene_Reconstruction_2601.19887.pdf	imported
2602.00739	2026	2026-arxiv	Codex:3D-Reconstruction,Codex:3D4D-Reconstruction	Diffusion-Driven Inter-Outer Surface Separation for Point Clouds with Open Boundaries	Zhengyan Qin; Liyuan Qiu	cs.CV	/Volumes/UBag/Documents/l40server_mirror/lyra/Lyra-2/paper_collection_3d4d_reconstruction_2026_04_26/pdfs/2026_Diffusion_Driven_Inter_Outer_Surface_Separation_for_Point_Clouds_with_Open_Boundaries_2602.00739.pdf	imported
2602.07016	2026	2026-arxiv	Codex:3D-Reconstruction,Codex:3D4D-Reconstruction	Gaussian-Constrained LeJEPA Representations for Unsupervised Scene Discovery and Pose Consistency	Mohsen Mostafa	cs.CV	/Volumes/UBag/Documents/l40server_mirror/lyra/Lyra-2/paper_collection_3d4d_reconstruction_2026_04_26/pdfs/2026_Gaussian_Constrained_LeJEPA_Representations_for_Unsupervised_Scene_Discovery_and_Pose_Cons_2602.07016.pdf	imported
2601.21400	2026	2026-arxiv	Codex:3D-Reconstruction,Codex:3D4D-Reconstruction	Mesh Splatting for End-to-end Multiview Surface Reconstruction	Ruiqi Zhang; Jiacheng Wu; Jie Chen	cs.GR	/Volumes/UBag/Documents/l40server_mirror/lyra/Lyra-2/paper_collection_3d4d_reconstruction_2026_04_26/pdfs/2026_Mesh_Splatting_for_End_to_end_Multiview_Surface_Reconstruction_2601.21400.pdf	imported
2602.00463	2026	2026-arxiv	Codex:3D-Reconstruction,Codex:3D4D-Reconstruction	PSGS: Text-driven Panorama Sliding Scene Generation via Gaussian Splatting	Xin Zhang; Shen Chen; Jiale Zhou; Lei Li	cs.CV	/Volumes/UBag/Documents/l40server_mirror/lyra/Lyra-2/paper_collection_3d4d_reconstruction_2026_04_26/pdfs/2026_PSGS_Text_driven_Panorama_Sliding_Scene_Generation_via_Gaussian_Splatting_2602.00463.pdf	imported
2602.00466	2026	2026-arxiv	Codex:3D-Reconstruction,Codex:3D4D-Reconstruction	Stealthy Coverage Control for Human-enabled Real-Time 3D Reconstruction	Reiji Terunuma; Yuta Nakamura; Takuma Abe; Takeshi Hatanaka	eess.SY cs.RO cs.SY	/Volumes/UBag/Documents/l40server_mirror/lyra/Lyra-2/paper_collection_3d4d_reconstruction_2026_04_26/pdfs/2026_Stealthy_Coverage_Control_for_Human_enabled_Real_Time_3D_Reconstruction_2602.00466.pdf	imported
2602.00618	2026	2026-arxiv	Codex:3D-Reconstruction,Codex:3D4D-Reconstruction	Tune-Your-Style: Intensity-tunable 3D Style Transfer with Gaussian Splatting	Yian Zhao; Rushi Ye; Ruochong Zheng; Zesen Cheng; Chaoran Feng; Jiashu Yang; Pengchong Qiao; Chang Liu; Jie Chen	cs.CV	/Volumes/UBag/Documents/l40server_mirror/lyra/Lyra-2/paper_collection_3d4d_reconstruction_2026_04_26/pdfs/2026_Tune_Your_Style_Intensity_tunable_3D_Style_Transfer_with_Gaussian_Splatting_2602.00618.pdf	imported
2602.02602	2026	2026-arxiv	Codex:3D-Reconstruction,Codex:3D4D-Reconstruction	Position: 3D Gaussian Splatting Watermarking Should Be Scenario-Driven and Threat-Model Explicit	Yangfan Deng; Anirudh Nakra; Min Wu	cs.CR cs.LG	/Volumes/UBag/Documents/l40server_mirror/lyra/Lyra-2/paper_collection_3d4d_reconstruction_2026_04_26/pdfs/2026_Position_3D_Gaussian_Splatting_Watermarking_Should_Be_Scenario_Driven_and_Threat_Model_Exp_2602.02602.pdf	imported
2602.02430	2026	2026-arxiv	Codex:3D-Reconstruction,Codex:3D4D-Reconstruction	3D Foundation Model-Based Loop Closing for Decentralized Collaborative SLAM	Pierre-Yves Lajoie; Benjamin Ramtoula; Daniele De Martini; Giovanni Beltrame	cs.RO	/Volumes/UBag/Documents/l40server_mirror/lyra/Lyra-2/paper_collection_3d4d_reconstruction_2026_04_26/pdfs/2026_3D_Foundation_Model_Based_Loop_Closing_for_Decentralized_Collaborative_SLAM_2602.02430.pdf	imported
2602.01723	2026	2026-arxiv	Codex:3D-Reconstruction,Codex:3D4D-Reconstruction	FastPhysGS: Accelerating Physics-based Dynamic 3DGS Simulation via Interior Completion and Adaptive Optimization	Yikun Ma; Yiqing Li; Jingwen Ye; Zhongkai Wu; Weidong Zhang; Lin Gao; Zhi Jin	cs.CV	/Volumes/UBag/Documents/l40server_mirror/lyra/Lyra-2/paper_collection_3d4d_reconstruction_2026_04_26/pdfs/2026_FastPhysGS_Accelerating_Physics_based_Dynamic_3DGS_Simulation_via_Interior_Completion_and_2602.01723.pdf	imported
2602.01644	2026	2026-arxiv	Codex:3D+4D-Evolution,Codex:3D4D-Reconstruction	From Perception to Action: Spatial AI Agents and World Models	Gloria Felicia; Nolan Bryant; Handi Putra; Ayaan Gazali; Eliel Lobo; Esteban Rojas	cs.LG cs.AI cs.CV cs.MA cs.RO	/Volumes/UBag/Documents/l40server_mirror/lyra/Lyra-2/paper_collection_3d4d_reconstruction_2026_04_26/pdfs/2026_From_Perception_to_Action_Spatial_AI_Agents_and_World_Models_2602.01644.pdf	imported
2602.01748	2026	2026-arxiv	Codex:3D-Reconstruction,Codex:3D4D-Reconstruction	OFERA: Blendshape-driven 3D Gaussian Control for Occluded Facial Expression to Realistic Avatars in VR	Seokhwan Yang; Boram Yoon; Seoyoung Kang; Hail Song; Woontack Woo	cs.GR	/Volumes/UBag/Documents/l40server_mirror/lyra/Lyra-2/paper_collection_3d4d_reconstruction_2026_04_26/pdfs/2026_OFERA_Blendshape_driven_3D_Gaussian_Control_for_Occluded_Facial_Expression_to_Realistic_Av_2602.01748.pdf	imported
2601.22861	2026	2026-arxiv	Codex:3D-Reconstruction,Codex:3D4D-Reconstruction	Under-Canopy Terrain Reconstruction in Dense Forests Using RGB Imaging and Neural 3D Reconstruction	Refael Sheffer; Chen Pinchover; Haim Zisman; Dror Ozeri; Roee Litman	cs.CV cs.CY cs.ET cs.GR	/Volumes/UBag/Documents/l40server_mirror/lyra/Lyra-2/paper_collection_3d4d_reconstruction_2026_04_26/pdfs/2026_Under_Canopy_Terrain_Reconstruction_in_Dense_Forests_Using_RGB_Imaging_and_Neural_3D_Recon_2601.22861.pdf	imported
2602.02002	2026	2026-arxiv	Codex:3D+4D-Evolution,Codex:3D4D-Reconstruction	UniDriveDreamer: A Single-Stage Multimodal World Model for Autonomous Driving	Guosheng Zhao; Yaozeng Wang; Xiaofeng Wang; Zheng Zhu; Tingdong Yu; Guan Huang; Yongchen Zai; Ji Jiao; Changliang Xue; Xiaole Wang; Zhen Yang; Futang Zhu; Xingang Wang	cs.CV	/Volumes/UBag/Documents/l40server_mirror/lyra/Lyra-2/paper_collection_3d4d_reconstruction_2026_04_26/pdfs/2026_UniDriveDreamer_A_Single_Stage_Multimodal_World_Model_for_Autonomous_Driving_2602.02002.pdf	imported
2602.01536	2026	2026-arxiv	Codex:3D+4D-Evolution,Codex:3D4D-Reconstruction	UniDWM: Towards a Unified Driving World Model via Multifaceted Representation Learning	Shuai Liu; Siheng Ren; Xiaoyao Zhu; Quanmin Liang; Zefeng Li; Qiang Li; Xin Hu; Kai Huang	cs.RO cs.CV	/Volumes/UBag/Documents/l40server_mirror/lyra/Lyra-2/paper_collection_3d4d_reconstruction_2026_04_26/pdfs/2026_UniDWM_Towards_a_Unified_Driving_World_Model_via_Multifaceted_Representation_Learning_2602.01536.pdf	imported
2602.01674	2026	2026-arxiv	Codex:3D-Reconstruction,Codex:3D4D-Reconstruction	VRGaussianAvatar: Integrating 3D Gaussian Avatars into VR	Hail Song; Boram Yoon; Seokhwan Yang; Seoyoung Kang; Hyunjeong Kim; Henning Metzmacher; Woontack Woo	cs.CV cs.GR	/Volumes/UBag/Documents/l40server_mirror/lyra/Lyra-2/paper_collection_3d4d_reconstruction_2026_04_26/pdfs/2026_VRGaussianAvatar_Integrating_3D_Gaussian_Avatars_into_VR_2602.01674.pdf	imported
2602.02454	2026	2026-arxiv	Codex:3D+4D-Evolution,Codex:3D4D-Reconstruction	World-Gymnast: Training Robots with Reinforcement Learning in a World Model	Ansh Kumar Sharma; Yixiang Sun; Ninghao Lu; Yunzhe Zhang; Jiarao Liu; Sherry Yang	cs.RO cs.AI	/Volumes/UBag/Documents/l40server_mirror/lyra/Lyra-2/paper_collection_3d4d_reconstruction_2026_04_26/pdfs/2026_World_Gymnast_Training_Robots_with_Reinforcement_Learning_in_a_World_Model_2602.02454.pdf	imported
2602.04043	2026	2026-arxiv	Codex:3D-Reconstruction,Codex:3D4D-Reconstruction	AnyStyle: Single-Pass Multimodal Stylization for 3D Gaussian Splatting	Joanna Kaleta; Bartosz Świrta; Kacper Kania; Przemysław Spurek; Marek Kowalski	cs.CV	/Volumes/UBag/Documents/l40server_mirror/lyra/Lyra-2/paper_collection_3d4d_reconstruction_2026_04_26/pdfs/2026_AnyStyle_Single_Pass_Multimodal_Stylization_for_3D_Gaussian_Splatting_2602.04043.pdf	imported
2602.03793	2026	2026-arxiv	Codex:3D+4D-Evolution,Codex:3D4D-Reconstruction	BridgeV2W: Bridging Video Generation Models to Embodied World Models via Embodiment Masks	Yixiang Chen; Peiyan Li; Jiabing Yang; Keji He; Xiangnan Wu; Yuan Xu; Kai Wang; Jing Liu; Nianfeng Liu; Yan Huang; Liang Wang	cs.RO cs.CV	/Volumes/UBag/Documents/l40server_mirror/lyra/Lyra-2/paper_collection_3d4d_reconstruction_2026_04_26/pdfs/2026_BridgeV2W_Bridging_Video_Generation_Models_to_Embodied_World_Models_via_Embodiment_Masks_2602.03793.pdf	imported
2602.03847	2026	2026-arxiv	Codex:3D-Reconstruction,Codex:3D4D-Reconstruction	EventNeuS: 3D Mesh Reconstruction from a Single Event Camera	Shreyas Sachan; Viktor Rudnev; Mohamed Elgharib; Christian Theobalt; Vladislav Golyanik	cs.CV	/Volumes/UBag/Documents/l40server_mirror/lyra/Lyra-2/paper_collection_3d4d_reconstruction_2026_04_26/pdfs/2026_EventNeuS_3D_Mesh_Reconstruction_from_a_Single_Event_Camera_2602.03847.pdf	imported
2602.03200	2026	2026-arxiv	Codex:3D-Reconstruction,Codex:3D4D-Reconstruction	Hand3R: Online 4D Hand-Scene Reconstruction in the Wild	Wendi Hu; Haonan Zhou; Wenhao Hu; Gaoang Wang	cs.CV cs.AI	/Volumes/UBag/Documents/l40server_mirror/lyra/Lyra-2/paper_collection_3d4d_reconstruction_2026_04_26/pdfs/2026_Hand3R_Online_4D_Hand_Scene_Reconstruction_in_the_Wild_2602.03200.pdf	imported
2602.03242	2026	2026-arxiv	Codex:3D+4D-Evolution,Codex:3D4D-Reconstruction	InstaDrive: Instance-Aware Driving World Models for Realistic and Consistent Video Generation	Zhuoran Yang; Xi Guo; Chenjing Ding; Chiyu Wang; Wei Wu; Yanyong Zhang	cs.CV	/Volumes/UBag/Documents/l40server_mirror/lyra/Lyra-2/paper_collection_3d4d_reconstruction_2026_04_26/pdfs/2026_InstaDrive_Instance_Aware_Driving_World_Models_for_Realistic_and_Consistent_Video_Generati_2602.03242.pdf	imported
2602.03747	2026	2026-arxiv	Codex:3D+4D-Evolution,Codex:3D4D-Reconstruction	LIVE: Long-horizon Interactive Video World Modeling	Junchao Huang; Ziyang Ye; Xinting Hu; Tianyu He; Guiyu Zhang; Shaoshuai Shi; Jiang Bian; Li Jiang	cs.CV	/Volumes/UBag/Documents/l40server_mirror/lyra/Lyra-2/paper_collection_3d4d_reconstruction_2026_04_26/pdfs/2026_LIVE_Long_horizon_Interactive_Video_World_Modeling_2602.03747.pdf	imported
2602.03327	2026	2026-arxiv	Codex:3D-Reconstruction,Codex:3D4D-Reconstruction	Pi-GS: Sparse-View Gaussian Splatting with Dense π^3 Initialization	Manuel Hofer; Markus Steinberger; Thomas Köhler	cs.GR cs.CV	/Volumes/UBag/Documents/l40server_mirror/lyra/Lyra-2/paper_collection_3d4d_reconstruction_2026_04_26/pdfs/2026_Pi_GS_Sparse_View_Gaussian_Splatting_with_Dense_3_Initialization_2602.03327.pdf	imported
2602.02000	2026	2026-arxiv	Codex:3D-Reconstruction,Codex:3D4D-Reconstruction	SurfSplat: Conquering Feedforward 2D Gaussian Splatting with Surface Continuity Priors	Bing He; Jingnan Gao; Yunuo Chen; Ning Cao; Gang Chen; Zhengxue Cheng; Li Song; Wenjun Zhang	cs.CV cs.AI	/Volumes/UBag/Documents/l40server_mirror/lyra/Lyra-2/paper_collection_3d4d_reconstruction_2026_04_26/pdfs/2026_SurfSplat_Conquering_Feedforward_2D_Gaussian_Splatting_with_Surface_Continuity_Priors_2602.02000.pdf	imported
2602.05029	2026	2026-arxiv	Codex:3D-Reconstruction,Codex:3D4D-Reconstruction	Differentiable Inverse Graphics for Zero-shot Scene Reconstruction and Robot Grasping	Octavio Arriaga; Proneet Sharma; Jichen Guo; Marc Otto; Siddhant Kadwe; Rebecca Adam	cs.RO cs.AI cs.CV cs.LG	/Volumes/UBag/Documents/l40server_mirror/lyra/Lyra-2/paper_collection_3d4d_reconstruction_2026_04_26/pdfs/2026_Differentiable_Inverse_Graphics_for_Zero_shot_Scene_Reconstruction_and_Robot_Grasping_2602.05029.pdf	imported
2602.04201	2026	2026-arxiv	Codex:3D4D-Reconstruction,Codex:4D-Reconstruction	From Sparse Sensors to Continuous Fields: STRIDE for Spatiotemporal Reconstruction	Yanjie Tong; Peng Chen	cs.LG math.DS	/Volumes/UBag/Documents/l40server_mirror/lyra/Lyra-2/paper_collection_3d4d_reconstruction_2026_04_26/pdfs/2026_From_Sparse_Sensors_to_Continuous_Fields_STRIDE_for_Spatiotemporal_Reconstruction_2602.04201.pdf	imported
2602.07050	2026	2026-arxiv	Codex:3D+4D-Evolution,Codex:3D4D-Reconstruction	Interpreting Physics in Video World Models	Sonia Joseph; Quentin Garrido; Randall Balestriero; Matthew Kowal; Thomas Fel; Shahab Bakhtiari; Blake Richards; Mike Rabbat	cs.CV cs.AI	/Volumes/UBag/Documents/l40server_mirror/lyra/Lyra-2/paper_collection_3d4d_reconstruction_2026_04_26/pdfs/2026_Interpreting_Physics_in_Video_World_Models_2602.07050.pdf	imported
2602.04317	2026	2026-arxiv	Codex:3D-Reconstruction,Codex:3D4D-Reconstruction	JOintGS: Joint Optimization of Cameras, Bodies and 3D Gaussians for In-the-Wild Monocular Reconstruction	Zihan Lou; Jinlong Fan; Sihan Ma; Yuxiang Yang; Jing Zhang	cs.CV	/Volumes/UBag/Documents/l40server_mirror/lyra/Lyra-2/paper_collection_3d4d_reconstruction_2026_04_26/pdfs/2026_JOintGS_Joint_Optimization_of_Cameras_Bodies_and_3D_Gaussians_for_In_the_Wild_Monocular_Re_2602.04317.pdf	imported
2602.05047	2026	2026-arxiv	Codex:3D-Reconstruction,Codex:3D4D-Reconstruction	QuantumGS: Quantum Encoding Framework for Gaussian Splatting	Grzegorz Wilczyński; Rafał Tobiasz; Paweł Gora; Marcin Mazur; Przemysław Spurek	quant-ph cs.CV	/Volumes/UBag/Documents/l40server_mirror/lyra/Lyra-2/paper_collection_3d4d_reconstruction_2026_04_26/pdfs/2026_QuantumGS_Quantum_Encoding_Framework_for_Gaussian_Splatting_2602.05047.pdf	imported
2602.04517	2026	2026-arxiv	Codex:3D-Reconstruction,Codex:3D4D-Reconstruction	S-MUSt3R: Sliding Multi-view 3D Reconstruction	Leonid Antsfeld; Boris Chidlovskii; Yohann Cabon; Vincent Leroy; Jerome Revaud	cs.CV cs.RO	/Volumes/UBag/Documents/l40server_mirror/lyra/Lyra-2/paper_collection_3d4d_reconstruction_2026_04_26/pdfs/2026_S_MUSt3R_Sliding_Multi_view_3D_Reconstruction_2602.04517.pdf	imported
2602.04271	2026	2026-arxiv	Codex:3D+4D-Evolution,Codex:3D4D-Reconstruction	SkeletonGaussian: Editable 4D Generation through Gaussian Skeletonization	Lifan Wu; Ruijie Zhu; Yubo Ai; Tianzhu Zhang	cs.CV cs.AI cs.GR	/Volumes/UBag/Documents/l40server_mirror/lyra/Lyra-2/paper_collection_3d4d_reconstruction_2026_04_26/pdfs/2026_SkeletonGaussian_Editable_4D_Generation_through_Gaussian_Skeletonization_2602.04271.pdf	imported
2602.04108	2026	2026-arxiv	Codex:3D-Reconstruction,Codex:3D4D-Reconstruction	SuperPoint-E: local features for 3D reconstruction via tracking adaptation in endoscopy	O. Leon Barbed; José M. M. Montiel; Pascal Fua; Ana C. Murillo	cs.CV	/Volumes/UBag/Documents/l40server_mirror/lyra/Lyra-2/paper_collection_3d4d_reconstruction_2026_04_26/pdfs/2026_SuperPoint_E_local_features_for_3D_reconstruction_via_tracking_adaptation_in_endoscopy_2602.04108.pdf	imported
2602.01035	2026	2026-arxiv	Codex:3D-Reconstruction,Codex:3D4D-Reconstruction	FUSE-Flow: Scalable Real-Time Multi-View Point Cloud Reconstruction Using Confidence	Chentian Sun	cs.CV	/Volumes/UBag/Documents/l40server_mirror/lyra/Lyra-2/paper_collection_3d4d_reconstruction_2026_04_26/pdfs/2026_FUSE_Flow_Scalable_Real_Time_Multi_View_Point_Cloud_Reconstruction_Using_Confidence_2602.01035.pdf	imported
2602.01033	2026	2026-arxiv	Codex:3D-Reconstruction,Codex:3D4D-Reconstruction	GMAC: Global Multi-View Constraint for Automatic Multi-Camera Extrinsic Calibration	Chentian Sun	cs.CV	/Volumes/UBag/Documents/l40server_mirror/lyra/Lyra-2/paper_collection_3d4d_reconstruction_2026_04_26/pdfs/2026_GMAC_Global_Multi_View_Constraint_for_Automatic_Multi_Camera_Extrinsic_Calibration_2602.01033.pdf	imported
2602.05434	2026	2026-arxiv	Codex:3D-Reconstruction,Codex:3D4D-Reconstruction	LD-SLRO: Latent Diffusion Structured Light for 3-D Reconstruction of Highly Reflective Objects	Sanghoon Jeon; Gihyun Jung; Suhyeon Ka; Jae-Sang Hyun	cs.CV	/Volumes/UBag/Documents/l40server_mirror/lyra/Lyra-2/paper_collection_3d4d_reconstruction_2026_04_26/pdfs/2026_LD_SLRO_Latent_Diffusion_Structured_Light_for_3_D_Reconstruction_of_Highly_Reflective_Obje_2602.05434.pdf	imported
2602.06163	2026	2026-arxiv	Codex:3D-Reconstruction,Codex:3D4D-Reconstruction	MetaSSP: Enhancing Semi-supervised Implicit 3D Reconstruction through Meta-adaptive EMA and SDF-aware Pseudo-label Evaluation	Luoxi Zhang; Chun Xie; Itaru Kitahara	cs.CV	/Volumes/UBag/Documents/l40server_mirror/lyra/Lyra-2/paper_collection_3d4d_reconstruction_2026_04_26/pdfs/2026_MetaSSP_Enhancing_Semi_supervised_Implicit_3D_Reconstruction_through_Meta_adaptive_EMA_and_2602.06163.pdf	imported
2602.06158	2026	2026-arxiv	Codex:3D-Reconstruction,Codex:3D4D-Reconstruction	MGP-KAD: Multimodal Geometric Priors and Kolmogorov-Arnold Decoder for Single-View 3D Reconstruction in Complex Scenes	Luoxi Zhang; Chun Xie; Itaru Kitahara	cs.CV	/Volumes/UBag/Documents/l40server_mirror/lyra/Lyra-2/paper_collection_3d4d_reconstruction_2026_04_26/pdfs/2026_MGP_KAD_Multimodal_Geometric_Priors_and_Kolmogorov_Arnold_Decoder_for_Single_View_3D_Recon_2602.06158.pdf	imported
2602.05884	2026	2026-arxiv	Codex:3D-Reconstruction,Codex:3D4D-Reconstruction	Neural Implicit 3D Cardiac Shape Reconstruction from Sparse CT Angiography Slices Mimicking 2D Transthoracic Echocardiography Views	Gino E. Jansen; Carolina Brás; R. Nils Planken; Mark J. Schuuring; Berto J. Bouma; Ivana Išgum	cs.CV cs.AI cs.CE	/Volumes/UBag/Documents/l40server_mirror/lyra/Lyra-2/paper_collection_3d4d_reconstruction_2026_04_26/pdfs/2026_Neural_Implicit_3D_Cardiac_Shape_Reconstruction_from_Sparse_CT_Angiography_Slices_Mimickin_2602.05884.pdf	imported
2602.05423	2026	2026-arxiv	Codex:3D-Reconstruction,Codex:3D4D-Reconstruction	NeVStereo: A NeRF-Driven NVS-Stereo Architecture for High-Fidelity 3D Tasks	Pengcheng Chen; Yue Hu; Wenhao Li; Nicole M Gunderson; Andrew Feng; Zhenglong Sun; Peter Beerel; Eric J Seibel	cs.CV cs.GR	/Volumes/UBag/Documents/l40server_mirror/lyra/Lyra-2/paper_collection_3d4d_reconstruction_2026_04_26/pdfs/2026_NeVStereo_A_NeRF_Driven_NVS_Stereo_Architecture_for_High_Fidelity_3D_Tasks_2602.05423.pdf	imported
2602.05822	2026	2026-arxiv	Codex:3D-Reconstruction,Codex:3D4D-Reconstruction	NVS-HO: A Benchmark for Novel View Synthesis of Handheld Objects	Musawar Ali; Manuel Carranza-García; Nicola Fioraio; Samuele Salti; Luigi Di Stefano	cs.CV	/Volumes/UBag/Documents/l40server_mirror/lyra/Lyra-2/paper_collection_3d4d_reconstruction_2026_04_26/pdfs/2026_NVS_HO_A_Benchmark_for_Novel_View_Synthesis_of_Handheld_Objects_2602.05822.pdf	imported
2602.05557	2026	2026-arxiv	Codex:3D+4D-Evolution,Codex:3D4D-Reconstruction	PIRATR: Parametric Object Inference for Robotic Applications with Transformers in 3D Point Clouds	Michael Schwingshackl; Fabio F. Oberweger; Mario Niedermeyer; Huemer Johannes; Markus Murschitz	cs.CV cs.RO	/Volumes/UBag/Documents/l40server_mirror/lyra/Lyra-2/paper_collection_3d4d_reconstruction_2026_04_26/pdfs/2026_PIRATR_Parametric_Object_Inference_for_Robotic_Applications_with_Transformers_in_3D_Point_2602.05557.pdf	imported
2602.05190	2026	2026-arxiv	Codex:3D-Reconstruction,Codex:3D4D-Reconstruction	PoseGaussian: Pose-Driven Novel View Synthesis for Robust 3D Human Reconstruction	Ju Shen; Chen Chen; Tam V. Nguyen; Vijayan K. Asari	cs.CV cs.GR	/Volumes/UBag/Documents/l40server_mirror/lyra/Lyra-2/paper_collection_3d4d_reconstruction_2026_04_26/pdfs/2026_PoseGaussian_Pose_Driven_Novel_View_Synthesis_for_Robust_3D_Human_Reconstruction_2602.05190.pdf	imported
2602.05572	2026	2026-arxiv	Codex:3D-Reconstruction,Codex:3D4D-Reconstruction	ShapeGaussian: High-Fidelity 4D Human Reconstruction in Monocular Videos via Vision Priors	Zhenxiao Liang; Ning Zhang; Youbao Tang; Ruei-Sung Lin; Qixing Huang; Peng Chang; Jing Xiao	cs.CV	/Volumes/UBag/Documents/l40server_mirror/lyra/Lyra-2/paper_collection_3d4d_reconstruction_2026_04_26/pdfs/2026_ShapeGaussian_High_Fidelity_4D_Human_Reconstruction_in_Monocular_Videos_via_Vision_Priors_2602.05572.pdf	imported
2602.02989	2026	2026-arxiv	Codex:3D-Reconstruction,Codex:3D4D-Reconstruction,Codex:4D-Reconstruction	SharpTimeGS: Sharp and Stable Dynamic Gaussian Splatting via Lifespan Modulation	Zhanfeng Liao; Jiajun Zhang; Hanzhang Tu; Zhixi Wang; Yunqi Gao; Hongwen Zhang; Yebin Liu	cs.CV	/Volumes/UBag/Documents/l40server_mirror/lyra/Lyra-2/paper_collection_3d4d_reconstruction_2026_04_26/pdfs/2026_SharpTimeGS_Sharp_and_Stable_Dynamic_Gaussian_Splatting_via_Lifespan_Modulation_2602.02989.pdf	imported
2602.04439	2026	2026-arxiv	Codex:3D-Reconstruction,Codex:3D4D-Reconstruction	TrajVG: 3D Trajectory-Coupled Visual Geometry Learning	Xingyu Miao; Weiguang Zhao; Tao Lu; Linning Xu; Mulin Yu; Yang Long; Jiangmiao Pang; Junting Dong	cs.CV	/Volumes/UBag/Documents/l40server_mirror/lyra/Lyra-2/paper_collection_3d4d_reconstruction_2026_04_26/pdfs/2026_TrajVG_3D_Trajectory_Coupled_Visual_Geometry_Learning_2602.04439.pdf	imported
2602.05508	2026	2026-arxiv	Codex:3D-Reconstruction,Codex:3D4D-Reconstruction	VGGT-Motion: Motion-Aware Calibration-Free Monocular SLAM for Long-Range Consistency	Zhuang Xiong; Chen Zhang; Qingshan Xu; Wenbing Tao	cs.CV	/Volumes/UBag/Documents/l40server_mirror/lyra/Lyra-2/paper_collection_3d4d_reconstruction_2026_04_26/pdfs/2026_VGGT_Motion_Motion_Aware_Calibration_Free_Monocular_SLAM_for_Long_Range_Consistency_2602.05508.pdf	imported
2602.06949	2026	2026-arxiv	Codex:3D+4D-Evolution,Codex:3D4D-Reconstruction	DreamDojo: A Generalist Robot World Model from Large-Scale Human Videos	"Shenyuan Gao; William Liang; Kaiyuan Zheng; Ayaan Malik; Seonghyeon Ye; Sihyun Yu; Wei-Cheng Tseng; Yuzhu Dong; Kaichun Mo; Chen-Hsuan Lin; Qianli Ma; Seungjun Nah; Loic Magne; Jiannan Xiang; Yuqi Xie; Ruijie Zheng; Dantong Niu; You Liang Tan; K. R. Zentner; George Kurian; Suneel Indupuru; Pooya Jannaty; Jinwei Gu; Jun Zhang; Jitendra Malik; Pieter Abbeel; Ming-Yu Liu; Yuke Zhu; Joel Jang; Linxi ""Jim"" Fan"	cs.RO cs.AI cs.CV cs.LG	/Volumes/UBag/Documents/l40server_mirror/lyra/Lyra-2/paper_collection_3d4d_reconstruction_2026_04_26/pdfs/2026_DreamDojo_A_Generalist_Robot_World_Model_from_Large_Scale_Human_Videos_2602.06949.pdf	imported
2602.06521	2026	2026-arxiv	Codex:3D+4D-Evolution,Codex:3D4D-Reconstruction	DriveWorld-VLA: Unified Latent-Space World Modeling with Vision-Language-Action for Autonomous Driving	Feiyang jia; Lin Liu; Ziying Song; Caiyan Jia; Hangjun Ye; Xiaoshuai Hao; Long Chen	cs.CV cs.RO	/Volumes/UBag/Documents/l40server_mirror/lyra/Lyra-2/paper_collection_3d4d_reconstruction_2026_04_26/pdfs/2026_DriveWorld_VLA_Unified_Latent_Space_World_Modeling_with_Vision_Language_Action_for_Autonom_2602.06521.pdf	imported
2602.06478	2026	2026-arxiv	Codex:3D-Reconstruction,Codex:3D4D-Reconstruction	Efficient-LVSM: Faster, Cheaper, and Better Large View Synthesis Model via Decoupled Co-Refinement Attention	Xiaosong Jia; Yihang Sun; Junqi You; Songbur Wong; Zichen Zou; Junchi Yan; Zuxuan Wu; Yu-Gang Jiang	cs.CV cs.AI	/Volumes/UBag/Documents/l40server_mirror/lyra/Lyra-2/paper_collection_3d4d_reconstruction_2026_04_26/pdfs/2026_Efficient_LVSM_Faster_Cheaper_and_Better_Large_View_Synthesis_Model_via_Decoupled_Co_Refin_2602.06478.pdf	imported
2602.06830	2026	2026-arxiv	Codex:3D-Reconstruction,Codex:3D4D-Reconstruction	GaussianPOP: Principled Simplification Framework for Compact 3D Gaussian Splatting via Error Quantification	Soonbin Lee; Yeong-Gyu Kim; Simon Sasse; Tomas M. Borges; Yago Sanchez; Eun-Seok Ryu; Thomas Schierl; Cornelius Hellge	cs.CV	/Volumes/UBag/Documents/l40server_mirror/lyra/Lyra-2/paper_collection_3d4d_reconstruction_2026_04_26/pdfs/2026_GaussianPOP_Principled_Simplification_Framework_for_Compact_3D_Gaussian_Splatting_via_Erro_2602.06830.pdf	imported
2602.06488	2026	2026-arxiv	Codex:3D-Reconstruction,Codex:3D4D-Reconstruction	Rebenchmarking Unsupervised Monocular 3D Occupancy Prediction	Zizhan Guo; Yi Feng; Mengtan Zhang; Haoran Zhang; Wei Ye; Rui Fan	cs.CV	/Volumes/UBag/Documents/l40server_mirror/lyra/Lyra-2/paper_collection_3d4d_reconstruction_2026_04_26/pdfs/2026_Rebenchmarking_Unsupervised_Monocular_3D_Occupancy_Prediction_2602.06488.pdf	imported
2601.08414	2026	2026-arxiv	Codex:3D-Reconstruction,Codex:3D4D-Reconstruction	SPARK: Scalable Real-Time Point Cloud Aggregation with Multi-View Self-Calibration	Chentian Sun	cs.CV	/Volumes/UBag/Documents/l40server_mirror/lyra/Lyra-2/paper_collection_3d4d_reconstruction_2026_04_26/pdfs/2026_SPARK_Scalable_Real_Time_Point_Cloud_Aggregation_with_Multi_View_Self_Calibration_2601.08414.pdf	imported
2602.06508	2026	2026-arxiv	Codex:3D+4D-Evolution,Codex:3D4D-Reconstruction	World-VLA-Loop: Closed-Loop Learning of Video World Model and VLA Policy	Xiaokang Liu; Zechen Bai; Hai Ci; Kevin Yuchen Ma; Mike Zheng Shou	cs.RO	/Volumes/UBag/Documents/l40server_mirror/lyra/Lyra-2/paper_collection_3d4d_reconstruction_2026_04_26/pdfs/2026_World_VLA_Loop_Closed_Loop_Learning_of_Video_World_Model_and_VLA_Policy_2602.06508.pdf	imported
2602.07444	2026	2026-arxiv	Codex:3D-Reconstruction,Codex:3D4D-Reconstruction	Perspective-aware fusion of incomplete depth maps and surface normals for accurate 3D reconstruction	Ondrej Hlinka; Georg Kaniak; Christian Kapeller	cs.CV eess.SP	/Volumes/UBag/Documents/l40server_mirror/lyra/Lyra-2/paper_collection_3d4d_reconstruction_2026_04_26/pdfs/2026_Perspective_aware_fusion_of_incomplete_depth_maps_and_surface_normals_for_accurate_3D_reco_2602.07444.pdf	imported
2602.07938	2026	2026-arxiv	Codex:3D4D-Reconstruction,Codex:4D-Reconstruction	Integrating Specialized and Generic Agent Motion Prediction with Dynamic Occupancy Grid Maps	Rabbia Asghar; Lukas Rummelhard; Wenqian Liu; Anne Spalanzani; Christian Laugier	cs.CV cs.RO	/Volumes/UBag/Documents/l40server_mirror/lyra/Lyra-2/paper_collection_3d4d_reconstruction_2026_04_26/pdfs/2026_Integrating_Specialized_and_Generic_Agent_Motion_Prediction_with_Dynamic_Occupancy_Grid_Ma_2602.07938.pdf	imported
2602.08058	2026	2026-arxiv	Codex:3D-Reconstruction,Codex:3D4D-Reconstruction	Picasso: Holistic Scene Reconstruction with Physics-Constrained Sampling	Xihang Yu; Rajat Talak; Lorenzo Shaikewitz; Luca Carlone	cs.CV cs.AI cs.RO cs.SY eess.SY	/Volumes/UBag/Documents/l40server_mirror/lyra/Lyra-2/paper_collection_3d4d_reconstruction_2026_04_26/pdfs/2026_Picasso_Holistic_Scene_Reconstruction_with_Physics_Constrained_Sampling_2602.08058.pdf	imported
2602.07860	2026	2026-arxiv	Codex:3D-Reconstruction,Codex:3D4D-Reconstruction	Recovering 3D Shapes from Ultra-Fast Motion-Blurred Images	Fei Yu; Shudan Guo; Shiqing Xin; Beibei Wang; Haisen Zhao; Wenzheng Chen	cs.CV cs.GR	/Volumes/UBag/Documents/l40server_mirror/lyra/Lyra-2/paper_collection_3d4d_reconstruction_2026_04_26/pdfs/2026_Recovering_3D_Shapes_from_Ultra_Fast_Motion_Blurred_Images_2602.07860.pdf	imported
2602.07891	2026	2026-arxiv	Codex:3D-Reconstruction,Codex:3D4D-Reconstruction	Scalable Adaptation of 3D Geometric Foundation Models via Weak Supervision from Internet Video	Zihui Gao; Ke Liu; Donny Y. Chen; Duochao Shi; Guosheng Lin; Hao Chen; Chunhua Shen	cs.CV cs.AI	/Volumes/UBag/Documents/l40server_mirror/lyra/Lyra-2/paper_collection_3d4d_reconstruction_2026_04_26/pdfs/2026_Scalable_Adaptation_of_3D_Geometric_Foundation_Models_via_Weak_Supervision_from_Internet_V_2602.07891.pdf	imported
2602.08909	2026	2026-arxiv	Codex:3D-Reconstruction,Codex:3D4D-Reconstruction	Analysis of Converged 3D Gaussian Splatting Solutions: Density Effects and Prediction Limit	Zhendong Wang; Cihan Ruan; Jingchuan Xiao; Chuqing Shi; Wei Jiang; Wei Wang; Wenjie Liu; Nam Ling	cs.CV cs.LG	/Volumes/UBag/Documents/l40server_mirror/lyra/Lyra-2/paper_collection_3d4d_reconstruction_2026_04_26/pdfs/2026_Analysis_of_Converged_3D_Gaussian_Splatting_Solutions_Density_Effects_and_Prediction_Limit_2602.08909.pdf	imported
2602.08558	2026	2026-arxiv	Codex:3D4D-Reconstruction,Codex:4D-Reconstruction	FLAG-4D: Flow-Guided Local-Global Dual-Deformation Model for 4D Reconstruction	Guan Yuan Tan; Ngoc Tuan Vu; Arghya Pal; Sailaja Rajanala; Raphael Phan C. -W.; Mettu Srinivas; Chee-Ming Ting	cs.CV cs.GT	/Volumes/UBag/Documents/l40server_mirror/lyra/Lyra-2/paper_collection_3d4d_reconstruction_2026_04_26/pdfs/2026_FLAG_4D_Flow_Guided_Local_Global_Dual_Deformation_Model_for_4D_Reconstruction_2602.08558.pdf	imported
2602.08784	2026	2026-arxiv	Codex:3D-Reconstruction,Codex:3D4D-Reconstruction	GaussianCaR: Gaussian Splatting for Efficient Camera-Radar Fusion	Santiago Montiel-Marín; Miguel Antunes-García; Fabio Sánchez-García; Angel Llamazares; Holger Caesar; Luis M. Bergasa	cs.RO	/Volumes/UBag/Documents/l40server_mirror/lyra/Lyra-2/paper_collection_3d4d_reconstruction_2026_04_26/pdfs/2026_GaussianCaR_Gaussian_Splatting_for_Efficient_Camera_Radar_Fusion_2602.08784.pdf	imported
2602.04162	2026	2026-arxiv	Codex:3D-Reconstruction,Codex:3D4D-Reconstruction	Improving 2D Diffusion Models for 3D Medical Imaging with Inter-Slice Consistent Stochasticity	Chenhe Du; Qing Wu; Xuanyu Tian; Jingyi Yu; Hongjiang Wei; Yuyao Zhang	cs.CV cs.AI eess.IV	/Volumes/UBag/Documents/l40server_mirror/lyra/Lyra-2/paper_collection_3d4d_reconstruction_2026_04_26/pdfs/2026_Improving_2D_Diffusion_Models_for_3D_Medical_Imaging_with_Inter_Slice_Consistent_Stochasti_2602.04162.pdf	imported
2602.08266	2026	2026-arxiv	Codex:3D-Reconstruction,Codex:3D4D-Reconstruction	Informative Object-centric Next Best View for Object-aware 3D Gaussian Splatting in Cluttered Scenes	Seunghoon Jeong; Eunho Lee; Jeongyun Kim; Ayoung Kim	cs.RO cs.CV	/Volumes/UBag/Documents/l40server_mirror/lyra/Lyra-2/paper_collection_3d4d_reconstruction_2026_04_26/pdfs/2026_Informative_Object_centric_Next_Best_View_for_Object_aware_3D_Gaussian_Splatting_in_Clutte_2602.08266.pdf	imported
2602.13299	2026	2026-arxiv	Codex:3D-Reconstruction,Codex:3D4D-Reconstruction	KidMesh: Computational Mesh Reconstruction for Pediatric Congenital Hydronephrosis Using Deep Neural Networks	Haoran Sun; Zhanpeng Zhu; Anguo Zhang; Bo Liu; Zhaohua Lin; Liqin Huang; Mingjing Yang; Lei Liu; Shan Lin; Wangbin Ding	cs.CV cs.AI	/Volumes/UBag/Documents/l40server_mirror/lyra/Lyra-2/paper_collection_3d4d_reconstruction_2026_04_26/pdfs/2026_KidMesh_Computational_Mesh_Reconstruction_for_Pediatric_Congenital_Hydronephrosis_Using_De_2602.13299.pdf	imported
2602.08397	2026	2026-arxiv	Codex:3D-Reconstruction,Codex:3D4D-Reconstruction	RealSynCol: a high-fidelity synthetic colon dataset for 3D reconstruction applications	Chiara Lena; Davide Milesi; Alessandro Casella; Luca Carlini; Joseph C. Norton; James Martin; Bruno Scaglioni; Keith L. Obstein; Roberto De Sire; Marco Spadaccini; Cesare Hassan; Pietro Valdastri; Elena De Momi	cs.CV	/Volumes/UBag/Documents/l40server_mirror/lyra/Lyra-2/paper_collection_3d4d_reconstruction_2026_04_26/pdfs/2026_RealSynCol_a_high_fidelity_synthetic_colon_dataset_for_3D_reconstruction_applications_2602.08397.pdf	imported
2601.15897	2026	2026-arxiv	Codex:3D-Reconstruction,Codex:3D4D-Reconstruction	ThermoSplat: Cross-Modal 3D Gaussian Splatting with Feature Modulation and Geometry Decoupling	Zhaoqi Su; Shihai Chen; Xinyan Lin; Liqin Huang; Zhipeng Su; Xiaoqiang Lu	cs.CV	/Volumes/UBag/Documents/l40server_mirror/lyra/Lyra-2/paper_collection_3d4d_reconstruction_2026_04_26/pdfs/2026_ThermoSplat_Cross_Modal_3D_Gaussian_Splatting_with_Feature_Modulation_and_Geometry_Decoupl_2601.15897.pdf	imported
2602.08540	2026	2026-arxiv	Codex:3D4D-Reconstruction,Codex:4D-Reconstruction	TIBR4D: Tracing-Guided Iterative Boundary Refinement for Efficient 4D Gaussian Segmentation	He Wu; Xia Yan; Yanghui Xu; Liegang Xia; Jiazhou Chen	cs.CV cs.GR	/Volumes/UBag/Documents/l40server_mirror/lyra/Lyra-2/paper_collection_3d4d_reconstruction_2026_04_26/pdfs/2026_TIBR4D_Tracing_Guided_Iterative_Boundary_Refinement_for_Efficient_4D_Gaussian_Segmentation_2602.08540.pdf	imported
2602.08236	2026	2026-arxiv	Codex:3D+4D-Evolution,Codex:3D4D-Reconstruction	When and How Much to Imagine: Adaptive Test-Time Scaling with World Models for Visual Spatial Reasoning	Shoubin Yu; Yue Zhang; Zun Wang; Jaehong Yoon; Huaxiu Yao; Mingyu Ding; Mohit Bansal	cs.CV cs.AI cs.CL	/Volumes/UBag/Documents/l40server_mirror/lyra/Lyra-2/paper_collection_3d4d_reconstruction_2026_04_26/pdfs/2026_When_and_How_Much_to_Imagine_Adaptive_Test_Time_Scaling_with_World_Models_for_Visual_Spati_2602.08236.pdf	imported
2602.10094	2026	2026-arxiv	Codex:3D4D-Reconstruction,Codex:4D-Reconstruction	4RC: 4D Reconstruction via Conditional Querying Anytime and Anywhere	Yihang Luo; Shangchen Zhou; Yushi Lan; Xingang Pan; Chen Change Loy	cs.CV	/Volumes/UBag/Documents/l40server_mirror/lyra/Lyra-2/paper_collection_3d4d_reconstruction_2026_04_26/pdfs/2026_4RC_4D_Reconstruction_via_Conditional_Querying_Anytime_and_Anywhere_2602.10094.pdf	imported
2602.03213	2026	2026-arxiv	Codex:3D+4D-Evolution,Codex:3D4D-Reconstruction	ConsisDrive: Identity-Preserving Driving World Models for Video Generation by Instance Mask	Zhuoran Yang; Yanyong Zhang	cs.CV	/Volumes/UBag/Documents/l40server_mirror/lyra/Lyra-2/paper_collection_3d4d_reconstruction_2026_04_26/pdfs/2026_ConsisDrive_Identity_Preserving_Driving_World_Models_for_Video_Generation_by_Instance_Mask_2602.03213.pdf	imported
2602.10278	2026	2026-arxiv	Codex:3D-Reconstruction,Codex:3D4D-Reconstruction	ERGO: Excess-Risk-Guided Optimization for High-Fidelity Monocular 3D Gaussian Splatting	Zehua Ma; Hanhui Li; Zhenyu Xie; Xiaonan Luo; Michael Kampffmeyer; Feng Gao; Xiaodan Liang	cs.CV cs.AI	/Volumes/UBag/Documents/l40server_mirror/lyra/Lyra-2/paper_collection_3d4d_reconstruction_2026_04_26/pdfs/2026_ERGO_Excess_Risk_Guided_Optimization_for_High_Fidelity_Monocular_3D_Gaussian_Splatting_2602.10278.pdf	imported
2602.09999	2026	2026-arxiv	Codex:3D-Reconstruction,Codex:3D4D-Reconstruction	Faster-GS: Analyzing and Improving Gaussian Splatting Optimization	Florian Hahlbohm; Linus Franke; Martin Eisemann; Marcus Magnor	cs.CV cs.GR	/Volumes/UBag/Documents/l40server_mirror/lyra/Lyra-2/paper_collection_3d4d_reconstruction_2026_04_26/pdfs/2026_Faster_GS_Analyzing_and_Improving_Gaussian_Splatting_Optimization_2602.09999.pdf	imported
2602.09878	2026	2026-arxiv	Codex:3D+4D-Evolution,Codex:3D4D-Reconstruction	MVISTA-4D: View-Consistent 4D World Model with Test-Time Action Inference for Robotic Manipulation	Jiaxu Wang; Yicheng Jiang; Tianlun He; Jingkai Sun; Qiang Zhang; Junhao He; Jiahang Cao; Zesen Gan; Mingyuan Sun; Qiming Shao; Xiangyu Yue	cs.CV	/Volumes/UBag/Documents/l40server_mirror/lyra/Lyra-2/paper_collection_3d4d_reconstruction_2026_04_26/pdfs/2026_MVISTA_4D_View_Consistent_4D_World_Model_with_Test_Time_Action_Inference_for_Robotic_Manip_2602.09878.pdf	imported
2602.10104	2026	2026-arxiv	Codex:3D+4D-Evolution,Codex:3D4D-Reconstruction	Olaf-World: Orienting Latent Actions for Video World Modeling	Yuxin Jiang; Yuchao Gu; Ivor W. Tsang; Mike Zheng Shou	cs.CV cs.AI cs.LG	/Volumes/UBag/Documents/l40server_mirror/lyra/Lyra-2/paper_collection_3d4d_reconstruction_2026_04_26/pdfs/2026_Olaf_World_Orienting_Latent_Actions_for_Video_World_Modeling_2602.10104.pdf	imported
2602.10101	2026	2026-arxiv	Codex:3D-Reconstruction,Codex:3D4D-Reconstruction	Robo3R: Enhancing Robotic Manipulation with Accurate Feed-Forward 3D Reconstruction	Sizhe Yang; Linning Xu; Hao Li; Juncheng Mu; Jia Zeng; Dahua Lin; Jiangmiao Pang	cs.RO	/Volumes/UBag/Documents/l40server_mirror/lyra/Lyra-2/paper_collection_3d4d_reconstruction_2026_04_26/pdfs/2026_Robo3R_Enhancing_Robotic_Manipulation_with_Accurate_Feed_Forward_3D_Reconstruction_2602.10101.pdf	imported
2602.09918	2026	2026-arxiv	Codex:3D-Reconstruction,Codex:3D4D-Reconstruction	SARS: A Novel Face and Body Shape and Appearance Aware 3D Reconstruction System extends Morphable Models	Gulraiz Khan; Kenneth Y. Wertheim; Kevin Pimbblet; Waqas Ahmed	cs.CV cs.AI	/Volumes/UBag/Documents/l40server_mirror/lyra/Lyra-2/paper_collection_3d4d_reconstruction_2026_04_26/pdfs/2026_SARS_A_Novel_Face_and_Body_Shape_and_Appearance_Aware_3D_Reconstruction_System_extends_Mor_2602.09918.pdf	imported
2602.09415	2026	2026-arxiv	Codex:3D-Reconstruction,Codex:3D4D-Reconstruction	Stability and Concentration in Nonlinear Inverse Problems with Block-Structured Parameters: Lipschitz Geometry, Identifiability, and an Application to Gaussian Splatting	Joe-Mei Feng; Hsin-Hsiung Kao	cs.CV cs.NA math.NA	/Volumes/UBag/Documents/l40server_mirror/lyra/Lyra-2/paper_collection_3d4d_reconstruction_2026_04_26/pdfs/2026_Stability_and_Concentration_in_Nonlinear_Inverse_Problems_with_Block_Structured_Parameters_2602.09415.pdf	imported
2602.10239	2026	2026-arxiv	Codex:3D-Reconstruction,Codex:3D4D-Reconstruction	XSPLAIN: XAI-enabling Splat-based Prototype Learning for Attribute-aware INterpretability	Dominik Galus; Julia Farganus; Tymoteusz Zapala; Mikołaj Czachorowski; Piotr Borycki; Przemysław Spurek; Piotr Syga	cs.CV	/Volumes/UBag/Documents/l40server_mirror/lyra/Lyra-2/paper_collection_3d4d_reconstruction_2026_04_26/pdfs/2026_XSPLAIN_XAI_enabling_Splat_based_Prototype_Learning_for_Attribute_aware_INterpretability_2602.10239.pdf	imported
2602.11433	2026	2026-arxiv	Codex:3D-Reconstruction,Codex:3D4D-Reconstruction	Filmsticking++: Rapid Film Sticking for Explicit Surface Reconstruction	Pengfei Wang; Jian Liu; Qiujie Dong; Shiqing Xin; Yuanfeng Zhou; Changhe Tu; Caiming Zhang; Wenping Wang	cs.GR	/Volumes/UBag/Documents/l40server_mirror/lyra/Lyra-2/paper_collection_3d4d_reconstruction_2026_04_26/pdfs/2026_Filmsticking_Rapid_Film_Sticking_for_Explicit_Surface_Reconstruction_2602.11433.pdf	imported
2602.10884	2026	2026-arxiv	Codex:3D+4D-Evolution,Codex:3D4D-Reconstruction	ResWorld: Temporal Residual World Model for End-to-End Autonomous Driving	Jinqing Zhang; Zehua Fu; Zelin Xu; Wenying Dai; Qingjie Liu; Yunhong Wang	cs.CV	/Volumes/UBag/Documents/l40server_mirror/lyra/Lyra-2/paper_collection_3d4d_reconstruction_2026_04_26/pdfs/2026_ResWorld_Temporal_Residual_World_Model_for_End_to_End_Autonomous_Driving_2602.10884.pdf	imported
2602.10717	2026	2026-arxiv	Codex:3D+4D-Evolution,Codex:3D4D-Reconstruction	Say, Dream, and Act: Learning Video World Models for Instruction-Driven Robot Manipulation	Songen Gu; Yunuo Cai; Tianyu Wang; Simo Wu; Yanwei Fu	cs.RO	/Volumes/UBag/Documents/l40server_mirror/lyra/Lyra-2/paper_collection_3d4d_reconstruction_2026_04_26/pdfs/2026_Say_Dream_and_Act_Learning_Video_World_Models_for_Instruction_Driven_Robot_Manipulation_2602.10717.pdf	imported
2602.06032	2026	2026-arxiv	Codex:3D-Reconstruction,Codex:3D4D-Reconstruction	Splat and Distill: Augmenting Teachers with Feed-Forward 3D Reconstruction For 3D-Aware Distillation	David Shavin; Sagie Benaim	cs.CV	/Volumes/UBag/Documents/l40server_mirror/lyra/Lyra-2/paper_collection_3d4d_reconstruction_2026_04_26/pdfs/2026_Splat_and_Distill_Augmenting_Teachers_with_Feed_Forward_3D_Reconstruction_For_3D_Aware_Dis_2602.06032.pdf	imported
2602.07493	2026	2026-arxiv	Codex:3D-Reconstruction,Codex:3D4D-Reconstruction	Thermal odometry and dense mapping using learned odometry and Gaussian splatting	Tianhao Zhou; Yujia Chen; Zhihao Zhan; Yuhang Ming; Jianzhu Huai	cs.CV	/Volumes/UBag/Documents/l40server_mirror/lyra/Lyra-2/paper_collection_3d4d_reconstruction_2026_04_26/pdfs/2026_Thermal_odometry_and_dense_mapping_using_learned_odometry_and_Gaussian_splatting_2602.07493.pdf	imported
2602.10943	2026	2026-arxiv	Codex:3D-Reconstruction,Codex:3D4D-Reconstruction	Towards Learning a Generalizable 3D Scene Representation from 2D Observations	Martin Gromniak; Jan-Gerrit Habekost; Sebastian Kamp; Sven Magg; Stefan Wermter	cs.CV cs.RO	/Volumes/UBag/Documents/l40server_mirror/lyra/Lyra-2/paper_collection_3d4d_reconstruction_2026_04_26/pdfs/2026_Towards_Learning_a_Generalizable_3D_Scene_Representation_from_2D_Observations_2602.10943.pdf	imported
2602.12159	2026	2026-arxiv	Codex:3D-Reconstruction,Codex:3D4D-Reconstruction	3DGSNav: Enhancing Vision-Language Model Reasoning for Object Navigation via Active 3D Gaussian Splatting	Wancai Zheng; Hao Chen; Xianlong Lu; Linlin Ou; Xinyi Yu	cs.RO cs.AI	/Volumes/UBag/Documents/l40server_mirror/lyra/Lyra-2/paper_collection_3d4d_reconstruction_2026_04_26/pdfs/2026_3DGSNav_Enhancing_Vision_Language_Model_Reasoning_for_Object_Navigation_via_Active_3D_Gaus_2602.12159.pdf	imported
2602.11757	2026	2026-arxiv	Codex:3D+4D-Evolution,Codex:3D4D-Reconstruction	Code2Worlds: Empowering Coding LLMs for 4D World Generation	Yi Zhang; Yunshuang Wang; Zeyu Zhang; Hao Tang	cs.CV	/Volumes/UBag/Documents/l40server_mirror/lyra/Lyra-2/paper_collection_3d4d_reconstruction_2026_04_26/pdfs/2026_Code2Worlds_Empowering_Coding_LLMs_for_4D_World_Generation_2602.11757.pdf	imported
2602.11642	2026	2026-arxiv	Codex:3D-Reconstruction,Codex:3D4D-Reconstruction	Electrostatics-Inspired Surface Reconstruction (EISR): Recovering 3D Shapes as a Superposition of Poisson's PDE Solutions	Diego Patiño; Knut Peterson; Kostas Daniilidis; David K. Han	cs.CV	/Volumes/UBag/Documents/l40server_mirror/lyra/Lyra-2/paper_collection_3d4d_reconstruction_2026_04_26/pdfs/2026_Electrostatics_Inspired_Surface_Reconstruction_EISR_Recovering_3D_Shapes_as_a_Superpositio_2602.11642.pdf	imported
2601.21421	2026	2026-arxiv	Codex:3D-Reconstruction,Codex:3D4D-Reconstruction	From Implicit Ambiguity to Explicit Solidity: Diagnosing Interior Geometric Degradation in Neural Radiance Fields for Dense 3D Scene Understanding	Jiangsan Zhao; Jakob Geipel; Kryzysztof Kusnierek	cs.CV	/Volumes/UBag/Documents/l40server_mirror/lyra/Lyra-2/paper_collection_3d4d_reconstruction_2026_04_26/pdfs/2026_From_Implicit_Ambiguity_to_Explicit_Solidity_Diagnosing_Interior_Geometric_Degradation_in_2601.21421.pdf	imported
2602.11714	2026	2026-arxiv	Codex:3D-Reconstruction,Codex:3D4D-Reconstruction	GSO-SLAM: Bidirectionally Coupled Gaussian Splatting and Direct Visual Odometry	Jiung Yeon; Seongbo Ha; Hyeonwoo Yu	cs.CV cs.RO	/Volumes/UBag/Documents/l40server_mirror/lyra/Lyra-2/paper_collection_3d4d_reconstruction_2026_04_26/pdfs/2026_GSO_SLAM_Bidirectionally_Coupled_Gaussian_Splatting_and_Direct_Visual_Odometry_2602.11714.pdf	imported
2602.11577	2026	2026-arxiv	Codex:3D-Reconstruction,Codex:3D4D-Reconstruction	LeafFit: Plant Assets Creation from 3D Gaussian Splatting	Chang Luo; Nobuyuki Umetani	cs.GR	/Volumes/UBag/Documents/l40server_mirror/lyra/Lyra-2/paper_collection_3d4d_reconstruction_2026_04_26/pdfs/2026_LeafFit_Plant_Assets_Creation_from_3D_Gaussian_Splatting_2602.11577.pdf	imported
2602.00148	2026	2026-arxiv	Codex:3D+4D-Evolution,Codex:3D4D-Reconstruction	Learning Physics-Grounded 4D Dynamics with Neural Gaussian Force Fields	Shiqian Li; Ruihong Shen; Junfeng Ni; Chang Pan; Chi Zhang; Yixin Zhu	cs.CV cs.AI	/Volumes/UBag/Documents/l40server_mirror/lyra/Lyra-2/paper_collection_3d4d_reconstruction_2026_04_26/pdfs/2026_Learning_Physics_Grounded_4D_Dynamics_with_Neural_Gaussian_Force_Fields_2602.00148.pdf	imported
2602.12003	2026	2026-arxiv	Codex:3D-Reconstruction,Codex:3D4D-Reconstruction	Projected Representation Conditioning for High-fidelity Novel View Synthesis	Min-Seop Kwak; Minkyung Kwon; Jinhyeok Choi; Jiho Park; Seungryong Kim	cs.CV	/Volumes/UBag/Documents/l40server_mirror/lyra/Lyra-2/paper_collection_3d4d_reconstruction_2026_04_26/pdfs/2026_Projected_Representation_Conditioning_for_High_fidelity_Novel_View_Synthesis_2602.12003.pdf	imported
2602.10983	2026	2026-arxiv	Codex:3D+4D-Evolution,Codex:3D4D-Reconstruction	Scaling World Model for Hierarchical Manipulation Policies	Qian Long; Yueze Wang; Jiaxi Song; Junbo Zhang; Peiyan Li; Wenxuan Wang; Yuqi Wang; Haoyang Li; Shaoxuan Xie; Guocai Yao; Hanbo Zhang; Xinlong Wang; Zhongyuan Wang; Xuguang Lan; Huaping Liu; Xinghang Li	cs.RO	/Volumes/UBag/Documents/l40server_mirror/lyra/Lyra-2/paper_collection_3d4d_reconstruction_2026_04_26/pdfs/2026_Scaling_World_Model_for_Hierarchical_Manipulation_Policies_2602.10983.pdf	imported
2602.04053	2026	2026-arxiv	Codex:3D-Reconstruction,Codex:3D4D-Reconstruction	Seeing Through Clutter: Structured 3D Scene Reconstruction via Iterative Object Removal	Rio Aguina-Kang; Kevin James Blackburn-Matzen; Thibault Groueix; Vladimir Kim; Matheus Gadelha	cs.CV	/Volumes/UBag/Documents/l40server_mirror/lyra/Lyra-2/paper_collection_3d4d_reconstruction_2026_04_26/pdfs/2026_Seeing_Through_Clutter_Structured_3D_Scene_Reconstruction_via_Iterative_Object_Removal_2602.04053.pdf	imported
2602.13347	2026	2026-arxiv	Codex:3D+4D-Evolution,Codex:3D4D-Reconstruction	Visual Foresight for Robotic Stow: A Diffusion-Based World Model from Sparse Snapshots	Lijun Zhang; Nikhil Chacko; Petter Nilsson; Ruinian Xu; Shantanu Thakar; Bai Lou; Harpreet Sawhney; Zhebin Zhang; Mudit Agrawal; Bhavana Chandrashekhar; Aaron Parness	cs.CV cs.AI cs.RO	/Volumes/UBag/Documents/l40server_mirror/lyra/Lyra-2/paper_collection_3d4d_reconstruction_2026_04_26/pdfs/2026_Visual_Foresight_for_Robotic_Stow_A_Diffusion_Based_World_Model_from_Sparse_Snapshots_2602.13347.pdf	imported
2602.11882	2026	2026-arxiv	Codex:3D+4D-Evolution,Codex:3D4D-Reconstruction	Where Bits Matter in World Model Planning: A Paired Mixed-Bit Study for Efficient Spatial Reasoning	Suraj Ranganath; Anish Patnaik; Vaishak Menon	cs.LG cs.AI cs.CV cs.RO	/Volumes/UBag/Documents/l40server_mirror/lyra/Lyra-2/paper_collection_3d4d_reconstruction_2026_04_26/pdfs/2026_Where_Bits_Matter_in_World_Model_Planning_A_Paired_Mixed_Bit_Study_for_Efficient_Spatial_R_2602.11882.pdf	imported
2602.12796	2026	2026-arxiv	Codex:3D-Reconstruction,Codex:3D4D-Reconstruction	GSM-GS: Geometry-Constrained Single and Multi-view Gaussian Splatting for Surface Reconstruction	Xiao Ren; Yu Liu; Ning An; Jian Cheng; Xin Qiao; He Kong	cs.CV cs.GR	/Volumes/UBag/Documents/l40server_mirror/lyra/Lyra-2/paper_collection_3d4d_reconstruction_2026_04_26/pdfs/2026_GSM_GS_Geometry_Constrained_Single_and_Multi_view_Gaussian_Splatting_for_Surface_Reconstru_2602.12796.pdf	imported
2602.13041	2026	2026-arxiv	Codex:3D-Reconstruction,Codex:3D4D-Reconstruction	Implicit-Scale 3D Reconstruction for Multi-Food Volume Estimation from Monocular Images	Yuhao Chen; Gautham Vinod; Siddeshwar Raghavan; Talha Ibn Mahmud; Bruce Coburn; Jinge Ma; Fengqing Zhu; Jiangpeng He	cs.CV	/Volumes/UBag/Documents/l40server_mirror/lyra/Lyra-2/paper_collection_3d4d_reconstruction_2026_04_26/pdfs/2026_Implicit_Scale_3D_Reconstruction_for_Multi_Food_Volume_Estimation_from_Monocular_Images_2602.13041.pdf	imported
2602.13806	2026	2026-arxiv	Codex:3D4D-Reconstruction,Codex:4D-Reconstruction	Gaussian Sequences with Multi-Scale Dynamics for 4D Reconstruction from Monocular Casual Videos	Can Li; Jie Gu; Jingmin Chen; Fangzhou Qiu; Lei Sun	cs.CV cs.RO	/Volumes/UBag/Documents/l40server_mirror/lyra/Lyra-2/paper_collection_3d4d_reconstruction_2026_04_26/pdfs/2026_Gaussian_Sequences_with_Multi_Scale_Dynamics_for_4D_Reconstruction_from_Monocular_Casual_V_2602.13806.pdf	imported
2602.13909	2026	2026-arxiv	Codex:3D-Reconstruction,Codex:3D4D-Reconstruction	High-fidelity 3D reconstruction for planetary exploration	Alfonso Martínez-Petersen; Levin Gerdes; David Rodríguez-Martínez; C. J. Pérez-del-Pulgar	cs.RO cs.CV	/Volumes/UBag/Documents/l40server_mirror/lyra/Lyra-2/paper_collection_3d4d_reconstruction_2026_04_26/pdfs/2026_High_fidelity_3D_reconstruction_for_planetary_exploration_2602.13909.pdf	imported
2602.13801	2026	2026-arxiv	Codex:3D-Reconstruction,Codex:3D4D-Reconstruction	Joint Orientation and Weight Optimization for Robust Watertight Surface Reconstruction via Dirichlet-Regularized Winding Fields	Jiaze Li; Daisheng Jin; Fei Hou; Junhui Hou; Zheng Liu; Shiqing Xin; Wenping Wang; Ying He	cs.CV	/Volumes/UBag/Documents/l40server_mirror/lyra/Lyra-2/paper_collection_3d4d_reconstruction_2026_04_26/pdfs/2026_Joint_Orientation_and_Weight_Optimization_for_Robust_Watertight_Surface_Reconstruction_via_2602.13801.pdf	imported
2602.13549	2026	2026-arxiv	Codex:3D-Reconstruction,Codex:3D4D-Reconstruction	Nighttime Autonomous Driving Scene Reconstruction with Physically-Based Gaussian Splatting	Tae-Kyeong Kim; Xingxin Chen; Guile Wu; Chengjie Huang; Dongfeng Bai; Bingbing Liu	cs.CV	/Volumes/UBag/Documents/l40server_mirror/lyra/Lyra-2/paper_collection_3d4d_reconstruction_2026_04_26/pdfs/2026_Nighttime_Autonomous_Driving_Scene_Reconstruction_with_Physically_Based_Gaussian_Splatting_2602.13549.pdf	imported
2602.11575	2026	2026-arxiv	Codex:3D-Reconstruction,Codex:3D4D-Reconstruction,Codex:4D-Reconstruction	ReaDy-Go: Real-to-Sim Dynamic 3D Gaussian Splatting Simulation for Environment-Specific Visual Navigation with Moving Obstacles	Seungyeon Yoo; Youngseok Jang; Dabin Kim; Youngsoo Han; Seungwoo Jung; H. Jin Kim	cs.RO cs.AI cs.CV	/Volumes/UBag/Documents/l40server_mirror/lyra/Lyra-2/paper_collection_3d4d_reconstruction_2026_04_26/pdfs/2026_ReaDy_Go_Real_to_Sim_Dynamic_3D_Gaussian_Splatting_Simulation_for_Environment_Specific_Vis_2602.11575.pdf	imported
2602.14311	2026	2026-arxiv	Codex:3D-Reconstruction,Codex:3D4D-Reconstruction	Exploiting Structure-from-Motion for Robust Vision-Based Map Matching for Aircraft Surface Movement	Daniel Choate; Jason Rife	cs.RO	/Volumes/UBag/Documents/l40server_mirror/lyra/Lyra-2/paper_collection_3d4d_reconstruction_2026_04_26/pdfs/2026_Exploiting_Structure_from_Motion_for_Robust_Vision_Based_Map_Matching_for_Aircraft_Surface_2602.14311.pdf	imported
2602.14021	2026	2026-arxiv	Codex:3D4D-Reconstruction,Codex:4D-Reconstruction	Flow4R: Unifying 4D Reconstruction and Tracking with Scene Flow	Shenhan Qian; Ganlin Zhang; Shangzhe Wu; Daniel Cremers	cs.CV	/Volumes/UBag/Documents/l40server_mirror/lyra/Lyra-2/paper_collection_3d4d_reconstruction_2026_04_26/pdfs/2026_Flow4R_Unifying_4D_Reconstruction_and_Tracking_with_Scene_Flow_2602.14021.pdf	imported
2602.14119	2026	2026-arxiv	Codex:3D-Reconstruction,Codex:3D4D-Reconstruction	GeoFusionLRM: Geometry-Aware Self-Correction for Consistent 3D Reconstruction	Ahmet Burak Yildirim; Tuna Saygin; Duygu Ceylan; Aysegul Dundar	cs.CV	/Volumes/UBag/Documents/l40server_mirror/lyra/Lyra-2/paper_collection_3d4d_reconstruction_2026_04_26/pdfs/2026_GeoFusionLRM_Geometry_Aware_Self_Correction_for_Consistent_3D_Reconstruction_2602.14119.pdf	imported
2602.14199	2026	2026-arxiv	Codex:3D-Reconstruction,Codex:3D4D-Reconstruction	Learnable Multi-level Discrete Wavelet Transforms for 3D Gaussian Splatting Frequency Modulation	Hung Nguyen; An Le; Truong Nguyen	eess.IV cs.CV eess.SP	/Volumes/UBag/Documents/l40server_mirror/lyra/Lyra-2/paper_collection_3d4d_reconstruction_2026_04_26/pdfs/2026_Learnable_Multi_level_Discrete_Wavelet_Transforms_for_3D_Gaussian_Splatting_Frequency_Modu_2602.14199.pdf	imported
2602.13977	2026	2026-arxiv	Codex:3D+4D-Evolution,Codex:3D4D-Reconstruction	WoVR: World Models as Reliable Simulators for Post-Training VLA Policies with RL	Zhennan Jiang; Shangqing Zhou; Yutong Jiang; Zefang Huang; Mingjie Wei; Yuhui Chen; Tianxing Zhou; Zhen Guo; Hao Lin; Quanlu Zhang; Yu Wang; Haoran Li; Chao Yu; Dongbin Zhao	cs.RO cs.AI	/Volumes/UBag/Documents/l40server_mirror/lyra/Lyra-2/paper_collection_3d4d_reconstruction_2026_04_26/pdfs/2026_WoVR_World_Models_as_Reliable_Simulators_for_Post_Training_VLA_Policies_with_RL_2602.13977.pdf	imported
2602.14493	2026	2026-arxiv	Codex:3D-Reconstruction,Codex:3D4D-Reconstruction	Gaussian Mesh Renderer for Lightweight Differentiable Rendering	Xinpeng Liu; Fumio Okura	cs.CV cs.GR	/Volumes/UBag/Documents/l40server_mirror/lyra/Lyra-2/paper_collection_3d4d_reconstruction_2026_04_26/pdfs/2026_Gaussian_Mesh_Renderer_for_Lightweight_Differentiable_Rendering_2602.14493.pdf	imported
2602.15733	2026	2026-arxiv	Codex:3D-Reconstruction,Codex:3D4D-Reconstruction	MeshMimic: Geometry-Aware Humanoid Motion Learning through 3D Scene Reconstruction	Qiang Zhang; Jiahao Ma; Peiran Liu; Shuai Shi; Zeran Su; Zifan Wang; Jingkai Sun; Wei Cui; Jialin Yu; Gang Han; Wen Zhao; Pihai Sun; Kangning Yin; Jiaxu Wang; Jiahang Cao; Lingfeng Zhang; Hao Cheng; Xiaoshuai Hao; Yiding Ji; Junwei Liang; Jian Tang; Renjing Xu; Yijie Guo	cs.RO cs.AI	/Volumes/UBag/Documents/l40server_mirror/lyra/Lyra-2/paper_collection_3d4d_reconstruction_2026_04_26/pdfs/2026_MeshMimic_Geometry_Aware_Humanoid_Motion_Learning_through_3D_Scene_Reconstruction_2602.15733.pdf	imported
2602.15775	2026	2026-arxiv	Codex:3D-Reconstruction,Codex:3D4D-Reconstruction	NeRFscopy: Neural Radiance Fields for in-vivo Time-Varying Tissues from Endoscopy	Laura Salort-Benejam; Antonio Agudo	cs.CV	/Volumes/UBag/Documents/l40server_mirror/lyra/Lyra-2/paper_collection_3d4d_reconstruction_2026_04_26/pdfs/2026_NeRFscopy_Neural_Radiance_Fields_for_in_vivo_Time_Varying_Tissues_from_Endoscopy_2602.15775.pdf	imported
2602.15516	2026	2026-arxiv	Codex:3D-Reconstruction,Codex:3D4D-Reconstruction	Semantic-Guided 3D Gaussian Splatting for Transient Object Removal	Aditi Prabakaran; Priyesh Shukla	cs.CV	/Volumes/UBag/Documents/l40server_mirror/lyra/Lyra-2/paper_collection_3d4d_reconstruction_2026_04_26/pdfs/2026_Semantic_Guided_3D_Gaussian_Splatting_for_Transient_Object_Removal_2602.15516.pdf	imported
2601.22615	2026	2026-arxiv	Codex:3D-Reconstruction,Codex:3D4D-Reconstruction	TTSA3R: Training-Free Temporal-Spatial Adaptive Persistent State for Streaming 3D Reconstruction	Zhijie Zheng; Xinhao Xiang; Jiawei Zhang	cs.CV	/Volumes/UBag/Documents/l40server_mirror/lyra/Lyra-2/paper_collection_3d4d_reconstruction_2026_04_26/pdfs/2026_TTSA3R_Training_Free_Temporal_Spatial_Adaptive_Persistent_State_for_Streaming_3D_Reconstru_2601.22615.pdf	imported
2602.16675	2026	2026-arxiv	Codex:3D+4D-Evolution,Codex:3D4D-Reconstruction	Learning to unfold cloth: Scaling up world models to deformable object manipulation	Jack Rome; Stephen James; Subramanian Ramamoorthy	cs.RO	/Volumes/UBag/Documents/l40server_mirror/lyra/Lyra-2/paper_collection_3d4d_reconstruction_2026_04_26/pdfs/2026_Learning_to_unfold_cloth_Scaling_up_world_models_to_deformable_object_manipulation_2602.16675.pdf	imported
2602.07101	2026	2026-arxiv	Codex:3D-Reconstruction,Codex:3D4D-Reconstruction	Zero-Shot UAV Navigation in Forests via Relightable 3D Gaussian Splatting	Zinan Lv; Yeqian Qian; Chen Sang; Hao Liu; Danping Zou; Ming Yang	cs.CV cs.RO	/Volumes/UBag/Documents/l40server_mirror/lyra/Lyra-2/paper_collection_3d4d_reconstruction_2026_04_26/pdfs/2026_Zero_Shot_UAV_Navigation_in_Forests_via_Relightable_3D_Gaussian_Splatting_2602.07101.pdf	imported
2602.17124	2026	2026-arxiv	Codex:3D-Reconstruction,Codex:3D4D-Reconstruction	3D Scene Rendering with Multimodal Gaussian Splatting	Chi-Shiang Gau; Konstantinos D. Polyzos; Athanasios Bacharis; Saketh Madhuvarasu; Tara Javidi	cs.CV cs.AI cs.RO	/Volumes/UBag/Documents/l40server_mirror/lyra/Lyra-2/paper_collection_3d4d_reconstruction_2026_04_26/pdfs/2026_3D_Scene_Rendering_with_Multimodal_Gaussian_Splatting_2602.17124.pdf	imported
2602.17473	2026	2026-arxiv	Codex:3D4D-Reconstruction,Codex:4D-Reconstruction	4D Monocular Surgical Reconstruction under Arbitrary Camera Motions	Jiwei Shan; Zeyu Cai; Cheng-Tai Hsieh; Yirui Li; Hao Liu; Lijun Han; Hesheng Wang; Shing Shin Cheng	cs.CV	/Volumes/UBag/Documents/l40server_mirror/lyra/Lyra-2/paper_collection_3d4d_reconstruction_2026_04_26/pdfs/2026_4D_Monocular_Surgical_Reconstruction_under_Arbitrary_Camera_Motions_2602.17473.pdf	imported
2602.17117	2026	2026-arxiv	Codex:3D-Reconstruction,Codex:3D4D-Reconstruction	i-PhysGaussian: Implicit Physical Simulation for 3D Gaussian Splatting	Yicheng Cao; Zhuo Huang; Yu Yao; Yiming Ying; Daoyi Dong; Tongliang Liu	cs.LG	/Volumes/UBag/Documents/l40server_mirror/lyra/Lyra-2/paper_collection_3d4d_reconstruction_2026_04_26/pdfs/2026_i_PhysGaussian_Implicit_Physical_Simulation_for_3D_Gaussian_Splatting_2602.17117.pdf	imported
2602.17182	2026	2026-arxiv	Codex:3D-Reconstruction,Codex:3D4D-Reconstruction	NRGS-SLAM: Monocular Non-Rigid SLAM for Endoscopy via Deformation-Aware 3D Gaussian Splatting	Jiwei Shan; Zeyu Cai; Yirui Li; Yongbo Chen; Lijun Han; Yun-hui Liu; Hesheng Wang; Shing Shin Cheng	cs.CV cs.RO	/Volumes/UBag/Documents/l40server_mirror/lyra/Lyra-2/paper_collection_3d4d_reconstruction_2026_04_26/pdfs/2026_NRGS_SLAM_Monocular_Non_Rigid_SLAM_for_Endoscopy_via_Deformation_Aware_3D_Gaussian_Splatti_2602.17182.pdf	imported
2602.15899	2026	2026-arxiv	Codex:3D-Reconstruction,Codex:3D4D-Reconstruction	SceneVGGT: VGGT-based online 3D semantic SLAM for indoor scene understanding and navigation	Anna Gelencsér-Horváth; Gergely Dinya; Dorka Boglárka Erős; Péter Halász; Islam Muhammad Muqsit; Kristóf Karacs	cs.RO eess.IV	/Volumes/UBag/Documents/l40server_mirror/lyra/Lyra-2/paper_collection_3d4d_reconstruction_2026_04_26/pdfs/2026_SceneVGGT_VGGT_based_online_3D_semantic_SLAM_for_indoor_scene_understanding_and_navigation_2602.15899.pdf	imported
2602.18314	2026	2026-arxiv	Codex:3D-Reconstruction,Codex:3D4D-Reconstruction	Diff2DGS: Reliable Reconstruction of Occluded Surgical Scenes via 2D Gaussian Splatting	Tianyi Song; Danail Stoyanov; Evangelos Mazomenos; Francisco Vasconcelos	cs.CV cs.GR cs.RO	/Volumes/UBag/Documents/l40server_mirror/lyra/Lyra-2/paper_collection_3d4d_reconstruction_2026_04_26/pdfs/2026_Diff2DGS_Reliable_Reconstruction_of_Occluded_Surgical_Scenes_via_2D_Gaussian_Splatting_2602.18314.pdf	imported
2602.18422	2026	2026-arxiv	Codex:3D+4D-Evolution,Codex:3D4D-Reconstruction	Generated Reality: Human-centric World Simulation using Interactive Video Generation with Hand and Camera Control	Linxi Xie; Lisong C. Sun; Ashley Neall; Tong Wu; Shengqu Cai; Gordon Wetzstein	cs.CV	/Volumes/UBag/Documents/l40server_mirror/lyra/Lyra-2/paper_collection_3d4d_reconstruction_2026_04_26/pdfs/2026_Generated_Reality_Human_centric_World_Simulation_using_Interactive_Video_Generation_with_H_2602.18422.pdf	imported
2602.18322	2026	2026-arxiv	Codex:3D-Reconstruction,Codex:3D4D-Reconstruction	Unifying Color and Lightness Correction with View-Adaptive Curve Adjustment for Robust 3D Novel View Synthesis	Ziteng Cui; Shuhong Liu; Xiaoyu Dong; Xuangeng Chu; Lin Gu; Ming-Hsuan Yang; Tatsuya Harada	cs.CV	/Volumes/UBag/Documents/l40server_mirror/lyra/Lyra-2/paper_collection_3d4d_reconstruction_2026_04_26/pdfs/2026_Unifying_Color_and_Lightness_Correction_with_View_Adaptive_Curve_Adjustment_for_Robust_3D_2602.18322.pdf	imported
2602.02089	2026	2026-arxiv	Codex:3D-Reconstruction,Codex:3D4D-Reconstruction	UrbanGS: A Scalable and Efficient Architecture for Geometrically Accurate Large-Scene Reconstruction	Changbai Li; Haodong Zhu; Hanlin Chen; Xiuping Liang; Tongfei Chen; Shuwei Shao; Linlin Yang; Huobin Tan; Baochang Zhang	cs.CV	/Volumes/UBag/Documents/l40server_mirror/lyra/Lyra-2/paper_collection_3d4d_reconstruction_2026_04_26/pdfs/2026_UrbanGS_A_Scalable_and_Efficient_Architecture_for_Geometrically_Accurate_Large_Scene_Recon_2602.02089.pdf	imported
2602.07854	2026	2026-arxiv	Codex:3D+4D-Evolution,Codex:3D4D-Reconstruction	Geometry-Aware Rotary Position Embedding for Consistent Video World Model	Chendong Xiang; Jiajun Liu; Jintao Zhang; Xiao Yang; Zhengwei Fang; Shizun Wang; Zijun Wang; Yingtian Zou; Hang Su; Jun Zhu	cs.CV	/Volumes/UBag/Documents/l40server_mirror/lyra/Lyra-2/paper_collection_3d4d_reconstruction_2026_04_26/pdfs/2026_Geometry_Aware_Rotary_Position_Embedding_for_Consistent_Video_World_Model_2602.07854.pdf	imported
2602.18886	2026	2026-arxiv	Codex:3D-Reconstruction,Codex:3D4D-Reconstruction	PhysConvex: Physics-Informed 3D Dynamic Convex Radiance Fields for Reconstruction and Simulation	Dan Wang; Xinrui Cui; Serge Belongie; Ravi Ramamoorthi	cs.CV cs.GR	/Volumes/UBag/Documents/l40server_mirror/lyra/Lyra-2/paper_collection_3d4d_reconstruction_2026_04_26/pdfs/2026_PhysConvex_Physics_Informed_3D_Dynamic_Convex_Radiance_Fields_for_Reconstruction_and_Simul_2602.18886.pdf	imported
2602.19323	2026	2026-arxiv	Codex:3D-Reconstruction,Codex:3D4D-Reconstruction	DefenseSplat: Enhancing the Robustness of 3D Gaussian Splatting via Frequency-Aware Filtering	Yiran Qiao; Yiren Lu; Yunlai Zhou; Rui Yang; Linlin Hou; Yu Yin; Jing Ma	cs.CV	/Volumes/UBag/Documents/l40server_mirror/lyra/Lyra-2/paper_collection_3d4d_reconstruction_2026_04_26/pdfs/2026_DefenseSplat_Enhancing_the_Robustness_of_3D_Gaussian_Splatting_via_Frequency_Aware_Filteri_2602.19323.pdf	imported
2602.19916	2026	2026-arxiv	Codex:3D-Reconstruction,Codex:3D4D-Reconstruction	Augmented Radiance Field: A General Framework for Enhanced Gaussian Splatting	Yixin Yang; Bojian Wu; Yang Zhou; Hui Huang	cs.CV cs.GR	/Volumes/UBag/Documents/l40server_mirror/lyra/Lyra-2/paper_collection_3d4d_reconstruction_2026_04_26/pdfs/2026_Augmented_Radiance_Field_A_General_Framework_for_Enhanced_Gaussian_Splatting_2602.19916.pdf	imported
2602.19697	2026	2026-arxiv	Codex:3D-Reconstruction,Codex:3D4D-Reconstruction	BayesFusion-SDF: Probabilistic Signed Distance Fusion with View Planning on CPU	Soumya Mazumdar; Vineet Kumar Rakesh; Tapas Samanta	cs.CV cs.GR cs.RO	/Volumes/UBag/Documents/l40server_mirror/lyra/Lyra-2/paper_collection_3d4d_reconstruction_2026_04_26/pdfs/2026_BayesFusion_SDF_Probabilistic_Signed_Distance_Fusion_with_View_Planning_on_CPU_2602.19697.pdf	imported
2602.20342	2026	2026-arxiv	Codex:3D-Reconstruction,Codex:3D4D-Reconstruction	Large-scale Photorealistic Outdoor 3D Scene Reconstruction from UAV Imagery Using Gaussian Splatting Techniques	Christos Maikos; Georgios Angelidis; Georgios Th. Papadopoulos	cs.CV cs.RO	/Volumes/UBag/Documents/l40server_mirror/lyra/Lyra-2/paper_collection_3d4d_reconstruction_2026_04_26/pdfs/2026_Large_scale_Photorealistic_Outdoor_3D_Scene_Reconstruction_from_UAV_Imagery_Using_Gaussian_2602.20342.pdf	imported
2602.19896	2026	2026-arxiv	Codex:3D-Reconstruction,Codex:3D4D-Reconstruction	Monocular Mesh Recovery and Body Measurement of Female Saanen Goats	Bo Jin; Shichao Zhao; Jin Lyu; Bin Zhang; Tao Yu; Liang An; Yebin Liu; Meili Wang	cs.CV	/Volumes/UBag/Documents/l40server_mirror/lyra/Lyra-2/paper_collection_3d4d_reconstruction_2026_04_26/pdfs/2026_Monocular_Mesh_Recovery_and_Body_Measurement_of_Female_Saanen_Goats_2602.19896.pdf	imported
2602.19753	2026	2026-arxiv	Codex:3D-Reconstruction,Codex:3D4D-Reconstruction	RAP: Fast Feedforward Rendering-Free Attribute-Guided Primitive Importance Score Prediction for Efficient 3D Gaussian Splatting Processing	Kaifa Yang; Qi Yang; Yiling Xu; Zhu Li	cs.CV cs.GR	/Volumes/UBag/Documents/l40server_mirror/lyra/Lyra-2/paper_collection_3d4d_reconstruction_2026_04_26/pdfs/2026_RAP_Fast_Feedforward_Rendering_Free_Attribute_Guided_Primitive_Importance_Score_Prediction_2602.19753.pdf	imported
2602.20079	2026	2026-arxiv	Codex:3D-Reconstruction,Codex:3D4D-Reconstruction	SemanticNVS: Improving Semantic Scene Understanding in Generative Novel View Synthesis	Xinya Chen; Christopher Wewer; Jiahao Xie; Xinting Hu; Jan Eric Lenssen	cs.CV	/Volumes/UBag/Documents/l40server_mirror/lyra/Lyra-2/paper_collection_3d4d_reconstruction_2026_04_26/pdfs/2026_SemanticNVS_Improving_Semantic_Scene_Understanding_in_Generative_Novel_View_Synthesis_2602.20079.pdf	imported
2602.19735	2026	2026-arxiv	Codex:3D-Reconstruction,Codex:3D4D-Reconstruction	VGGT-MPR: VGGT-Enhanced Multimodal Place Recognition in Autonomous Driving Environments	Jingyi Xu; Zhangshuo Qi; Zhongmiao Yan; Xuyu Gao; Qianyun Jiao; Songpengcheng Xia; Xieyuanli Chen; Ling Pei	cs.CV	/Volumes/UBag/Documents/l40server_mirror/lyra/Lyra-2/paper_collection_3d4d_reconstruction_2026_04_26/pdfs/2026_VGGT_MPR_VGGT_Enhanced_Multimodal_Place_Recognition_in_Autonomous_Driving_Environments_2602.19735.pdf	imported
2602.20933	2026	2026-arxiv	Codex:3D-Reconstruction,Codex:3D4D-Reconstruction	Dropping Anchor and Spherical Harmonics for Sparse-view Gaussian Splatting	Shuangkang Fang; I-Chao Shen; Xuanyang Zhang; Zesheng Wang; Yufeng Wang; Wenrui Ding; Gang Yu; Takeo Igarashi	cs.CV	/Volumes/UBag/Documents/l40server_mirror/lyra/Lyra-2/paper_collection_3d4d_reconstruction_2026_04_26/pdfs/2026_Dropping_Anchor_and_Spherical_Harmonics_for_Sparse_view_Gaussian_Splatting_2602.20933.pdf	imported
2602.20584	2026	2026-arxiv	Codex:3D-Reconstruction,Codex:3D4D-Reconstruction	Long-Term Multi-Session 3D Reconstruction Under Substantial Appearance Change	Beverley Gorry; Tobias Fischer; Michael Milford; Alejandro Fontan	cs.CV cs.RO	/Volumes/UBag/Documents/l40server_mirror/lyra/Lyra-2/paper_collection_3d4d_reconstruction_2026_04_26/pdfs/2026_Long_Term_Multi_Session_3D_Reconstruction_Under_Substantial_Appearance_Change_2602.20584.pdf	imported
2602.20718	2026	2026-arxiv	Codex:3D-Reconstruction,Codex:3D4D-Reconstruction	Monocular Endoscopic Tissue 3D Reconstruction with Multi-Level Geometry Regularization	Yangsen Chen; Hao Wang	cs.CV	/Volumes/UBag/Documents/l40server_mirror/lyra/Lyra-2/paper_collection_3d4d_reconstruction_2026_04_26/pdfs/2026_Monocular_Endoscopic_Tissue_3D_Reconstruction_with_Multi_Level_Geometry_Regularization_2602.20718.pdf	imported
2602.20807	2026	2026-arxiv	Codex:3D-Reconstruction,Codex:3D4D-Reconstruction,Codex:4D-Reconstruction	RU4D-SLAM: Reweighting Uncertainty in Gaussian Splatting SLAM for 4D Scene Reconstruction	Yangfan Zhao; Hanwei Zhang; Ke Huang; Qiufeng Wang; Zhenzhou Shao; Dengyu Wu	cs.CV cs.RO	/Volumes/UBag/Documents/l40server_mirror/lyra/Lyra-2/paper_collection_3d4d_reconstruction_2026_04_26/pdfs/2026_RU4D_SLAM_Reweighting_Uncertainty_in_Gaussian_Splatting_SLAM_for_4D_Scene_Reconstruction_2602.20807.pdf	imported
2602.21341	2026	2026-arxiv	Codex:3D-Reconstruction,Codex:3D4D-Reconstruction	Scaling View Synthesis Transformers	Evan Kim; Hyunwoo Ryu; Thomas W. Mitchel; Vincent Sitzmann	cs.CV cs.AI	/Volumes/UBag/Documents/l40server_mirror/lyra/Lyra-2/paper_collection_3d4d_reconstruction_2026_04_26/pdfs/2026_Scaling_View_Synthesis_Transformers_2602.21341.pdf	imported
2602.13314	2026	2026-arxiv	Codex:3D-Reconstruction,Codex:3D4D-Reconstruction	Sim2Radar: Toward Bridging the Radar Sim-to-Real Gap with VLM-Guided Scene Reconstruction	Emily Bejerano; Federico Tondolo; Ayaan Qayyum; Xiaofan Yu; Xiaofan Jiang	cs.CV cs.AI	/Volumes/UBag/Documents/l40server_mirror/lyra/Lyra-2/paper_collection_3d4d_reconstruction_2026_04_26/pdfs/2026_Sim2Radar_Toward_Bridging_the_Radar_Sim_to_Real_Gap_with_VLM_Guided_Scene_Reconstruction_2602.13314.pdf	imported
2602.22376	2026	2026-arxiv	Codex:3D-Reconstruction,Codex:3D4D-Reconstruction,Codex:4D-Reconstruction	AeroDGS: Physically Consistent Dynamic Gaussian Splatting for Single-Sequence Aerial 4D Reconstruction	Hanyang Liu; Rongjun Qin	cs.CV cs.AI	/Volumes/UBag/Documents/l40server_mirror/lyra/Lyra-2/paper_collection_3d4d_reconstruction_2026_04_26/pdfs/2026_AeroDGS_Physically_Consistent_Dynamic_Gaussian_Splatting_for_Single_Sequence_Aerial_4D_Rec_2602.22376.pdf	imported
2602.21467	2026	2026-arxiv	Codex:3D+4D-Evolution,Codex:3D4D-Reconstruction	Geometric Priors for Generalizable World Models via Vector Symbolic Architecture	William Youngwoo Chung; Calvin Yeung; Hansen Jin Lillemark; Zhuowen Zou; Xiangjian Liu; Mohsen Imani	cs.LG	/Volumes/UBag/Documents/l40server_mirror/lyra/Lyra-2/paper_collection_3d4d_reconstruction_2026_04_26/pdfs/2026_Geometric_Priors_for_Generalizable_World_Models_via_Vector_Symbolic_Architecture_2602.21467.pdf	imported
2602.21929	2026	2026-arxiv	Codex:3D-Reconstruction,Codex:3D4D-Reconstruction	Geometry-as-context: Modulating Explicit 3D in Scene-consistent Video Generation to Geometry Context	JiaKui Hu; Jialun Liu; Liying Yang; Xinliang Zhang; Kaiwen Li; Shuang Zeng; Yuanwei Li; Haibin Huang; Chi Zhang; Yanye Lu	cs.CV	/Volumes/UBag/Documents/l40server_mirror/lyra/Lyra-2/paper_collection_3d4d_reconstruction_2026_04_26/pdfs/2026_Geometry_as_context_Modulating_Explicit_3D_in_Scene_consistent_Video_Generation_to_Geometr_2602.21929.pdf	imported
2602.21535	2026	2026-arxiv	Codex:3D-Reconstruction,Codex:3D4D-Reconstruction	Pseudo-View Enhancement via Confidence Fusion for Unposed Sparse-View Reconstruction	Beizhen Zhao; Sicheng Yu; Guanzhi Ding; Yu Hu; Hao Wang	cs.CV	/Volumes/UBag/Documents/l40server_mirror/lyra/Lyra-2/paper_collection_3d4d_reconstruction_2026_04_26/pdfs/2026_Pseudo_View_Enhancement_via_Confidence_Fusion_for_Unposed_Sparse_View_Reconstruction_2602.21535.pdf	imported
2602.21699	2026	2026-arxiv	Codex:3D4D-Reconstruction,Codex:4D-Reconstruction	SF3D-RGB: Scene Flow Estimation from Monocular Camera and Sparse LiDAR	Rajai Alhimdiat; Ramy Battrawy; René Schuster; Didier Stricker; Wesam Ashour	cs.CV	/Volumes/UBag/Documents/l40server_mirror/lyra/Lyra-2/paper_collection_3d4d_reconstruction_2026_04_26/pdfs/2026_SF3D_RGB_Scene_Flow_Estimation_from_Monocular_Camera_and_Sparse_LiDAR_2602.21699.pdf	imported
2602.22096	2026	2026-arxiv	Codex:3D-Reconstruction,Codex:3D4D-Reconstruction	WeatherCity: Urban Scene Reconstruction with Controllable Multi-Weather Transformation	Wenhua Wu; Huai Guan; Zhe Liu; Hesheng Wang	cs.CV	/Volumes/UBag/Documents/l40server_mirror/lyra/Lyra-2/paper_collection_3d4d_reconstruction_2026_04_26/pdfs/2026_WeatherCity_Urban_Scene_Reconstruction_with_Controllable_Multi_Weather_Transformation_2602.22096.pdf	imported
2602.22596	2026	2026-arxiv	Codex:3D-Reconstruction,Codex:3D4D-Reconstruction	BetterScene: 3D Scene Synthesis with Representation-Aligned Generative Model	Yuci Han; Charles Toth; John E. Anderson; William J. Shuart; Alper Yilmaz	cs.CV cs.AI	/Volumes/UBag/Documents/l40server_mirror/lyra/Lyra-2/paper_collection_3d4d_reconstruction_2026_04_26/pdfs/2026_BetterScene_3D_Scene_Synthesis_with_Representation_Aligned_Generative_Model_2602.22596.pdf	imported
2602.21101	2026	2026-arxiv	Codex:3D-Reconstruction,Codex:3D4D-Reconstruction	Event-Aided Sharp Radiance Field Reconstruction for Fast-Flying Drones	Rong Zou; Marco Cannici; Davide Scaramuzza	cs.CV cs.RO	/Volumes/UBag/Documents/l40server_mirror/lyra/Lyra-2/paper_collection_3d4d_reconstruction_2026_04_26/pdfs/2026_Event_Aided_Sharp_Radiance_Field_Reconstruction_for_Fast_Flying_Drones_2602.21101.pdf	imported
2602.23058	2026	2026-arxiv	Codex:3D+4D-Evolution,Codex:3D4D-Reconstruction	GeoWorld: Geometric World Models	Zeyu Zhang; Danning Li; Ian Reid; Richard Hartley	cs.CV cs.RO	/Volumes/UBag/Documents/l40server_mirror/lyra/Lyra-2/paper_collection_3d4d_reconstruction_2026_04_26/pdfs/2026_GeoWorld_Geometric_World_Models_2602.23058.pdf	imported
2602.22571	2026	2026-arxiv	Codex:3D-Reconstruction,Codex:3D4D-Reconstruction	GIFSplat: Generative Prior-Guided Iterative Feed-Forward 3D Gaussian Splatting from Sparse Views	Tianyu Chen; Wei Xiang; Kang Han; Yu Lu; Di Wu; Gaowen Liu; Ramana Rao Kompella	cs.CV	/Volumes/UBag/Documents/l40server_mirror/lyra/Lyra-2/paper_collection_3d4d_reconstruction_2026_04_26/pdfs/2026_GIFSplat_Generative_Prior_Guided_Iterative_Feed_Forward_3D_Gaussian_Splatting_from_Sparse_2602.22571.pdf	imported
2602.23206	2026	2026-arxiv	Codex:3D-Reconstruction,Codex:3D4D-Reconstruction	Grasp, Slide, Roll: Comparative Analysis of Contact Modes for Tactile-Based Shape Reconstruction	Chung Hee Kim; Shivani Kamtikar; Tye Brady; Taskin Padir; Joshua Migdal	cs.RO	/Volumes/UBag/Documents/l40server_mirror/lyra/Lyra-2/paper_collection_3d4d_reconstruction_2026_04_26/pdfs/2026_Grasp_Slide_Roll_Comparative_Analysis_of_Contact_Modes_for_Tactile_Based_Shape_Reconstruct_2602.23206.pdf	imported
2602.22800	2026	2026-arxiv	Codex:3D-Reconstruction,Codex:3D4D-Reconstruction	GSTurb: Gaussian Splatting for Atmospheric Turbulence Mitigation	Hanliang Du; Zhangji Lu; Zewei Cai; Qijian Tang; Qifeng Yu; Xiaoli Liu	cs.CV	/Volumes/UBag/Documents/l40server_mirror/lyra/Lyra-2/paper_collection_3d4d_reconstruction_2026_04_26/pdfs/2026_GSTurb_Gaussian_Splatting_for_Atmospheric_Turbulence_Mitigation_2602.22800.pdf	imported
2602.23172	2026	2026-arxiv	Codex:3D-Reconstruction,Codex:3D4D-Reconstruction	Latent Gaussian Splatting for 4D Panoptic Occupancy Tracking	Maximilian Luz; Rohit Mohan; Thomas Nürnberg; Yakov Miron; Daniele Cattaneo; Abhinav Valada	cs.CV cs.AI cs.RO	/Volumes/UBag/Documents/l40server_mirror/lyra/Lyra-2/paper_collection_3d4d_reconstruction_2026_04_26/pdfs/2026_Latent_Gaussian_Splatting_for_4D_Panoptic_Occupancy_Tracking_2602.23172.pdf	imported
2602.23259	2026	2026-arxiv	Codex:3D+4D-Evolution,Codex:3D4D-Reconstruction	Risk-Aware World Model Predictive Control for Generalizable End-to-End Autonomous Driving	Jiangxin Sun; Feng Xue; Teng Long; Chang Liu; Jian-Fang Hu; Wei-Shi Zheng; Nicu Sebe	cs.CV cs.AI cs.RO	/Volumes/UBag/Documents/l40server_mirror/lyra/Lyra-2/paper_collection_3d4d_reconstruction_2026_04_26/pdfs/2026_Risk_Aware_World_Model_Predictive_Control_for_Generalizable_End_to_End_Autonomous_Driving_2602.23259.pdf	imported
2602.22731	2026	2026-arxiv	Codex:3D-Reconstruction,Codex:3D4D-Reconstruction	Sapling-NeRF: Geo-Localised Sapling Reconstruction in Forests for Ecological Monitoring	Miguel Ángel Muñoz-Bañón; Nived Chebrolu; Sruthi M. Krishna Moorthy; Yifu Tao; Fernando Torres; Roberto Salguero-Gómez; Maurice Fallon	cs.RO cs.CV	/Volumes/UBag/Documents/l40server_mirror/lyra/Lyra-2/paper_collection_3d4d_reconstruction_2026_04_26/pdfs/2026_Sapling_NeRF_Geo_Localised_Sapling_Reconstruction_in_Forests_for_Ecological_Monitoring_2602.22731.pdf	imported
2602.22208	2026	2026-arxiv	Codex:3D+4D-Evolution,Codex:3D4D-Reconstruction	Solaris: Building a Multiplayer Video World Model in Minecraft	Georgy Savva; Oscar Michel; Daohan Lu; Suppakit Waiwitlikhit; Timothy Meehan; Dhairya Mishra; Srivats Poddar; Jack Lu; Saining Xie	cs.CV	/Volumes/UBag/Documents/l40server_mirror/lyra/Lyra-2/paper_collection_3d4d_reconstruction_2026_04_26/pdfs/2026_Solaris_Building_a_Multiplayer_Video_World_Model_in_Minecraft_2602.22208.pdf	imported
2602.22565	2026	2026-arxiv	Codex:3D-Reconstruction,Codex:3D4D-Reconstruction	SwiftNDC: Fast Neural Depth Correction for High-Fidelity 3D Reconstruction	Kang Han; Wei Xiang; Lu Yu; Mathew Wyatt; Gaowen Liu; Ramana Rao Kompella	cs.CV cs.GR	/Volumes/UBag/Documents/l40server_mirror/lyra/Lyra-2/paper_collection_3d4d_reconstruction_2026_04_26/pdfs/2026_SwiftNDC_Fast_Neural_Depth_Correction_for_High_Fidelity_3D_Reconstruction_2602.22565.pdf	imported
2602.23224	2026	2026-arxiv	Codex:3D-Reconstruction,Codex:3D4D-Reconstruction	UniScale: Unified Scale-Aware 3D Reconstruction for Multi-View Understanding via Prior Injection for Robotic Perception	Mohammad Mahdavian; Gordon Tan; Binbin Xu; Yuan Ren; Dongfeng Bai; Bingbing Liu	cs.CV cs.RO	/Volumes/UBag/Documents/l40server_mirror/lyra/Lyra-2/paper_collection_3d4d_reconstruction_2026_04_26/pdfs/2026_UniScale_Unified_Scale_Aware_3D_Reconstruction_for_Multi_View_Understanding_via_Prior_Inje_2602.23224.pdf	imported
2602.23361	2026	2026-arxiv	Codex:3D-Reconstruction,Codex:3D4D-Reconstruction	VGG-T$^3$: Offline Feed-Forward 3D Reconstruction at Scale	Sven Elflein; Ruilong Li; Sérgio Agostinho; Zan Gojcic; Laura Leal-Taixé; Qunjie Zhou; Aljosa Osep	cs.CV	/Volumes/UBag/Documents/l40server_mirror/lyra/Lyra-2/paper_collection_3d4d_reconstruction_2026_04_26/pdfs/2026_VGG_T_3_Offline_Feed_Forward_3D_Reconstruction_at_Scale_2602.23361.pdf	imported
2602.21644	2026	2026-arxiv	Codex:3D-Reconstruction,Codex:3D4D-Reconstruction	DAGS-SLAM: Dynamic-Aware 3DGS SLAM via Spatiotemporal Motion Probability and Uncertainty-Aware Scheduling	Li Zhang; Yu-An Liu; Xijia Jiang; Conghao Huang; Danyang Li; Yanyong Zhang	cs.RO	/Volumes/UBag/Documents/l40server_mirror/lyra/Lyra-2/paper_collection_3d4d_reconstruction_2026_04_26/pdfs/2026_DAGS_SLAM_Dynamic_Aware_3DGS_SLAM_via_Spatiotemporal_Motion_Probability_and_Uncertainty_Aw_2602.21644.pdf	imported
2603.13284	2026	2026-arxiv	Codex:3D+4D-Evolution,Codex:3D4D-Reconstruction	Do Diffusion Models Dream of Electric Planes? Discrete and Continuous Simulation-Based Inference for Aircraft Design	Aurelien Ghiglino; Daniel Elenius; Anirban Roy; Ramneet Kaur; Manoj Acharya; Colin Samplawski; Brian Matejek; Susmit Jha; Juan Alonso; Adam Cobb	cs.LG stat.ML	/Volumes/UBag/Documents/l40server_mirror/lyra/Lyra-2/paper_collection_3d4d_reconstruction_2026_04_26/pdfs/2026_Do_Diffusion_Models_Dream_of_Electric_Planes_Discrete_and_Continuous_Simulation_Based_Infe_2603.13284.pdf	imported
2602.24148	2026	2026-arxiv	Codex:3D-Reconstruction,Codex:3D4D-Reconstruction	HumanOrbit: 3D Human Reconstruction as 360° Orbit Generation	Keito Suzuki; Kunyao Chen; Lei Wang; Bang Du; Runfa Blark Li; Peng Liu; Ning Bi; Truong Nguyen	cs.CV	/Volumes/UBag/Documents/l40server_mirror/lyra/Lyra-2/paper_collection_3d4d_reconstruction_2026_04_26/pdfs/2026_HumanOrbit_3D_Human_Reconstruction_as_360_Orbit_Generation_2602.24148.pdf	imported
2601.10553	2026	2026-arxiv	Codex:3D+4D-Evolution,Codex:3D4D-Reconstruction	Inference-time Physics Alignment of Video Generative Models with Latent World Models	Jianhao Yuan; Xiaofeng Zhang; Felix Friedrich; Nicolas Beltran-Velez; Melissa Hall; Reyhane Askari-Hemmat; Xiaochuang Han; Nicolas Ballas; Michal Drozdzal; Adriana Romero-Soriano	cs.CV	/Volumes/UBag/Documents/l40server_mirror/lyra/Lyra-2/paper_collection_3d4d_reconstruction_2026_04_26/pdfs/2026_Inference_time_Physics_Alignment_of_Video_Generative_Models_with_Latent_World_Models_2601.10553.pdf	imported
2602.23926	2026	2026-arxiv	Codex:3D-Reconstruction,Codex:3D4D-Reconstruction	Leveraging Geometric Prior Uncertainty and Complementary Constraints for High-Fidelity Neural Indoor Surface Reconstruction	Qiyu Feng; Jiwei Shan; Shing Shin Cheng; Hesheng Wang	cs.CV	/Volumes/UBag/Documents/l40server_mirror/lyra/Lyra-2/paper_collection_3d4d_reconstruction_2026_04_26/pdfs/2026_Leveraging_Geometric_Prior_Uncertainty_and_Complementary_Constraints_for_High_Fidelity_Neu_2602.23926.pdf	imported
2602.23969	2026	2026-arxiv	Codex:3D+4D-Evolution,Codex:3D4D-Reconstruction	MSVBench: Towards Human-Level Evaluation of Multi-Shot Video Generation	Haoyuan Shi; Yunxin Li; Nanhao Deng; Zhenran Xu; Xinyu Chen; Longyue Wang; Baotian Hu; Min Zhang	cs.MM cs.CV	/Volumes/UBag/Documents/l40server_mirror/lyra/Lyra-2/paper_collection_3d4d_reconstruction_2026_04_26/pdfs/2026_MSVBench_Towards_Human_Level_Evaluation_of_Multi_Shot_Video_Generation_2602.23969.pdf	imported
2602.24136	2026	2026-arxiv	Codex:3D-Reconstruction,Codex:3D4D-Reconstruction	Prune Wisely, Reconstruct Sharply: Compact 3D Gaussian Splatting via Adaptive Pruning and Difference-of-Gaussian Primitives	Haoran Wang; Guoxi Huang; Fan Zhang; David Bull; Nantheera Anantrasirichai	cs.CV	/Volumes/UBag/Documents/l40server_mirror/lyra/Lyra-2/paper_collection_3d4d_reconstruction_2026_04_26/pdfs/2026_Prune_Wisely_Reconstruct_Sharply_Compact_3D_Gaussian_Splatting_via_Adaptive_Pruning_and_Di_2602.24136.pdf	imported
2602.24020	2026	2026-arxiv	Codex:3D-Reconstruction,Codex:3D4D-Reconstruction	SR3R: Rethinking Super-Resolution 3D Reconstruction With Feed-Forward Gaussian Splatting	Xiang Feng; Xiangbo Wang; Tieshi Zhong; Chengkai Wang; Yiting Zhao; Tianxiang Xu; Zhenzhong Kuang; Feiwei Qin; Xuefei Yin; Yanming Zhu	cs.CV	/Volumes/UBag/Documents/l40server_mirror/lyra/Lyra-2/paper_collection_3d4d_reconstruction_2026_04_26/pdfs/2026_SR3R_Rethinking_Super_Resolution_3D_Reconstruction_With_Feed_Forward_Gaussian_Splatting_2602.24020.pdf	imported
2603.00492	2026	2026-arxiv	Codex:3D-Reconstruction,Codex:3D4D-Reconstruction	ArtiFixer: Enhancing and Extending 3D Reconstruction with Auto-Regressive Diffusion Models	Riccardo de Lutio; Tobias Fischer; Yen-Yu Chang; Yuxuan Zhang; Jay Zhangjie Wu; Xuanchi Ren; Tianchang Shen; Katarina Tothova; Zan Gojcic; Haithem Turki	cs.CV cs.AI cs.GR cs.LG	/Volumes/UBag/Documents/l40server_mirror/lyra/Lyra-2/paper_collection_3d4d_reconstruction_2026_04_26/pdfs/2026_ArtiFixer_Enhancing_and_Extending_3D_Reconstruction_with_Auto_Regressive_Diffusion_Models_2603.00492.pdf	imported
2603.00466	2026	2026-arxiv	Codex:3D+4D-Evolution,Codex:3D4D-Reconstruction	DreamWorld: Unified World Modeling in Video Generation	Boming Tan; Xiangdong Zhang; Ning Liao; Yuqing Zhang; Shaofeng Zhang; Xue Yang; Qi Fan; Yanyong Zhang	cs.CV	/Volumes/UBag/Documents/l40server_mirror/lyra/Lyra-2/paper_collection_3d4d_reconstruction_2026_04_26/pdfs/2026_DreamWorld_Unified_World_Modeling_in_Video_Generation_2603.00466.pdf	imported
2603.00805	2026	2026-arxiv	Codex:3D-Reconstruction,Codex:3D4D-Reconstruction	NERFIFY: A Multi-Agent Framework for Turning NeRF Papers into Code	Seemandhar Jain; Keshav Gupta; Kunal Gupta; Manmohan Chandraker	cs.CV cs.MA	/Volumes/UBag/Documents/l40server_mirror/lyra/Lyra-2/paper_collection_3d4d_reconstruction_2026_04_26/pdfs/2026_NERFIFY_A_Multi_Agent_Framework_for_Turning_NeRF_Papers_into_Code_2603.00805.pdf	imported
2603.00418	2026	2026-arxiv	Codex:3D-Reconstruction,Codex:3D4D-Reconstruction	Station2Radar: query conditioned gaussian splatting for precipitation field	Doyi Kim; Minseok Seo; Changick Kim	cs.CV	/Volumes/UBag/Documents/l40server_mirror/lyra/Lyra-2/paper_collection_3d4d_reconstruction_2026_04_26/pdfs/2026_Station2Radar_query_conditioned_gaussian_splatting_for_precipitation_field_2603.00418.pdf	imported
2603.00697	2026	2026-arxiv	Codex:3D-Reconstruction,Codex:3D4D-Reconstruction	TokenSplat: Token-aligned 3D Gaussian Splatting for Feed-forward Pose-free Reconstruction	Yihui Li; Chengxin Lv; Zichen Tang; Hongyu Yang; Di Huang	cs.CV	/Volumes/UBag/Documents/l40server_mirror/lyra/Lyra-2/paper_collection_3d4d_reconstruction_2026_04_26/pdfs/2026_TokenSplat_Token_aligned_3D_Gaussian_Splatting_for_Feed_forward_Pose_free_Reconstruction_2603.00697.pdf	imported
2603.00952	2026	2026-arxiv	Codex:3D-Reconstruction,Codex:3D4D-Reconstruction,Codex:4D-Reconstruction	Decoupling Motion and Geometry in 4D Gaussian Splatting	Yi Zhang; Yulei Kang; Jian-Fang Hu	cs.CV	/Volumes/UBag/Documents/l40server_mirror/lyra/Lyra-2/paper_collection_3d4d_reconstruction_2026_04_26/pdfs/2026_Decoupling_Motion_and_Geometry_in_4D_Gaussian_Splatting_2603.00952.pdf	imported
2603.00905	2026	2026-arxiv	Codex:3D-Reconstruction,Codex:3D4D-Reconstruction	pySpatial: Generating 3D Visual Programs for Zero-Shot Spatial Reasoning	Zhanpeng Luo; Ce Zhang; Silong Yong; Cunxi Dai; Qianwei Wang; Haoxi Ran; Guanya Shi; Katia Sycara; Yaqi Xie	cs.CV	/Volumes/UBag/Documents/l40server_mirror/lyra/Lyra-2/paper_collection_3d4d_reconstruction_2026_04_26/pdfs/2026_pySpatial_Generating_3D_Visual_Programs_for_Zero_Shot_Spatial_Reasoning_2603.00905.pdf	imported
2603.01194	2026	2026-arxiv	Codex:3D-Reconstruction,Codex:3D4D-Reconstruction	RnG: A Unified Transformer for Complete 3D Modeling from Partial Observations	Mochu Xiang; Zhelun Shen; Xuesong Li; Jiahui Ren; Jing Zhang; Chen Zhao; Shanshan Liu; Haocheng Feng; Jingdong Wang; Yuchao Dai	cs.CV	/Volumes/UBag/Documents/l40server_mirror/lyra/Lyra-2/paper_collection_3d4d_reconstruction_2026_04_26/pdfs/2026_RnG_A_Unified_Transformer_for_Complete_3D_Modeling_from_Partial_Observations_2603.01194.pdf	imported
2602.09407	2026	2026-arxiv	Codex:3D-Reconstruction,Codex:3D4D-Reconstruction	Single-Slice-to-3D Reconstruction in Medical Imaging and Natural Objects: A Comparative Benchmark with SAM 3D	Yan Luo; Advaith Ravishankar; Serena Liu; Yutong Yang; Mengyu Wang	cs.CV	/Volumes/UBag/Documents/l40server_mirror/lyra/Lyra-2/paper_collection_3d4d_reconstruction_2026_04_26/pdfs/2026_Single_Slice_to_3D_Reconstruction_in_Medical_Imaging_and_Natural_Objects_A_Comparative_Ben_2602.09407.pdf	imported
2603.00949	2026	2026-arxiv	Codex:3D-Reconstruction,Codex:3D4D-Reconstruction	StegoNGP: 3D Cryptographic Steganography using Instant-NGP	Wenxiang Jiang; Yujun Lan; Shuo Zhao; Yuanshan Liu; Mingzhu Zhou; Jinxin Wang	cs.CV	/Volumes/UBag/Documents/l40server_mirror/lyra/Lyra-2/paper_collection_3d4d_reconstruction_2026_04_26/pdfs/2026_StegoNGP_3D_Cryptographic_Steganography_using_Instant_NGP_2603.00949.pdf	imported
2603.00908	2026	2026-arxiv	Codex:3D-Reconstruction,Codex:3D4D-Reconstruction	UD-SfPNet: An Underwater Descattering Shape-from-Polarization Network for 3D Normal Reconstruction	Puyun Wang; Kaimin Yu; Huayang He; Feng Huang; Xianyu Wu; Yating Chen	cs.CV	/Volumes/UBag/Documents/l40server_mirror/lyra/Lyra-2/paper_collection_3d4d_reconstruction_2026_04_26/pdfs/2026_UD_SfPNet_An_Underwater_Descattering_Shape_from_Polarization_Network_for_3D_Normal_Reconst_2603.00908.pdf	imported
2603.02129	2026	2026-arxiv	Codex:3D-Reconstruction,Codex:3D4D-Reconstruction	LiftAvatar: Kinematic-Space Completion for Expression-Controlled 3D Gaussian Avatar Animation	Hualiang Wei; Shunran Jia; Jialun Liu; Wenhui Li	cs.CV cs.AI	/Volumes/UBag/Documents/l40server_mirror/lyra/Lyra-2/paper_collection_3d4d_reconstruction_2026_04_26/pdfs/2026_LiftAvatar_Kinematic_Space_Completion_for_Expression_Controlled_3D_Gaussian_Avatar_Animati_2603.02129.pdf	imported
2603.01603	2026	2026-arxiv	Codex:3D-Reconstruction,Codex:3D4D-Reconstruction	Sparse View Distractor-Free Gaussian Splatting	Yi Gu; Zhaorui Wang; Jiahang Cao; Jiaxu Wang; Mingle Zhao; Dongjun Ye; Renjing Xu	cs.CV	/Volumes/UBag/Documents/l40server_mirror/lyra/Lyra-2/paper_collection_3d4d_reconstruction_2026_04_26/pdfs/2026_Sparse_View_Distractor_Free_Gaussian_Splatting_2603.01603.pdf	imported
2603.01371	2026	2026-arxiv	Codex:3D-Reconstruction,Codex:3D4D-Reconstruction	TIMI: Training-Free Image-to-3D Multi-Instance Generation with Spatial Fidelity	Xiao Cai; Lianli Gao; Pengpeng Zeng; Ji Zhang; Heng Tao Shen; Jingkuan Song	cs.CV	/Volumes/UBag/Documents/l40server_mirror/lyra/Lyra-2/paper_collection_3d4d_reconstruction_2026_04_26/pdfs/2026_TIMI_Training_Free_Image_to_3D_Multi_Instance_Generation_with_Spatial_Fidelity_2603.01371.pdf	imported
2603.01850	2026	2026-arxiv	Codex:3D-Reconstruction,Codex:3D4D-Reconstruction	Tiny-DroNeRF: Tiny Neural Radiance Fields aboard Federated Learning-enabled Nano-drones	Ilenia Carboni; Elia Cereda; Lorenzo Lamberti; Daniele Malpetti; Francesco Conti; Daniele Palossi	cs.RO cs.CV cs.SY eess.SY	/Volumes/UBag/Documents/l40server_mirror/lyra/Lyra-2/paper_collection_3d4d_reconstruction_2026_04_26/pdfs/2026_Tiny_DroNeRF_Tiny_Neural_Radiance_Fields_aboard_Federated_Learning_enabled_Nano_drones_2603.01850.pdf	imported
2602.20160	2026	2026-arxiv	Codex:3D-Reconstruction,Codex:3D4D-Reconstruction	tttLRM: Test-Time Training for Long Context and Autoregressive 3D Reconstruction	Chen Wang; Hao Tan; Wang Yifan; Zhiqin Chen; Yuheng Liu; Kalyan Sunkavalli; Sai Bi; Lingjie Liu; Yiwei Hu	cs.CV	/Volumes/UBag/Documents/l40server_mirror/lyra/Lyra-2/paper_collection_3d4d_reconstruction_2026_04_26/pdfs/2026_tttLRM_Test_Time_Training_for_Long_Context_and_Autoregressive_3D_Reconstruction_2602.20160.pdf	imported
2603.02049	2026	2026-arxiv	Codex:3D+4D-Evolution,Codex:3D-Reconstruction,Codex:3D4D-Reconstruction	WorldStereo: Bridging Camera-Guided Video Generation and Scene Reconstruction via 3D Geometric Memories	Yisu Zhang; Chenjie Cao; Tengfei Wang; Xuhui Zuo; Junta Wu; Jianke Zhu; Chunchao Guo	cs.CV	/Volumes/UBag/Documents/l40server_mirror/lyra/Lyra-2/paper_collection_3d4d_reconstruction_2026_04_26/pdfs/2026_WorldStereo_Bridging_Camera_Guided_Video_Generation_and_Scene_Reconstruction_via_3D_Geomet_2603.02049.pdf	imported
2603.03482	2026	2026-arxiv	Codex:3D+4D-Evolution,Codex:3D4D-Reconstruction	Beyond Pixel Histories: World Models with Persistent 3D State	Samuel Garcin; Thomas Walker; Steven McDonagh; Tim Pearce; Hakan Bilen; Tianyu He; Kaixin Wang; Jiang Bian	cs.CV cs.AI cs.LG	/Volumes/UBag/Documents/l40server_mirror/lyra/Lyra-2/paper_collection_3d4d_reconstruction_2026_04_26/pdfs/2026_Beyond_Pixel_Histories_World_Models_with_Persistent_3D_State_2603.03482.pdf	imported
2603.02499	2026	2026-arxiv	Codex:3D-Reconstruction,Codex:3D4D-Reconstruction	Biomechanically Accurate Gait Analysis: A 3d Human Reconstruction Framework for Markerless Estimation of Gait Parameters	Akila Pemasiri; Ethan Goan; Glen Lichtwark; Robert Schuster; Luke Kelly; Clinton Fookes	eess.IV cs.CV	/Volumes/UBag/Documents/l40server_mirror/lyra/Lyra-2/paper_collection_3d4d_reconstruction_2026_04_26/pdfs/2026_Biomechanically_Accurate_Gait_Analysis_A_3d_Human_Reconstruction_Framework_for_Markerless_2603.02499.pdf	imported
2603.02619	2026	2026-arxiv	Codex:3D-Reconstruction,Codex:3D4D-Reconstruction	Direct Reward Fine-Tuning on Poses for Single Image to 3D Human in the Wild	Seunguk Do; Minwoo Huh; Joonghyuk Shin; Jaesik Park	cs.CV	/Volumes/UBag/Documents/l40server_mirror/lyra/Lyra-2/paper_collection_3d4d_reconstruction_2026_04_26/pdfs/2026_Direct_Reward_Fine_Tuning_on_Poses_for_Single_Image_to_3D_Human_in_the_Wild_2603.02619.pdf	imported
2603.03265	2026	2026-arxiv	Codex:3D-Reconstruction,Codex:3D4D-Reconstruction	DuoMo: Dual Motion Diffusion for World-Space Human Reconstruction	Yufu Wang; Evonne Ng; Soyong Shin; Rawal Khirodkar; Yuan Dong; Zhaoen Su; Jinhyung Park; Kris Kitani; Alexander Richard; Fabian Prada; Michael Zollhofer	cs.CV	/Volumes/UBag/Documents/l40server_mirror/lyra/Lyra-2/paper_collection_3d4d_reconstruction_2026_04_26/pdfs/2026_DuoMo_Dual_Motion_Diffusion_for_World_Space_Human_Reconstruction_2603.03265.pdf	imported
2603.01099	2026	2026-arxiv	Codex:3D-Reconstruction,Codex:3D4D-Reconstruction	HeroGS: Hierarchical Guidance for Robust 3D Gaussian Splatting under Sparse Views	Jiashu Li; Xumeng Han; Zhaoyang Wei; Zipeng Wang; Kuiran Wang; Guorong Li; Zhenjun Han; Jianbin Jiao	cs.CV	/Volumes/UBag/Documents/l40server_mirror/lyra/Lyra-2/paper_collection_3d4d_reconstruction_2026_04_26/pdfs/2026_HeroGS_Hierarchical_Guidance_for_Robust_3D_Gaussian_Splatting_under_Sparse_Views_2603.01099.pdf	imported
2603.02893	2026	2026-arxiv	Codex:3D-Reconstruction,Codex:3D4D-Reconstruction	Intrinsic Geometry-Appearance Consistency Optimization for Sparse-View Gaussian Splatting	Kaiqiang Xiong; Rui Peng; Jiahao Wu; Zhanke Wang; Jie Liang; Xiaoyun Zheng; Feng Gao; Ronggang Wang	cs.CV	/Volumes/UBag/Documents/l40server_mirror/lyra/Lyra-2/paper_collection_3d4d_reconstruction_2026_04_26/pdfs/2026_Intrinsic_Geometry_Appearance_Consistency_Optimization_for_Sparse_View_Gaussian_Splatting_2603.02893.pdf	imported
2603.02866	2026	2026-arxiv	Codex:3D-Reconstruction,Codex:3D4D-Reconstruction	Multimodal-Prior-Guided Importance Sampling for Hierarchical Gaussian Splatting in Sparse-View Novel View Synthesis	Kaiqiang Xiong; Zhanke Wang; Ronggang Wang	cs.CV	/Volumes/UBag/Documents/l40server_mirror/lyra/Lyra-2/paper_collection_3d4d_reconstruction_2026_04_26/pdfs/2026_Multimodal_Prior_Guided_Importance_Sampling_for_Hierarchical_Gaussian_Splatting_in_Sparse_2603.02866.pdf	imported
2603.02134	2026	2026-arxiv	Codex:3D-Reconstruction,Codex:3D4D-Reconstruction	OnlineX: Unified Online 3D Reconstruction and Understanding with Active-to-Stable State Evolution	Chong Xia; Fangfu Liu; Yule Wang; Yize Pang; Yueqi Duan	cs.CV	/Volumes/UBag/Documents/l40server_mirror/lyra/Lyra-2/paper_collection_3d4d_reconstruction_2026_04_26/pdfs/2026_OnlineX_Unified_Online_3D_Reconstruction_and_Understanding_with_Active_to_Stable_State_Evo_2603.02134.pdf	imported
2603.02801	2026	2026-arxiv	Codex:3D-Reconstruction,Codex:3D4D-Reconstruction	R3GW: Relightable 3D Gaussians for Outdoor Scenes in the Wild	Margherita Lea Corona; Wieland Morgenstern; Peter Eisert; Anna Hilsmann	cs.CV	/Volumes/UBag/Documents/l40server_mirror/lyra/Lyra-2/paper_collection_3d4d_reconstruction_2026_04_26/pdfs/2026_R3GW_Relightable_3D_Gaussians_for_Outdoor_Scenes_in_the_Wild_2603.02801.pdf	imported
2603.02548	2026	2026-arxiv	Codex:3D-Reconstruction,Codex:3D4D-Reconstruction	SemGS: Feed-Forward Semantic 3D Gaussian Splatting from Sparse Views for Generalizable Scene Understanding	Sheng Ye; Zhen-Hui Dong; Ruoyu Fan; Tian Lv; Yong-Jin Liu	cs.CV	/Volumes/UBag/Documents/l40server_mirror/lyra/Lyra-2/paper_collection_3d4d_reconstruction_2026_04_26/pdfs/2026_SemGS_Feed_Forward_Semantic_3D_Gaussian_Splatting_from_Sparse_Views_for_Generalizable_Scen_2603.02548.pdf	imported
2603.02133	2026	2026-arxiv	Codex:3D-Reconstruction,Codex:3D4D-Reconstruction	SimRecon: SimReady Compositional Scene Reconstruction from Real Videos	Chong Xia; Kai Zhu; Zizhuo Wang; Fangfu Liu; Zhizheng Zhang; Yueqi Duan	cs.CV	/Volumes/UBag/Documents/l40server_mirror/lyra/Lyra-2/paper_collection_3d4d_reconstruction_2026_04_26/pdfs/2026_SimRecon_SimReady_Compositional_Scene_Reconstruction_from_Real_Videos_2603.02133.pdf	imported
2603.02985	2026	2026-arxiv	Codex:3D-Reconstruction,Codex:3D4D-Reconstruction,Codex:4D-Reconstruction	The Dresden Dataset for 4D Reconstruction of Non-Rigid Abdominal Surgical Scenes	Reuben Docea; Rayan Younis; Yonghao Long; Maxime Fleury; Jinjing Xu; Chenyang Li; André Schulze; Ann Wierick; Johannes Bender; Micha Pfeiffer; Qi Dou; Martin Wagner; Stefanie Speidel	cs.CV	/Volumes/UBag/Documents/l40server_mirror/lyra/Lyra-2/paper_collection_3d4d_reconstruction_2026_04_26/pdfs/2026_The_Dresden_Dataset_for_4D_Reconstruction_of_Non_Rigid_Abdominal_Surgical_Scenes_2603.02985.pdf	imported
2603.02986	2026	2026-arxiv	Codex:3D-Reconstruction,Codex:3D4D-Reconstruction	VIRGi: View-dependent Instant Recoloring of 3D Gaussians Splats	Alessio Mazzucchelli; Ivan Ojeda-Martin; Fernando Rivas-Manzaneque; Elena Garces; Adrian Penate-Sanchez; Francesc Moreno-Noguer	cs.CV cs.GR	/Volumes/UBag/Documents/l40server_mirror/lyra/Lyra-2/paper_collection_3d4d_reconstruction_2026_04_26/pdfs/2026_VIRGi_View_dependent_Instant_Recoloring_of_3D_Gaussians_Splats_2603.02986.pdf	imported
2603.04338	2026	2026-arxiv	Codex:3D4D-Reconstruction,Codex:4D-Reconstruction	ArtHOI: Articulated Human-Object Interaction Synthesis by 4D Reconstruction from Video Priors	Zihao Huang; Tianqi Liu; Zhaoxi Chen; Shaocong Xu; Saining Zhang; Lixing Xiao; Zhiguo Cao; Wei Li; Hao Zhao; Ziwei Liu	cs.CV	/Volumes/UBag/Documents/l40server_mirror/lyra/Lyra-2/paper_collection_3d4d_reconstruction_2026_04_26/pdfs/2026_ArtHOI_Articulated_Human_Object_Interaction_Synthesis_by_4D_Reconstruction_from_Video_Prio_2603.04338.pdf	imported
2603.04254	2026	2026-arxiv	Codex:3D-Reconstruction,Codex:3D4D-Reconstruction	EmbodiedSplat: Online Feed-Forward Semantic 3DGS for Open-Vocabulary 3D Scene Understanding	Seungjun Lee; Zihan Wang; Yunsong Wang; Gim Hee Lee	cs.CV	/Volumes/UBag/Documents/l40server_mirror/lyra/Lyra-2/paper_collection_3d4d_reconstruction_2026_04_26/pdfs/2026_EmbodiedSplat_Online_Feed_Forward_Semantic_3DGS_for_Open_Vocabulary_3D_Scene_Understanding_2603.04254.pdf	imported
2602.24065	2026	2026-arxiv	Codex:3D-Reconstruction,Codex:3D4D-Reconstruction	EvalMVX: A Unified Benchmarking for Neural 3D Reconstruction under Diverse Multiview Setups	Zaiyan Yang; Jieji Ren; Xiangyi Wang; zonglin li; Xu Cao; Heng Guo; Zhanyu Ma; Boxin Shi	cs.CV	/Volumes/UBag/Documents/l40server_mirror/lyra/Lyra-2/paper_collection_3d4d_reconstruction_2026_04_26/pdfs/2026_EvalMVX_A_Unified_Benchmarking_for_Neural_3D_Reconstruction_under_Diverse_Multiview_Setups_2602.24065.pdf	imported
2603.02887	2026	2026-arxiv	Codex:3D-Reconstruction,Codex:3D4D-Reconstruction	Generalized non-exponential Gaussian splatting	Sébastien Speierer; Adrian Jarabo	cs.GR cs.CV	/Volumes/UBag/Documents/l40server_mirror/lyra/Lyra-2/paper_collection_3d4d_reconstruction_2026_04_26/pdfs/2026_Generalized_non_exponential_Gaussian_splatting_2603.02887.pdf	imported
2602.11291	2026	2026-arxiv	Codex:3D+4D-Evolution,Codex:3D4D-Reconstruction	H-WM: Robotic Task and Motion Planning Guided by Hierarchical World Model	Jinbang Huang; Wenyuan Chen; Zhiyuan Li; Oscar Pang; Xiao Hu; Lingfeng Zhang; Yuanzhao Hu; Zhanguang Zhang; Mark Coates; Tongtong Cao; Xingyue Quan; Yingxue Zhang	cs.RO	/Volumes/UBag/Documents/l40server_mirror/lyra/Lyra-2/paper_collection_3d4d_reconstruction_2026_04_26/pdfs/2026_H_WM_Robotic_Task_and_Motion_Planning_Guided_by_Hierarchical_World_Model_2602.11291.pdf	imported
2603.03765	2026	2026-arxiv	Codex:3D-Reconstruction,Codex:3D4D-Reconstruction	LiDAR Prompted Spatio-Temporal Multi-View Stereo for Autonomous Driving	Qihao Sun; Jiarun Liu; Ziqian Ni; Jianyun Xu; Tao Xie; Lijun Zhao; Ruifeng Li; Sheng Yang	cs.CV	/Volumes/UBag/Documents/l40server_mirror/lyra/Lyra-2/paper_collection_3d4d_reconstruction_2026_04_26/pdfs/2026_LiDAR_Prompted_Spatio_Temporal_Multi_View_Stereo_for_Autonomous_Driving_2603.03765.pdf	imported
2603.04029	2026	2026-arxiv	Codex:3D+4D-Evolution,Codex:3D4D-Reconstruction	Self-adapting Robotic Agents through Online Continual Reinforcement Learning with World Model Feedback	Fabian Domberg; Georg Schildbach	cs.RO cs.AI	/Volumes/UBag/Documents/l40server_mirror/lyra/Lyra-2/paper_collection_3d4d_reconstruction_2026_04_26/pdfs/2026_Self_adapting_Robotic_Agents_through_Online_Continual_Reinforcement_Learning_with_World_Mo_2603.04029.pdf	imported
2603.04317	2026	2026-arxiv	Codex:3D+4D-Evolution,Codex:3D4D-Reconstruction	World Properties without World Models: Recovering Spatial and Temporal Structure from Co-occurrence Statistics in Static Word Embeddings	Elan Barenholtz	cs.CL cs.AI cs.LG	/Volumes/UBag/Documents/l40server_mirror/lyra/Lyra-2/paper_collection_3d4d_reconstruction_2026_04_26/pdfs/2026_World_Properties_without_World_Models_Recovering_Spatial_and_Temporal_Structure_from_Co_oc_2603.04317.pdf	imported
2603.05330	2026	2026-arxiv	Codex:3D-Reconstruction,Codex:3D4D-Reconstruction	Dark3R: Learning Structure from Motion in the Dark	Andrew Y Guo; Anagh Malik; SaiKiran Tedla; Yutong Dai; Yiqian Qin; Zach Salehe; Benjamin Attal; Sotiris Nousias; Kiriakos N. Kutulakos; David B. Lindell	cs.CV	/Volumes/UBag/Documents/l40server_mirror/lyra/Lyra-2/paper_collection_3d4d_reconstruction_2026_04_26/pdfs/2026_Dark3R_Learning_Structure_from_Motion_in_the_Dark_2603.05330.pdf	imported
2603.04770	2026	2026-arxiv	Codex:3D-Reconstruction,Codex:3D4D-Reconstruction,Codex:4D-Reconstruction	DSA-SRGS: Super-Resolution Gaussian Splatting for Dynamic Sparse-View DSA Reconstruction	Shiyu Zhang; Zhicong Wu; Huangxuan Zhao; Zhentao Liu; Lei Chen; Yong Luo; Lefei Zhang; Zhiming Cui; Ziwen Ke; Bo Du	cs.CV cs.AI	/Volumes/UBag/Documents/l40server_mirror/lyra/Lyra-2/paper_collection_3d4d_reconstruction_2026_04_26/pdfs/2026_DSA_SRGS_Super_Resolution_Gaussian_Splatting_for_Dynamic_Sparse_View_DSA_Reconstruction_2603.04770.pdf	imported
2603.04290	2026	2026-arxiv	Codex:3D-Reconstruction,Codex:3D4D-Reconstruction	Gaussian Wardrobe: Compositional 3D Gaussian Avatars for Free-Form Virtual Try-On	Zhiyi Chen; Hsuan-I Ho; Tianjian Jiang; Jie Song; Manuel Kaufmann; Chen Guo	cs.CV cs.GR	/Volumes/UBag/Documents/l40server_mirror/lyra/Lyra-2/paper_collection_3d4d_reconstruction_2026_04_26/pdfs/2026_Gaussian_Wardrobe_Compositional_3D_Gaussian_Avatars_for_Free_Form_Virtual_Try_On_2603.04290.pdf	imported
2603.05108	2026	2026-arxiv	Codex:3D-Reconstruction,Codex:3D4D-Reconstruction	GaussTwin: Unified Simulation and Correction with Gaussian Splatting for Robotic Digital Twins	Yichen Cai; Paul Jansonnie; Cristiana de Farias; Oleg Arenz; Jan Peters	cs.RO	/Volumes/UBag/Documents/l40server_mirror/lyra/Lyra-2/paper_collection_3d4d_reconstruction_2026_04_26/pdfs/2026_GaussTwin_Unified_Simulation_and_Correction_with_Gaussian_Splatting_for_Robotic_Digital_Tw_2603.05108.pdf	imported
2603.04847	2026	2026-arxiv	Codex:3D-Reconstruction,Codex:3D4D-Reconstruction	GloSplat: Joint Pose-Appearance Optimization for Faster and More Accurate 3D Reconstruction	Tianyu Xiong; Rui Li; Linjie Li; Jiaqi Yang	cs.CV cs.GR	/Volumes/UBag/Documents/l40server_mirror/lyra/Lyra-2/paper_collection_3d4d_reconstruction_2026_04_26/pdfs/2026_GloSplat_Joint_Pose_Appearance_Optimization_for_Faster_and_More_Accurate_3D_Reconstruction_2603.04847.pdf	imported
2603.04993	2026	2026-arxiv	Codex:3D-Reconstruction,Codex:3D4D-Reconstruction	MultiGO++: Monocular 3D Clothed Human Reconstruction via Geometry-Texture Collaboration	Nanjie Yao; Gangjian Zhang; Wenhao Shen; Jian Shu; Yu Feng; Hao Wang	cs.CV	/Volumes/UBag/Documents/l40server_mirror/lyra/Lyra-2/paper_collection_3d4d_reconstruction_2026_04_26/pdfs/2026_MultiGO_Monocular_3D_Clothed_Human_Reconstruction_via_Geometry_Texture_Collaboration_2603.04993.pdf	imported
2603.04179	2026	2026-arxiv	Codex:3D-Reconstruction,Codex:3D4D-Reconstruction	NOVA3R: Non-pixel-aligned Visual Transformer for Amodal 3D Reconstruction	Weirong Chen; Chuanxia Zheng; Ganlin Zhang; Andrea Vedaldi; Daniel Cremers	cs.CV	/Volumes/UBag/Documents/l40server_mirror/lyra/Lyra-2/paper_collection_3d4d_reconstruction_2026_04_26/pdfs/2026_NOVA3R_Non_pixel_aligned_Visual_Transformer_for_Amodal_3D_Reconstruction_2603.04179.pdf	imported
2603.05081	2026	2026-arxiv	Codex:3D+4D-Evolution,Codex:3D4D-Reconstruction	Orthogonal Spatial-temporal Distributional Transfer for 4D Generation	Wei Liu; Shengqiong Wu; Bobo Li; Haoyu Zhao; Hao Fei; Mong-Li Lee; Wynne Hsu	cs.CV	/Volumes/UBag/Documents/l40server_mirror/lyra/Lyra-2/paper_collection_3d4d_reconstruction_2026_04_26/pdfs/2026_Orthogonal_Spatial_temporal_Distributional_Transfer_for_4D_Generation_2603.05081.pdf	imported
2603.05152	2026	2026-arxiv	Codex:3D-Reconstruction,Codex:3D4D-Reconstruction	SSR-GS: Separating Specular Reflection in Gaussian Splatting for Glossy Surface Reconstruction	Ningjing Fan; Yiqun Wang	cs.CV cs.AI cs.GR	/Volumes/UBag/Documents/l40server_mirror/lyra/Lyra-2/paper_collection_3d4d_reconstruction_2026_04_26/pdfs/2026_SSR_GS_Separating_Specular_Reflection_in_Gaussian_Splatting_for_Glossy_Surface_Reconstruct_2603.05152.pdf	imported
2603.05473	2026	2026-arxiv	Codex:3D-Reconstruction,Codex:3D4D-Reconstruction	Towards 3D Scene Understanding of Gas Plumes in LWIR Hyperspectral Images Using Neural Radiance Fields	Scout Jarman; Zigfried Hampel-Arias; Adra Carr; Kevin R. Moon	cs.CV	/Volumes/UBag/Documents/l40server_mirror/lyra/Lyra-2/paper_collection_3d4d_reconstruction_2026_04_26/pdfs/2026_Towards_3D_Scene_Understanding_of_Gas_Plumes_in_LWIR_Hyperspectral_Images_Using_Neural_Rad_2603.05473.pdf	imported
2602.24290	2026	2026-arxiv	Codex:3D4D-Reconstruction,Codex:4D-Reconstruction	UFO-4D: Unposed Feedforward 4D Reconstruction from Two Images	Junhwa Hur; Charles Herrmann; Songyou Peng; Philipp Henzler; Zeyu Ma; Todd Zickler; Deqing Sun	cs.CV	/Volumes/UBag/Documents/l40server_mirror/lyra/Lyra-2/paper_collection_3d4d_reconstruction_2026_04_26/pdfs/2026_UFO_4D_Unposed_Feedforward_4D_Reconstruction_from_Two_Images_2602.24290.pdf	imported
2603.06860	2026	2026-arxiv	Codex:3D-Reconstruction,Codex:3D4D-Reconstruction,Codex:4D-Reconstruction	ColonSplat: Reconstruction of Peristaltic Motion in Colonoscopy with Dynamic Gaussian Splatting	Weronika Smolak-Dyżewska; Joanna Kaleta; Diego Dall'Alba; Przemysław Spurek	cs.CV	/Volumes/UBag/Documents/l40server_mirror/lyra/Lyra-2/paper_collection_3d4d_reconstruction_2026_04_26/pdfs/2026_ColonSplat_Reconstruction_of_Peristaltic_Motion_in_Colonoscopy_with_Dynamic_Gaussian_Splat_2603.06860.pdf	imported
2603.05882	2026	2026-arxiv	Codex:3D-Reconstruction,Codex:3D4D-Reconstruction	CylinderSplat: 3D Gaussian Splatting with Cylindrical Triplanes for Panoramic Novel View Synthesis	Qiwei Wang; Xianghui Ze; Jingyi Yu; Yujiao Shi	cs.CV	/Volumes/UBag/Documents/l40server_mirror/lyra/Lyra-2/paper_collection_3d4d_reconstruction_2026_04_26/pdfs/2026_CylinderSplat_3D_Gaussian_Splatting_with_Cylindrical_Triplanes_for_Panoramic_Novel_View_Sy_2603.05882.pdf	imported
2603.06216	2026	2026-arxiv	Codex:3D-Reconstruction,Codex:3D4D-Reconstruction	EntON: Eigenentropy-Optimized Neighborhood Densification in 3D Gaussian Splatting	Miriam Jäger; Boris Jutzi	cs.CV	/Volumes/UBag/Documents/l40server_mirror/lyra/Lyra-2/paper_collection_3d4d_reconstruction_2026_04_26/pdfs/2026_EntON_Eigenentropy_Optimized_Neighborhood_Densification_in_3D_Gaussian_Splatting_2603.06216.pdf	imported
2603.05078	2026	2026-arxiv	Codex:3D4D-Reconstruction,Codex:4D-Reconstruction	MoRe: Motion-aware Feed-forward 4D Reconstruction Transformer	Juntong Fang; Zequn Chen; Weiqi Zhang; Donglin Di; Xuancheng Zhang; Chengmin Yang; Yu-Shen Liu	cs.CV	/Volumes/UBag/Documents/l40server_mirror/lyra/Lyra-2/paper_collection_3d4d_reconstruction_2026_04_26/pdfs/2026_MoRe_Motion_aware_Feed_forward_4D_Reconstruction_Transformer_2603.05078.pdf	imported
2603.03485	2026	2026-arxiv	Codex:3D+4D-Evolution,Codex:3D4D-Reconstruction	Phys4D: Fine-Grained Physics-Consistent 4D Modeling from Video Diffusion	Haoran Lu; Shang Wu; Jianshu Zhang; Maojiang Su; Guo Ye; Chenwei Xu; Lie Lu; Pranav Maneriker; Fan Du; Manling Li; Zhaoran Wang; Han Liu	cs.CV cs.AI cs.RO	/Volumes/UBag/Documents/l40server_mirror/lyra/Lyra-2/paper_collection_3d4d_reconstruction_2026_04_26/pdfs/2026_Phys4D_Fine_Grained_Physics_Consistent_4D_Modeling_from_Video_Diffusion_2603.03485.pdf	existing
2603.05888	2026	2026-arxiv	Codex:3D-Reconstruction,Codex:3D4D-Reconstruction	PixARMesh: Autoregressive Mesh-Native Single-View Scene Reconstruction	Xiang Zhang; Sohyun Yoo; Hongrui Wu; Chuan Li; Jianwen Xie; Zhuowen Tu	cs.CV cs.GR cs.LG	/Volumes/UBag/Documents/l40server_mirror/lyra/Lyra-2/paper_collection_3d4d_reconstruction_2026_04_26/pdfs/2026_PixARMesh_Autoregressive_Mesh_Native_Single_View_Scene_Reconstruction_2603.05888.pdf	imported
2603.05787	2026	2026-arxiv	Codex:3D-Reconstruction,Codex:3D4D-Reconstruction	Spectral Probing of Feature Upsamplers in 2D-to-3D Scene Reconstruction	Ling Xiao; Yuliang Xiu; Yue Chen; Guoming Wang; Toshihiko Yamasaki	cs.CV	/Volumes/UBag/Documents/l40server_mirror/lyra/Lyra-2/paper_collection_3d4d_reconstruction_2026_04_26/pdfs/2026_Spectral_Probing_of_Feature_Upsamplers_in_2D_to_3D_Scene_Reconstruction_2603.05787.pdf	imported
2603.05876	2026	2026-arxiv	Codex:3D-Reconstruction,Codex:3D4D-Reconstruction	Systematic Evaluation of Novel View Synthesis for Video Place Recognition	Muhammad Zawad Mahmud; Samiha Islam; Damian Lyons	cs.CV cs.RO	/Volumes/UBag/Documents/l40server_mirror/lyra/Lyra-2/paper_collection_3d4d_reconstruction_2026_04_26/pdfs/2026_Systematic_Evaluation_of_Novel_View_Synthesis_for_Video_Place_Recognition_2603.05876.pdf	imported
2603.06061	2026	2026-arxiv	Codex:3D-Reconstruction,Codex:3D4D-Reconstruction	Transforming Omnidirectional RGB-LiDAR data into 3D Gaussian Splatting	Semin Bae; Hansol Lim; Jongseong Brad Choi	cs.CV cs.RO	/Volumes/UBag/Documents/l40server_mirror/lyra/Lyra-2/paper_collection_3d4d_reconstruction_2026_04_26/pdfs/2026_Transforming_Omnidirectional_RGB_LiDAR_data_into_3D_Gaussian_Splatting_2603.06061.pdf	imported
2603.06210	2026	2026-arxiv	Codex:3D-Reconstruction,Codex:3D4D-Reconstruction	VG3S: Visual Geometry Grounded Gaussian Splatting for Semantic Occupancy Prediction	Xiaoyang Yan; Muleilan Pei; Shaojie Shen	cs.CV cs.RO	/Volumes/UBag/Documents/l40server_mirror/lyra/Lyra-2/paper_collection_3d4d_reconstruction_2026_04_26/pdfs/2026_VG3S_Visual_Geometry_Grounded_Gaussian_Splatting_for_Semantic_Occupancy_Prediction_2603.06210.pdf	imported
2601.01144	2026	2026-arxiv	Codex:3D-Reconstruction,Codex:3D4D-Reconstruction	VISO: Robust Underwater Visual-Inertial-Sonar SLAM with Photometric Rendering for Dense 3D Reconstruction	Shu Pan; Simon Archieri; Ahmet Cinar; Jonatan Scharff Willners; Ignacio Carlucho; Yvan Petillot	cs.RO	/Volumes/UBag/Documents/l40server_mirror/lyra/Lyra-2/paper_collection_3d4d_reconstruction_2026_04_26/pdfs/2026_VISO_Robust_Underwater_Visual_Inertial_Sonar_SLAM_with_Photometric_Rendering_for_Dense_3D_2601.01144.pdf	imported
2603.05851	2026	2026-arxiv	Codex:3D-Reconstruction,Codex:3D4D-Reconstruction	VS3R: Robust Full-frame Video Stabilization via Deep 3D Reconstruction	Muhua Zhu; Xinhao Jin; Yu Zhang; Yifei Xue; Tie Ji; Yizhen Lao	cs.CV	/Volumes/UBag/Documents/l40server_mirror/lyra/Lyra-2/paper_collection_3d4d_reconstruction_2026_04_26/pdfs/2026_VS3R_Robust_Full_frame_Video_Stabilization_via_Deep_3D_Reconstruction_2603.05851.pdf	imported
2603.06445	2026	2026-arxiv	Codex:3D+4D-Evolution,Codex:3D4D-Reconstruction	What if? Emulative Simulation with World Models for Situated Reasoning	Ruiping Liu; Yufan Chen; Yuheng Zhang; Junwei Zheng; Kunyu Peng; Chengzhi Wu; Chenguang Huang; Di Wen; Jiaming Zhang; Kailun Yang; Rainer Stiefelhagen	cs.CV	/Volumes/UBag/Documents/l40server_mirror/lyra/Lyra-2/paper_collection_3d4d_reconstruction_2026_04_26/pdfs/2026_What_if_Emulative_Simulation_with_World_Models_for_Situated_Reasoning_2603.06445.pdf	imported
2603.07264	2026	2026-arxiv	Codex:3D+4D-Evolution,Codex:3D4D-Reconstruction	Kinematics-Aware Latent World Models for Data-Efficient Autonomous Driving	Jiazhuo Li; Linjiang Cao; Qi Liu; Xi Xiong	cs.RO cs.AI	/Volumes/UBag/Documents/l40server_mirror/lyra/Lyra-2/paper_collection_3d4d_reconstruction_2026_04_26/pdfs/2026_Kinematics_Aware_Latent_World_Models_for_Data_Efficient_Autonomous_Driving_2603.07264.pdf	imported
2603.07039	2026	2026-arxiv	Codex:3D+4D-Evolution,Codex:3D4D-Reconstruction	Self-Supervised Multi-Modal World Model with 4D Space-Time Embedding	Lance Legel; Qin Huang; Brandon Voelker; Daniel Neamati; Patrick Alan Johnson; Favyen Bastani; Jeff Rose; James Ryan Hennessy; Robert Guralnick; Douglas Soltis; Pamela Soltis; Shaowen Wang	cs.AI	/Volumes/UBag/Documents/l40server_mirror/lyra/Lyra-2/paper_collection_3d4d_reconstruction_2026_04_26/pdfs/2026_Self_Supervised_Multi_Modal_World_Model_with_4D_Space_Time_Embedding_2603.07039.pdf	imported
2603.06971	2026	2026-arxiv	Codex:3D-Reconstruction,Codex:3D4D-Reconstruction	SurgCUT3R: Surgical Scene-Aware Continuous Understanding of Temporal 3D Representation	Kaiyuan Xu; Fangzhou Hong; Daniel Elson; Baoru Huang	cs.CV	/Volumes/UBag/Documents/l40server_mirror/lyra/Lyra-2/paper_collection_3d4d_reconstruction_2026_04_26/pdfs/2026_SurgCUT3R_Surgical_Scene_Aware_Continuous_Understanding_of_Temporal_3D_Representation_2603.06971.pdf	imported
2603.07794	2026	2026-arxiv	Codex:3D-Reconstruction,Codex:3D4D-Reconstruction	4DRC-OCC: Robust Semantic Occupancy Prediction Through Fusion of 4D Radar and Camera	David Ninfa; Andras Palffy; Holger Caesar	cs.CV	/Volumes/UBag/Documents/l40server_mirror/lyra/Lyra-2/paper_collection_3d4d_reconstruction_2026_04_26/pdfs/2026_4DRC_OCC_Robust_Semantic_Occupancy_Prediction_Through_Fusion_of_4D_Radar_and_Camera_2603.07794.pdf	imported
2603.07533	2026	2026-arxiv	Codex:3D-Reconstruction,Codex:3D4D-Reconstruction	ACCURATE: Arbitrary-shaped Continuum Reconstruction Under Robust Adaptive Two-view Estimation	Yaozhi Zhang; Shun Yu; Yugang Zhang; Yang Liu	cs.RO cs.CV	/Volumes/UBag/Documents/l40server_mirror/lyra/Lyra-2/paper_collection_3d4d_reconstruction_2026_04_26/pdfs/2026_ACCURATE_Arbitrary_shaped_Continuum_Reconstruction_Under_Robust_Adaptive_Two_view_Estimati_2603.07533.pdf	imported
2603.07441	2026	2026-arxiv	Codex:3D-Reconstruction,Codex:3D4D-Reconstruction	DogWeave: High-Fidelity 3D Canine Reconstruction from a Single Image via Normal Fusion and Conditional Inpainting	Shufan Sun; Chenchen Wang; Zongfu Yu	cs.CV	/Volumes/UBag/Documents/l40server_mirror/lyra/Lyra-2/paper_collection_3d4d_reconstruction_2026_04_26/pdfs/2026_DogWeave_High_Fidelity_3D_Canine_Reconstruction_from_a_Single_Image_via_Normal_Fusion_and_2603.07441.pdf	imported
2603.07604	2026	2026-arxiv	Codex:3D-Reconstruction,Codex:3D4D-Reconstruction	EmbedTalk: Triplane-Free Talking Head Synthesis using Embedding-Driven Gaussian Deformation	Arpita Saggar; Jonathan C. Darling; Duygu Sarikaya; David C. Hogg	cs.CV	/Volumes/UBag/Documents/l40server_mirror/lyra/Lyra-2/paper_collection_3d4d_reconstruction_2026_04_26/pdfs/2026_EmbedTalk_Triplane_Free_Talking_Head_Synthesis_using_Embedding_Driven_Gaussian_Deformation_2603.07604.pdf	imported
2603.07552	2026	2026-arxiv	Codex:3D-Reconstruction,Codex:3D4D-Reconstruction,Codex:4D-Reconstruction	ReconDrive: Fast Feed-Forward 4D Gaussian Splatting for Autonomous Driving Scene Reconstruction	Haibao Yu; Kuntao Xiao; Jiahang Wang; Ruiyang Hao; Yuxin Huang; Guoran Hu; Haifang Qin; Bowen Jing; Yuntian Bo; Ping Luo	cs.CV cs.RO	/Volumes/UBag/Documents/l40server_mirror/lyra/Lyra-2/paper_collection_3d4d_reconstruction_2026_04_26/pdfs/2026_ReconDrive_Fast_Feed_Forward_4D_Gaussian_Splatting_for_Autonomous_Driving_Scene_Reconstruc_2603.07552.pdf	imported
2603.08519	2026	2026-arxiv	Codex:3D+4D-Evolution,Codex:3D4D-Reconstruction	AtomVLA: Scalable Post-Training for Robotic Manipulation via Predictive Latent World Models	Xiaoquan Sun; Zetian Xu; Chen Cao; Zonghe Liu; Yihan Sun; Jingrui Pang; Ruijian Zhang; Zhen Yang; Kang Pang; Dingxin He; Mingqi Yuan; Jiayu Chen	cs.RO	/Volumes/UBag/Documents/l40server_mirror/lyra/Lyra-2/paper_collection_3d4d_reconstruction_2026_04_26/pdfs/2026_AtomVLA_Scalable_Post_Training_for_Robotic_Manipulation_via_Predictive_Latent_World_Models_2603.08519.pdf	imported
2603.08254	2026	2026-arxiv	Codex:3D-Reconstruction,Codex:3D4D-Reconstruction,Codex:4D-Reconstruction	DynamicVGGT: Learning Dynamic Point Maps for 4D Scene Reconstruction in Autonomous Driving	Zhuolin He; Jing Li; Guanghao Li; Xiaolei Chen; Jiacheng Tang; Siyang Zhang; Zhounan Jin; Feipeng Cai; Bin Li; Jian Pu; Jia Cai; Xiangyang Xue	cs.CV	/Volumes/UBag/Documents/l40server_mirror/lyra/Lyra-2/paper_collection_3d4d_reconstruction_2026_04_26/pdfs/2026_DynamicVGGT_Learning_Dynamic_Point_Maps_for_4D_Scene_Reconstruction_in_Autonomous_Driving_2603.08254.pdf	imported
2603.08133	2026	2026-arxiv	Codex:3D-Reconstruction,Codex:3D4D-Reconstruction	Fast Low-light Enhancement and Deblurring for 3D Dark Scenes	Feng Zhang; Jinglong Wang; Ze Li; Yanghong Zhou; Yang Chen; Lei Chen; Xiatian Zhu	cs.CV	/Volumes/UBag/Documents/l40server_mirror/lyra/Lyra-2/paper_collection_3d4d_reconstruction_2026_04_26/pdfs/2026_Fast_Low_light_Enhancement_and_Deblurring_for_3D_Dark_Scenes_2603.08133.pdf	imported
2603.08255	2026	2026-arxiv	Codex:3D-Reconstruction,Codex:3D4D-Reconstruction	FlowTouch: View-Invariant Visuo-Tactile Prediction	Seongjin Bien; Carlo Kneissl; Tobias Jülg; Frank Fundel; Thomas Ressler-Antal; Florian Walter; Björn Ommer; Gitta Kutyniok; Wolfram Burgard	cs.RO cs.LG	/Volumes/UBag/Documents/l40server_mirror/lyra/Lyra-2/paper_collection_3d4d_reconstruction_2026_04_26/pdfs/2026_FlowTouch_View_Invariant_Visuo_Tactile_Prediction_2603.08255.pdf	imported
2603.08313	2026	2026-arxiv	Codex:3D4D-Reconstruction,Codex:4D-Reconstruction	HDR-NSFF: High Dynamic Range Neural Scene Flow Fields	Shin Dong-Yeon; Kim Jun-Seong; Kwon Byung-Ki; Tae-Hyun Oh	cs.CV	/Volumes/UBag/Documents/l40server_mirror/lyra/Lyra-2/paper_collection_3d4d_reconstruction_2026_04_26/pdfs/2026_HDR_NSFF_High_Dynamic_Range_Neural_Scene_Flow_Fields_2603.08313.pdf	imported
2603.08546	2026	2026-arxiv	Codex:3D+4D-Evolution,Codex:3D4D-Reconstruction	Interactive World Simulator for Robot Policy Training and Evaluation	Yixuan Wang; Rhythm Syed; Fangyu Wu; Mengchao Zhang; Aykut Onol; Jose Barreiros; Hooshang Nayyeri; Tony Dear; Huan Zhang; Yunzhu Li	cs.RO cs.CV cs.LG	/Volumes/UBag/Documents/l40server_mirror/lyra/Lyra-2/paper_collection_3d4d_reconstruction_2026_04_26/pdfs/2026_Interactive_World_Simulator_for_Robot_Policy_Training_and_Evaluation_2603.08546.pdf	imported
2603.08147	2026	2026-arxiv	Codex:3D-Reconstruction,Codex:3D4D-Reconstruction	MV-Fashion: Towards Enabling Virtual Try-On and Size Estimation with Multi-View Paired Data	Hunor Laczkó; Libang Jia; Loc-Phat Truong; Diego Hernández; Sergio Escalera; Jordi Gonzalez; Meysam Madadi	cs.CV	/Volumes/UBag/Documents/l40server_mirror/lyra/Lyra-2/paper_collection_3d4d_reconstruction_2026_04_26/pdfs/2026_MV_Fashion_Towards_Enabling_Virtual_Try_On_and_Size_Estimation_with_Multi_View_Paired_Data_2603.08147.pdf	imported
2603.08997	2026	2026-arxiv	Codex:3D-Reconstruction,Codex:3D4D-Reconstruction	SkipGS: Post-Densification Backward Skipping for Efficient 3DGS Training	Jingxing Li; Yongjae Leeand; Deliang Fan	cs.CV	/Volumes/UBag/Documents/l40server_mirror/lyra/Lyra-2/paper_collection_3d4d_reconstruction_2026_04_26/pdfs/2026_SkipGS_Post_Densification_Backward_Skipping_for_Efficient_3DGS_Training_2603.08997.pdf	imported
2603.08055	2026	2026-arxiv	Codex:3D-Reconstruction,Codex:3D4D-Reconstruction	Speed3R: Sparse Feed-forward 3D Reconstruction Models	Weining Ren; Xiao Tan; Kai Han	cs.CV cs.AI	/Volumes/UBag/Documents/l40server_mirror/lyra/Lyra-2/paper_collection_3d4d_reconstruction_2026_04_26/pdfs/2026_Speed3R_Sparse_Feed_forward_3D_Reconstruction_Models_2603.08055.pdf	imported
2603.08503	2026	2026-arxiv	Codex:3D-Reconstruction,Codex:3D4D-Reconstruction	Spherical-GOF: Geometry-Aware Panoramic Gaussian Opacity Fields for 3D Scene Reconstruction	Zhe Yang; Guoqiang Zhao; Sheng Wu; Kai Luo; Kailun Yang	cs.CV cs.GR cs.RO eess.IV	/Volumes/UBag/Documents/l40server_mirror/lyra/Lyra-2/paper_collection_3d4d_reconstruction_2026_04_26/pdfs/2026_Spherical_GOF_Geometry_Aware_Panoramic_Gaussian_Opacity_Fields_for_3D_Scene_Reconstruction_2603.08503.pdf	imported
2603.08983	2026	2026-arxiv	Codex:3D-Reconstruction,Codex:3D4D-Reconstruction	SurgCalib: Gaussian Splatting-Based Hand-Eye Calibration for Robot-Assisted Minimally Invasive Surgery	Zijian Wu; Shuojue Yang; Yu Chung Lee; Eitan Prisman; Yueming Jin; Septimiu E. Salcudean	cs.RO cs.CV	/Volumes/UBag/Documents/l40server_mirror/lyra/Lyra-2/paper_collection_3d4d_reconstruction_2026_04_26/pdfs/2026_SurgCalib_Gaussian_Splatting_Based_Hand_Eye_Calibration_for_Robot_Assisted_Minimally_Invas_2603.08983.pdf	imported
2603.10125	2026	2026-arxiv	Codex:3D4D-Reconstruction,Codex:4D-Reconstruction	4DEquine: Disentangling Motion and Appearance for 4D Equine Reconstruction from Monocular Video	Jin Lyu; Liang An; Pujin Cheng; Yebin Liu; Xiaoying Tang	cs.CV	/Volumes/UBag/Documents/l40server_mirror/lyra/Lyra-2/paper_collection_3d4d_reconstruction_2026_04_26/pdfs/2026_4DEquine_Disentangling_Motion_and_Appearance_for_4D_Equine_Reconstruction_from_Monocular_V_2603.10125.pdf	imported
2603.09291	2026	2026-arxiv	Codex:3D-Reconstruction,Codex:3D4D-Reconstruction	DenoiseSplat: Feed-Forward Gaussian Splatting for Noisy 3D Scene Reconstruction	Fuzhen Jiang; Zhuoran Li; Yinlin Zhang	cs.CV cs.AI	/Volumes/UBag/Documents/l40server_mirror/lyra/Lyra-2/paper_collection_3d4d_reconstruction_2026_04_26/pdfs/2026_DenoiseSplat_Feed_Forward_Gaussian_Splatting_for_Noisy_3D_Scene_Reconstruction_2603.09291.pdf	imported
2603.09718	2026	2026-arxiv	Codex:3D-Reconstruction,Codex:3D4D-Reconstruction	GSStream: 3D Gaussian Splatting based Volumetric Scene Streaming System	Zhiye Tang; Qiudan Zhang; Lei Zhang; Junhui Hou; You Yang; Xu Wang	cs.CV	/Volumes/UBag/Documents/l40server_mirror/lyra/Lyra-2/paper_collection_3d4d_reconstruction_2026_04_26/pdfs/2026_GSStream_3D_Gaussian_Splatting_based_Volumetric_Scene_Streaming_System_2603.09718.pdf	imported
2603.09086	2026	2026-arxiv	Codex:3D+4D-Evolution,Codex:3D4D-Reconstruction	Latent World Models for Automated Driving: A Unified Taxonomy, Evaluation Framework, and Open Challenges	Rongxiang Zeng; Yongqi Dong	cs.RO cs.AI cs.LG cs.MA cs.SY eess.SY	/Volumes/UBag/Documents/l40server_mirror/lyra/Lyra-2/paper_collection_3d4d_reconstruction_2026_04_26/pdfs/2026_Latent_World_Models_for_Automated_Driving_A_Unified_Taxonomy_Evaluation_Framework_and_Open_2603.09086.pdf	imported
2603.09319	2026	2026-arxiv	Codex:3D-Reconstruction,Codex:3D4D-Reconstruction	NLiPsCalib: An Efficient Calibration Framework for High-Fidelity 3D Reconstruction of Curved Visuotactile Sensors	Xuhao Qin; Feiyu Zhao; Yatao Leng; Runze Hu; Chenxi Xiao	cs.RO cs.CV	/Volumes/UBag/Documents/l40server_mirror/lyra/Lyra-2/paper_collection_3d4d_reconstruction_2026_04_26/pdfs/2026_NLiPsCalib_An_Efficient_Calibration_Framework_for_High_Fidelity_3D_Reconstruction_of_Curve_2603.09319.pdf	imported
2603.09925	2026	2026-arxiv	Codex:3D-Reconstruction,Codex:3D4D-Reconstruction	On the Structural Failure of Chamfer Distance in 3D Shape Optimization	Chang-Yong Song; David Hyde	cs.CV cs.GR	/Volumes/UBag/Documents/l40server_mirror/lyra/Lyra-2/paper_collection_3d4d_reconstruction_2026_04_26/pdfs/2026_On_the_Structural_Failure_of_Chamfer_Distance_in_3D_Shape_Optimization_2603.09925.pdf	imported
2603.09703	2026	2026-arxiv	Codex:3D-Reconstruction,Codex:3D4D-Reconstruction	ProGS: Towards Progressive Coding for 3D Gaussian Splatting	Zhiye Tang; Lingzhuo Liu; Shengjie Jiao; Qiudan Zhang; Junhui Hou; You Yang; Xu Wang	cs.CV	/Volumes/UBag/Documents/l40server_mirror/lyra/Lyra-2/paper_collection_3d4d_reconstruction_2026_04_26/pdfs/2026_ProGS_Towards_Progressive_Coding_for_3D_Gaussian_Splatting_2603.09703.pdf	imported
2603.09241	2026	2026-arxiv	Codex:3D+4D-Evolution,Codex:3D4D-Reconstruction	RAE-NWM: Navigation World Model in Dense Visual Representation Space	Mingkun Zhang; Wangtian Shen; Fan Zhang; Haijian Qin; Zihao Pei; Ziyang Meng	cs.CV cs.RO	/Volumes/UBag/Documents/l40server_mirror/lyra/Lyra-2/paper_collection_3d4d_reconstruction_2026_04_26/pdfs/2026_RAE_NWM_Navigation_World_Model_in_Dense_Visual_Representation_Space_2603.09241.pdf	imported
2603.09968	2026	2026-arxiv	Codex:3D-Reconstruction,Codex:3D4D-Reconstruction	ReCoSplat: Autoregressive Feed-Forward Gaussian Splatting Using Render-and-Compare	Freeman Cheng; Botao Ye; Xueting Li; Junqi You; Fangneng Zhan; Ming-Hsuan Yang	cs.CV	/Volumes/UBag/Documents/l40server_mirror/lyra/Lyra-2/paper_collection_3d4d_reconstruction_2026_04_26/pdfs/2026_ReCoSplat_Autoregressive_Feed_Forward_Gaussian_Splatting_Using_Render_and_Compare_2603.09968.pdf	imported
2603.09277	2026	2026-arxiv	Codex:3D-Reconstruction,Codex:3D4D-Reconstruction	Speeding Up the Learning of 3D Gaussians with Much Shorter Gaussian Lists	Jiaqi Liu; Zhizhong Han	cs.CV	/Volumes/UBag/Documents/l40server_mirror/lyra/Lyra-2/paper_collection_3d4d_reconstruction_2026_04_26/pdfs/2026_Speeding_Up_the_Learning_of_3D_Gaussians_with_Much_Shorter_Gaussian_Lists_2603.09277.pdf	imported
2603.09673	2026	2026-arxiv	Codex:3D-Reconstruction,Codex:3D4D-Reconstruction	VarSplat: Uncertainty-aware 3D Gaussian Splatting for Robust RGB-D SLAM	Anh Thuan Tran; Jana Kosecka	cs.CV	/Volumes/UBag/Documents/l40server_mirror/lyra/Lyra-2/paper_collection_3d4d_reconstruction_2026_04_26/pdfs/2026_VarSplat_Uncertainty_aware_3D_Gaussian_Splatting_for_Robust_RGB_D_SLAM_2603.09673.pdf	imported
2602.08958	2026	2026-arxiv	Codex:3D4D-Reconstruction,Codex:4D-Reconstruction	Grow with the Flow: 4D Reconstruction of Growing Plants with Gaussian Flow Fields	Weihan Luo; Lily Goli; Sherwin Bahmani; Felix Taubner; Andrea Tagliasacchi; David B. Lindell	cs.CV	/Volumes/UBag/Documents/l40server_mirror/lyra/Lyra-2/paper_collection_3d4d_reconstruction_2026_04_26/pdfs/2026_Grow_with_the_Flow_4D_Reconstruction_of_Growing_Plants_with_Gaussian_Flow_Fields_2602.08958.pdf	imported
2603.10551	2026	2026-arxiv	Codex:3D-Reconstruction,Codex:3D4D-Reconstruction	P-GSVC: Layered Progressive 2D Gaussian Splatting for Scalable Image and Video	Longan Wang; Yuang Shi; Wei Tsang Ooi	cs.CV cs.MM	/Volumes/UBag/Documents/l40server_mirror/lyra/Lyra-2/paper_collection_3d4d_reconstruction_2026_04_26/pdfs/2026_P_GSVC_Layered_Progressive_2D_Gaussian_Splatting_for_Scalable_Image_and_Video_2603.10551.pdf	imported
2601.22046	2026	2026-arxiv	Codex:3D-Reconstruction,Codex:3D4D-Reconstruction	PLANING: A Loosely Coupled Triangle-Gaussian Framework for Streaming 3D Reconstruction	Changjian Jiang; Kerui Ren; Xudong Li; Kaiwen Song; Guanghao Li; Linning Xu; Tao Lu; Junting Dong; Yu Zhang; Bo Dai; Mulin Yu	cs.CV	/Volumes/UBag/Documents/l40server_mirror/lyra/Lyra-2/paper_collection_3d4d_reconstruction_2026_04_26/pdfs/2026_PLANING_A_Loosely_Coupled_Triangle_Gaussian_Framework_for_Streaming_3D_Reconstruction_2601.22046.pdf	imported
2603.10801	2026	2026-arxiv	Codex:3D-Reconstruction,Codex:3D4D-Reconstruction	PolGS++: Physically-Guided Polarimetric Gaussian Splatting for Fast Reflective Surface Reconstruction	Yufei Han; Chu Zhou; Youwei Lyu; Qi Chen; Si Li; Boxin Shi; Yunpeng Jia; Heng Guo; Zhanyu Ma	cs.CV	/Volumes/UBag/Documents/l40server_mirror/lyra/Lyra-2/paper_collection_3d4d_reconstruction_2026_04_26/pdfs/2026_PolGS_Physically_Guided_Polarimetric_Gaussian_Splatting_for_Fast_Reflective_Surface_Recons_2603.10801.pdf	imported
2603.10893	2026	2026-arxiv	Codex:3D-Reconstruction,Codex:3D4D-Reconstruction	S2D: Sparse to Dense Lifting for 3D Reconstruction with Minimal Inputs	Yuzhou Ji; Qijian Tian; He Zhu; Xiaoqi Jiang; Guangzhi Cao; Lizhuang Ma; Yuan Xie; Xin Tan	cs.CV	/Volumes/UBag/Documents/l40server_mirror/lyra/Lyra-2/paper_collection_3d4d_reconstruction_2026_04_26/pdfs/2026_S2D_Sparse_to_Dense_Lifting_for_3D_Reconstruction_with_Minimal_Inputs_2603.10893.pdf	imported
2603.10638	2026	2026-arxiv	Codex:3D-Reconstruction,Codex:3D4D-Reconstruction	Splat2Real: Novel-view Scaling for Physical AI with 3D Gaussian Splatting	Hansol Lim; Jongseong Brad Choi	cs.CV	/Volumes/UBag/Documents/l40server_mirror/lyra/Lyra-2/paper_collection_3d4d_reconstruction_2026_04_26/pdfs/2026_Splat2Real_Novel_view_Scaling_for_Physical_AI_with_3D_Gaussian_Splatting_2603.10638.pdf	imported
2603.11969	2026	2026-arxiv	Codex:3D-Reconstruction,Codex:3D4D-Reconstruction	AstroSplat: Physics-Based Gaussian Splatting for Rendering and Reconstruction of Small Celestial Bodies	Jennifer Nolan; Travis Driver; John Christian	cs.CV	/Volumes/UBag/Documents/l40server_mirror/lyra/Lyra-2/paper_collection_3d4d_reconstruction_2026_04_26/pdfs/2026_AstroSplat_Physics_Based_Gaussian_Splatting_for_Rendering_and_Reconstruction_of_Small_Cele_2603.11969.pdf	imported
2603.11810	2026	2026-arxiv	Codex:3D-Reconstruction,Codex:3D4D-Reconstruction	CEI-3D: Collaborative Explicit-Implicit 3D Reconstruction for Realistic and Fine-Grained Object Editing	Yue Shi; Rui Shi; Yuxuan Xiong; Bingbing Ni; Wenjun Zhang	cs.CV	/Volumes/UBag/Documents/l40server_mirror/lyra/Lyra-2/paper_collection_3d4d_reconstruction_2026_04_26/pdfs/2026_CEI_3D_Collaborative_Explicit_Implicit_3D_Reconstruction_for_Realistic_and_Fine_Grained_Ob_2603.11810.pdf	imported
2602.24161	2026	2026-arxiv	Codex:3D-Reconstruction,Codex:3D4D-Reconstruction	GeoDiff4D: Geometry-Aware Diffusion for 4D Head Avatar Reconstruction	Chao Xu; Xiaochen Zhao; Xiang Deng; Jingxiang Sun; Donglin Di; Zhuo Su; Yebin Liu	cs.CV	/Volumes/UBag/Documents/l40server_mirror/lyra/Lyra-2/paper_collection_3d4d_reconstruction_2026_04_26/pdfs/2026_GeoDiff4D_Geometry_Aware_Diffusion_for_4D_Head_Avatar_Reconstruction_2602.24161.pdf	imported
2603.01928	2026	2026-arxiv	Codex:3D+4D-Evolution,Codex:3D4D-Reconstruction	LaST-VLA: Thinking in Latent Spatio-Temporal Space for Vision-Language-Action in Autonomous Driving	Yuechen Luo; Fang Li; Shaoqing Xu; Yang Ji; Zehan Zhang; Bing Wang; Yuannan Shen; Jianwei Cui; Long Chen; Guang Chen; Hangjun Ye; Zhi-Xin Yang; Fuxi Wen	cs.CV	/Volumes/UBag/Documents/l40server_mirror/lyra/Lyra-2/paper_collection_3d4d_reconstruction_2026_04_26/pdfs/2026_LaST_VLA_Thinking_in_Latent_Spatio_Temporal_Space_for_Vision_Language_Action_in_Autonomous_2603.01928.pdf	imported
2603.11543	2026	2026-arxiv	Codex:3D-Reconstruction,Codex:3D4D-Reconstruction,Codex:4D-Reconstruction	Mango-GS: Enhancing Spatio-Temporal Consistency in Dynamic Scenes Reconstruction using Multi-Frame Node-Guided 4D Gaussian Splatting	Tingxuan Huang; Haowei Zhu; Jun-hai Yong; Hao Pan; Bin Wang	cs.CV	/Volumes/UBag/Documents/l40server_mirror/lyra/Lyra-2/paper_collection_3d4d_reconstruction_2026_04_26/pdfs/2026_Mango_GS_Enhancing_Spatio_Temporal_Consistency_in_Dynamic_Scenes_Reconstruction_using_Mult_2603.11543.pdf	imported
2603.11531	2026	2026-arxiv	Codex:3D-Reconstruction,Codex:3D4D-Reconstruction	Mobile-GS: Real-time Gaussian Splatting for Mobile Devices	Xiaobiao Du; Yida Wang; Kun Zhan; Xin Yu	cs.CV	/Volumes/UBag/Documents/l40server_mirror/lyra/Lyra-2/paper_collection_3d4d_reconstruction_2026_04_26/pdfs/2026_Mobile_GS_Real_time_Gaussian_Splatting_for_Mobile_Devices_2603.11531.pdf	imported
2603.11534	2026	2026-arxiv	Codex:3D+4D-Evolution,Codex:3D4D-Reconstruction	Risk-Controllable Multi-View Diffusion for Driving Scenario Generation	Hongyi Lin; Wenxiu Shi; Heye Huang; Dingyi Zhuang; Song Zhang; Yang Liu; Xiaobo Qu; Jinhua Zhao	cs.CV	/Volumes/UBag/Documents/l40server_mirror/lyra/Lyra-2/paper_collection_3d4d_reconstruction_2026_04_26/pdfs/2026_Risk_Controllable_Multi_View_Diffusion_for_Driving_Scenario_Generation_2603.11534.pdf	imported
2603.09632	2026	2026-arxiv	Codex:3D-Reconstruction,Codex:3D4D-Reconstruction	X-GS: An Extensible Open Framework for Perceiving and Thinking via 3D Gaussian Splatting	Yueen Ma; Zenglin Xu; Irwin King	cs.CV cs.CL	/Volumes/UBag/Documents/l40server_mirror/lyra/Lyra-2/paper_collection_3d4d_reconstruction_2026_04_26/pdfs/2026_X_GS_An_Extensible_Open_Framework_for_Perceiving_and_Thinking_via_3D_Gaussian_Splatting_2603.09632.pdf	imported
2603.12553	2026	2026-arxiv	Codex:3D+4D-Evolution,Codex:3D4D-Reconstruction	Beyond Dense Futures: World Models as Structured Planners for Robotic Manipulation	Minghao Jin; Mozheng Liao; Mingfei Han; Zhihui Li; Xiaojun Chang	cs.RO cs.CV	/Volumes/UBag/Documents/l40server_mirror/lyra/Lyra-2/paper_collection_3d4d_reconstruction_2026_04_26/pdfs/2026_Beyond_Dense_Futures_World_Models_as_Structured_Planners_for_Robotic_Manipulation_2603.12553.pdf	imported
2603.12721	2026	2026-arxiv	Codex:3D-Reconstruction,Codex:3D4D-Reconstruction	CMHANet: A Cross-Modal Hybrid Attention Network for Point Cloud Registration	Dongxu Zhang; Yingsen Wang; Yiding Sun; Haoran Xu; Peilin Fan; Jihua Zhu	cs.CV cs.AI	/Volumes/UBag/Documents/l40server_mirror/lyra/Lyra-2/paper_collection_3d4d_reconstruction_2026_04_26/pdfs/2026_CMHANet_A_Cross_Modal_Hybrid_Attention_Network_for_Point_Cloud_Registration_2603.12721.pdf	imported
2601.07540	2026	2026-arxiv	Codex:3D-Reconstruction,Codex:3D4D-Reconstruction	Enhancing Novel View Synthesis via Geometry Grounded Set Diffusion	Farhad G. Zanjani; Hong Cai; Amirhossein Habibian	cs.CV	/Volumes/UBag/Documents/l40server_mirror/lyra/Lyra-2/paper_collection_3d4d_reconstruction_2026_04_26/pdfs/2026_Enhancing_Novel_View_Synthesis_via_Geometry_Grounded_Set_Diffusion_2601.07540.pdf	imported
2603.13423	2026	2026-arxiv	Codex:3D+4D-Evolution,Codex:3D4D-Reconstruction	From Gradients to Riccati Geometry: Kalman World Models for Single-Pass Learning	Andrew Kiruluta	cs.LG cs.CL	/Volumes/UBag/Documents/l40server_mirror/lyra/Lyra-2/paper_collection_3d4d_reconstruction_2026_04_26/pdfs/2026_From_Gradients_to_Riccati_Geometry_Kalman_World_Models_for_Single_Pass_Learning_2603.13423.pdf	imported
2603.12647	2026	2026-arxiv	Codex:3D-Reconstruction,Codex:3D4D-Reconstruction	LR-SGS: Robust LiDAR-Reflectance-Guided Salient Gaussian Splatting for Self-Driving Scene Reconstruction	Ziyu Chen; Fan Zhu; Hui Zhu; Deyi Kong; Xinkai Kuang; Yujia Zhang; Chunmao Jiang	cs.CV cs.AI	/Volumes/UBag/Documents/l40server_mirror/lyra/Lyra-2/paper_collection_3d4d_reconstruction_2026_04_26/pdfs/2026_LR_SGS_Robust_LiDAR_Reflectance_Guided_Salient_Gaussian_Splatting_for_Self_Driving_Scene_R_2603.12647.pdf	imported
2603.13215	2026	2026-arxiv	Codex:3D+4D-Evolution,Codex:3D4D-Reconstruction	Out of Sight, Out of Mind? Evaluating State Evolution in Video World Models	Ziqi Ma; Mengzhan Liufu; Georgia Gkioxari	cs.CV	/Volumes/UBag/Documents/l40server_mirror/lyra/Lyra-2/paper_collection_3d4d_reconstruction_2026_04_26/pdfs/2026_Out_of_Sight_Out_of_Mind_Evaluating_State_Evolution_in_Video_World_Models_2603.13215.pdf	imported
2603.07664	2026	2026-arxiv	Codex:3D-Reconstruction,Codex:3D4D-Reconstruction	Ref-DGS: Reflective Dual Gaussian Splatting	Ningjing Fan; Yiqun Wang; Dongming Yan; Peter Wonka	cs.CV cs.AI cs.GR	/Volumes/UBag/Documents/l40server_mirror/lyra/Lyra-2/paper_collection_3d4d_reconstruction_2026_04_26/pdfs/2026_Ref_DGS_Reflective_Dual_Gaussian_Splatting_2603.07664.pdf	imported
2603.13024	2026	2026-arxiv	Codex:3D+4D-Evolution,Codex:3D4D-Reconstruction	SAW: Toward a Surgical Action World Model via Controllable and Scalable Video Generation	Sampath Rapuri; Lalithkumar Seenivasan; Dominik Schneider; Roger Soberanis-Mukul; Yufan He; Hao Ding; Jiru Xu; Chenhao Yu; Chenyan Jing; Pengfei Guo; Daguang Xu; Mathias Unberath	cs.CV cs.AI cs.LG eess.IV	/Volumes/UBag/Documents/l40server_mirror/lyra/Lyra-2/paper_collection_3d4d_reconstruction_2026_04_26/pdfs/2026_SAW_Toward_a_Surgical_Action_World_Model_via_Controllable_and_Scalable_Video_Generation_2603.13024.pdf	imported
2603.13556	2026	2026-arxiv	Codex:3D-Reconstruction,Codex:3D4D-Reconstruction	Semantic Aware Feature Extraction for Enhanced 3D Reconstruction	Ronald Nap; Andy Xiao	cs.CV cs.AI	/Volumes/UBag/Documents/l40server_mirror/lyra/Lyra-2/paper_collection_3d4d_reconstruction_2026_04_26/pdfs/2026_Semantic_Aware_Feature_Extraction_for_Enhanced_3D_Reconstruction_2603.13556.pdf	imported
2603.13585	2026	2026-arxiv	Codex:3D-Reconstruction,Codex:3D4D-Reconstruction	Sonar-MASt3R: Real-Time Opti-Acoustic Fusion in Turbid, Unstructured Environments	Amy Phung; Richard Camilli	cs.RO	/Volumes/UBag/Documents/l40server_mirror/lyra/Lyra-2/paper_collection_3d4d_reconstruction_2026_04_26/pdfs/2026_Sonar_MASt3R_Real_Time_Opti_Acoustic_Fusion_in_Turbid_Unstructured_Environments_2603.13585.pdf	imported
2603.12796	2026	2026-arxiv	Codex:3D-Reconstruction,Codex:3D4D-Reconstruction	Spectral Defense Against Resource-Targeting Attack in 3D Gaussian Splatting	Yang Chen; Yi Yu; Jiaming He; Yueqi Duan; Zheng Zhu; Yap-Peng Tan	cs.CV	/Volumes/UBag/Documents/l40server_mirror/lyra/Lyra-2/paper_collection_3d4d_reconstruction_2026_04_26/pdfs/2026_Spectral_Defense_Against_Resource_Targeting_Attack_in_3D_Gaussian_Splatting_2603.12796.pdf	imported
2603.12903	2026	2026-arxiv	Codex:3D-Reconstruction,Codex:3D4D-Reconstruction	Spectral-Geometric Neural Fields for Pose-Free LiDAR View Synthesis	Yinuo Jiang; Jun Cheng; Yiran Wang; Cheng Cheng	cs.CV	/Volumes/UBag/Documents/l40server_mirror/lyra/Lyra-2/paper_collection_3d4d_reconstruction_2026_04_26/pdfs/2026_Spectral_Geometric_Neural_Fields_for_Pose_Free_LiDAR_View_Synthesis_2603.12903.pdf	imported
2601.12823	2026	2026-arxiv	Codex:3D-Reconstruction,Codex:3D4D-Reconstruction	TreeDGS: Aerial Gaussian Splatting for Distant DBH Measurement	Belal Shaheen; Minh-Hieu Nguyen; Bach-Thuan Bui; Shubham; Tim Wu; Michael Fairley; Matthew David Zane; Michael Wu; James Tompkin	cs.CV	/Volumes/UBag/Documents/l40server_mirror/lyra/Lyra-2/paper_collection_3d4d_reconstruction_2026_04_26/pdfs/2026_TreeDGS_Aerial_Gaussian_Splatting_for_Distant_DBH_Measurement_2601.12823.pdf	imported
2603.12655	2026	2026-arxiv	Codex:3D+4D-Evolution,Codex:3D-Reconstruction,Codex:3D4D-Reconstruction	VGGT-World: Transforming VGGT into an Autoregressive Geometry World Model	Xiangyu Sun; Shijie Wang; Fengyi Zhang; Lin Liu; Caiyan Jia; Ziying Song; Zi Huang; Yadan Luo	cs.CV	/Volumes/UBag/Documents/l40server_mirror/lyra/Lyra-2/paper_collection_3d4d_reconstruction_2026_04_26/pdfs/2026_VGGT_World_Transforming_VGGT_into_an_Autoregressive_Geometry_World_Model_2603.12655.pdf	imported
2603.13825	2026	2026-arxiv	Codex:3D+4D-Evolution,Codex:3D4D-Reconstruction	Building Explicit World Model for Zero-Shot Open-World Object Manipulation	Xiaotong Li; Gang Chen; Javier Alonso-Mora	cs.RO	/Volumes/UBag/Documents/l40server_mirror/lyra/Lyra-2/paper_collection_3d4d_reconstruction_2026_04_26/pdfs/2026_Building_Explicit_World_Model_for_Zero_Shot_Open_World_Object_Manipulation_2603.13825.pdf	imported
2603.12064	2026	2026-arxiv	Codex:3D-Reconstruction,Codex:3D4D-Reconstruction,Codex:4D-Reconstruction	Dense Dynamic Scene Reconstruction and Camera Pose Estimation from Multi-View Videos	Shuo Sun; Unal Artan; Malcolm Mielle; Achim J. Lilienthaland; Martin Magnusson	cs.CV	/Volumes/UBag/Documents/l40server_mirror/lyra/Lyra-2/paper_collection_3d4d_reconstruction_2026_04_26/pdfs/2026_Dense_Dynamic_Scene_Reconstruction_and_Camera_Pose_Estimation_from_Multi_View_Videos_2603.12064.pdf	imported
2603.14104	2026	2026-arxiv	Codex:3D-Reconstruction,Codex:3D4D-Reconstruction	GelSphere: An Omnidirectional Rolling Vision-Based Tactile Sensor for Online 3D Reconstruction and Normal Force Estimation	Seoyeon Lee; Mohammad Amin Mirzaee; Wenzhen Yuan	cs.RO	/Volumes/UBag/Documents/l40server_mirror/lyra/Lyra-2/paper_collection_3d4d_reconstruction_2026_04_26/pdfs/2026_GelSphere_An_Omnidirectional_Rolling_Vision_Based_Tactile_Sensor_for_Online_3D_Reconstruct_2603.14104.pdf	imported
2603.13859	2026	2026-arxiv	Codex:3D-Reconstruction,Codex:3D4D-Reconstruction	Geo-ID: Test-Time Geometric Consensus for Cross-View Consistent Intrinsics	Alara Dirik; Stefanos Zafeiriou	cs.CV	/Volumes/UBag/Documents/l40server_mirror/lyra/Lyra-2/paper_collection_3d4d_reconstruction_2026_04_26/pdfs/2026_Geo_ID_Test_Time_Geometric_Consensus_for_Cross_View_Consistent_Intrinsics_2603.13859.pdf	imported
2603.14031	2026	2026-arxiv	Codex:3D-Reconstruction,Codex:3D4D-Reconstruction	Intrinsic Tolerance in C-Arm Imaging: How Extrinsic Re-optimization Preserves 3D Reconstruction Accuracy	Lin Li; Benjamin Aubert; Paul Kemper; Aric Plumley	cs.CV	/Volumes/UBag/Documents/l40server_mirror/lyra/Lyra-2/paper_collection_3d4d_reconstruction_2026_04_26/pdfs/2026_Intrinsic_Tolerance_in_C_Arm_Imaging_How_Extrinsic_Re_optimization_Preserves_3D_Reconstruc_2603.14031.pdf	imported
2603.13783	2026	2026-arxiv	Codex:3D-Reconstruction,Codex:3D4D-Reconstruction,Codex:4D-Reconstruction	RetimeGS: Continuous-Time Reconstruction of 4D Gaussian Splatting	Xuezhen Wang; Li Ma; Yulin Shen; Zeyu Wang; Pedro V. Sander	cs.CV	/Volumes/UBag/Documents/l40server_mirror/lyra/Lyra-2/paper_collection_3d4d_reconstruction_2026_04_26/pdfs/2026_RetimeGS_Continuous_Time_Reconstruction_of_4D_Gaussian_Splatting_2603.13783.pdf	imported
2603.13869	2026	2026-arxiv	Codex:3D-Reconstruction,Codex:3D4D-Reconstruction	TransDex: Pre-training Visuo-Tactile Policy with Point Cloud Reconstruction for Dexterous Manipulation of Transparent Objects	Fengguan Li; Yifan Ma; Chen Qian; Wentao Rao; Weiwei Shang	cs.RO cs.AI	/Volumes/UBag/Documents/l40server_mirror/lyra/Lyra-2/paper_collection_3d4d_reconstruction_2026_04_26/pdfs/2026_TransDex_Pre_training_Visuo_Tactile_Policy_with_Point_Cloud_Reconstruction_for_Dexterous_M_2603.13869.pdf	imported
2603.14301	2026	2026-arxiv	Codex:3D-Reconstruction,Codex:3D4D-Reconstruction	4D Synchronized Fields: Motion-Language Gaussian Splatting for Temporal Scene Understanding	Mohamed Rayan Barhdadi; Samir Abdaljalil; Rasul Khanbayov; Erchin Serpedin; Hasan Kurban	cs.CV cs.AI cs.GR	/Volumes/UBag/Documents/l40server_mirror/lyra/Lyra-2/paper_collection_3d4d_reconstruction_2026_04_26/pdfs/2026_4D_Synchronized_Fields_Motion_Language_Gaussian_Splatting_for_Temporal_Scene_Understanding_2603.14301.pdf	imported
2603.14249	2026	2026-arxiv	Codex:3D-Reconstruction,Codex:3D4D-Reconstruction	OAHuman: Occlusion-Aware 3D Human Reconstruction from Monocular Images	Yuanwang Yang; Hongliang Liu; Muxin Zhang; Nan Ma; Jingyu Yang; Yu-Kun Lai; Kun Li	cs.CV	/Volumes/UBag/Documents/l40server_mirror/lyra/Lyra-2/paper_collection_3d4d_reconstruction_2026_04_26/pdfs/2026_OAHuman_Occlusion_Aware_3D_Human_Reconstruction_from_Monocular_Images_2603.14249.pdf	imported
2603.14232	2026	2026-arxiv	Codex:3D-Reconstruction,Codex:3D4D-Reconstruction	S2GS: Streaming Semantic Gaussian Splatting for Online Scene Understanding and Reconstruction	Renhe Zhang; Yuyang Tan; Jingyu Gong; Zhizhong Zhang; Lizhuang Ma; Yuan Xie; Xin Tan	cs.CV	/Volumes/UBag/Documents/l40server_mirror/lyra/Lyra-2/paper_collection_3d4d_reconstruction_2026_04_26/pdfs/2026_S2GS_Streaming_Semantic_Gaussian_Splatting_for_Online_Scene_Understanding_and_Reconstructi_2603.14232.pdf	imported
2603.14392	2026	2026-arxiv	Codex:3D+4D-Evolution,Codex:3D4D-Reconstruction	WestWorld: A Knowledge-Encoded Scalable Trajectory World Model for Diverse Robotic Systems	Yuchen Wang; Jiangtao Kong; Sizhe Wei; Xiaochang Li; Haohong Lin; Hongjue Zhao; Tianyi Zhou; Lu Gan; Huajie Shao	cs.LG cs.RO	/Volumes/UBag/Documents/l40server_mirror/lyra/Lyra-2/paper_collection_3d4d_reconstruction_2026_04_26/pdfs/2026_WestWorld_A_Knowledge_Encoded_Scalable_Trajectory_World_Model_for_Diverse_Robotic_Systems_2603.14392.pdf	imported
2603.13049	2026	2026-arxiv	Codex:3D-Reconstruction,Codex:3D4D-Reconstruction	3DTCR: A Physics-Based Generative Framework for Vortex-Following 3D Reconstruction to Improve Tropical Cyclone Intensity Forecasting	Jun Liu; Xiaohui Zhong; Kai Zheng; Jiarui Li; Yifei Li; Tao Zhou; Wenxu Qian; Shun Dai; Ruian Tie; Yangyang Zhao; Hao Li	cs.LG	/Volumes/UBag/Documents/l40server_mirror/lyra/Lyra-2/paper_collection_3d4d_reconstruction_2026_04_26/pdfs/2026_3DTCR_A_Physics_Based_Generative_Framework_for_Vortex_Following_3D_Reconstruction_to_Impro_2603.13049.pdf	imported
2603.14948	2026	2026-arxiv	Codex:3D+4D-Evolution,Codex:3D4D-Reconstruction	Bridging Scene Generation and Planning: Driving with World Model via Unifying Vision and Motion Representation	Xingtai Gui; Meijie Zhang; Tianyi Yan; Wencheng Han; Jiahao Gong; Feiyang Tan; Cheng-zhong Xu; Jianbing Shen	cs.CV	/Volumes/UBag/Documents/l40server_mirror/lyra/Lyra-2/paper_collection_3d4d_reconstruction_2026_04_26/pdfs/2026_Bridging_Scene_Generation_and_Planning_Driving_with_World_Model_via_Unifying_Vision_and_Mo_2603.14948.pdf	imported
2603.15771	2026	2026-arxiv	Codex:3D+4D-Evolution,Codex:3D4D-Reconstruction	CorrectionPlanner: Self-Correction Planner with Reinforcement Learning in Autonomous Driving	Yihong Guo; Dongqiangzi Ye; Sijia Chen; Anqi Liu; Xianming Liu	cs.RO cs.AI	/Volumes/UBag/Documents/l40server_mirror/lyra/Lyra-2/paper_collection_3d4d_reconstruction_2026_04_26/pdfs/2026_CorrectionPlanner_Self_Correction_Planner_with_Reinforcement_Learning_in_Autonomous_Drivin_2603.15771.pdf	imported
2603.14684	2026	2026-arxiv	Codex:3D-Reconstruction,Codex:3D4D-Reconstruction	E2EGS: Event-to-Edge Gaussian Splatting for Pose-Free 3D Reconstruction	Yunsoo Kim; Changki Sung; Dasol Hong; Hyun Myung	cs.CV	/Volumes/UBag/Documents/l40server_mirror/lyra/Lyra-2/paper_collection_3d4d_reconstruction_2026_04_26/pdfs/2026_E2EGS_Event_to_Edge_Gaussian_Splatting_for_Pose_Free_3D_Reconstruction_2603.14684.pdf	imported
2603.14965	2026	2026-arxiv	Codex:3D-Reconstruction,Codex:3D4D-Reconstruction	GeoNVS: Geometry Grounded Video Diffusion for Novel View Synthesis	Minjun Kang; Inkyu Shin; Taeyeop Lee; Myungchul Kim; In So Kweon; Kuk-Jin Yoon	cs.CV	/Volumes/UBag/Documents/l40server_mirror/lyra/Lyra-2/paper_collection_3d4d_reconstruction_2026_04_26/pdfs/2026_GeoNVS_Geometry_Grounded_Video_Diffusion_for_Novel_View_Synthesis_2603.14965.pdf	imported
2603.15583	2026	2026-arxiv	Codex:3D+4D-Evolution,Codex:3D4D-Reconstruction	Grounding World Simulation Models in a Real-World Metropolis	Junyoung Seo; Hyunwook Choi; Minkyung Kwon; Jinhyeok Choi; Siyoon Jin; Gayoung Lee; Junho Kim; JoungBin Lee; Geonmo Gu; Dongyoon Han; Sangdoo Yun; Seungryong Kim; Jin-Hwa Kim	cs.CV	/Volumes/UBag/Documents/l40server_mirror/lyra/Lyra-2/paper_collection_3d4d_reconstruction_2026_04_26/pdfs/2026_Grounding_World_Simulation_Models_in_a_Real_World_Metropolis_2603.15583.pdf	imported
2603.16943	2026	2026-arxiv	Codex:3D-Reconstruction,Codex:3D4D-Reconstruction	KGS-GCN: Enhancing Sparse Skeleton Sensing via Kinematics-Driven Gaussian Splatting and Probabilistic Topology for Action Recognition	Yuhan Chen; Yicui Shi; Guofa Li; Liping Zhang; Jie Li; Jiaxin Gao; Wenbo Chu	cs.CV cs.AI	/Volumes/UBag/Documents/l40server_mirror/lyra/Lyra-2/paper_collection_3d4d_reconstruction_2026_04_26/pdfs/2026_KGS_GCN_Enhancing_Sparse_Skeleton_Sensing_via_Kinematics_Driven_Gaussian_Splatting_and_Pro_2603.16943.pdf	imported
2603.14763	2026	2026-arxiv	Codex:3D-Reconstruction,Codex:3D4D-Reconstruction	LiDAR-EVS: Enhance Extrapolated View Synthesis for 3D Gaussian Splatting with Pseudo-LiDAR Supervision	Yiming Huang; Xin Kang; Sipeng Zhang; Hongliang Ren; Weihua Zhang; Junjie Lai	cs.RO cs.CV	/Volumes/UBag/Documents/l40server_mirror/lyra/Lyra-2/paper_collection_3d4d_reconstruction_2026_04_26/pdfs/2026_LiDAR_EVS_Enhance_Extrapolated_View_Synthesis_for_3D_Gaussian_Splatting_with_Pseudo_LiDAR_2603.14763.pdf	imported
2603.15330	2026	2026-arxiv	Codex:3D-Reconstruction,Codex:3D4D-Reconstruction	MeMix: Writing Less, Remembering More for Streaming 3D Reconstruction	Jiacheng Dong; Huan Li; Sicheng Zhou; Wenhao Hu; Weili Xu; Yan Wang	cs.CV	/Volumes/UBag/Documents/l40server_mirror/lyra/Lyra-2/paper_collection_3d4d_reconstruction_2026_04_26/pdfs/2026_MeMix_Writing_Less_Remembering_More_for_Streaming_3D_Reconstruction_2603.15330.pdf	imported
2601.02716	2026	2026-arxiv	Codex:3D-Reconstruction,Codex:3D4D-Reconstruction	MorphGS: Morphology-Adaptive Articulated 3D Motion Transfer from Videos	Taeyeon Kim; Youngju Na; Jumin Lee; Sebin Lee; Minhyuk Sung; Sung-Eui Yoon	cs.CV	/Volumes/UBag/Documents/l40server_mirror/lyra/Lyra-2/paper_collection_3d4d_reconstruction_2026_04_26/pdfs/2026_MorphGS_Morphology_Adaptive_Articulated_3D_Motion_Transfer_from_Videos_2601.02716.pdf	imported
2603.15186	2026	2026-arxiv	Codex:3D-Reconstruction,Codex:3D4D-Reconstruction	NavGSim: High-Fidelity Gaussian Splatting Simulator for Large-Scale Navigation	Jiahang Liu; Yuanxing Duan; Jiazhao Zhang; Minghan Li; Shaoan Wang; Zhizheng Zhang; He Wang	cs.RO	/Volumes/UBag/Documents/l40server_mirror/lyra/Lyra-2/paper_collection_3d4d_reconstruction_2026_04_26/pdfs/2026_NavGSim_High_Fidelity_Gaussian_Splatting_Simulator_for_Large_Scale_Navigation_2603.15186.pdf	imported
2603.14908	2026	2026-arxiv	Codex:3D+4D-Evolution,Codex:3D4D-Reconstruction	PerlAD: Towards Enhanced Closed-loop End-to-end Autonomous Driving with Pseudo-simulation-based Reinforcement Learning	Yinfeng Gao; Qichao Zhang; Deqing Liu; Zhongpu Xia; Guang Li; Kun Ma; Guang Chen; Hangjun Ye; Long Chen; Da-Wei Ding; Dongbin Zhao	cs.RO cs.CV	/Volumes/UBag/Documents/l40server_mirror/lyra/Lyra-2/paper_collection_3d4d_reconstruction_2026_04_26/pdfs/2026_PerlAD_Towards_Enhanced_Closed_loop_End_to_end_Autonomous_Driving_with_Pseudo_simulation_b_2603.14908.pdf	imported
2603.15433	2026	2026-arxiv	Codex:3D-Reconstruction,Codex:3D4D-Reconstruction	Real-Time Human Frontal View Synthesis from a Single Image	Fangyu Lin; Yingdong Hu; Lunjie Zhu; Zhening Liu; Yushi Huang; Zehong Lin; Jun Zhang	cs.CV	/Volumes/UBag/Documents/l40server_mirror/lyra/Lyra-2/paper_collection_3d4d_reconstruction_2026_04_26/pdfs/2026_Real_Time_Human_Frontal_View_Synthesis_from_a_Single_Image_2603.15433.pdf	imported
2603.15759	2026	2026-arxiv	Codex:3D+4D-Evolution,Codex:3D4D-Reconstruction	Simulation Distillation: Pretraining World Models in Simulation for Rapid Real-World Adaptation	Jacob Levy; Tyler Westenbroek; Kevin Huang; Fernando Palafox; Patrick Yin; Shayegan Omidshafiei; Dong-Ki Kim; Abhishek Gupta; David Fridovich-Keil	cs.RO cs.AI cs.LG	/Volumes/UBag/Documents/l40server_mirror/lyra/Lyra-2/paper_collection_3d4d_reconstruction_2026_04_26/pdfs/2026_Simulation_Distillation_Pretraining_World_Models_in_Simulation_for_Rapid_Real_World_Adapta_2603.15759.pdf	imported
2603.14765	2026	2026-arxiv	Codex:3D-Reconstruction,Codex:3D4D-Reconstruction	SSR: A Training-Free Approach for Streaming 3D Reconstruction	Hui Deng; Yuxin Mao; Yuxin He; Yuchao Dai	cs.CV	/Volumes/UBag/Documents/l40server_mirror/lyra/Lyra-2/paper_collection_3d4d_reconstruction_2026_04_26/pdfs/2026_SSR_A_Training_Free_Approach_for_Streaming_3D_Reconstruction_2603.14765.pdf	imported
2603.16860	2026	2026-arxiv	Codex:3D+4D-Evolution,Codex:3D4D-Reconstruction	DreamPlan: Efficient Reinforcement Fine-Tuning of Vision-Language Planners via Video World Models	Emily Yue-Ting Jia; Weiduo Yuan; Tianheng Shi; Vitor Guizilini; Jiageng Mao; Yue Wang	cs.RO	/Volumes/UBag/Documents/l40server_mirror/lyra/Lyra-2/paper_collection_3d4d_reconstruction_2026_04_26/pdfs/2026_DreamPlan_Efficient_Reinforcement_Fine_Tuning_of_Vision_Language_Planners_via_Video_World_2603.16860.pdf	imported
2603.16133	2026	2026-arxiv	Codex:3D-Reconstruction,Codex:3D4D-Reconstruction	DualPrim: Compact 3D Reconstruction with Positive and Negative Primitives	Xiaoxu Meng; Zhongmin Chen; Bo Yang; Weikai Chen; Weixiao Liu; Lin Gao	cs.CV	/Volumes/UBag/Documents/l40server_mirror/lyra/Lyra-2/paper_collection_3d4d_reconstruction_2026_04_26/pdfs/2026_DualPrim_Compact_3D_Reconstruction_with_Positive_and_Negative_Primitives_2603.16133.pdf	imported
2603.16444	2026	2026-arxiv	Codex:3D-Reconstruction,Codex:3D4D-Reconstruction	Fast-HaMeR: Boosting Hand Mesh Reconstruction using Knowledge Distillation	Hunain Ahmed Jillani; Ahmed Tawfik Aboukhadra; Ahmed Elhayek; Jameel Malik; Nadia Robertini; Didier Stricker	cs.CV	/Volumes/UBag/Documents/l40server_mirror/lyra/Lyra-2/paper_collection_3d4d_reconstruction_2026_04_26/pdfs/2026_Fast_HaMeR_Boosting_Hand_Mesh_Reconstruction_using_Knowledge_Distillation_2603.16444.pdf	imported
2603.17201	2026	2026-arxiv	Codex:3D-Reconstruction,Codex:3D4D-Reconstruction	FastLoop: Parallel Loop Closing with GPU-Acceleration in Visual SLAM	Soudabeh Mohammadhashemi; Shishir Gopinath; Kimia Khabiri; Parsa Hosseininejad; Karthik Dantu; Steven Y. Ko	cs.RO	/Volumes/UBag/Documents/l40server_mirror/lyra/Lyra-2/paper_collection_3d4d_reconstruction_2026_04_26/pdfs/2026_FastLoop_Parallel_Loop_Closing_with_GPU_Acceleration_in_Visual_SLAM_2603.17201.pdf	imported
2603.16461	2026	2026-arxiv	Codex:3D-Reconstruction,Codex:3D4D-Reconstruction	GAP-MLLM: Geometry-Aligned Pre-training for Activating 3D Spatial Perception in Multimodal Large Language Models	Jiaxin Zhang; Junjun Jiang; Haijie Li; Youyu Chen; Kui Jiang; Dave Zhenyu Chen	cs.CV	/Volumes/UBag/Documents/l40server_mirror/lyra/Lyra-2/paper_collection_3d4d_reconstruction_2026_04_26/pdfs/2026_GAP_MLLM_Geometry_Aligned_Pre_training_for_Activating_3D_Spatial_Perception_in_Multimodal_2603.16461.pdf	imported
2603.11298	2026	2026-arxiv	Codex:3D-Reconstruction,Codex:3D4D-Reconstruction	InstantHDR: Single-forward Gaussian Splatting for High Dynamic Range 3D Reconstruction	Dingqiang Ye; Jiacong Xu; Jianglu Ping; Yuxiang Guo; Chao Fan; Vishal M. Patel	cs.CV	/Volumes/UBag/Documents/l40server_mirror/lyra/Lyra-2/paper_collection_3d4d_reconstruction_2026_04_26/pdfs/2026_InstantHDR_Single_forward_Gaussian_Splatting_for_High_Dynamic_Range_3D_Reconstruction_2603.11298.pdf	imported
2603.16211	2026	2026-arxiv	Codex:3D-Reconstruction,Codex:3D4D-Reconstruction	Leveling3D: Leveling Up 3D Reconstruction with Feed-Forward 3D Gaussian Splatting and Geometry-Aware Generation	Yiming Huang; Baixiang Huang; Beilei Cui; Chi Kit Ng; Long Bai; Hongliang Ren	cs.CV	/Volumes/UBag/Documents/l40server_mirror/lyra/Lyra-2/paper_collection_3d4d_reconstruction_2026_04_26/pdfs/2026_Leveling3D_Leveling_Up_3D_Reconstruction_with_Feed_Forward_3D_Gaussian_Splatting_and_Geome_2603.16211.pdf	imported
2603.16844	2026	2026-arxiv	Codex:3D-Reconstruction,Codex:3D4D-Reconstruction	M^3: Dense Matching Meets Multi-View Foundation Models for Monocular Gaussian Splatting SLAM	Kerui Ren; Guanghao Li; Changjian Jiang; Yingxiang Xu; Tao Lu; Linning Xu; Junting Dong; Jiangmiao Pang; Mulin Yu; Bo Dai	cs.CV	/Volumes/UBag/Documents/l40server_mirror/lyra/Lyra-2/paper_collection_3d4d_reconstruction_2026_04_26/pdfs/2026_M_3_Dense_Matching_Meets_Multi_View_Foundation_Models_for_Monocular_Gaussian_Splatting_SLA_2603.16844.pdf	imported
2603.17117	2026	2026-arxiv	Codex:3D+4D-Evolution,Codex:3D4D-Reconstruction	MosaicMem: Hybrid Spatial Memory for Controllable Video World Models	Wei Yu; Runjia Qian; Yumeng Li; Liquan Wang; Songheng Yin; Sri Siddarth Chakaravarthy P; Dennis Anthony; Yang Ye; Yidi Li; Weiwei Wan; Animesh Garg	cs.CV	/Volumes/UBag/Documents/l40server_mirror/lyra/Lyra-2/paper_collection_3d4d_reconstruction_2026_04_26/pdfs/2026_MosaicMem_Hybrid_Spatial_Memory_for_Controllable_Video_World_Models_2603.17117.pdf	imported
2603.16103	2026	2026-arxiv	Codex:3D-Reconstruction,Codex:3D4D-Reconstruction	NanoGS: Training-Free Gaussian Splat Simplification	Butian Xiong; Rong Liu; Tiantian Zhou; Meida Chen; Zhiwen Fan; Andrew Feng	cs.CV cs.GR	/Volumes/UBag/Documents/l40server_mirror/lyra/Lyra-2/paper_collection_3d4d_reconstruction_2026_04_26/pdfs/2026_NanoGS_Training_Free_Gaussian_Splat_Simplification_2603.16103.pdf	imported
2603.16447	2026	2026-arxiv	Codex:3D-Reconstruction,Codex:3D4D-Reconstruction	ProgressiveAvatars: Progressive Animatable 3D Gaussian Avatars	Kaiwen Song; Jinkai Cui; Juyong Zhang	cs.CV cs.GR	/Volumes/UBag/Documents/l40server_mirror/lyra/Lyra-2/paper_collection_3d4d_reconstruction_2026_04_26/pdfs/2026_ProgressiveAvatars_Progressive_Animatable_3D_Gaussian_Avatars_2603.16447.pdf	imported
2603.16538	2026	2026-arxiv	Codex:3D-Reconstruction,Codex:3D4D-Reconstruction	Rethinking Pose Refinement in 3D Gaussian Splatting under Pose Prior and Geometric Uncertainty	Mangyu Kong; Jaewon Lee; Seongwon Lee; Euntai Kim	cs.CV	/Volumes/UBag/Documents/l40server_mirror/lyra/Lyra-2/paper_collection_3d4d_reconstruction_2026_04_26/pdfs/2026_Rethinking_Pose_Refinement_in_3D_Gaussian_Splatting_under_Pose_Prior_and_Geometric_Uncerta_2603.16538.pdf	imported
2603.17165	2026	2026-arxiv	Codex:3D-Reconstruction,Codex:3D4D-Reconstruction	SLAM Adversarial Lab: An Extensible Framework for Visual SLAM Robustness Evaluation under Adverse Conditions	Mohamed Hefny; Karthik Dantu; Steven Y. Ko	cs.RO cs.CV	/Volumes/UBag/Documents/l40server_mirror/lyra/Lyra-2/paper_collection_3d4d_reconstruction_2026_04_26/pdfs/2026_SLAM_Adversarial_Lab_An_Extensible_Framework_for_Visual_SLAM_Robustness_Evaluation_under_A_2603.17165.pdf	imported
2603.16871	2026	2026-arxiv	Codex:3D+4D-Evolution,Codex:3D4D-Reconstruction	WorldCam: Interactive Autoregressive 3D Gaming Worlds with Camera Pose as a Unifying Geometric Representation	Jisu Nam; Yicong Hong; Chun-Hao Paul Huang; Feng Liu; JoungBin Lee; Jiyoung Kim; Siyoon Jin; Yunsung Lee; Jaeyoon Jung; Suhwan Choi; Seungryong Kim; Yang Zhou	cs.CV	/Volumes/UBag/Documents/l40server_mirror/lyra/Lyra-2/paper_collection_3d4d_reconstruction_2026_04_26/pdfs/2026_WorldCam_Interactive_Autoregressive_3D_Gaming_Worlds_with_Camera_Pose_as_a_Unifying_Geomet_2603.16871.pdf	imported
2603.17358	2026	2026-arxiv	Codex:3D-Reconstruction,Codex:3D4D-Reconstruction	A 3D Reconstruction Benchmark for Asset Inspection	James L. Gray; Nikolai Goncharov; Alexandre Cardaillac; Ryan Griffiths; Jack Naylor; Donald G. Dansereau	cs.CV eess.IV	/Volumes/UBag/Documents/l40server_mirror/lyra/Lyra-2/paper_collection_3d4d_reconstruction_2026_04_26/pdfs/2026_A_3D_Reconstruction_Benchmark_for_Asset_Inspection_2603.17358.pdf	imported
2603.17975	2026	2026-arxiv	Codex:3D-Reconstruction,Codex:3D4D-Reconstruction	AHOY! Animatable Humans under Occlusion from YouTube Videos with Gaussian Splatting and Video Diffusion Priors	Aymen Mir; Riza Alp Guler; Xiangjun Tang; Peter Wonka; Gerard Pons-Moll	cs.CV	/Volumes/UBag/Documents/l40server_mirror/lyra/Lyra-2/paper_collection_3d4d_reconstruction_2026_04_26/pdfs/2026_AHOY_Animatable_Humans_under_Occlusion_from_YouTube_Videos_with_Gaussian_Splatting_and_Vid_2603.17975.pdf	imported
2603.12789	2026	2026-arxiv	Codex:3D-Reconstruction,Codex:3D4D-Reconstruction	Coherent Human-Scene Reconstruction from Multi-Person Multi-View Video in a Single Pass	Sangmin Kim; Minhyuk Hwang; Geonho Cha; Dongyoon Wee; Jaesik Park	cs.CV	/Volumes/UBag/Documents/l40server_mirror/lyra/Lyra-2/paper_collection_3d4d_reconstruction_2026_04_26/pdfs/2026_Coherent_Human_Scene_Reconstruction_from_Multi_Person_Multi_View_Video_in_a_Single_Pass_2603.12789.pdf	imported
2603.18266	2026	2026-arxiv	Codex:3D+4D-Evolution,Codex:3D4D-Reconstruction	Enactor: From Traffic Simulators to Surrogate World Models	Yash Ranjan; Rahul Sengupta; Anand Rangarajan; Sanjay Ranka	cs.LG cs.AI	/Volumes/UBag/Documents/l40server_mirror/lyra/Lyra-2/paper_collection_3d4d_reconstruction_2026_04_26/pdfs/2026_Enactor_From_Traffic_Simulators_to_Surrogate_World_Models_2603.18266.pdf	imported
2603.18306	2026	2026-arxiv	Codex:3D-Reconstruction,Codex:3D4D-Reconstruction	Fast and Generalizable NeRF Architecture Selection for Satellite Scene Reconstruction	Devjyoti Chakraborty; Zaki Sukma; Rakandhiya D. Rachmanto; Kriti Ghosh; In Kee Kim; Suchendra M. Bhandarkar; Lakshmish Ramaswamy; Nancy K. O'Hare; Deepak Mishra	cs.CV cs.LG	/Volumes/UBag/Documents/l40server_mirror/lyra/Lyra-2/paper_collection_3d4d_reconstruction_2026_04_26/pdfs/2026_Fast_and_Generalizable_NeRF_Architecture_Selection_for_Satellite_Scene_Reconstruction_2603.18306.pdf	imported
2603.15359	2026	2026-arxiv	Codex:3D+4D-Evolution,Codex:3D4D-Reconstruction	NavThinker: Action-Conditioned World Models for Coupled Prediction and Planning in Social Navigation	Tianshuai Hu; Zeying Gong; Lingdong Kong; XiaoDong Mei; Yiyi Ding; Qi Zeng; Ao Liang; Rong Li; Yangyi Zhong; Junwei Liang	cs.RO	/Volumes/UBag/Documents/l40server_mirror/lyra/Lyra-2/paper_collection_3d4d_reconstruction_2026_04_26/pdfs/2026_NavThinker_Action_Conditioned_World_Models_for_Coupled_Prediction_and_Planning_in_Social_N_2603.15359.pdf	imported
2603.17236	2026	2026-arxiv	Codex:3D-Reconstruction,Codex:3D4D-Reconstruction	Neural Radiance Maps for Extraterrestrial Navigation and Path Planning	Adam Dai; Shubh Gupta; Grace Gao	cs.RO cs.CV	/Volumes/UBag/Documents/l40server_mirror/lyra/Lyra-2/paper_collection_3d4d_reconstruction_2026_04_26/pdfs/2026_Neural_Radiance_Maps_for_Extraterrestrial_Navigation_and_Path_Planning_2603.17236.pdf	imported
2603.16301	2026	2026-arxiv	Codex:3D-Reconstruction,Codex:3D4D-Reconstruction	OGScene3D: Incremental Open-Vocabulary 3D Gaussian Scene Graph Mapping for Scene Understanding	Siting Zhu; Ziyun Lu; Guangming Wang; Chenguang Huang; Yongbo Chen; I-Ming Chen; Wolfram Burgard; Hesheng Wang	cs.RO	/Volumes/UBag/Documents/l40server_mirror/lyra/Lyra-2/paper_collection_3d4d_reconstruction_2026_04_26/pdfs/2026_OGScene3D_Incremental_Open_Vocabulary_3D_Gaussian_Scene_Graph_Mapping_for_Scene_Understand_2603.16301.pdf	imported
2603.17571	2026	2026-arxiv	Codex:3D-Reconstruction,Codex:3D4D-Reconstruction	PanoVGGT: Feed-Forward 3D Reconstruction from Panoramic Imagery	Yijing Guo; Mengjun Chao; Luo Wang; Tianyang Zhao; Haizhao Dai; Yingliang Zhang; Jingyi Yu; Yujiao Shi	cs.CV	/Volumes/UBag/Documents/l40server_mirror/lyra/Lyra-2/paper_collection_3d4d_reconstruction_2026_04_26/pdfs/2026_PanoVGGT_Feed_Forward_3D_Reconstruction_from_Panoramic_Imagery_2603.17571.pdf	imported
2603.17605	2026	2026-arxiv	Codex:3D-Reconstruction,Codex:3D4D-Reconstruction	ReLaGS: Relational Language Gaussian Splatting	Yaxu Xie; Abdalla Arafa; Alireza Javanmardi; Christen Millerdurai; Jia Cheng Hu; Shaoxiang Wang; Alain Pagani; Didier Stricker	cs.CV	/Volumes/UBag/Documents/l40server_mirror/lyra/Lyra-2/paper_collection_3d4d_reconstruction_2026_04_26/pdfs/2026_ReLaGS_Relational_Language_Gaussian_Splatting_2603.17605.pdf	imported
2603.17625	2026	2026-arxiv	Codex:3D-Reconstruction,Codex:3D4D-Reconstruction	S-VGGT: Structure-Aware Subscene Decomposition for Scalable 3D Foundation Models	Xinze Li; Pengxu Chen; Yiyuan Wang; Weifeng Su; Wentao Cheng	cs.CV	/Volumes/UBag/Documents/l40server_mirror/lyra/Lyra-2/paper_collection_3d4d_reconstruction_2026_04_26/pdfs/2026_S_VGGT_Structure_Aware_Subscene_Decomposition_for_Scalable_3D_Foundation_Models_2603.17625.pdf	imported
2603.17375	2026	2026-arxiv	Codex:3D+4D-Evolution,Codex:3D4D-Reconstruction	Stereo World Model: Camera-Guided Stereo Video Generation	Yang-Tian Sun; Zehuan Huang; Yifan Niu; Lin Ma; Yan-Pei Cao; Yuewen Ma; Xiaojuan Qi	cs.CV	/Volumes/UBag/Documents/l40server_mirror/lyra/Lyra-2/paper_collection_3d4d_reconstruction_2026_04_26/pdfs/2026_Stereo_World_Model_Camera_Guided_Stereo_Video_Generation_2603.17375.pdf	imported
2603.17519	2026	2026-arxiv	Codex:3D-Reconstruction,Codex:3D4D-Reconstruction	UniSem: Generalizable Semantic 3D Reconstruction from Sparse Unposed Images	Guibiao Liao; Qian Ren; Kaimin Liao; Hua Wang; Zhi Chen; Luchao Wang; Yaohua Tang	cs.CV	/Volumes/UBag/Documents/l40server_mirror/lyra/Lyra-2/paper_collection_3d4d_reconstruction_2026_04_26/pdfs/2026_UniSem_Generalizable_Semantic_3D_Reconstruction_from_Sparse_Unposed_Images_2603.17519.pdf	imported
2603.17382	2026	2026-arxiv	Codex:3D-Reconstruction,Codex:3D4D-Reconstruction	VisionNVS: Self-Supervised Inpainting for Novel View Synthesis under the Virtual-Shift Paradigm	Hongbo Lu; Liang Yao; Chenghao He; Fan Liu; Wenlong Liao; Tao He; Pai Peng	cs.CV	/Volumes/UBag/Documents/l40server_mirror/lyra/Lyra-2/paper_collection_3d4d_reconstruction_2026_04_26/pdfs/2026_VisionNVS_Self_Supervised_Inpainting_for_Novel_View_Synthesis_under_the_Virtual_Shift_Para_2603.17382.pdf	imported
2603.17229	2026	2026-arxiv	Codex:3D-Reconstruction,Codex:3D4D-Reconstruction	Visual SLAM with DEM Anchoring for Lunar Surface Navigation	Adam Dai; Guillem Casadesus Vila; Grace Gao	cs.RO cs.CV	/Volumes/UBag/Documents/l40server_mirror/lyra/Lyra-2/paper_collection_3d4d_reconstruction_2026_04_26/pdfs/2026_Visual_SLAM_with_DEM_Anchoring_for_Lunar_Surface_Navigation_2603.17229.pdf	imported
2603.19219	2026	2026-arxiv	Codex:3D+4D-Evolution,Codex:3D4D-Reconstruction	DriveTok: 3D Driving Scene Tokenization for Unified Multi-View Reconstruction and Understanding	Dong Zhuo; Wenzhao Zheng; Sicheng Zuo; Siming Yan; Lu Hou; Jie Zhou; Jiwen Lu	cs.CV cs.LG	/Volumes/UBag/Documents/l40server_mirror/lyra/Lyra-2/paper_collection_3d4d_reconstruction_2026_04_26/pdfs/2026_DriveTok_3D_Driving_Scene_Tokenization_for_Unified_Multi_View_Reconstruction_and_Understan_2603.19219.pdf	imported
2601.05738	2026	2026-arxiv	Codex:3D-Reconstruction,Codex:3D4D-Reconstruction	FeatureSLAM: Feature-enriched 3D gaussian splatting SLAM in real time	Christopher Thirgood; Oscar Mendez; Erin Ling; Jon Storey; Simon Hadfield	cs.CV	/Volumes/UBag/Documents/l40server_mirror/lyra/Lyra-2/paper_collection_3d4d_reconstruction_2026_04_26/pdfs/2026_FeatureSLAM_Feature_enriched_3D_gaussian_splatting_SLAM_in_real_time_2601.05738.pdf	imported
2603.18493	2026	2026-arxiv	Codex:3D-Reconstruction,Codex:3D4D-Reconstruction	FILT3R: Latent State Adaptive Kalman Filter for Streaming 3D Reconstruction	Seonghyun Jin; Jong Chul Ye	cs.CV cs.AI cs.LG	/Volumes/UBag/Documents/l40server_mirror/lyra/Lyra-2/paper_collection_3d4d_reconstruction_2026_04_26/pdfs/2026_FILT3R_Latent_State_Adaptive_Kalman_Filter_for_Streaming_3D_Reconstruction_2603.18493.pdf	imported
2603.18912	2026	2026-arxiv	Codex:3D-Reconstruction,Codex:3D4D-Reconstruction	GHOST: Fast Category-agnostic Hand-Object Interaction Reconstruction from RGB Videos using Gaussian Splatting	Ahmed Tawfik Aboukhadra; Marcel Rogge; Nadia Robertini; Abdalla Arafa; Jameel Malik; Ahmed Elhayek; Didier Stricker	cs.CV	/Volumes/UBag/Documents/l40server_mirror/lyra/Lyra-2/paper_collection_3d4d_reconstruction_2026_04_26/pdfs/2026_GHOST_Fast_Category_agnostic_Hand_Object_Interaction_Reconstruction_from_RGB_Videos_using_2603.18912.pdf	imported
2603.19137	2026	2026-arxiv	Codex:3D-Reconstruction,Codex:3D4D-Reconstruction	GSMem: 3D Gaussian Splatting as Persistent Spatial Memory for Zero-Shot Embodied Exploration and Reasoning	Yiren Lu; Yi Du; Disheng Liu; Yunlai Zhou; Chen Wang; Yu Yin	cs.CV cs.RO	/Volumes/UBag/Documents/l40server_mirror/lyra/Lyra-2/paper_collection_3d4d_reconstruction_2026_04_26/pdfs/2026_GSMem_3D_Gaussian_Splatting_as_Persistent_Spatial_Memory_for_Zero_Shot_Embodied_Exploratio_2603.19137.pdf	imported
2603.18402	2026	2026-arxiv	Codex:3D-Reconstruction,Codex:3D4D-Reconstruction,Codex:4D-Reconstruction	Inst4DGS: Instance-Decomposed 4D Gaussian Splatting with Multi-Video Label Permutation Learning	Yonghan Lee; Dinesh Manocha	cs.CV	/Volumes/UBag/Documents/l40server_mirror/lyra/Lyra-2/paper_collection_3d4d_reconstruction_2026_04_26/pdfs/2026_Inst4DGS_Instance_Decomposed_4D_Gaussian_Splatting_with_Multi_Video_Label_Permutation_Lear_2603.18402.pdf	imported
2603.19231	2026	2026-arxiv	Codex:3D-Reconstruction,Codex:3D4D-Reconstruction	MonoArt: Progressive Structural Reasoning for Monocular Articulated 3D Reconstruction	Haitian Li; Haozhe Xie; Junxiang Xu; Beichen Wen; Fangzhou Hong; Ziwei Liu	cs.CV	/Volumes/UBag/Documents/l40server_mirror/lyra/Lyra-2/paper_collection_3d4d_reconstruction_2026_04_26/pdfs/2026_MonoArt_Progressive_Structural_Reasoning_for_Monocular_Articulated_3D_Reconstruction_2603.19231.pdf	imported
2603.18510	2026	2026-arxiv	Codex:3D-Reconstruction,Codex:3D4D-Reconstruction	OnlinePG: Online Open-Vocabulary Panoptic Mapping with 3D Gaussian Splatting	Hongjia Zhai; Qi Zhang; Xiaokun Pan; Xiyu Zhang; Yitong Dong; Huaqi Zhang; Dan Xu; Guofeng Zhang	cs.CV	/Volumes/UBag/Documents/l40server_mirror/lyra/Lyra-2/paper_collection_3d4d_reconstruction_2026_04_26/pdfs/2026_OnlinePG_Online_Open_Vocabulary_Panoptic_Mapping_with_3D_Gaussian_Splatting_2603.18510.pdf	imported
2603.19193	2026	2026-arxiv	Codex:3D-Reconstruction,Codex:3D4D-Reconstruction	Reconstruction Matters: Learning Geometry-Aligned BEV Representation through 3D Gaussian Splatting	Yiren Lu; Xin Ye; Burhaneddin Yaman; Jingru Luo; Zhexiao Xiong; Liu Ren; Yu Yin	cs.CV	/Volumes/UBag/Documents/l40server_mirror/lyra/Lyra-2/paper_collection_3d4d_reconstruction_2026_04_26/pdfs/2026_Reconstruction_Matters_Learning_Geometry_Aligned_BEV_Representation_through_3D_Gaussian_Sp_2603.19193.pdf	imported
2603.18774	2026	2026-arxiv	Codex:3D-Reconstruction,Codex:3D4D-Reconstruction	SEAR: Simple and Efficient Adaptation of Visual Geometric Transformers for RGB+Thermal 3D Reconstruction	Vsevolod Skorokhodov; Chenghao Xu; Shuo Sun; Olga Fink; Malcolm Mielle	cs.CV	/Volumes/UBag/Documents/l40server_mirror/lyra/Lyra-2/paper_collection_3d4d_reconstruction_2026_04_26/pdfs/2026_SEAR_Simple_and_Efficient_Adaptation_of_Visual_Geometric_Transformers_for_RGB_Thermal_3D_R_2603.18774.pdf	imported
2603.18943	2026	2026-arxiv	Codex:3D-Reconstruction,Codex:3D4D-Reconstruction	VGGT-360: Geometry-Consistent Zero-Shot Panoramic Depth Estimation	Jiayi Yuan; Haobo Jiang; De Wen Soh; Na Zhao	cs.CV	/Volumes/UBag/Documents/l40server_mirror/lyra/Lyra-2/paper_collection_3d4d_reconstruction_2026_04_26/pdfs/2026_VGGT_360_Geometry_Consistent_Zero_Shot_Panoramic_Depth_Estimation_2603.18943.pdf	imported
2603.20077	2026	2026-arxiv	Codex:3D-Reconstruction,Codex:3D4D-Reconstruction	A Unified Platform and Quality Assurance Framework for 3D Ultrasound Reconstruction with Robotic, Optical, and Electromagnetic Tracking	Lewis Howell; Manisha Waterston; Tze Min Wah; James H. Chandler; James R. McLaughlan	cs.CV cs.RO eess.IV	/Volumes/UBag/Documents/l40server_mirror/lyra/Lyra-2/paper_collection_3d4d_reconstruction_2026_04_26/pdfs/2026_A_Unified_Platform_and_Quality_Assurance_Framework_for_3D_Ultrasound_Reconstruction_with_R_2603.20077.pdf	imported
2603.20428	2026	2026-arxiv	Codex:3D-Reconstruction,Codex:3D4D-Reconstruction	Benchmarking Efficient & Effective Camera Pose Estimation Strategies for Novel View Synthesis	Jhacson Meza; Martin R. Oswald; Torsten Sattler	cs.CV	/Volumes/UBag/Documents/l40server_mirror/lyra/Lyra-2/paper_collection_3d4d_reconstruction_2026_04_26/pdfs/2026_Benchmarking_Efficient_Effective_Camera_Pose_Estimation_Strategies_for_Novel_View_Synthesi_2603.20428.pdf	imported
2603.19563	2026	2026-arxiv	Codex:3D-Reconstruction,Codex:3D4D-Reconstruction	Dual-Domain Representation Alignment: Bridging 2D and 3D Vision via Geometry-Aware Architecture Search	Haoyu Zhang; Zhihao Yu; Rui Wang; Yaochu Jin; Qiqi Liu; Ran Cheng	cs.CV cs.AI	/Volumes/UBag/Documents/l40server_mirror/lyra/Lyra-2/paper_collection_3d4d_reconstruction_2026_04_26/pdfs/2026_Dual_Domain_Representation_Alignment_Bridging_2D_and_3D_Vision_via_Geometry_Aware_Architec_2603.19563.pdf	imported
2603.19675	2026	2026-arxiv	Codex:3D+4D-Evolution,Codex:3D4D-Reconstruction	DynFlowDrive: Flow-Based Dynamic World Modeling for Autonomous Driving	Xiaolu Liu; Yicong Li; Song Wang; Junbo Chen; Angela Yao; Jianke Zhu	cs.CV cs.RO	/Volumes/UBag/Documents/l40server_mirror/lyra/Lyra-2/paper_collection_3d4d_reconstruction_2026_04_26/pdfs/2026_DynFlowDrive_Flow_Based_Dynamic_World_Modeling_for_Autonomous_Driving_2603.19675.pdf	imported
2603.20128	2026	2026-arxiv	Codex:3D-Reconstruction,Codex:3D4D-Reconstruction	Generalizable NGP-SR: Generalizable Neural Radiance Fields Super-Resolution via Neural Graph Primitives	Wanqi Yuan; Omkar Sharad Mayekar; Connor Pennington; Nianyi Li	cs.CV	/Volumes/UBag/Documents/l40server_mirror/lyra/Lyra-2/paper_collection_3d4d_reconstruction_2026_04_26/pdfs/2026_Generalizable_NGP_SR_Generalizable_Neural_Radiance_Fields_Super_Resolution_via_Neural_Grap_2603.20128.pdf	imported
2603.20337	2026	2026-arxiv	Codex:3D-Reconstruction,Codex:3D4D-Reconstruction	High-fidelity Multi-view Normal Integration with Scale-encoded Neural Surface Representation	Tongyu Yang; Heng Guo; Yasuyuki Matsushita; Fumio Okura; Yu Luo; Xin Fan	cs.CV	/Volumes/UBag/Documents/l40server_mirror/lyra/Lyra-2/paper_collection_3d4d_reconstruction_2026_04_26/pdfs/2026_High_fidelity_Multi_view_Normal_Integration_with_Scale_encoded_Neural_Surface_Representati_2603.20337.pdf	imported
2603.19234	2026	2026-arxiv	Codex:3D-Reconstruction,Codex:3D4D-Reconstruction	Matryoshka Gaussian Splatting	Zhilin Guo; Boqiao Zhang; Hakan Aktas; Kyle Fogarty; Jeffrey Hu; Nursena Koprucu Aslan; Wenzhao Li; Canberk Baykal; Albert Miao; Josef Bengtson; Chenliang Zhou; Weihao Xia; Cristina Nader Vasconcelos; Cengiz Oztireli	cs.CV cs.GR	/Volumes/UBag/Documents/l40server_mirror/lyra/Lyra-2/paper_collection_3d4d_reconstruction_2026_04_26/pdfs/2026_Matryoshka_Gaussian_Splatting_2603.19234.pdf	imported
2603.19613	2026	2026-arxiv	Codex:3D-Reconstruction,Codex:3D4D-Reconstruction	OrbitNVS: Harnessing Video Diffusion Priors for Novel View Synthesis	Jinglin Liang; Zijian Zhou; Rui Huang; Shuangping Huang; Yichen Gong	cs.CV	/Volumes/UBag/Documents/l40server_mirror/lyra/Lyra-2/paper_collection_3d4d_reconstruction_2026_04_26/pdfs/2026_OrbitNVS_Harnessing_Video_Diffusion_Priors_for_Novel_View_Synthesis_2603.19613.pdf	imported
2603.19762	2026	2026-arxiv	Codex:3D4D-Reconstruction,Codex:4D-Reconstruction	PCSTracker: Long-Term Scene Flow Estimation for Point Cloud Sequences	Min Lin; Gangwei Xu; Xianqi Wang; Yuyi Peng; Xin Yang	cs.CV	/Volumes/UBag/Documents/l40server_mirror/lyra/Lyra-2/paper_collection_3d4d_reconstruction_2026_04_26/pdfs/2026_PCSTracker_Long_Term_Scene_Flow_Estimation_for_Point_Cloud_Sequences_2603.19762.pdf	imported
2603.19753	2026	2026-arxiv	Codex:3D-Reconstruction,Codex:3D4D-Reconstruction	ReLi3D: Relightable Multi-view 3D Reconstruction with Disentangled Illumination	Jan-Niklas Dihlmann; Mark Boss; Simon Donne; Andreas Engelhardt; Hendrik P. A. Lensch; Varun Jampani	cs.CV cs.GR	/Volumes/UBag/Documents/l40server_mirror/lyra/Lyra-2/paper_collection_3d4d_reconstruction_2026_04_26/pdfs/2026_ReLi3D_Relightable_Multi_view_3D_Reconstruction_with_Disentangled_Illumination_2603.19753.pdf	imported
2603.19926	2026	2026-arxiv	Codex:3D-Reconstruction,Codex:3D4D-Reconstruction	SegVGGT: Joint 3D Reconstruction and Instance Segmentation from Multi-View Images	Jinyuan Qu; Hongyang Li; Lei Zhang	cs.CV	/Volumes/UBag/Documents/l40server_mirror/lyra/Lyra-2/paper_collection_3d4d_reconstruction_2026_04_26/pdfs/2026_SegVGGT_Joint_3D_Reconstruction_and_Instance_Segmentation_from_Multi_View_Images_2603.19926.pdf	imported
2603.20448	2026	2026-arxiv	Codex:3D-Reconstruction,Codex:3D4D-Reconstruction	Thermal is Always Wild: Characterizing and Addressing Challenges in Thermal-Only Novel View Synthesis	M. Kerem Aydin; Vishwanath Saragadam; Emma Alexander	cs.CV eess.IV	/Volumes/UBag/Documents/l40server_mirror/lyra/Lyra-2/paper_collection_3d4d_reconstruction_2026_04_26/pdfs/2026_Thermal_is_Always_Wild_Characterizing_and_Addressing_Challenges_in_Thermal_Only_Novel_View_2603.20448.pdf	imported
2603.20443	2026	2026-arxiv	Codex:3D-Reconstruction,Codex:3D4D-Reconstruction	TRGS-SLAM: IMU-Aided Gaussian Splatting SLAM for Blurry, Rolling Shutter, and Noisy Thermal Images	Spencer Carmichael; Katherine A. Skinner	cs.RO	/Volumes/UBag/Documents/l40server_mirror/lyra/Lyra-2/paper_collection_3d4d_reconstruction_2026_04_26/pdfs/2026_TRGS_SLAM_IMU_Aided_Gaussian_Splatting_SLAM_for_Blurry_Rolling_Shutter_and_Noisy_Thermal_I_2603.20443.pdf	imported
2603.19708	2026	2026-arxiv	Codex:3D+4D-Evolution,Codex:3D-Reconstruction,Codex:3D4D-Reconstruction	WorldAgents: Can Foundation Image Models be Agents for 3D World Models?	Ziya Erkoç; Angela Dai; Matthias Nießner	cs.CV	/Volumes/UBag/Documents/l40server_mirror/lyra/Lyra-2/paper_collection_3d4d_reconstruction_2026_04_26/pdfs/2026_WorldAgents_Can_Foundation_Image_Models_be_Agents_for_3D_World_Models_2603.19708.pdf	imported
2603.19543	2026	2026-arxiv	Codex:3D-Reconstruction,Codex:3D4D-Reconstruction	Zero Shot Deformation Reconstruction for Soft Robots Using a Flexible Sensor Array and Cage Based 3D Gaussian Modeling	Linrui Shou; Zilang Chen; Wenjia Xu; Yiyue Luo; Tingyu Cheng	cs.RO	/Volumes/UBag/Documents/l40server_mirror/lyra/Lyra-2/paper_collection_3d4d_reconstruction_2026_04_26/pdfs/2026_Zero_Shot_Deformation_Reconstruction_for_Soft_Robots_Using_a_Flexible_Sensor_Array_and_Cag_2603.19543.pdf	imported
2603.20857	2026	2026-arxiv	Codex:3D-Reconstruction,Codex:3D4D-Reconstruction,Codex:4D-Reconstruction	Fast and Robust Deformable 3D Gaussian Splatting	Han Jiao; Jiakai Sun; Lei Zhao; Zhanjie Zhang; Wei Xing; Huaizhong Lin	cs.CV cs.GR	/Volumes/UBag/Documents/l40server_mirror/lyra/Lyra-2/paper_collection_3d4d_reconstruction_2026_04_26/pdfs/2026_Fast_and_Robust_Deformable_3D_Gaussian_Splatting_2603.20857.pdf	imported
2603.20611	2026	2026-arxiv	Codex:3D-Reconstruction,Codex:3D4D-Reconstruction	GaussianPile: A Unified Sparse Gaussian Splatting Framework for Slice-based Volumetric Reconstruction	Di Kong; Yikai Wang; Wenjie Guo; Yifan Bu; Boya Zhang; Yuexin Duan; Xiawei Yue; Wenbiao Du; Yiman Zhong; Yuwen Chen; Cheng Ma	cs.CV	/Volumes/UBag/Documents/l40server_mirror/lyra/Lyra-2/paper_collection_3d4d_reconstruction_2026_04_26/pdfs/2026_GaussianPile_A_Unified_Sparse_Gaussian_Splatting_Framework_for_Slice_based_Volumetric_Reco_2603.20611.pdf	imported
2603.20588	2026	2026-arxiv	Codex:3D-Reconstruction,Codex:3D4D-Reconstruction,Codex:4D-Reconstruction	RayMap3R: Inference-Time RayMap for Dynamic 3D Reconstruction	Feiran Wang; Zezhou Shang; Gaowen Liu; Yan Yan	cs.CV	/Volumes/UBag/Documents/l40server_mirror/lyra/Lyra-2/paper_collection_3d4d_reconstruction_2026_04_26/pdfs/2026_RayMap3R_Inference_Time_RayMap_for_Dynamic_3D_Reconstruction_2603.20588.pdf	imported
2601.21998	2026	2026-arxiv	Codex:3D+4D-Evolution,Codex:3D4D-Reconstruction	Causal World Modeling for Robot Control	Lin Li; Qihang Zhang; Yiming Luo; Shuai Yang; Ruilin Wang; Fei Han; Mingrui Yu; Zelin Gao; Nan Xue; Xing Zhu; Yujun Shen; Yinghao Xu	cs.CV cs.RO	/Volumes/UBag/Documents/l40server_mirror/lyra/Lyra-2/paper_collection_3d4d_reconstruction_2026_04_26/pdfs/2026_Causal_World_Modeling_for_Robot_Control_2601.21998.pdf	imported
2601.05237	2026	2026-arxiv	Codex:3D-Reconstruction,Codex:3D4D-Reconstruction	ObjectForesight: Predicting Future 3D Object Trajectories from Human Videos	Rustin Soraki; Homanga Bharadhwaj; Ali Farhadi; Roozbeh Mottaghi	cs.CV	/Volumes/UBag/Documents/l40server_mirror/lyra/Lyra-2/paper_collection_3d4d_reconstruction_2026_04_26/pdfs/2026_ObjectForesight_Predicting_Future_3D_Object_Trajectories_from_Human_Videos_2601.05237.pdf	imported
2603.21436	2026	2026-arxiv	Codex:3D-Reconstruction,Codex:3D4D-Reconstruction	PAS3R: Pose-Adaptive Streaming 3D Reconstruction for Long Video Sequences	Lanbo Xu; Liang Guo; Caigui Jiang; Cheng Wang	cs.CV	/Volumes/UBag/Documents/l40server_mirror/lyra/Lyra-2/paper_collection_3d4d_reconstruction_2026_04_26/pdfs/2026_PAS3R_Pose_Adaptive_Streaming_3D_Reconstruction_for_Long_Video_Sequences_2603.21436.pdf	imported
2603.21055	2026	2026-arxiv	Codex:3D-Reconstruction,Codex:3D4D-Reconstruction	SGAD-SLAM: Splatting Gaussians at Adjusted Depth for Better Radiance Fields in RGBD SLAM	Pengchong Hu; Zhizhong Han	cs.CV	/Volumes/UBag/Documents/l40server_mirror/lyra/Lyra-2/paper_collection_3d4d_reconstruction_2026_04_26/pdfs/2026_SGAD_SLAM_Splatting_Gaussians_at_Adjusted_Depth_for_Better_Radiance_Fields_in_RGBD_SLAM_2603.21055.pdf	imported
2603.21166	2026	2026-arxiv	Codex:3D-Reconstruction,Codex:3D4D-Reconstruction	Training-Free Instance-Aware 3D Scene Reconstruction and Diffusion-Based View Synthesis from Sparse Images	Jiatong Xia; Lingqiao Liu	cs.CV	/Volumes/UBag/Documents/l40server_mirror/lyra/Lyra-2/paper_collection_3d4d_reconstruction_2026_04_26/pdfs/2026_Training_Free_Instance_Aware_3D_Scene_Reconstruction_and_Diffusion_Based_View_Synthesis_fr_2603.21166.pdf	imported
2603.22631	2026	2026-arxiv	Codex:3D-Reconstruction,Codex:3D4D-Reconstruction	CAM3R: Camera-Agnostic Model for 3D Reconstruction	Namitha Guruprasad; Abhay Yadav; Cheng Peng; Rama Chellappa	cs.CV	/Volumes/UBag/Documents/l40server_mirror/lyra/Lyra-2/paper_collection_3d4d_reconstruction_2026_04_26/pdfs/2026_CAM3R_Camera_Agnostic_Model_for_3D_Reconstruction_2603.22631.pdf	imported
2603.21933	2026	2026-arxiv	Codex:3D-Reconstruction,Codex:3D4D-Reconstruction	Camera-Agnostic Pruning of 3D Gaussian Splats via Descriptor-Based Beta Evidence	Peter Fasogbon; Ugurcan Budak; Patrice Rondao Alface; Hamed Rezazadegan Tavakoli	cs.CV cs.AI cs.LG	/Volumes/UBag/Documents/l40server_mirror/lyra/Lyra-2/paper_collection_3d4d_reconstruction_2026_04_26/pdfs/2026_Camera_Agnostic_Pruning_of_3D_Gaussian_Splats_via_Descriptor_Based_Beta_Evidence_2603.21933.pdf	imported
2603.23297	2026	2026-arxiv	Codex:3D-Reconstruction,Codex:3D4D-Reconstruction	Drop-In Perceptual Optimization for 3D Gaussian Splatting	Ezgi Ozyilkan; Zhiqi Chen; Oren Rippel; Jona Ballé; Kedar Tatwawadi	cs.CV cs.LG eess.IV	/Volumes/UBag/Documents/l40server_mirror/lyra/Lyra-2/paper_collection_3d4d_reconstruction_2026_04_26/pdfs/2026_Drop_In_Perceptual_Optimization_for_3D_Gaussian_Splatting_2603.23297.pdf	imported
2603.21557	2026	2026-arxiv	Codex:3D+4D-Evolution,Codex:3D4D-Reconstruction	From Part to Whole: 3D Generative World Model with an Adaptive Structural Hierarchy	Bi'an Du; Daizong Liu; Pufan Li; Wei Hu	cs.CV	/Volumes/UBag/Documents/l40server_mirror/lyra/Lyra-2/paper_collection_3d4d_reconstruction_2026_04_26/pdfs/2026_From_Part_to_Whole_3D_Generative_World_Model_with_an_Adaptive_Structural_Hierarchy_2603.21557.pdf	imported
2603.22572	2026	2026-arxiv	Codex:3D-Reconstruction,Codex:3D4D-Reconstruction	FullCircle: Effortless 3D Reconstruction from Casual 360$^\circ$ Captures	Yalda Foroutan; Ipek Oztas; Daniel Rebain; Aysegul Dundar; Kwang Moo Yi; Lily Goli; Andrea Tagliasacchi	cs.CV	/Volumes/UBag/Documents/l40server_mirror/lyra/Lyra-2/paper_collection_3d4d_reconstruction_2026_04_26/pdfs/2026_FullCircle_Effortless_3D_Reconstruction_from_Casual_360_circ_Captures_2603.22572.pdf	imported
2601.05848	2026	2026-arxiv	Codex:3D+4D-Evolution,Codex:3D4D-Reconstruction	Goal Force: Teaching Video Models To Accomplish Physics-Conditioned Goals	Nate Gillman; Yinghua Zhou; Zitian Tang; Evan Luo; Arjan Chakravarthy; Daksh Aggarwal; Michael Freeman; Charles Herrmann; Chen Sun	cs.CV cs.AI cs.RO	/Volumes/UBag/Documents/l40server_mirror/lyra/Lyra-2/paper_collection_3d4d_reconstruction_2026_04_26/pdfs/2026_Goal_Force_Teaching_Video_Models_To_Accomplish_Physics_Conditioned_Goals_2601.05848.pdf	imported
2603.22036	2026	2026-arxiv	Codex:3D-Reconstruction,Codex:3D4D-Reconstruction	GTSR: Subsurface Scattering Awared 3D Gaussians for Translucent Surface Reconstruction	Youwen Yuan; Xi Zhao	cs.CV	/Volumes/UBag/Documents/l40server_mirror/lyra/Lyra-2/paper_collection_3d4d_reconstruction_2026_04_26/pdfs/2026_GTSR_Subsurface_Scattering_Awared_3D_Gaussians_for_Translucent_Surface_Reconstruction_2603.22036.pdf	imported
2603.06989	2026	2026-arxiv	Codex:3D-Reconstruction,Codex:3D4D-Reconstruction	MipSLAM: Alias-Free Gaussian Splatting SLAM	Yingzhao Li; Yan Li; Shixiong Tian; Yanjie Liu; Lijun Zhao; Gim Hee Lee	cs.CV	/Volumes/UBag/Documents/l40server_mirror/lyra/Lyra-2/paper_collection_3d4d_reconstruction_2026_04_26/pdfs/2026_MipSLAM_Alias_Free_Gaussian_Splatting_SLAM_2603.06989.pdf	imported
2603.21695	2026	2026-arxiv	Codex:3D-Reconstruction,Codex:3D4D-Reconstruction	RefracGS: Novel View Synthesis Through Refractive Water Surfaces with 3D Gaussian Ray Tracing	Yiming Shao; Qiyu Dai; Chong Gao; Guanbin Li; Yeqiang Wang; He Sun; Qiong Zeng; Baoquan Chen; Wenzheng Chen	cs.CV cs.GR	/Volumes/UBag/Documents/l40server_mirror/lyra/Lyra-2/paper_collection_3d4d_reconstruction_2026_04_26/pdfs/2026_RefracGS_Novel_View_Synthesis_Through_Refractive_Water_Surfaces_with_3D_Gaussian_Ray_Traci_2603.21695.pdf	imported
2603.22275	2026	2026-arxiv	Codex:3D-Reconstruction,Codex:3D4D-Reconstruction	Repurposing Geometric Foundation Models for Multi-view Diffusion	Wooseok Jang; Seonghu Jeon; Jisang Han; Jinhyeok Choi; Minkyung Kwon; Seungryong Kim; Saining Xie; Sainan Liu	cs.CV	/Volumes/UBag/Documents/l40server_mirror/lyra/Lyra-2/paper_collection_3d4d_reconstruction_2026_04_26/pdfs/2026_Repurposing_Geometric_Foundation_Models_for_Multi_view_Diffusion_2603.22275.pdf	imported
2603.21931	2026	2026-arxiv	Codex:3D-Reconstruction,Codex:3D4D-Reconstruction	SatGeo-NeRF: Geometrically Regularized NeRF for Satellite Imagery	Valentin Wagner; Sebastian Bullinger; Michael Arens; Rainer Stiefelhagen	cs.CV	/Volumes/UBag/Documents/l40server_mirror/lyra/Lyra-2/paper_collection_3d4d_reconstruction_2026_04_26/pdfs/2026_SatGeo_NeRF_Geometrically_Regularized_NeRF_for_Satellite_Imagery_2603.21931.pdf	imported
2603.22450	2026	2026-arxiv	Codex:3D-Reconstruction,Codex:3D4D-Reconstruction	Static Scene Reconstruction from Dynamic Egocentric Videos	Qifei Cui; Patrick Chen	cs.CV cs.GR	/Volumes/UBag/Documents/l40server_mirror/lyra/Lyra-2/paper_collection_3d4d_reconstruction_2026_04_26/pdfs/2026_Static_Scene_Reconstruction_from_Dynamic_Egocentric_Videos_2603.22450.pdf	imported
2601.04453	2026	2026-arxiv	Codex:3D+4D-Evolution,Codex:3D4D-Reconstruction	UniDrive-WM: Unified Understanding, Planning and Generation World Model For Autonomous Driving	Zhexiao Xiong; Xin Ye; Burhan Yaman; Sheng Cheng; Yiren Lu; Jingru Luo; Nathan Jacobs; Liu Ren	cs.CV	/Volumes/UBag/Documents/l40server_mirror/lyra/Lyra-2/paper_collection_3d4d_reconstruction_2026_04_26/pdfs/2026_UniDrive_WM_Unified_Understanding_Planning_and_Generation_World_Model_For_Autonomous_Drivi_2601.04453.pdf	imported
2603.22531	2026	2026-arxiv	Codex:3D-Reconstruction,Codex:3D4D-Reconstruction	UrbanVGGT: Scalable Sidewalk Width Estimation from Street View Images	Kaizhen Tan; Fan Zhang	cs.CV	/Volumes/UBag/Documents/l40server_mirror/lyra/Lyra-2/paper_collection_3d4d_reconstruction_2026_04_26/pdfs/2026_UrbanVGGT_Scalable_Sidewalk_Width_Estimation_from_Street_View_Images_2603.22531.pdf	imported
2603.21546	2026	2026-arxiv	Codex:3D+4D-Evolution,Codex:3D4D-Reconstruction	What Do World Models Learn in RL? Probing Latent Representations in Learned Environment Simulators	Xinyu Zhang	cs.LG cs.AI	/Volumes/UBag/Documents/l40server_mirror/lyra/Lyra-2/paper_collection_3d4d_reconstruction_2026_04_26/pdfs/2026_What_Do_World_Models_Learn_in_RL_Probing_Latent_Representations_in_Learned_Environment_Sim_2603.21546.pdf	imported
2603.22286	2026	2026-arxiv	Codex:3D+4D-Evolution,Codex:3D4D-Reconstruction	WorldCache: Content-Aware Caching for Accelerated Video World Models	Umair Nawaz; Ahmed Heakl; Ufaq Khan; Abdelrahman Shaker; Salman Khan; Fahad Shahbaz Khan	cs.CV cs.AI cs.CL cs.LG	/Volumes/UBag/Documents/l40server_mirror/lyra/Lyra-2/paper_collection_3d4d_reconstruction_2026_04_26/pdfs/2026_WorldCache_Content_Aware_Caching_for_Accelerated_Video_World_Models_2603.22286.pdf	imported
2603.23686	2026	2026-arxiv	Codex:3D-Reconstruction,Codex:3D4D-Reconstruction	AdvSplat: Adversarial Attacks on Feed-Forward Gaussian Splatting Models	Yiran Qiao; Yiren Lu; Yunlai Zhou; Rui Yang; Linlin Hou; Yu Yin; Jing Ma	cs.CV	/Volumes/UBag/Documents/l40server_mirror/lyra/Lyra-2/paper_collection_3d4d_reconstruction_2026_04_26/pdfs/2026_AdvSplat_Adversarial_Attacks_on_Feed_Forward_Gaussian_Splatting_Models_2603.23686.pdf	imported
2603.17808	2026	2026-arxiv	Codex:3D+4D-Evolution,Codex:3D4D-Reconstruction	EVA: Aligning Video World Models with Executable Robot Actions via Inverse Dynamics Rewards	Ruixiang Wang; Qingming Liu; Yueci Deng; Guiliang Liu; Zhen Liu; Kui Jia	cs.RO cs.AI	/Volumes/UBag/Documents/l40server_mirror/lyra/Lyra-2/paper_collection_3d4d_reconstruction_2026_04_26/pdfs/2026_EVA_Aligning_Video_World_Models_with_Executable_Robot_Actions_via_Inverse_Dynamics_Rewards_2603.17808.pdf	imported
2603.20583	2026	2026-arxiv	Codex:3D-Reconstruction,Codex:3D4D-Reconstruction	GHOST: Ground-projected Hypotheses from Observed Structure-from-Motion Trajectories	Tomasz Frelek; Rohan Patil; Akshar Tumu; Henrik I. Christensen	cs.RO cs.CV	/Volumes/UBag/Documents/l40server_mirror/lyra/Lyra-2/paper_collection_3d4d_reconstruction_2026_04_26/pdfs/2026_GHOST_Ground_projected_Hypotheses_from_Observed_Structure_from_Motion_Trajectories_2603.20583.pdf	imported
2603.23246	2026	2026-arxiv	Codex:3D-Reconstruction,Codex:3D4D-Reconstruction	GO-Renderer: Generative Object Rendering with 3D-aware Controllable Video Diffusion Models	Zekai Gu; Shuoxuan Feng; Yansong Wang; Hanzhuo Huang; Zhongshuo Du; Chengfeng Zhao; Chengwei Ren; Peng Wang; Yuan Liu	cs.CV	/Volumes/UBag/Documents/l40server_mirror/lyra/Lyra-2/paper_collection_3d4d_reconstruction_2026_04_26/pdfs/2026_GO_Renderer_Generative_Object_Rendering_with_3D_aware_Controllable_Video_Diffusion_Models_2603.23246.pdf	imported
2603.23192	2026	2026-arxiv	Codex:3D-Reconstruction,Codex:3D4D-Reconstruction	GTLR-GS: Geometry-Texture Aware LiDAR-Regularized 3D Gaussian Splatting for Realistic Scene Reconstruction	Yan Fang; Jianfei Ge; Jiangjian Xiao	cs.GR cs.MM	/Volumes/UBag/Documents/l40server_mirror/lyra/Lyra-2/paper_collection_3d4d_reconstruction_2026_04_26/pdfs/2026_GTLR_GS_Geometry_Texture_Aware_LiDAR_Regularized_3D_Gaussian_Splatting_for_Realistic_Scene_2603.23192.pdf	imported
2603.07145	2026	2026-arxiv	Codex:3D+4D-Evolution,Codex:3D4D-Reconstruction	LiveWorld: Simulating Out-of-Sight Dynamics in Generative Video World Models	Zicheng Duan; Jiatong Xia; Zeyu Zhang; Wenbo Zhang; Gengze Zhou; Chenhui Gou; Yefei He; Feng Chen; Xinyu Zhang; Lingqiao Liu	cs.CV	/Volumes/UBag/Documents/l40server_mirror/lyra/Lyra-2/paper_collection_3d4d_reconstruction_2026_04_26/pdfs/2026_LiveWorld_Simulating_Out_of_Sight_Dynamics_in_Generative_Video_World_Models_2603.07145.pdf	imported
2603.22796	2026	2026-arxiv	Codex:3D+4D-Evolution,Codex:3D4D-Reconstruction	PhotoAgent: A Robotic Photographer with Spatial and Aesthetic Understanding	Lirong Che; Zhenfeng Gan; Yanbo Chen; Junbo Tan; Xueqian Wang	cs.CV cs.AI cs.RO	/Volumes/UBag/Documents/l40server_mirror/lyra/Lyra-2/paper_collection_3d4d_reconstruction_2026_04_26/pdfs/2026_PhotoAgent_A_Robotic_Photographer_with_Spatial_and_Aesthetic_Understanding_2603.22796.pdf	imported
2603.22786	2026	2026-arxiv	Codex:3D-Reconstruction,Codex:3D4D-Reconstruction	Predictive Photometric Uncertainty in Gaussian Splatting for Novel View Synthesis	Chamuditha Jayanga Galappaththige; Thomas Gottwald; Peter Stehr; Edgar Heinert; Niko Suenderhauf; Dimity Miller; Matthias Rottmann	cs.CV	/Volumes/UBag/Documents/l40server_mirror/lyra/Lyra-2/paper_collection_3d4d_reconstruction_2026_04_26/pdfs/2026_Predictive_Photometric_Uncertainty_in_Gaussian_Splatting_for_Novel_View_Synthesis_2603.22786.pdf	imported
2603.22851	2026	2026-arxiv	Codex:3D-Reconstruction,Codex:3D4D-Reconstruction	UniQueR: Unified Query-based Feedforward 3D Reconstruction	Chensheng Peng; Quentin Herau; Jiezhi Yang; Yichen Xie; Yihan Hu; Wenzhao Zheng; Matthew Strong; Masayoshi Tomizuka; Wei Zhan	cs.CV cs.AI	/Volumes/UBag/Documents/l40server_mirror/lyra/Lyra-2/paper_collection_3d4d_reconstruction_2026_04_26/pdfs/2026_UniQueR_Unified_Query_based_Feedforward_3D_Reconstruction_2603.22851.pdf	imported
2603.24393	2026	2026-arxiv	Codex:3D-Reconstruction,Codex:3D4D-Reconstruction	3D-Mix for VLA: A Plug-and-Play Module for Integrating VGGT-based 3D Information into Vision-Language-Action Models	Bin Yu; Shijie Lian; Xiaopeng Lin; Zhaolong Shen; Yuliang Wei; Haishan Liu; Changti Wu; Hang Yuan; Bailing Wang; Cong Huang; Kai Chen	cs.RO	/Volumes/UBag/Documents/l40server_mirror/lyra/Lyra-2/paper_collection_3d4d_reconstruction_2026_04_26/pdfs/2026_3D_Mix_for_VLA_A_Plug_and_Play_Module_for_Integrating_VGGT_based_3D_Information_into_Visio_2603.24393.pdf	imported
2603.24440	2026	2026-arxiv	Codex:3D+4D-Evolution,Codex:3D4D-Reconstruction	CUA-Suite: Massive Human-annotated Video Demonstrations for Computer-Use Agents	Xiangru Jian; Shravan Nayak; Kevin Qinghong Lin; Aarash Feizi; Kaixin Li; Patrice Bechard; Spandana Gella; Sai Rajeswar	cs.LG cs.AI cs.CV	/Volumes/UBag/Documents/l40server_mirror/lyra/Lyra-2/paper_collection_3d4d_reconstruction_2026_04_26/pdfs/2026_CUA_Suite_Massive_Human_annotated_Video_Demonstrations_for_Computer_Use_Agents_2603.24440.pdf	imported
2603.01601	2026	2026-arxiv	Codex:3D-Reconstruction,Codex:3D4D-Reconstruction	Dehallu3D: Hallucination-Mitigated 3D Generation from Single Image via Cyclic View Consistency Refinement	Xiwen Wang; Shichao Zhang; Hailun Zhang; Ruowei Wang; Mao Li; Chenyu Zhou; Qijun Zhao; Ji-Zhe Zhou	cs.CV	/Volumes/UBag/Documents/l40server_mirror/lyra/Lyra-2/paper_collection_3d4d_reconstruction_2026_04_26/pdfs/2026_Dehallu3D_Hallucination_Mitigated_3D_Generation_from_Single_Image_via_Cyclic_View_Consiste_2603.01601.pdf	imported
2603.24770	2026	2026-arxiv	Codex:3D-Reconstruction,Codex:3D4D-Reconstruction,Codex:4D-Reconstruction	DRoPS: Dynamic 3D Reconstruction of Pre-Scanned Objects	Narek Tumanyan; Samuel Rota Bulò; Denis Rozumny; Lorenzo Porzi; Adam Harley; Tali Dekel; Peter Kontschieder; Jonathon Luiten	cs.CV	/Volumes/UBag/Documents/l40server_mirror/lyra/Lyra-2/paper_collection_3d4d_reconstruction_2026_04_26/pdfs/2026_DRoPS_Dynamic_3D_Reconstruction_of_Pre_Scanned_Objects_2603.24770.pdf	imported
2603.24577	2026	2026-arxiv	Codex:3D-Reconstruction,Codex:3D4D-Reconstruction	EndoVGGT: GNN-Enhanced Depth Estimation for Surgical 3D Reconstruction	Falong Fan; Yi Xie; Arnis Lektauers; Bo Liu; Jerzy Rozenblit	cs.CV cs.AI	/Volumes/UBag/Documents/l40server_mirror/lyra/Lyra-2/paper_collection_3d4d_reconstruction_2026_04_26/pdfs/2026_EndoVGGT_GNN_Enhanced_Depth_Estimation_for_Surgical_3D_Reconstruction_2603.24577.pdf	imported
2603.21304	2026	2026-arxiv	Codex:3D-Reconstruction,Codex:3D4D-Reconstruction	F4Splat: Feed-Forward Predictive Densification for Feed-Forward 3D Gaussian Splatting	Injae Kim; Chaehyeon Kim; Minseong Bae; Minseok Joo; Hyunwoo J. Kim	cs.CV	/Volumes/UBag/Documents/l40server_mirror/lyra/Lyra-2/paper_collection_3d4d_reconstruction_2026_04_26/pdfs/2026_F4Splat_Feed_Forward_Predictive_Densification_for_Feed_Forward_3D_Gaussian_Splatting_2603.21304.pdf	imported
2603.23891	2026	2026-arxiv	Codex:3D-Reconstruction,Codex:3D4D-Reconstruction	FilterGS: Traversal-Free Parallel Filtering and Adaptive Shrinking for Large-Scale LoD 3D Gaussian Splatting	Yixian Wang; Haolin Yu; Jiadong Tang; Yu Gao; Xihan Wang; Yufeng Yue; Yi Yang	cs.CV	/Volumes/UBag/Documents/l40server_mirror/lyra/Lyra-2/paper_collection_3d4d_reconstruction_2026_04_26/pdfs/2026_FilterGS_Traversal_Free_Parallel_Filtering_and_Adaptive_Shrinking_for_Large_Scale_LoD_3D_G_2603.23891.pdf	imported
2603.22792	2026	2026-arxiv	Codex:3D-Reconstruction,Codex:3D4D-Reconstruction	Instrument-Splatting++: Towards Controllable Surgical Instrument Digital Twin Using Gaussian Splatting	Shuojue Yang; Zijian Wu; Chengjiaao Liao; Qian Li; Daiyun Shen; Chang Han Low; Septimiu E. Salcudean; Yueming Jin	cs.RO	/Volumes/UBag/Documents/l40server_mirror/lyra/Lyra-2/paper_collection_3d4d_reconstruction_2026_04_26/pdfs/2026_Instrument_Splatting_Towards_Controllable_Surgical_Instrument_Digital_Twin_Using_Gaussian_2603.22792.pdf	imported
2603.24581	2026	2026-arxiv	Codex:3D+4D-Evolution,Codex:3D4D-Reconstruction	Latent-WAM: Latent World Action Modeling for End-to-End Autonomous Driving	Linbo Wang; Yupeng Zheng; Qiang Chen; Shiwei Li; Yichen Zhang; Zebin Xing; Qichao Zhang; Xiang Li; Deheng Qian; Pengxuan Yang; Yihang Dong; Ce Hao; Xiaoqing Ye; Junyu han; Yifeng Pan; Dongbin Zhao	cs.CV cs.RO	/Volumes/UBag/Documents/l40server_mirror/lyra/Lyra-2/paper_collection_3d4d_reconstruction_2026_04_26/pdfs/2026_Latent_WAM_Latent_World_Action_Modeling_for_End_to_End_Autonomous_Driving_2603.24581.pdf	imported
2602.22212	2026	2026-arxiv	Codex:3D-Reconstruction,Codex:3D4D-Reconstruction	Neu-PiG: Neural Preconditioned Grids for Fast Dynamic Surface Reconstruction on Long Sequences	Julian Kaltheuner; Hannah Dröge; Markus Plack; Patrick Stotko; Reinhard Klein	cs.CV	/Volumes/UBag/Documents/l40server_mirror/lyra/Lyra-2/paper_collection_3d4d_reconstruction_2026_04_26/pdfs/2026_Neu_PiG_Neural_Preconditioned_Grids_for_Fast_Dynamic_Surface_Reconstruction_on_Long_Sequen_2602.22212.pdf	imported
2603.23973	2026	2026-arxiv	Codex:3D-Reconstruction,Codex:3D4D-Reconstruction	SLAT-Phys: Fast Material Property Field Prediction from Structured 3D Latents	Rocktim Jyoti Das; Dinesh Manocha	cs.CV cs.GR cs.RO	/Volumes/UBag/Documents/l40server_mirror/lyra/Lyra-2/paper_collection_3d4d_reconstruction_2026_04_26/pdfs/2026_SLAT_Phys_Fast_Material_Property_Field_Prediction_from_Structured_3D_Latents_2603.23973.pdf	imported
2603.19682	2026	2026-arxiv	Codex:3D-Reconstruction,Codex:3D4D-Reconstruction	3D Gaussian Splatting with Self-Constrained Priors for High Fidelity Surface Reconstruction	Takeshi Noda; Yu-Shen Liu; Zhizhong Han	cs.CV	/Volumes/UBag/Documents/l40server_mirror/lyra/Lyra-2/paper_collection_3d4d_reconstruction_2026_04_26/pdfs/2026_3D_Gaussian_Splatting_with_Self_Constrained_Priors_for_High_Fidelity_Surface_Reconstructio_2603.19682.pdf	imported
2603.25623	2026	2026-arxiv	Codex:3D-Reconstruction,Codex:3D4D-Reconstruction	Accurate Surface and Reflectance Modelling from 3D Radar Data with Neural Radiance Fields	Judith Treffler; Vladimír Kubelka; Henrik Andreasson; Martin Magnusson	cs.RO	/Volumes/UBag/Documents/l40server_mirror/lyra/Lyra-2/paper_collection_3d4d_reconstruction_2026_04_26/pdfs/2026_Accurate_Surface_and_Reflectance_Modelling_from_3D_Radar_Data_with_Neural_Radiance_Fields_2603.25623.pdf	imported
2603.25129	2026	2026-arxiv	Codex:3D-Reconstruction,Codex:3D4D-Reconstruction	AirSplat: Alignment and Rating for Robust Feed-Forward 3D Gaussian Splatting	Minh-Quan Viet Bui; Jaeho Moon; Munchurl Kim	cs.CV	/Volumes/UBag/Documents/l40server_mirror/lyra/Lyra-2/paper_collection_3d4d_reconstruction_2026_04_26/pdfs/2026_AirSplat_Alignment_and_Rating_for_Robust_Feed_Forward_3D_Gaussian_Splatting_2603.25129.pdf	imported
2603.25791	2026	2026-arxiv	Codex:3D4D-Reconstruction,Codex:4D-Reconstruction	ArtHOI: Taming Foundation Models for Monocular 4D Reconstruction of Hand-Articulated-Object Interactions	Zikai Wang; Zhilu Zhang; Yiqing Wang; Hui Li; Wangmeng Zuo	cs.CV	/Volumes/UBag/Documents/l40server_mirror/lyra/Lyra-2/paper_collection_3d4d_reconstruction_2026_04_26/pdfs/2026_ArtHOI_Taming_Foundation_Models_for_Monocular_4D_Reconstruction_of_Hand_Articulated_Object_2603.25791.pdf	imported
2603.21936	2026	2026-arxiv	Codex:3D-Reconstruction,Codex:3D4D-Reconstruction	Cross-Instance Gaussian Splatting Registration via Geometry-Aware Feature-Guided Alignment	Roy Amoyal; Oren Freifeld; Chaim Baskin	cs.CV	/Volumes/UBag/Documents/l40server_mirror/lyra/Lyra-2/paper_collection_3d4d_reconstruction_2026_04_26/pdfs/2026_Cross_Instance_Gaussian_Splatting_Registration_via_Geometry_Aware_Feature_Guided_Alignment_2603.21936.pdf	imported
2603.25819	2026	2026-arxiv	Codex:3D-Reconstruction,Codex:3D4D-Reconstruction	Geo$^\textbf{2}$: Geometry-Guided Cross-view Geo-Localization and Image Synthesis	Yancheng Zhang; Xiaohan Zhang; Guangyu Sun; Zonglin Lyu; Safwan Wshah; Chen Chen	cs.CV	/Volumes/UBag/Documents/l40server_mirror/lyra/Lyra-2/paper_collection_3d4d_reconstruction_2026_04_26/pdfs/2026_Geo_textbf_2_Geometry_Guided_Cross_view_Geo_Localization_and_Image_Synthesis_2603.25819.pdf	imported
2603.01010	2026	2026-arxiv	Codex:3D-Reconstruction,Codex:3D4D-Reconstruction	GeodesicNVS: Probability Density Geodesic Flow Matching for Novel View Synthesis	Xuqin Wang; Tao Wu; Yanfeng Zhang; Lu Liu; Mingwei Sun; Yongliang Wang; Niclas Zeller; Daniel Cremers	cs.CV	/Volumes/UBag/Documents/l40server_mirror/lyra/Lyra-2/paper_collection_3d4d_reconstruction_2026_04_26/pdfs/2026_GeodesicNVS_Probability_Density_Geodesic_Flow_Matching_for_Novel_View_Synthesis_2603.01010.pdf	imported
2603.25336	2026	2026-arxiv	Codex:3D-Reconstruction,Codex:3D4D-Reconstruction	HeSS: Head Sensitivity Score for Sparsity Redistribution in VGGT	Yongsung Kim; Wooseok Song; Jaihyun Lew; Hun Hwangbo; Jaehoon Lee; Sungroh Yoon	cs.CV	/Volumes/UBag/Documents/l40server_mirror/lyra/Lyra-2/paper_collection_3d4d_reconstruction_2026_04_26/pdfs/2026_HeSS_Head_Sensitivity_Score_for_Sparsity_Redistribution_in_VGGT_2603.25336.pdf	imported
2603.23997	2026	2026-arxiv	Codex:3D-Reconstruction,Codex:3D4D-Reconstruction	HGGT: Robust and Flexible 3D Hand Mesh Reconstruction from Uncalibrated Images	Yumeng Liu; Xiao-Xiao Long; Marc Habermann; Xuanze Yang; Cheng Lin; Yuan Liu; Yuexin Ma; Wenping Wang; Ligang Liu	cs.CV	/Volumes/UBag/Documents/l40server_mirror/lyra/Lyra-2/paper_collection_3d4d_reconstruction_2026_04_26/pdfs/2026_HGGT_Robust_and_Flexible_3D_Hand_Mesh_Reconstruction_from_Uncalibrated_Images_2603.23997.pdf	imported
2601.03824	2026	2026-arxiv	Codex:3D-Reconstruction,Codex:3D4D-Reconstruction	IDESplat: Iterative Depth Probability Estimation for Generalizable 3D Gaussian Splatting	Wei Long; Haifeng Wu; Shiyin Jiang; Jinhua Zhang; Xinchun Ji; Shuhang Gu	cs.CV cs.AI	/Volumes/UBag/Documents/l40server_mirror/lyra/Lyra-2/paper_collection_3d4d_reconstruction_2026_04_26/pdfs/2026_IDESplat_Iterative_Depth_Probability_Estimation_for_Generalizable_3D_Gaussian_Splatting_2601.03824.pdf	imported
2603.25399	2026	2026-arxiv	Codex:3D4D-Reconstruction,Codex:4D-Reconstruction	LaMP: Learning Vision-Language-Action Policies with 3D Scene Flow as Latent Motion Prior	Xinkai Wang; Chenyi Wang; Yifu Xu; Mingzhe Ye; Fu-Cheng Zhang; Jialin Tian; Xinyu Zhan; Lifeng Zhu; Cewu Lu; Lixin Yang	cs.CV cs.RO	/Volumes/UBag/Documents/l40server_mirror/lyra/Lyra-2/paper_collection_3d4d_reconstruction_2026_04_26/pdfs/2026_LaMP_Learning_Vision_Language_Action_Policies_with_3D_Scene_Flow_as_Latent_Motion_Prior_2603.25399.pdf	imported
2603.25058	2026	2026-arxiv	Codex:3D-Reconstruction,Codex:3D4D-Reconstruction,Codex:4D-Reconstruction	Learning Explicit Continuous Motion Representation for Dynamic Gaussian Splatting from Monocular Videos	Xuankai Zhang; Junjin Xiao; Shangwei Huang; Wei-shi Zheng; Qing Zhang	cs.CV	/Volumes/UBag/Documents/l40server_mirror/lyra/Lyra-2/paper_collection_3d4d_reconstruction_2026_04_26/pdfs/2026_Learning_Explicit_Continuous_Motion_Representation_for_Dynamic_Gaussian_Splatting_from_Mon_2603.25058.pdf	imported
2603.25415	2026	2026-arxiv	Codex:3D+4D-Evolution,Codex:3D4D-Reconstruction	Modernising Reinforcement Learning-Based Navigation for Embodied Semantic Scene Graph Generation	Roman Kueble; Marco Hueller; Mrunmai Phatak; Rainer Lienhart; Joerg Haehner	cs.AI cs.RO	/Volumes/UBag/Documents/l40server_mirror/lyra/Lyra-2/paper_collection_3d4d_reconstruction_2026_04_26/pdfs/2026_Modernising_Reinforcement_Learning_Based_Navigation_for_Embodied_Semantic_Scene_Graph_Gene_2603.25415.pdf	imported
2603.25042	2026	2026-arxiv	Codex:3D4D-Reconstruction,Codex:4D-Reconstruction	MoRGS: Efficient Per-Gaussian Motion Reasoning for Streamable Dynamic 3D Scenes	Wonjoon Lee; Sungmin Woo; Donghyeong Kim; Jungho Lee; Sangheon Park; Sangyoun Lee	cs.CV	/Volumes/UBag/Documents/l40server_mirror/lyra/Lyra-2/paper_collection_3d4d_reconstruction_2026_04_26/pdfs/2026_MoRGS_Efficient_Per_Gaussian_Motion_Reasoning_for_Streamable_Dynamic_3D_Scenes_2603.25042.pdf	imported
2601.00393	2026	2026-arxiv	Codex:3D+4D-Evolution,Codex:3D4D-Reconstruction,Codex:4D-Reconstruction	NeoVerse: Enhancing 4D World Model with in-the-wild Monocular Videos	Yuxue Yang; Lue Fan; Ziqi Shi; Junran Peng; Feng Wang; Zhaoxiang Zhang	cs.CV	/Volumes/UBag/Documents/l40server_mirror/lyra/Lyra-2/paper_collection_3d4d_reconstruction_2026_04_26/pdfs/2026_NeoVerse_Enhancing_4D_World_Model_with_in_the_wild_Monocular_Videos_2601.00393.pdf	imported
2603.25685	2026	2026-arxiv	Codex:3D+4D-Evolution,Codex:3D4D-Reconstruction	Persistent Robot World Models: Stabilizing Multi-Step Rollouts via Reinforcement Learning	Jai Bardhan; Patrik Drozdik; Josef Sivic; Vladimir Petrik	cs.RO cs.CV	/Volumes/UBag/Documents/l40server_mirror/lyra/Lyra-2/paper_collection_3d4d_reconstruction_2026_04_26/pdfs/2026_Persistent_Robot_World_Models_Stabilizing_Multi_Step_Rollouts_via_Reinforcement_Learning_2603.25685.pdf	imported
2603.25981	2026	2026-arxiv	Codex:3D+4D-Evolution,Codex:3D4D-Reconstruction	Policy-Guided World Model Planning for Language-Conditioned Visual Navigation	Amirhosein Chahe; Lifeng Zhou	cs.RO cs.AI cs.CL	/Volumes/UBag/Documents/l40server_mirror/lyra/Lyra-2/paper_collection_3d4d_reconstruction_2026_04_26/pdfs/2026_Policy_Guided_World_Model_Planning_for_Language_Conditioned_Visual_Navigation_2603.25981.pdf	imported
2603.23324	2026	2026-arxiv	Codex:3D-Reconstruction,Codex:3D4D-Reconstruction	Pose-Free Omnidirectional Gaussian Splatting for 360-Degree Videos with Consistent Depth Priors	Chuanqing Zhuang; Xin Lu; Zehui Deng; Zhengda Lu; Yiqun Wang; Junqi Diao; Jun Xiao	cs.CV	/Volumes/UBag/Documents/l40server_mirror/lyra/Lyra-2/paper_collection_3d4d_reconstruction_2026_04_26/pdfs/2026_Pose_Free_Omnidirectional_Gaussian_Splatting_for_360_Degree_Videos_with_Consistent_Depth_P_2603.23324.pdf	imported
2603.22893	2026	2026-arxiv	Codex:3D4D-Reconstruction,Codex:4D-Reconstruction	SLARM: Streaming and Language-Aligned Reconstruction Model for Dynamic Scenes	Zhicheng Qiu; Jiarui Meng; Tong-an Luo; Yican Huang; Xuan Feng; Xuanfu Li; ZHan Xu	cs.CV	/Volumes/UBag/Documents/l40server_mirror/lyra/Lyra-2/paper_collection_3d4d_reconstruction_2026_04_26/pdfs/2026_SLARM_Streaming_and_Language_Aligned_Reconstruction_Model_for_Dynamic_Scenes_2603.22893.pdf	imported
2603.23637	2026	2026-arxiv	Codex:3D-Reconstruction,Codex:3D4D-Reconstruction	Stochastic Ray Tracing for the Reconstruction of 3D Gaussian Splatting	Peiyu Xu; Xin Sun; Krishna Mullia; Raymond Fei; Iliyan Georgiev; Shuang Zhao	cs.CV	/Volumes/UBag/Documents/l40server_mirror/lyra/Lyra-2/paper_collection_3d4d_reconstruction_2026_04_26/pdfs/2026_Stochastic_Ray_Tracing_for_the_Reconstruction_of_3D_Gaussian_Splatting_2603.23637.pdf	imported
2603.26810	2026	2026-arxiv	Codex:3D-Reconstruction,Codex:3D4D-Reconstruction	Unblur-SLAM: Dense Neural SLAM for Blurry Inputs	Qi Zhang; Denis Rozumny; Francesco Girlanda; Sezer Karaoglu; Marc Pollefeys; Theo Gevers; Martin R. Oswald	cs.CV eess.IV	/Volumes/UBag/Documents/l40server_mirror/lyra/Lyra-2/paper_collection_3d4d_reconstruction_2026_04_26/pdfs/2026_Unblur_SLAM_Dense_Neural_SLAM_for_Blurry_Inputs_2603.26810.pdf	imported
2603.25265	2026	2026-arxiv	Codex:3D-Reconstruction,Codex:3D4D-Reconstruction,Codex:4D-Reconstruction	ViewSplat: View-Adaptive Dynamic Gaussian Splatting for Feed-Forward Synthesis	Moonyeon Jeong; Seunggi Min; Suhyeon Lee; Hongje Seong	cs.CV	/Volumes/UBag/Documents/l40server_mirror/lyra/Lyra-2/paper_collection_3d4d_reconstruction_2026_04_26/pdfs/2026_ViewSplat_View_Adaptive_Dynamic_Gaussian_Splatting_for_Feed_Forward_Synthesis_2603.25265.pdf	imported
2602.05321	2026	2026-arxiv	Codex:3D-Reconstruction,Codex:3D4D-Reconstruction	Wid3R: Wide Field-of-View 3D Reconstruction via Camera Model Conditioning	Dongki Jung; Jaehoon Choi; Adil Qureshi; Somi Jeong; Dinesh Manocha; Suyong Yeon	cs.CV	/Volumes/UBag/Documents/l40server_mirror/lyra/Lyra-2/paper_collection_3d4d_reconstruction_2026_04_26/pdfs/2026_Wid3R_Wide_Field_of_View_3D_Reconstruction_via_Camera_Model_Conditioning_2602.05321.pdf	imported
2603.23376	2026	2026-arxiv	Codex:3D+4D-Evolution,Codex:3D4D-Reconstruction	ABot-PhysWorld: Interactive World Foundation Model for Robotic Manipulation with Physics Alignment	Yuzhi Chen; Ronghan Chen; Dongjie Huo; Yandan Yang; Dekang Qi; Haoyun Liu; Tong Lin; Shuang Zeng; Junjin Xiao; Xinyuan Chang; Feng Xiong; Xing Wei; Zhiheng Ma; Mu Xu	cs.CV cs.RO	/Volumes/UBag/Documents/l40server_mirror/lyra/Lyra-2/paper_collection_3d4d_reconstruction_2026_04_26/pdfs/2026_ABot_PhysWorld_Interactive_World_Foundation_Model_for_Robotic_Manipulation_with_Physics_Al_2603.23376.pdf	imported
2603.26638	2026	2026-arxiv	Codex:3D-Reconstruction,Codex:3D4D-Reconstruction	Drive-Through 3D Vehicle Exterior Reconstruction via Dynamic-Scene SfM and Distortion-Aware Gaussian Splatting	Nitin Kulkarni; Akhil Devarashetti; Charlie Cluss; Livio Forte; Philip Schneider; Chunming Qiao; Alina Vereshchaka	cs.CV cs.RO	/Volumes/UBag/Documents/l40server_mirror/lyra/Lyra-2/paper_collection_3d4d_reconstruction_2026_04_26/pdfs/2026_Drive_Through_3D_Vehicle_Exterior_Reconstruction_via_Dynamic_Scene_SfM_and_Distortion_Awar_2603.26638.pdf	imported
2603.21356	2026	2026-arxiv	Codex:3D-Reconstruction,Codex:3D4D-Reconstruction	FluidGaussian: Propagating Simulation-Based Uncertainty Toward Functionally-Intelligent 3D Reconstruction	Yuqiu Liu; Jialin Song; Marissa Ramirez de Chanlatte; Rochishnu Chowdhury; Rushil Paresh Desai; Wuyang Chen; Daniel Martin; Michael W. Mahoney	cs.CV	/Volumes/UBag/Documents/l40server_mirror/lyra/Lyra-2/paper_collection_3d4d_reconstruction_2026_04_26/pdfs/2026_FluidGaussian_Propagating_Simulation_Based_Uncertainty_Toward_Functionally_Intelligent_3D_2603.21356.pdf	imported
2603.25053	2026	2026-arxiv	Codex:3D-Reconstruction,Codex:3D4D-Reconstruction	GaussFusion: Improving 3D Reconstruction in the Wild with A Geometry-Informed Video Generator	Liyuan Zhu; Manjunath Narayana; Michal Stary; Will Hutchcroft; Gordon Wetzstein; Iro Armeni	cs.CV	/Volumes/UBag/Documents/l40server_mirror/lyra/Lyra-2/paper_collection_3d4d_reconstruction_2026_04_26/pdfs/2026_GaussFusion_Improving_3D_Reconstruction_in_the_Wild_with_A_Geometry_Informed_Video_Generat_2603.25053.pdf	imported
2603.26661	2026	2026-arxiv	Codex:3D-Reconstruction,Codex:3D4D-Reconstruction	GaussianGPT: Towards Autoregressive 3D Gaussian Scene Generation	Nicolas von Lützow; Barbara Rössle; Katharina Schmid; Matthias Nießner	cs.CV	/Volumes/UBag/Documents/l40server_mirror/lyra/Lyra-2/paper_collection_3d4d_reconstruction_2026_04_26/pdfs/2026_GaussianGPT_Towards_Autoregressive_3D_Gaussian_Scene_Generation_2603.26661.pdf	imported
2603.27016	2026	2026-arxiv	Codex:3D-Reconstruction,Codex:3D4D-Reconstruction	Generative Shape Reconstruction with Geometry-Guided Langevin Dynamics	Linus Härenstam-Nielsen; Dmitrii Pozdeev; Thomas Dagès; Nikita Araslanov; Daniel Cremers	cs.CV cs.AI	/Volumes/UBag/Documents/l40server_mirror/lyra/Lyra-2/paper_collection_3d4d_reconstruction_2026_04_26/pdfs/2026_Generative_Shape_Reconstruction_with_Geometry_Guided_Langevin_Dynamics_2603.27016.pdf	imported
2603.26023	2026	2026-arxiv	Codex:3D4D-Reconstruction,Codex:4D-Reconstruction	GLU: Global-Local-Uncertainty Fusion for Scalable Spatiotemporal Reconstruction and Forecasting	Linzheng Wang; Jason Chen; Nicolas Tricard; Zituo Chen; Sili Deng	cs.LG	/Volumes/UBag/Documents/l40server_mirror/lyra/Lyra-2/paper_collection_3d4d_reconstruction_2026_04_26/pdfs/2026_GLU_Global_Local_Uncertainty_Fusion_for_Scalable_Spatiotemporal_Reconstruction_and_Forecas_2603.26023.pdf	imported
2603.20176	2026	2026-arxiv	Codex:3D-Reconstruction,Codex:3D4D-Reconstruction	LagerNVS: Latent Geometry for Fully Neural Real-time Novel View Synthesis	Stanislaw Szymanowicz; Minghao Chen; Jianyuan Wang; Christian Rupprecht; Andrea Vedaldi	cs.CV	/Volumes/UBag/Documents/l40server_mirror/lyra/Lyra-2/paper_collection_3d4d_reconstruction_2026_04_26/pdfs/2026_LagerNVS_Latent_Geometry_for_Fully_Neural_Real_time_Novel_View_Synthesis_2603.20176.pdf	imported
2603.26067	2026	2026-arxiv	Codex:3D-Reconstruction,Codex:3D4D-Reconstruction	R-PGA: Robust Physical Adversarial Camouflage Generation via Relightable 3D Gaussian Splatting	Tianrui Lou; Siyuan Liang; Jiawei Liang; Yuze Gao; Xiaochun Cao	cs.CV cs.AI	/Volumes/UBag/Documents/l40server_mirror/lyra/Lyra-2/paper_collection_3d4d_reconstruction_2026_04_26/pdfs/2026_R_PGA_Robust_Physical_Adversarial_Camouflage_Generation_via_Relightable_3D_Gaussian_Splatt_2603.26067.pdf	imported
2603.24994	2026	2026-arxiv	Codex:3D-Reconstruction,Codex:3D4D-Reconstruction,Codex:4D-Reconstruction	Relaxed Rigidity with Ray-based Grouping for Dynamic Gaussian Splatting	Junoh Lee; Junmyeong Lee; Yeon-Ji Song; Inhwan Bae; Jisu Shin; Hae-Gon Jeon; Jin-Hwa Kim	cs.CV	/Volumes/UBag/Documents/l40server_mirror/lyra/Lyra-2/paper_collection_3d4d_reconstruction_2026_04_26/pdfs/2026_Relaxed_Rigidity_with_Ray_based_Grouping_for_Dynamic_Gaussian_Splatting_2603.24994.pdf	imported
2603.26837	2026	2026-arxiv	Codex:3D-Reconstruction,Codex:3D4D-Reconstruction	SpatialAnt: Autonomous Zero-Shot Robot Navigation via Active Scene Reconstruction and Visual Anticipation	Jiwen Zhang; Xiangyu Shi; Siyuan Wang; Zerui Li; Zhongyu Wei; Qi Wu	cs.RO cs.AI cs.CV	/Volumes/UBag/Documents/l40server_mirror/lyra/Lyra-2/paper_collection_3d4d_reconstruction_2026_04_26/pdfs/2026_SpatialAnt_Autonomous_Zero_Shot_Robot_Navigation_via_Active_Scene_Reconstruction_and_Visua_2603.26837.pdf	imported
2603.26599	2026	2026-arxiv	Codex:3D4D-Reconstruction,Codex:4D-Reconstruction	VGGRPO: Towards World-Consistent Video Generation with 4D Latent Reward	Zhaochong An; Orest Kupyn; Théo Uscidda; Andrea Colaco; Karan Ahuja; Serge Belongie; Mar Gonzalez-Franco; Marta Tintore Gazulla	cs.CV	/Volumes/UBag/Documents/l40server_mirror/lyra/Lyra-2/paper_collection_3d4d_reconstruction_2026_04_26/pdfs/2026_VGGRPO_Towards_World_Consistent_Video_Generation_with_4D_Latent_Reward_2603.26599.pdf	imported
2603.16816	2026	2026-arxiv	Codex:3D-Reconstruction,Codex:3D4D-Reconstruction	WildDepth: A Multimodal Dataset for 3D Wildlife Perception and Depth Estimation	Muhammad Aamir; Naoya Muramatsu; Sangyun Shin; Matthew Wijers; Jia-Xing Zhong; Xinyu Hou; Amir Patel; Andrew Loveridge; Andrew Markham	cs.CV cs.DL	/Volumes/UBag/Documents/l40server_mirror/lyra/Lyra-2/paper_collection_3d4d_reconstruction_2026_04_26/pdfs/2026_WildDepth_A_Multimodal_Dataset_for_3D_Wildlife_Perception_and_Depth_Estimation_2603.16816.pdf	imported
2603.17227	2026	2026-arxiv	Codex:3D-Reconstruction,Codex:3D4D-Reconstruction,Codex:4D-Reconstruction	Adaptive Anchor Policies for Efficient 4D Gaussian Streaming	Ashim Dahal; Rabab Abdelfattah; Nick Rahimi	cs.CV	/Volumes/UBag/Documents/l40server_mirror/lyra/Lyra-2/paper_collection_3d4d_reconstruction_2026_04_26/pdfs/2026_Adaptive_Anchor_Policies_for_Efficient_4D_Gaussian_Streaming_2603.17227.pdf	imported
2603.27300	2026	2026-arxiv	Codex:3D4D-Reconstruction,Codex:4D-Reconstruction	Complet4R: Geometric Complete 4D Reconstruction	Weibang Wang; Kenan Li; Zhuoguang Chen; Yijun Yuan; Hang Zhao	cs.CV	/Volumes/UBag/Documents/l40server_mirror/lyra/Lyra-2/paper_collection_3d4d_reconstruction_2026_04_26/pdfs/2026_Complet4R_Geometric_Complete_4D_Reconstruction_2603.27300.pdf	imported
2603.21332	2026	2026-arxiv	Codex:3D-Reconstruction,Codex:3D4D-Reconstruction	EmoTaG: Emotion-Aware Talking Head Synthesis on Gaussian Splatting with Few-Shot Personalization	Haolan Xu; Keli Cheng; Lei Wang; Ning Bi; Xiaoming Liu	cs.CV	/Volumes/UBag/Documents/l40server_mirror/lyra/Lyra-2/paper_collection_3d4d_reconstruction_2026_04_26/pdfs/2026_EmoTaG_Emotion_Aware_Talking_Head_Synthesis_on_Gaussian_Splatting_with_Few_Shot_Personaliz_2603.21332.pdf	imported
2603.27449	2026	2026-arxiv	Codex:3D+4D-Evolution,Codex:3D4D-Reconstruction	LOME: Learning Human-Object Manipulation with Action-Conditioned Egocentric World Model	Quankai Gao; Jiawei Yang; Qiangeng Xu; Le Chen; Yue Wang	cs.CV	/Volumes/UBag/Documents/l40server_mirror/lyra/Lyra-2/paper_collection_3d4d_reconstruction_2026_04_26/pdfs/2026_LOME_Learning_Human_Object_Manipulation_with_Action_Conditioned_Egocentric_World_Model_2603.27449.pdf	imported
2602.08961	2026	2026-arxiv	Codex:3D4D-Reconstruction,Codex:4D-Reconstruction	MotionCrafter: Dense Geometry and Motion Reconstruction with a 4D VAE	Ruijie Zhu; Jiahao Lu; Wenbo Hu; Xiaoguang Han; Jianfei Cai; Ying Shan; Chuanxia Zheng	cs.CV cs.AI cs.CG cs.LG	/Volumes/UBag/Documents/l40server_mirror/lyra/Lyra-2/paper_collection_3d4d_reconstruction_2026_04_26/pdfs/2026_MotionCrafter_Dense_Geometry_and_Motion_Reconstruction_with_a_4D_VAE_2602.08961.pdf	imported
2603.27228	2026	2026-arxiv	Codex:3D-Reconstruction,Codex:3D4D-Reconstruction	NimbusGS: Unified 3D Scene Reconstruction under Hybrid Weather	Yanying Li; Jinyang Li; Shengfeng He; Yangyang Xu; Junyu Dong; Yong Du	cs.CV	/Volumes/UBag/Documents/l40server_mirror/lyra/Lyra-2/paper_collection_3d4d_reconstruction_2026_04_26/pdfs/2026_NimbusGS_Unified_3D_Scene_Reconstruction_under_Hybrid_Weather_2603.27228.pdf	imported
2603.25716	2026	2026-arxiv	Codex:3D+4D-Evolution,Codex:3D4D-Reconstruction	Out of Sight but Not Out of Mind: Hybrid Memory for Dynamic Video World Models	Kaijin Chen; Dingkang Liang; Xin Zhou; Yikang Ding; Xiaoqiang Liu; Pengfei Wan; Xiang Bai	cs.CV cs.AI	/Volumes/UBag/Documents/l40server_mirror/lyra/Lyra-2/paper_collection_3d4d_reconstruction_2026_04_26/pdfs/2026_Out_of_Sight_but_Not_Out_of_Mind_Hybrid_Memory_for_Dynamic_Video_World_Models_2603.25716.pdf	imported
2603.27455	2026	2026-arxiv	Codex:3D-Reconstruction,Codex:3D4D-Reconstruction	From None to All: Self-Supervised 3D Reconstruction via Novel View Synthesis	Ranran Huang; Weixun Luo; Ye Mao; Krystian Mikolajczyk	cs.CV	/Volumes/UBag/Documents/l40server_mirror/lyra/Lyra-2/paper_collection_3d4d_reconstruction_2026_04_26/pdfs/2026_From_None_to_All_Self_Supervised_3D_Reconstruction_via_Novel_View_Synthesis_2603.27455.pdf	imported
2603.27797	2026	2026-arxiv	Codex:3D-Reconstruction,Codex:3D4D-Reconstruction	Which Reconstruction Model Should a Robot Use? Routing Image-to-3D Models for Cost-Aware Robotic Manipulation	Akash Anand; Aditya Agarwal; Leslie Pack Kaelbling	cs.RO	/Volumes/UBag/Documents/l40server_mirror/lyra/Lyra-2/paper_collection_3d4d_reconstruction_2026_04_26/pdfs/2026_Which_Reconstruction_Model_Should_a_Robot_Use_Routing_Image_to_3D_Models_for_Cost_Aware_Ro_2603.27797.pdf	imported
2603.28064	2026	2026-arxiv	Codex:3D-Reconstruction,Codex:3D4D-Reconstruction	\textit{4DSurf}: High-Fidelity Dynamic Scene Surface Reconstruction	Renjie Wu; Hongdong Li; Jose M. Alvarez; Miaomiao Liu	cs.CV	/Volumes/UBag/Documents/l40server_mirror/lyra/Lyra-2/paper_collection_3d4d_reconstruction_2026_04_26/pdfs/2026_textit_4DSurf_High_Fidelity_Dynamic_Scene_Surface_Reconstruction_2603.28064.pdf	imported
2603.28963	2026	2026-arxiv	Codex:3D+4D-Evolution,Codex:3D4D-Reconstruction	AutoWorld: Scaling Multi-Agent Traffic Simulation with Self-Supervised World Models	Mozhgan Pourkeshavatz; Tianran Liu; Nicholas Rhinehart	cs.RO cs.AI cs.CV cs.LG	/Volumes/UBag/Documents/l40server_mirror/lyra/Lyra-2/paper_collection_3d4d_reconstruction_2026_04_26/pdfs/2026_AutoWorld_Scaling_Multi_Agent_Traffic_Simulation_with_Self_Supervised_World_Models_2603.28963.pdf	imported
2602.23574	2026	2026-arxiv	Codex:3D-Reconstruction,Codex:3D4D-Reconstruction	Evidential Neural Radiance Fields	Ruxiao Duan; Alex Wong	cs.CV cs.AI cs.LG	/Volumes/UBag/Documents/l40server_mirror/lyra/Lyra-2/paper_collection_3d4d_reconstruction_2026_04_26/pdfs/2026_Evidential_Neural_Radiance_Fields_2602.23574.pdf	imported
2603.25008	2026	2026-arxiv	Codex:3D-Reconstruction,Codex:3D4D-Reconstruction	Few TensoRF: Enhance the Few-shot on Tensorial Radiance Fields	Thanh-Hai Le; Hoang-Hau Tran; Trong-Nghia Vu	cs.CV cs.AI	/Volumes/UBag/Documents/l40server_mirror/lyra/Lyra-2/paper_collection_3d4d_reconstruction_2026_04_26/pdfs/2026_Few_TensoRF_Enhance_the_Few_shot_on_Tensorial_Radiance_Fields_2603.25008.pdf	imported
2603.28896	2026	2026-arxiv	Codex:3D-Reconstruction,Codex:3D4D-Reconstruction	Fisheye3R: Adapting Unified 3D Feed-Forward Foundation Models to Fisheye Lenses	Ruxiao Duan; Erin Hong; Dongxu Zhao; Eric Turner; Alex Wong; Yunwen Zhou	cs.CV	/Volumes/UBag/Documents/l40server_mirror/lyra/Lyra-2/paper_collection_3d4d_reconstruction_2026_04_26/pdfs/2026_Fisheye3R_Adapting_Unified_3D_Feed_Forward_Foundation_Models_to_Fisheye_Lenses_2603.28896.pdf	imported
2603.28887	2026	2026-arxiv	Codex:3D+4D-Evolution,Codex:3D4D-Reconstruction	OccSim: Multi-kilometer Simulation with Long-horizon Occupancy World Models	Tianran Liu; Shengwen Zhao; Mozhgan Pourkeshavarz; Weican Li; Nicholas Rhinehart	cs.CV cs.AI cs.RO	/Volumes/UBag/Documents/l40server_mirror/lyra/Lyra-2/paper_collection_3d4d_reconstruction_2026_04_26/pdfs/2026_OccSim_Multi_kilometer_Simulation_with_Long_horizon_Occupancy_World_Models_2603.28887.pdf	imported
2603.28020	2026	2026-arxiv	Codex:3D-Reconstruction,Codex:3D4D-Reconstruction	Physically Inspired Gaussian Splatting for HDR Novel View Synthesis	Huimin Zeng; Yue Bai; Hailing Wang; Yun Fu	cs.CV	/Volumes/UBag/Documents/l40server_mirror/lyra/Lyra-2/paper_collection_3d4d_reconstruction_2026_04_26/pdfs/2026_Physically_Inspired_Gaussian_Splatting_for_HDR_Novel_View_Synthesis_2603.28020.pdf	imported
2603.28090	2026	2026-arxiv	Codex:3D-Reconstruction,Codex:3D4D-Reconstruction	To View Transform or Not to View Transform: NeRF-based Pre-training Perspective	Hyeonjun Jeong; Juyeb Shin; Dongsuk Kum	cs.CV	/Volumes/UBag/Documents/l40server_mirror/lyra/Lyra-2/paper_collection_3d4d_reconstruction_2026_04_26/pdfs/2026_To_View_Transform_or_Not_to_View_Transform_NeRF_based_Pre_training_Perspective_2603.28090.pdf	imported
2603.29022	2026	2026-arxiv	Codex:3D-Reconstruction,Codex:3D4D-Reconstruction	UltraG-Ray: Physics-Based Gaussian Ray Casting for Novel Ultrasound View Synthesis	Felix Duelmer; Jakob Klaushofer; Magdalena Wysocki; Nassir Navab; Mohammad Farid Azampour	cs.CV	/Volumes/UBag/Documents/l40server_mirror/lyra/Lyra-2/paper_collection_3d4d_reconstruction_2026_04_26/pdfs/2026_UltraG_Ray_Physics_Based_Gaussian_Ray_Casting_for_Novel_Ultrasound_View_Synthesis_2603.29022.pdf	imported
2601.05138	2026	2026-arxiv	Codex:3D+4D-Evolution,Codex:3D4D-Reconstruction	VerseCrafter: Dynamic Realistic Video World Model with 4D Geometric Control	Sixiao Zheng; Minghao Yin; Wenbo Hu; Xiaoyu Li; Ying Shan; Yanwei Fu	cs.CV	/Volumes/UBag/Documents/l40server_mirror/lyra/Lyra-2/paper_collection_3d4d_reconstruction_2026_04_26/pdfs/2026_VerseCrafter_Dynamic_Realistic_Video_World_Model_with_4D_Geometric_Control_2601.05138.pdf	imported
2603.28489	2026	2026-arxiv	Codex:3D+4D-Evolution,Codex:3D4D-Reconstruction	Video Generation Models as World Models: Efficient Paradigms, Architectures and Algorithms	Muyang He; Hanzhong Guo; Junxiong Lin; Yizhou Yu	eess.IV	/Volumes/UBag/Documents/l40server_mirror/lyra/Lyra-2/paper_collection_3d4d_reconstruction_2026_04_26/pdfs/2026_Video_Generation_Models_as_World_Models_Efficient_Paradigms_Architectures_and_Algorithms_2603.28489.pdf	imported
2603.29394	2026	2026-arxiv	Codex:3D-Reconstruction,Codex:3D4D-Reconstruction	AA-Splat: Anti-Aliased Feed-forward Gaussian Splatting	Taewoo Suh; Sungpyo Kim; Jongmin Park; Munchurl Kim	cs.CV	/Volumes/UBag/Documents/l40server_mirror/lyra/Lyra-2/paper_collection_3d4d_reconstruction_2026_04_26/pdfs/2026_AA_Splat_Anti_Aliased_Feed_forward_Gaussian_Splatting_2603.29394.pdf	imported
2603.29734	2026	2026-arxiv	Codex:3D-Reconstruction,Codex:3D4D-Reconstruction,Codex:4D-Reconstruction	GRVS: a Generalizable and Recurrent Approach to Monocular Dynamic View Synthesis	Thomas Tanay; Mohammed Brahimi; Michal Nazarczuk; Qingwen Zhang; Sibi Catley-Chandar; Arthur Moreau; Zhensong Zhang; Eduardo Pérez-Pellitero	cs.CV	/Volumes/UBag/Documents/l40server_mirror/lyra/Lyra-2/paper_collection_3d4d_reconstruction_2026_04_26/pdfs/2026_GRVS_a_Generalizable_and_Recurrent_Approach_to_Monocular_Dynamic_View_Synthesis_2603.29734.pdf	imported
2603.29185	2026	2026-arxiv	Codex:3D-Reconstruction,Codex:3D4D-Reconstruction	Hierarchical Visual Relocalization with Nearest View Synthesis from Feature Gaussian Splatting	Huaqi Tao; Bingxi Liu; Guangcheng Chen; Fulin Tang; Li He; Hong Zhang	cs.CV	/Volumes/UBag/Documents/l40server_mirror/lyra/Lyra-2/paper_collection_3d4d_reconstruction_2026_04_26/pdfs/2026_Hierarchical_Visual_Relocalization_with_Nearest_View_Synthesis_from_Feature_Gaussian_Splat_2603.29185.pdf	imported
2603.29209	2026	2026-arxiv	Codex:3D-Reconstruction,Codex:3D4D-Reconstruction	LightHarmony3D: Harmonizing Illumination and Shadows for Object Insertion in 3D Gaussian Splatting	Tianyu Huang; Zhenyang Ren; Zhenchen Wan; Jiyang Zheng; Wenjie Wang; Runnan Chen; Mingming Gong; Tongliang Liu	cs.CV	/Volumes/UBag/Documents/l40server_mirror/lyra/Lyra-2/paper_collection_3d4d_reconstruction_2026_04_26/pdfs/2026_LightHarmony3D_Harmonizing_Illumination_and_Shadows_for_Object_Insertion_in_3D_Gaussian_Sp_2603.29209.pdf	imported
2603.29296	2026	2026-arxiv	Codex:3D-Reconstruction,Codex:3D4D-Reconstruction,Codex:4D-Reconstruction	MotionScale: Reconstructing Appearance, Geometry, and Motion of Dynamic Scenes with Scalable 4D Gaussian Splatting	Haoran Zhou; Gim Hee Lee	cs.CV	/Volumes/UBag/Documents/l40server_mirror/lyra/Lyra-2/paper_collection_3d4d_reconstruction_2026_04_26/pdfs/2026_MotionScale_Reconstructing_Appearance_Geometry_and_Motion_of_Dynamic_Scenes_with_Scalable_2603.29296.pdf	imported
2602.18887	2026	2026-arxiv	Codex:3D+4D-Evolution,Codex:3D4D-Reconstruction	SafeDrive: Fine-Grained Safety Reasoning for End-to-End Driving in a Sparse World	Jungho Kim; Jiyong Oh; Seunghoon Yu; Hongjae Shin; Donghyuk Kwak; Jun Won Choi	cs.CV	/Volumes/UBag/Documents/l40server_mirror/lyra/Lyra-2/paper_collection_3d4d_reconstruction_2026_04_26/pdfs/2026_SafeDrive_Fine_Grained_Safety_Reasoning_for_End_to_End_Driving_in_a_Sparse_World_2602.18887.pdf	imported
2603.27084	2026	2026-arxiv	Codex:3D-Reconstruction,Codex:3D4D-Reconstruction	SceneExpander: Expanding 3D Scenes with Free-Form Inserted Views	Zijian He; Renjie Liu; Yihao Wang; Weizhi Zhong; Huan Yuan; Kun Gai; Guangrun Wang; Guanbin Li	cs.CV	/Volumes/UBag/Documents/l40server_mirror/lyra/Lyra-2/paper_collection_3d4d_reconstruction_2026_04_26/pdfs/2026_SceneExpander_Expanding_3D_Scenes_with_Free_Form_Inserted_Views_2603.27084.pdf	imported
2603.27516	2026	2026-arxiv	Codex:3D-Reconstruction,Codex:3D4D-Reconstruction	SGS-Intrinsic: Semantic-Invariant Gaussian Splatting for Sparse-View Indoor Inverse Rendering	Jiahao Niu; Rongjia Zheng; Wenju Xu; Wei-Shi Zheng; Qing Zhang	cs.CV	/Volumes/UBag/Documents/l40server_mirror/lyra/Lyra-2/paper_collection_3d4d_reconstruction_2026_04_26/pdfs/2026_SGS_Intrinsic_Semantic_Invariant_Gaussian_Splatting_for_Sparse_View_Indoor_Inverse_Renderi_2603.27516.pdf	imported
2603.29089	2026	2026-arxiv	Codex:3D+4D-Evolution,Codex:3D4D-Reconstruction	WorldFlow3D: Flowing Through 3D Distributions for Unbounded World Generation	Amogh Joshi; Julian Ost; Felix Heide	cs.CV cs.AI cs.GR	/Volumes/UBag/Documents/l40server_mirror/lyra/Lyra-2/paper_collection_3d4d_reconstruction_2026_04_26/pdfs/2026_WorldFlow3D_Flowing_Through_3D_Distributions_for_Unbounded_World_Generation_2603.29089.pdf	imported
2603.19979	2026	2026-arxiv	Codex:3D+4D-Evolution,Codex:3D4D-Reconstruction	X-World: Controllable Ego-Centric Multi-Camera World Models for Scalable End-to-End Driving	Chaoda Zheng; Sean Li; Jinhao Deng; Zhennan Wang; Shijia Chen; Liqiang Xiao; Ziheng Chi; Hongbin Lin; Kangjie Chen; Boyang Wang; Yu Zhang; Xianming Liu	cs.CV cs.AI	/Volumes/UBag/Documents/l40server_mirror/lyra/Lyra-2/paper_collection_3d4d_reconstruction_2026_04_26/pdfs/2026_X_World_Controllable_Ego_Centric_Multi_Camera_World_Models_for_Scalable_End_to_End_Driving_2603.19979.pdf	imported
2601.16148	2026	2026-arxiv	Codex:3D4D-Reconstruction,Codex:4D-Reconstruction	ActionMesh: Animated 3D Mesh Generation with Temporal 3D Diffusion	Remy Sabathier; David Novotny; Niloy J. Mitra; Tom Monnier	cs.CV	/Volumes/UBag/Documents/l40server_mirror/lyra/Lyra-2/paper_collection_3d4d_reconstruction_2026_04_26/pdfs/2026_ActionMesh_Animated_3D_Mesh_Generation_with_Temporal_3D_Diffusion_2601.16148.pdf	imported
2604.00494	2026	2026-arxiv	Codex:3D-Reconstruction,Codex:3D4D-Reconstruction	ARGS: Auto-Regressive Gaussian Splatting via Parallel Progressive Next-Scale Prediction	Quanyuan Ruan; Kewei Shi; Jiabao Lei; Xifeng Gao; Xiaoguang Han	cs.CV	/Volumes/UBag/Documents/l40server_mirror/lyra/Lyra-2/paper_collection_3d4d_reconstruction_2026_04_26/pdfs/2026_ARGS_Auto_Regressive_Gaussian_Splatting_via_Parallel_Progressive_Next_Scale_Prediction_2604.00494.pdf	imported
2604.00928	2026	2026-arxiv	Codex:3D-Reconstruction,Codex:3D4D-Reconstruction	Autoregressive Appearance Prediction for 3D Gaussian Avatars	Michael Steiner; Zhang Chen; Alexander Richard; Vasu Agrawal; Markus Steinberger; Michael Zollhöfer	cs.CV cs.GR	/Volumes/UBag/Documents/l40server_mirror/lyra/Lyra-2/paper_collection_3d4d_reconstruction_2026_04_26/pdfs/2026_Autoregressive_Appearance_Prediction_for_3D_Gaussian_Avatars_2604.00928.pdf	imported
2604.00804	2026	2026-arxiv	Codex:3D-Reconstruction,Codex:3D4D-Reconstruction	Compact Keyframe-Optimized Multi-Agent Gaussian Splatting SLAM	Monica M. Q. Li; Pierre-Yves Lajoie; Jialiang Liu; Giovanni Beltrame	cs.RO cs.CV	/Volumes/UBag/Documents/l40server_mirror/lyra/Lyra-2/paper_collection_3d4d_reconstruction_2026_04_26/pdfs/2026_Compact_Keyframe_Optimized_Multi_Agent_Gaussian_Splatting_SLAM_2604.00804.pdf	imported
2604.01030	2026	2026-arxiv	Codex:3D-Reconstruction,Codex:3D4D-Reconstruction	Diff3R: Feed-forward 3D Gaussian Splatting with Uncertainty-aware Differentiable Optimization	Yueh-Cheng Liu; Jozef Hladký; Matthias Nießner; Angela Dai	cs.CV	/Volumes/UBag/Documents/l40server_mirror/lyra/Lyra-2/paper_collection_3d4d_reconstruction_2026_04_26/pdfs/2026_Diff3R_Feed_forward_3D_Gaussian_Splatting_with_Uncertainty_aware_Differentiable_Optimizati_2604.01030.pdf	imported
2604.00648	2026	2026-arxiv	Codex:3D-Reconstruction,Codex:3D4D-Reconstruction	DirectFisheye-GS: Enabling Native Fisheye Input in Gaussian Splatting with Cross-View Joint Optimization	Zhengxian Yang; Fei Xie; Xutao Xue; Rui Zhang; Taicheng Huang; Yang Liu; Mengqi Ji; Tao Yu	cs.CV	/Volumes/UBag/Documents/l40server_mirror/lyra/Lyra-2/paper_collection_3d4d_reconstruction_2026_04_26/pdfs/2026_DirectFisheye_GS_Enabling_Native_Fisheye_Input_in_Gaussian_Splatting_with_Cross_View_Joint_2604.00648.pdf	imported
2604.00969	2026	2026-arxiv	Codex:3D+4D-Evolution,Codex:3D4D-Reconstruction	DLWM: Dual Latent World Models enable Holistic Gaussian-centric Pre-training in Autonomous Driving	Yiyao Zhu; Ying Xue; Haiming Zhang; Guangfeng Jiang; Wending Zhou; Xu Yan; Jiantao Gao; Yingjie Cai; Bingbing Liu; Zhen Li; Shaojie Shen	cs.CV	/Volumes/UBag/Documents/l40server_mirror/lyra/Lyra-2/paper_collection_3d4d_reconstruction_2026_04_26/pdfs/2026_DLWM_Dual_Latent_World_Models_enable_Holistic_Gaussian_centric_Pre_training_in_Autonomous_2604.00969.pdf	imported
2603.24587	2026	2026-arxiv	Codex:3D+4D-Evolution,Codex:3D4D-Reconstruction	DreamerAD: Efficient Reinforcement Learning via Latent World Model for Autonomous Driving	Pengxuan Yang; Yupeng Zheng; Deheng Qian; Zebin Xing; Qichao Zhang; Linbo Wang; Yichen Zhang; Shaoyu Guo; Zhongpu Xia; Qiang Chen; Junyu Han; Lingyun Xu; Yifeng Pan; Dongbin Zhao	cs.LG cs.RO	/Volumes/UBag/Documents/l40server_mirror/lyra/Lyra-2/paper_collection_3d4d_reconstruction_2026_04_26/pdfs/2026_DreamerAD_Efficient_Reinforcement_Learning_via_Latent_World_Model_for_Autonomous_Driving_2603.24587.pdf	imported
2604.00548	2026	2026-arxiv	Codex:3D-Reconstruction,Codex:3D4D-Reconstruction	Reliev3R: Relieving Feed-forward Reconstruction from Multi-View Geometric Annotations	Youyu Chen; Junjun Jiang; Yueru Luo; Kui Jiang; Xianming Liu; Xu Yan; Dave Zhenyu Chen	cs.CV	/Volumes/UBag/Documents/l40server_mirror/lyra/Lyra-2/paper_collection_3d4d_reconstruction_2026_04_26/pdfs/2026_Reliev3R_Relieving_Feed_forward_Reconstruction_from_Multi_View_Geometric_Annotations_2604.00548.pdf	imported
2604.00509	2026	2026-arxiv	Codex:3D-Reconstruction,Codex:3D4D-Reconstruction	RT-GS: Gaussian Splatting with Reflection and Transmittance Primitives	Kunnong Zeng; Chensheng Peng; Yichen Xie; Masayoshi Tomizuka; Cem Yuksel	cs.GR cs.CV	/Volumes/UBag/Documents/l40server_mirror/lyra/Lyra-2/paper_collection_3d4d_reconstruction_2026_04_26/pdfs/2026_RT_GS_Gaussian_Splatting_with_Reflection_and_Transmittance_Primitives_2604.00509.pdf	imported
2602.19053	2026	2026-arxiv	Codex:3D4D-Reconstruction,Codex:4D-Reconstruction	TeFlow: Enabling Multi-frame Supervision for Self-Supervised Feed-forward Scene Flow Estimation	Qingwen Zhang; Chenhan Jiang; Xiaomeng Zhu; Yunqi Miao; Yushan Zhang; Olov Andersson; Patric Jensfelt	cs.CV cs.RO	/Volumes/UBag/Documents/l40server_mirror/lyra/Lyra-2/paper_collection_3d4d_reconstruction_2026_04_26/pdfs/2026_TeFlow_Enabling_Multi_frame_Supervision_for_Self_Supervised_Feed_forward_Scene_Flow_Estima_2602.19053.pdf	imported
2601.10075	2026	2026-arxiv	Codex:3D-Reconstruction,Codex:3D4D-Reconstruction	Thinking Like Van Gogh: Structure-Aware Style Transfer via Flow-Guided 3D Gaussian Splatting	Lebin Zhou; Jingchuan Xiao; Zhendong Wang; Jinhao Wang; Rongduo Han; Nam Ling; Cihan Ruan	cs.CV cs.GR cs.LG	/Volumes/UBag/Documents/l40server_mirror/lyra/Lyra-2/paper_collection_3d4d_reconstruction_2026_04_26/pdfs/2026_Thinking_Like_Van_Gogh_Structure_Aware_Style_Transfer_via_Flow_Guided_3D_Gaussian_Splattin_2601.10075.pdf	imported
2603.24506	2026	2026-arxiv	Codex:3D+4D-Evolution,Codex:3D4D-Reconstruction	Toward Physically Consistent Driving Video World Models under Challenging Trajectories	Jiawei Zhou; Zhenxin Zhu; Lingyi Du; Linye Lyu; Lijun Zhou; Zhanqian Wu; Hongcheng Luo; Zhuotao Tian; Bing Wang; Guang Chen; Hangjun Ye; Haiyang Sun; Yu Li	cs.CV	/Volumes/UBag/Documents/l40server_mirror/lyra/Lyra-2/paper_collection_3d4d_reconstruction_2026_04_26/pdfs/2026_Toward_Physically_Consistent_Driving_Video_World_Models_under_Challenging_Trajectories_2603.24506.pdf	imported
2604.00538	2026	2026-arxiv	Codex:3D-Reconstruction,Codex:3D4D-Reconstruction,Codex:4D-Reconstruction	TRiGS: Temporal Rigid-Body Motion for Scalable 4D Gaussian Splatting	Suwoong Yeom; Joonsik Nam; Seunggyu Choi; Lucas Yunkyu Lee; Sangmin Kim; Jaesik Park; Joonsoo Kim; Kugjin Yun; Kyeongbo Kong; Sukju Kang	cs.CV	/Volumes/UBag/Documents/l40server_mirror/lyra/Lyra-2/paper_collection_3d4d_reconstruction_2026_04_26/pdfs/2026_TRiGS_Temporal_Rigid_Body_Motion_for_Scalable_4D_Gaussian_Splatting_2604.00538.pdf	imported
2604.01882	2026	2026-arxiv	Codex:3D-Reconstruction,Codex:3D4D-Reconstruction	A3R: Agentic Affordance Reasoning via Cross-Dimensional Evidence in 3D Gaussian Scenes	Di Li; Jie Feng; Guanbin Li; Ronghua Shang; Yuhui Zheng; Weisheng Dong; Guangming Shi	cs.CV	/Volumes/UBag/Documents/l40server_mirror/lyra/Lyra-2/paper_collection_3d4d_reconstruction_2026_04_26/pdfs/2026_A3R_Agentic_Affordance_Reasoning_via_Cross_Dimensional_Evidence_in_3D_Gaussian_Scenes_2604.01882.pdf	imported
2604.02330	2026	2026-arxiv	Codex:3D+4D-Evolution,Codex:3D4D-Reconstruction	ActionParty: Multi-Subject Action Binding in Generative Video Games	Alexander Pondaven; Ziyi Wu; Igor Gilitschenski; Philip Torr; Sergey Tulyakov; Fabio Pizzati; Aliaksandr Siarohin	cs.CV cs.AI cs.LG	/Volumes/UBag/Documents/l40server_mirror/lyra/Lyra-2/paper_collection_3d4d_reconstruction_2026_04_26/pdfs/2026_ActionParty_Multi_Subject_Action_Binding_in_Generative_Video_Games_2604.02330.pdf	imported
2604.01551	2026	2026-arxiv	Codex:3D-Reconstruction,Codex:3D4D-Reconstruction	ColorGradedGaussians: Palette-Based Color Grading for 3D Gaussian Splatting via View-Space Sparse Decomposition	Cheng-Kang Ted Chao; Yotam Gingold	cs.GR	/Volumes/UBag/Documents/l40server_mirror/lyra/Lyra-2/paper_collection_3d4d_reconstruction_2026_04_26/pdfs/2026_ColorGradedGaussians_Palette_Based_Color_Grading_for_3D_Gaussian_Splatting_via_View_Space_2604.01551.pdf	imported
2604.02546	2026	2026-arxiv	Codex:3D-Reconstruction,Codex:3D4D-Reconstruction	Contrastive Language-Colored Pointmap Pretraining for Unified 3D Scene Understanding	Ye Mao; Weixun Luo; Ranran Huang; Junpeng Jing; Krystian Mikolajczyk	cs.CV cs.LG	/Volumes/UBag/Documents/l40server_mirror/lyra/Lyra-2/paper_collection_3d4d_reconstruction_2026_04_26/pdfs/2026_Contrastive_Language_Colored_Pointmap_Pretraining_for_Unified_3D_Scene_Understanding_2604.02546.pdf	imported
2604.01678	2026	2026-arxiv	Codex:3D-Reconstruction,Codex:3D4D-Reconstruction	Director: Instance-aware Gaussian Splatting for Dynamic Scene Modeling and Understanding	Yuheng Jiang; Yiwen Cai; Zihao Wang; Yize Wu; Sicheng Li; Zhuo Su; Shaohui Jiao; Lan Xu	cs.CV	/Volumes/UBag/Documents/l40server_mirror/lyra/Lyra-2/paper_collection_3d4d_reconstruction_2026_04_26/pdfs/2026_Director_Instance_aware_Gaussian_Splatting_for_Dynamic_Scene_Modeling_and_Understanding_2604.01678.pdf	imported
2602.23205	2026	2026-arxiv	Codex:3D-Reconstruction,Codex:3D4D-Reconstruction	EmbodMocap: In-the-Wild 4D Human-Scene Reconstruction for Embodied Agents	Wenjia Wang; Liang Pan; Huaijin Pi; Yuke Lou; Xuqian Ren; Yifan Wu; Zhouyingcheng Liao; Lei Yang; Rishabh Dabral; Christian Theobalt; Taku Komura	cs.CV	/Volumes/UBag/Documents/l40server_mirror/lyra/Lyra-2/paper_collection_3d4d_reconstruction_2026_04_26/pdfs/2026_EmbodMocap_In_the_Wild_4D_Human_Scene_Reconstruction_for_Embodied_Agents_2602.23205.pdf	imported
2604.01605	2026	2026-arxiv	Codex:3D-Reconstruction,Codex:3D4D-Reconstruction	F3DGS: Federated 3D Gaussian Splatting for Decentralized Multi-Agent World Modeling	Morui Zhu; Mohammad Dehghani Tezerjani; Mátyás Szántó; Márton Vaitkus; Song Fu; Qing Yang	cs.CV cs.RO	/Volumes/UBag/Documents/l40server_mirror/lyra/Lyra-2/paper_collection_3d4d_reconstruction_2026_04_26/pdfs/2026_F3DGS_Federated_3D_Gaussian_Splatting_for_Decentralized_Multi_Agent_World_Modeling_2604.01605.pdf	imported
2603.19834	2026	2026-arxiv	Codex:3D-Reconstruction,Codex:3D4D-Reconstruction	Fourier Splatting: Generalized Fourier encoded primitives for scalable radiance fields	Mihnea-Bogdan Jurca; Bert Van hauwermeiren; Adrian Munteanu	cs.CV	/Volumes/UBag/Documents/l40server_mirror/lyra/Lyra-2/paper_collection_3d4d_reconstruction_2026_04_26/pdfs/2026_Fourier_Splatting_Generalized_Fourier_encoded_primitives_for_scalable_radiance_fields_2603.19834.pdf	imported
2601.16885	2026	2026-arxiv	Codex:3D-Reconstruction,Codex:3D4D-Reconstruction	GPA-VGGT:Adapting VGGT to Large Scale Localization by Self-Supervised Learning with Geometry and Physics Aware Loss	Yangfan Xu; Lilian Zhang; Xiaofeng He; Pengdong Wu; Wenqi Wu; Jun Mao	cs.CV cs.RO	/Volumes/UBag/Documents/l40server_mirror/lyra/Lyra-2/paper_collection_3d4d_reconstruction_2026_04_26/pdfs/2026_GPA_VGGT_Adapting_VGGT_to_Large_Scale_Localization_by_Self_Supervised_Learning_with_Geomet_2601.16885.pdf	imported
2604.01884	2026	2026-arxiv	Codex:3D-Reconstruction,Codex:3D4D-Reconstruction	GS^2: Graph-based Spatial Distribution Optimization for Compact 3D Gaussian Splatting	Xianben Yang; Tao Wang; Yuxuan Li; Yi Jin; Haibin Ling	cs.CV	/Volumes/UBag/Documents/l40server_mirror/lyra/Lyra-2/paper_collection_3d4d_reconstruction_2026_04_26/pdfs/2026_GS_2_Graph_based_Spatial_Distribution_Optimization_for_Compact_3D_Gaussian_Splatting_2604.01884.pdf	imported
2601.20331	2026	2026-arxiv	Codex:3D-Reconstruction,Codex:3D4D-Reconstruction	GVGS: Gaussian Visibility-Aware Multi-View Geometry for Accurate Surface Reconstruction	Mai Su; Qihan Yu; Zhongtao Wang; Yilong Li; Chengwei Pan; Yisong Chen; Guoping Wang; Fei Zhu	cs.CV	/Volumes/UBag/Documents/l40server_mirror/lyra/Lyra-2/paper_collection_3d4d_reconstruction_2026_04_26/pdfs/2026_GVGS_Gaussian_Visibility_Aware_Multi_View_Geometry_for_Accurate_Surface_Reconstruction_2601.20331.pdf	imported
2601.14674	2026	2026-arxiv	Codex:3D4D-Reconstruction,Codex:4D-Reconstruction	LaVR: Scene Latent Conditioned Generative Video Trajectory Re-Rendering using Large 4D Reconstruction Models	Mingyang Xie; Numair Khan; Tianfu Wang; Naina Dhingra; Seonghyeon Nam; Haitao Yang; Zhuo Hui; Christopher Metzler; Andrea Vedaldi; Hamed Pirsiavash; Lei Luo	cs.CV cs.LG	/Volumes/UBag/Documents/l40server_mirror/lyra/Lyra-2/paper_collection_3d4d_reconstruction_2026_04_26/pdfs/2026_LaVR_Scene_Latent_Conditioned_Generative_Video_Trajectory_Re_Rendering_using_Large_4D_Reco_2601.14674.pdf	imported
2604.01641	2026	2026-arxiv	Codex:3D+4D-Evolution,Codex:3D4D-Reconstruction	LivingWorld: Interactive 4D World Generation with Environmental Dynamics	Hyeongju Mun; In-Hwan Jin; Sohyeong Kim; Kyeongbo Kong	cs.CV	/Volumes/UBag/Documents/l40server_mirror/lyra/Lyra-2/paper_collection_3d4d_reconstruction_2026_04_26/pdfs/2026_LivingWorld_Interactive_4D_World_Generation_with_Environmental_Dynamics_2604.01641.pdf	imported
2604.01607	2026	2026-arxiv	Codex:3D+4D-Evolution,Codex:3D4D-Reconstruction	ModTrans: Translating Real-world Models for Distributed Training Simulator	Yi Lyu	cs.DC cs.AI	/Volumes/UBag/Documents/l40server_mirror/lyra/Lyra-2/paper_collection_3d4d_reconstruction_2026_04_26/pdfs/2026_ModTrans_Translating_Real_world_Models_for_Distributed_Training_Simulator_2604.01607.pdf	imported
2604.02289	2026	2026-arxiv	Codex:3D+4D-Evolution,Codex:3D4D-Reconstruction	Omni123: Exploring 3D Native Foundation Models with Limited 3D Data by Unifying Text to 2D and 3D Generation	Chongjie Ye; Cheng Cao; Chuanyu Pan; Yiming Hao; Yihao Zhi; Yuanming Hu; Xiaoguang Han	cs.CV cs.AI	/Volumes/UBag/Documents/l40server_mirror/lyra/Lyra-2/paper_collection_3d4d_reconstruction_2026_04_26/pdfs/2026_Omni123_Exploring_3D_Native_Foundation_Models_with_Limited_3D_Data_by_Unifying_Text_to_2D_2604.02289.pdf	imported
2604.01561	2026	2026-arxiv	Codex:3D-Reconstruction,Codex:3D4D-Reconstruction,Codex:4D-Reconstruction	ReFlow: Self-correction Motion Learning for Dynamic Scene Reconstruction	Yanzhe Liang; Ruijie Zhu; Hanzhi Chang; Zhuoyuan Li; Jiahao Lu; Tianzhu Zhang	cs.CV cs.AI	/Volumes/UBag/Documents/l40server_mirror/lyra/Lyra-2/paper_collection_3d4d_reconstruction_2026_04_26/pdfs/2026_ReFlow_Self_correction_Motion_Learning_for_Dynamic_Scene_Reconstruction_2604.01561.pdf	imported
2601.15475	2026	2026-arxiv	Codex:3D-Reconstruction,Codex:3D4D-Reconstruction	Seeing through Light and Darkness: Sensor-Physics Grounded Deblurring HDR NeRF from Single-Exposure Images and Events	Yunshan Qi; Lin Zhu; Nan Bao; Yifan Zhao; Jia Li	cs.CV	/Volumes/UBag/Documents/l40server_mirror/lyra/Lyra-2/paper_collection_3d4d_reconstruction_2026_04_26/pdfs/2026_Seeing_through_Light_and_Darkness_Sensor_Physics_Grounded_Deblurring_HDR_NeRF_from_Single_2601.15475.pdf	imported
2604.00528	2026	2026-arxiv	Codex:3D-Reconstruction,Codex:3D4D-Reconstruction	Think, Act, Build: An Agentic Framework with Vision Language Models for Zero-Shot 3D Visual Grounding	Haibo Wang; Zihao Lin; Zhiyang Xu; Lifu Huang	cs.CV cs.AI	/Volumes/UBag/Documents/l40server_mirror/lyra/Lyra-2/paper_collection_3d4d_reconstruction_2026_04_26/pdfs/2026_Think_Act_Build_An_Agentic_Framework_with_Vision_Language_Models_for_Zero_Shot_3D_Visual_G_2604.00528.pdf	imported
2604.02586	2026	2026-arxiv	Codex:3D-Reconstruction,Codex:3D4D-Reconstruction,Codex:4D-Reconstruction	TrackerSplat: Exploiting Point Tracking for Fast and Robust Dynamic 3D Gaussians Reconstruction	Daheng Yin; Isaac Ding; Yili Jin; Jianxin Shi; Jiangchuan Liu	cs.CV cs.GR	/Volumes/UBag/Documents/l40server_mirror/lyra/Lyra-2/paper_collection_3d4d_reconstruction_2026_04_26/pdfs/2026_TrackerSplat_Exploiting_Point_Tracking_for_Fast_and_Robust_Dynamic_3D_Gaussians_Reconstruc_2604.02586.pdf	imported
2604.02714	2026	2026-arxiv	Codex:3D+4D-Evolution,Codex:3D4D-Reconstruction	ExploreVLA: Dense World Modeling and Exploration for End-to-End Autonomous Driving	Zihao Sheng; Xin Ye; Jingru Luo; Sikai Chen; Liu Ren	cs.CV	/Volumes/UBag/Documents/l40server_mirror/lyra/Lyra-2/paper_collection_3d4d_reconstruction_2026_04_26/pdfs/2026_ExploreVLA_Dense_World_Modeling_and_Exploration_for_End_to_End_Autonomous_Driving_2604.02714.pdf	imported
2604.02836	2026	2026-arxiv	Codex:3D-Reconstruction,Codex:3D4D-Reconstruction	Factorized Multi-Resolution HashGrid for Efficient Neural Radiance Fields: Execution on Edge-Devices	Kim Jun-Seong; Mingyu Kim; GeonU Kim; Tae-Hyun Oh; Jin-Hwa Kim	cs.CV	/Volumes/UBag/Documents/l40server_mirror/lyra/Lyra-2/paper_collection_3d4d_reconstruction_2026_04_26/pdfs/2026_Factorized_Multi_Resolution_HashGrid_for_Efficient_Neural_Radiance_Fields_Execution_on_Edg_2604.02836.pdf	imported
2604.03092	2026	2026-arxiv	Codex:3D-Reconstruction,Codex:3D4D-Reconstruction	Flash-Mono: Feed-Forward Accelerated Gaussian Splatting Monocular SLAM	Zicheng Zhang; Ke Wu; Xiangting Meng; Keyu Liu; Jieru Zhao; Wenchao Ding	cs.RO	/Volumes/UBag/Documents/l40server_mirror/lyra/Lyra-2/paper_collection_3d4d_reconstruction_2026_04_26/pdfs/2026_Flash_Mono_Feed_Forward_Accelerated_Gaussian_Splatting_Monocular_SLAM_2604.03092.pdf	imported
2604.02915	2026	2026-arxiv	Codex:3D-Reconstruction,Codex:3D4D-Reconstruction,Codex:4D-Reconstruction	GP-4DGS: Probabilistic 4D Gaussian Splatting from Monocular Video via Variational Gaussian Processes	Mijeong Kim; Jungtaek Kim; Bohyung Han	cs.CV	/Volumes/UBag/Documents/l40server_mirror/lyra/Lyra-2/paper_collection_3d4d_reconstruction_2026_04_26/pdfs/2026_GP_4DGS_Probabilistic_4D_Gaussian_Splatting_from_Monocular_Video_via_Variational_Gaussian_2604.02915.pdf	imported
2604.02828	2026	2026-arxiv	Codex:3D-Reconstruction,Codex:3D4D-Reconstruction	NavCrafter: Exploring 3D Scenes from a Single Image	Hongbo Duan; Peiyu Zhuang; Yi Liu; Zhengyang Zhang; Yuxin Zhang; Pengting Luo; Fangming Liu; Xueqian Wang	cs.CV cs.AI	/Volumes/UBag/Documents/l40server_mirror/lyra/Lyra-2/paper_collection_3d4d_reconstruction_2026_04_26/pdfs/2026_NavCrafter_Exploring_3D_Scenes_from_a_Single_Image_2604.02828.pdf	imported
2604.01581	2026	2026-arxiv	Codex:3D-Reconstruction,Codex:3D4D-Reconstruction	Satellite-Free Training for Drone-View Geo-Localization	Tao Liu; Yingzhi Zhang; Kan Ren; Xiaoqi Zhao	cs.CV	/Volumes/UBag/Documents/l40server_mirror/lyra/Lyra-2/paper_collection_3d4d_reconstruction_2026_04_26/pdfs/2026_Satellite_Free_Training_for_Drone_View_Geo_Localization_2604.01581.pdf	imported
2604.03069	2026	2026-arxiv	Codex:3D-Reconstruction,Codex:3D4D-Reconstruction	SparseSplat: Towards Applicable Feed-Forward 3D Gaussian Splatting with Pixel-Unaligned Prediction	Zicheng Zhang; Xiangting Meng; Ke Wu; Wenchao Ding	cs.CV	/Volumes/UBag/Documents/l40server_mirror/lyra/Lyra-2/paper_collection_3d4d_reconstruction_2026_04_26/pdfs/2026_SparseSplat_Towards_Applicable_Feed_Forward_3D_Gaussian_Splatting_with_Pixel_Unaligned_Pre_2604.03069.pdf	imported
2604.03462	2026	2026-arxiv	Codex:3D-Reconstruction,Codex:3D4D-Reconstruction	SpectralSplat: Appearance-Disentangled Feed-Forward Gaussian Splatting for Driving Scenes	Quentin Herau; Tianshuo Xu; Depu Meng; Jiezhi Yang; Chensheng Peng; Spencer Sherk; Yihan Hu; Wei Zhan	cs.CV cs.GR cs.RO	/Volumes/UBag/Documents/l40server_mirror/lyra/Lyra-2/paper_collection_3d4d_reconstruction_2026_04_26/pdfs/2026_SpectralSplat_Appearance_Disentangled_Feed_Forward_Gaussian_Splatting_for_Driving_Scenes_2604.03462.pdf	imported
2602.06343	2026	2026-arxiv	Codex:3D-Reconstruction,Codex:3D4D-Reconstruction,Codex:4D-Reconstruction	Uncertainty-Aware 4D Gaussian Splatting for Monocular Occluded Human Rendering	Weiquan Wang; Feifei Shao; Lin Li; Zhen Wang; Jun Xiao; Long Chen	cs.CV	/Volumes/UBag/Documents/l40server_mirror/lyra/Lyra-2/paper_collection_3d4d_reconstruction_2026_04_26/pdfs/2026_Uncertainty_Aware_4D_Gaussian_Splatting_for_Monocular_Occluded_Human_Rendering_2602.06343.pdf	imported
2604.01479	2026	2026-arxiv	Codex:3D-Reconstruction,Codex:3D4D-Reconstruction	UniRecGen: Unifying Multi-View 3D Reconstruction and Generation	Zhisheng Huang; Jiahao Chen; Cheng Lin; Chenyu Hu; Hanzhuo Huang; Zhengming Yu; Mengfei Li; Yuheng Liu; Zekai Gu; Zibo Zhao; Yuan Liu; Xin Li; Wenping Wang	cs.CV	/Volumes/UBag/Documents/l40server_mirror/lyra/Lyra-2/paper_collection_3d4d_reconstruction_2026_04_26/pdfs/2026_UniRecGen_Unifying_Multi_View_3D_Reconstruction_and_Generation_2604.01479.pdf	imported
2604.02696	2026	2026-arxiv	Codex:3D-Reconstruction,Codex:3D4D-Reconstruction	VBGS-SLAM: Variational Bayesian Gaussian Splatting Simultaneous Localization and Mapping	Yuhan Zhu; Yanyu Zhang; Jie Xu; Wei Ren	cs.CV cs.RO	/Volumes/UBag/Documents/l40server_mirror/lyra/Lyra-2/paper_collection_3d4d_reconstruction_2026_04_26/pdfs/2026_VBGS_SLAM_Variational_Bayesian_Gaussian_Splatting_Simultaneous_Localization_and_Mapping_2604.02696.pdf	imported
2604.03878	2026	2026-arxiv	Codex:3D-Reconstruction,Codex:3D4D-Reconstruction	Learning 3D Reconstruction with Priors in Test Time	Lei Zhou; Haoyu Wu; Akshat Dave; Dimitris Samaras	cs.CV	/Volumes/UBag/Documents/l40server_mirror/lyra/Lyra-2/paper_collection_3d4d_reconstruction_2026_04_26/pdfs/2026_Learning_3D_Reconstruction_with_Priors_in_Test_Time_2604.03878.pdf	imported
2604.03773	2026	2026-arxiv	Codex:3D-Reconstruction,Codex:3D4D-Reconstruction	M2StyleGS: Multi-Modality 3D Style Transfer with Gaussian Splatting	Xingyu Miao; Xueqi Qiu; Haoran Duan; Yawen Huang; Xian Wu; Jingjing Deng; Yang Long	cs.CV	/Volumes/UBag/Documents/l40server_mirror/lyra/Lyra-2/paper_collection_3d4d_reconstruction_2026_04_26/pdfs/2026_M2StyleGS_Multi_Modality_3D_Style_Transfer_with_Gaussian_Splatting_2604.03773.pdf	imported
2604.04063	2026	2026-arxiv	Codex:3D-Reconstruction,Codex:3D4D-Reconstruction,Codex:4D-Reconstruction	4C4D: 4 Camera 4D Gaussian Splatting	Junsheng Zhou; Zhifan Yang; Liang Han; Wenyuan Zhang; Kanle Shi; Shenkun Xu; Yu-Shen Liu	cs.CV	/Volumes/UBag/Documents/l40server_mirror/lyra/Lyra-2/paper_collection_3d4d_reconstruction_2026_04_26/pdfs/2026_4C4D_4_Camera_4D_Gaussian_Splatting_2604.04063.pdf	imported
2604.04198	2026	2026-arxiv	Codex:3D+4D-Evolution,Codex:3D4D-Reconstruction	DriveVA: Video Action Models are Zero-Shot Drivers	Mengmeng Liu; Diankun Zhang; Jiuming Liu; Jianfeng Cui; Hongwei Xie; Guang Chen; Hangjun Ye; Michael Ying Yang; Francesco Nex; Hao Cheng	cs.CV cs.RO	/Volumes/UBag/Documents/l40server_mirror/lyra/Lyra-2/paper_collection_3d4d_reconstruction_2026_04_26/pdfs/2026_DriveVA_Video_Action_Models_are_Zero_Shot_Drivers_2604.04198.pdf	imported
2604.04016	2026	2026-arxiv	Codex:3D-Reconstruction,Codex:3D4D-Reconstruction	HOIGS: Human-Object Interaction Gaussian Splatting	Taewoo Kim; Suwoong Yeom; Jaehyun Pyun; Geonho Cha; Dongyoon Wee; Joonsik Nam; Yun-Seong Jeong; Kyeongbo Kong; Suk-Ju Kang	cs.CV cs.AI	/Volumes/UBag/Documents/l40server_mirror/lyra/Lyra-2/paper_collection_3d4d_reconstruction_2026_04_26/pdfs/2026_HOIGS_Human_Object_Interaction_Gaussian_Splatting_2604.04016.pdf	imported
2604.04135	2026	2026-arxiv	Codex:3D-Reconstruction,Codex:3D4D-Reconstruction	NTIRE 2026 3D Restoration and Reconstruction in Real-world Adverse Conditions: RealX3D Challenge Results	Shuhong Liu; Chenyu Bao; Ziteng Cui; Xuangeng Chu; Bin Ren; Lin Gu; Xiang Chen; Mingrui Li; Long Ma; Marcos V. Conde; Radu Timofte; Yun Liu; Ryo Umagami; Tomohiro Hashimoto; Zijian Hu; Yuan Gan; Tianhan Xu; Yusuke Kurose; Tatsuya Harada; Junwei Yuan; Gengjia Chang; Xining Ge; Mache You; Qida Cao; Zeliang Li; Xinyuan Hu; Hongde Gu; Changyue Shi; Jiajun Ding; Zhou Yu; Jun Yu; Seungsang Oh; Fei Wang; Donggun Kim; Zhiliang Wu; Seho Ahn; Xinye Zheng; Kun Li; Yanyan Wei; Weisi Lin; Dizhe Zhang; Yuchao Chen; Meixi Song; Hanqing Wang; Haoran Feng; Lu Qi; Jiaao Shan; Yang Gu; Jiacheng Liu; Shiyu Liu; Kui Jiang; Junjun Jiang; Runyu Zhu; Sixun Dong; Qingxia Ye; Zhiqiang Zhang; Zhihua Xu; Zhiwei Wang; Phan The Son; Zhimiao Shi; Zixuan Guo; Xueming Fu; Lixia Han; Changhe Liu; Zhenyu Zhao; Manabu Tsukada; Zheng Zhang; Zihan Zhai; Tingting Li; Ziyang Zheng; Yuhao Liu; Dingju Wang; Jeongbin You; Younghyuk Kim; Il-Youp Kwak; Mingzhe Lyu; Junbo Yang; Wenhan Yang; Hongsen Zhang; Jinqiang Cui; Hong Zhang; Haojie Guo; Hantang Li; Qiang Zhu; Bowen He; Xiandong Meng; Debin Zhao; Xiaopeng Fan; Wei Zhou; Linzhe Jiang; Linfeng Li; Louzhe Xu; Qi Xu; Hang Song; Chenkun Guo; Weizhi Nie; Yufei Li; Xingan Zhan; Zhanqi Shi; Dufeng Zhang; Boyuan Tian; Jingshuo Zeng; Gang He; Yubao Fu; Weijie Wang; Cunchuan Huang	cs.CV	/Volumes/UBag/Documents/l40server_mirror/lyra/Lyra-2/paper_collection_3d4d_reconstruction_2026_04_26/pdfs/2026_NTIRE_2026_3D_Restoration_and_Reconstruction_in_Real_world_Adverse_Conditions_RealX3D_Chal_2604.04135.pdf	imported
2603.18634	2026	2026-arxiv	Codex:3D-Reconstruction,Codex:3D4D-Reconstruction	SwiftGS: Episodic Priors for Immediate Satellite Surface Recovery	Rong Fu; Jiekai Wu; Haiyun Wei; Xiaowen Ma; Shiyin Lin; Kangan Qian; Chuang Liu; Jianyuan Ni; Simon James Fong	cs.CV cs.LG	/Volumes/UBag/Documents/l40server_mirror/lyra/Lyra-2/paper_collection_3d4d_reconstruction_2026_04_26/pdfs/2026_SwiftGS_Episodic_Priors_for_Immediate_Satellite_Surface_Recovery_2603.18634.pdf	imported
2601.16736	2026	2026-arxiv	Codex:3D-Reconstruction,Codex:3D4D-Reconstruction	A Step to Decouple Optimization in 3DGS	Renjie Ding; Yaonan Wang; Min Liu; Jialin Zhu; Jiazheng Wang; Jiahao Zhao; Wenting Shen; Feixiang He; Xiang Chen	cs.CV	/Volumes/UBag/Documents/l40server_mirror/lyra/Lyra-2/paper_collection_3d4d_reconstruction_2026_04_26/pdfs/2026_A_Step_to_Decouple_Optimization_in_3DGS_2601.16736.pdf	imported
2604.04874	2026	2026-arxiv	Codex:3D-Reconstruction,Codex:3D4D-Reconstruction	Free-Range Gaussians: Non-Grid-Aligned Generative 3D Gaussian Reconstruction	Ahan Shabanov; Peter Hedman; Ethan Weber; Zhengqin Li; Denis Rozumny; Gael Le Lan; Naina Dhingra; Lei Luo; Andrea Vedaldi; Christian Richardt; Andrea Tagliasacchi; Bo Zhu; Numair Khan	cs.CV	/Volumes/UBag/Documents/l40server_mirror/lyra/Lyra-2/paper_collection_3d4d_reconstruction_2026_04_26/pdfs/2026_Free_Range_Gaussians_Non_Grid_Aligned_Generative_3D_Gaussian_Reconstruction_2604.04874.pdf	imported
2604.04331	2026	2026-arxiv	Codex:3D-Reconstruction,Codex:3D4D-Reconstruction	GA-GS: Generation-Assisted Gaussian Splatting for Static Scene Reconstruction	Yedong Shen; Shiqi Zhang; Sha Zhang; Yifan Duan; Xinran Zhang; Wenhao Yu; Lu Zhang; Jiajun Deng; Yanyong Zhang	cs.CV cs.AI	/Volumes/UBag/Documents/l40server_mirror/lyra/Lyra-2/paper_collection_3d4d_reconstruction_2026_04_26/pdfs/2026_GA_GS_Generation_Assisted_Gaussian_Splatting_for_Static_Scene_Reconstruction_2604.04331.pdf	imported
2604.05062	2026	2026-arxiv	Codex:3D-Reconstruction,Codex:3D4D-Reconstruction	GaussFly: Contrastive Reinforcement Learning for Visuomotor Policies in 3D Gaussian Fields	Yuhang Zhang; Mingsheng Li; Yujing Shang; Zhuoyuan Yu; Chao Yan; Jiaping Xiao; Mir Feroskhan	cs.RO	/Volumes/UBag/Documents/l40server_mirror/lyra/Lyra-2/paper_collection_3d4d_reconstruction_2026_04_26/pdfs/2026_GaussFly_Contrastive_Reinforcement_Learning_for_Visuomotor_Policies_in_3D_Gaussian_Fields_2604.05062.pdf	imported
2604.02120	2026	2026-arxiv	Codex:3D-Reconstruction,Codex:3D4D-Reconstruction	GEMM-GS: Accelerating 3D Gaussian Splatting on Tensor Cores with GEMM-Compatible Blending	Haomin Li; Bowen Zhu; Fangxin Liu; Zongwu Wang; Xinran Liang; Li Jiang; Haibing Guan	cs.AR cs.GR	/Volumes/UBag/Documents/l40server_mirror/lyra/Lyra-2/paper_collection_3d4d_reconstruction_2026_04_26/pdfs/2026_GEMM_GS_Accelerating_3D_Gaussian_Splatting_on_Tensor_Cores_with_GEMM_Compatible_Blending_2604.02120.pdf	imported
2604.03039	2026	2026-arxiv	Codex:3D-Reconstruction,Codex:3D4D-Reconstruction	GenSmoke-GS: A Multi-Stage Method for Novel View Synthesis from Smoke-Degraded Images Using a Generative Model	Qida Cao; Xinyuan Hu; Changyue Shi; Jiajun Ding; Zhou Yu; Jun Yu	cs.CV	/Volumes/UBag/Documents/l40server_mirror/lyra/Lyra-2/paper_collection_3d4d_reconstruction_2026_04_26/pdfs/2026_GenSmoke_GS_A_Multi_Stage_Method_for_Novel_View_Synthesis_from_Smoke_Degraded_Images_Using_2604.03039.pdf	imported
2604.09688	2026	2026-arxiv	Codex:3D-Reconstruction,Codex:3D4D-Reconstruction	Immunizing 3D Gaussian Generative Models Against Unauthorized Fine-Tuning via Attribute-Space Traps	Jianwei Zhang; Sihan Cao; Chaoning Zhang; Ziming Hong; Jiaxin Huang; Pengcheng Zheng; Caiyan Qin; Wei Dong; Yang Yang; Tongliang Liu	cs.CV	/Volumes/UBag/Documents/l40server_mirror/lyra/Lyra-2/paper_collection_3d4d_reconstruction_2026_04_26/pdfs/2026_Immunizing_3D_Gaussian_Generative_Models_Against_Unauthorized_Fine_Tuning_via_Attribute_Sp_2604.09688.pdf	imported
2604.05070	2026	2026-arxiv	Codex:3D-Reconstruction,Codex:3D4D-Reconstruction	Part-Level 3D Gaussian Vehicle Generation with Joint and Hinge Axis Estimation	Shiyao Qian; Yuan Ren; Dongfeng Bai; Bingbing Liu	cs.AI cs.CV cs.RO	/Volumes/UBag/Documents/l40server_mirror/lyra/Lyra-2/paper_collection_3d4d_reconstruction_2026_04_26/pdfs/2026_Part_Level_3D_Gaussian_Vehicle_Generation_with_Joint_and_Hinge_Axis_Estimation_2604.05070.pdf	imported
2603.09030	2026	2026-arxiv	Codex:3D+4D-Evolution,Codex:3D4D-Reconstruction	PlayWorld: Learning Robot World Models from Autonomous Play	Tenny Yin; Zhiting Mei; Zhonghe Zheng; Miyu Yamane; David Wang; Jade Sceats; Samuel M. Bateman; Lihan Zha; Apurva Badithela; Ola Shorinwa; Anirudha Majumdar	cs.RO cs.AI	/Volumes/UBag/Documents/l40server_mirror/lyra/Lyra-2/paper_collection_3d4d_reconstruction_2026_04_26/pdfs/2026_PlayWorld_Learning_Robot_World_Models_from_Autonomous_Play_2603.09030.pdf	imported
2604.05015	2026	2026-arxiv	Codex:3D+4D-Evolution,Codex:3D4D-Reconstruction	Video-MME-v2: Towards the Next Stage in Benchmarks for Comprehensive Video Understanding	Chaoyou Fu; Haozhi Yuan; Yuhao Dong; Yi-Fan Zhang; Yunhang Shen; Xiaoxing Hu; Xueying Li; Jinsen Su; Chengwu Long; Xiaoyao Xie; Yongkang Xie; Xiawu Zheng; Xue Yang; Haoyu Cao; Yunsheng Wu; Ziwei Liu; Xing Sun; Caifeng Shan; Ran He	cs.CV	/Volumes/UBag/Documents/l40server_mirror/lyra/Lyra-2/paper_collection_3d4d_reconstruction_2026_04_26/pdfs/2026_Video_MME_v2_Towards_the_Next_Stage_in_Benchmarks_for_Comprehensive_Video_Understanding_2604.05015.pdf	imported
2604.04642	2026	2026-arxiv	Codex:3D-Reconstruction,Codex:3D4D-Reconstruction	WaterSplat-SLAM: Photorealistic Monocular SLAM in Underwater Environment	Kangxu Wang; Shaofeng Zou; Chenxing Jiang; Yixiang Dai; Siang Chen; Shaojie Shen; Guijin Wang	cs.RO	/Volumes/UBag/Documents/l40server_mirror/lyra/Lyra-2/paper_collection_3d4d_reconstruction_2026_04_26/pdfs/2026_WaterSplat_SLAM_Photorealistic_Monocular_SLAM_in_Underwater_Environment_2604.04642.pdf	imported
2604.05366	2026	2026-arxiv	Codex:3D-Reconstruction,Codex:3D4D-Reconstruction	3DTurboQuant: Training-Free Near-Optimal Quantization for 3D Reconstruction Models	Jae Joong Lee	cs.CV cs.AI	/Volumes/UBag/Documents/l40server_mirror/lyra/Lyra-2/paper_collection_3d4d_reconstruction_2026_04_26/pdfs/2026_3DTurboQuant_Training_Free_Near_Optimal_Quantization_for_3D_Reconstruction_Models_2604.05366.pdf	imported
2604.05908	2026	2026-arxiv	Codex:3D-Reconstruction,Codex:3D4D-Reconstruction	Appearance Decomposition Gaussian Splatting for Multi-Traversal Reconstruction	Yangyi Xiao; Siting Zhu; Baoquan Yang; Tianchen Deng; Yongbo Chen; Hesheng Wang	cs.CV	/Volumes/UBag/Documents/l40server_mirror/lyra/Lyra-2/paper_collection_3d4d_reconstruction_2026_04_26/pdfs/2026_Appearance_Decomposition_Gaussian_Splatting_for_Multi_Traversal_Reconstruction_2604.05908.pdf	imported
2604.06339	2026	2026-arxiv	Codex:3D+4D-Evolution,Codex:3D4D-Reconstruction	Evolution of Video Generative Foundations	Teng Hu; Jiangning Zhang; Hongrui Huang; Ran Yi; Zihan Su; Jieyu Weng; Zhucun Xue; Lizhuang Ma; Ming-Hsuan Yang; Dacheng Tao	cs.CV	/Volumes/UBag/Documents/l40server_mirror/lyra/Lyra-2/paper_collection_3d4d_reconstruction_2026_04_26/pdfs/2026_Evolution_of_Video_Generative_Foundations_2604.06339.pdf	existing
2604.06358	2026	2026-arxiv	Codex:3D-Reconstruction,Codex:3D4D-Reconstruction,Codex:4D-Reconstruction	GS-Surrogate: Deformable Gaussian Splatting for Parameter Space Exploration of Ensemble Simulations	Ziwei Li; Rumali Perera; Angus Forbes; Ken Moreland; Dave Pugmire; Scott Klasky; Wei-Lun Chao; Han-Wei Shen	cs.GR cs.AI	/Volumes/UBag/Documents/l40server_mirror/lyra/Lyra-2/paper_collection_3d4d_reconstruction_2026_04_26/pdfs/2026_GS_Surrogate_Deformable_Gaussian_Splatting_for_Parameter_Space_Exploration_of_Ensemble_Sim_2604.06358.pdf	imported
2604.05436	2026	2026-arxiv	Codex:3D-Reconstruction,Codex:3D4D-Reconstruction	Human Interaction-Aware 3D Reconstruction from a Single Image	Gwanghyun Kim; Junghun James Kim; Suh Yoon Jeon; Jason Park; Se Young Chun	cs.CV cs.AI	/Volumes/UBag/Documents/l40server_mirror/lyra/Lyra-2/paper_collection_3d4d_reconstruction_2026_04_26/pdfs/2026_Human_Interaction_Aware_3D_Reconstruction_from_a_Single_Image_2604.05436.pdf	imported
2604.05715	2026	2026-arxiv	Codex:3D-Reconstruction,Codex:3D4D-Reconstruction	In Depth We Trust: Reliable Monocular Depth Supervision for Gaussian Splatting	Wenhui Xiao; Ethan Goan; Rodrigo Santa Cruz; David Ahmedt-Aristizabal; Olivier Salvado; Clinton Fookes; Leo Lebrat	cs.CV	/Volumes/UBag/Documents/l40server_mirror/lyra/Lyra-2/paper_collection_3d4d_reconstruction_2026_04_26/pdfs/2026_In_Depth_We_Trust_Reliable_Monocular_Depth_Supervision_for_Gaussian_Splatting_2604.05715.pdf	imported
2604.05402	2026	2026-arxiv	Codex:3D-Reconstruction,Codex:3D4D-Reconstruction	LSGS-Loc: Towards Robust 3DGS-Based Visual Localization for Large-Scale UAV Scenarios	Xiang Zhang; Tengfei Wang; Fang Xu; Xin Wang; Zongqian Zhan	cs.CV cs.RO	/Volumes/UBag/Documents/l40server_mirror/lyra/Lyra-2/paper_collection_3d4d_reconstruction_2026_04_26/pdfs/2026_LSGS_Loc_Towards_Robust_3DGS_Based_Visual_Localization_for_Large_Scale_UAV_Scenarios_2604.05402.pdf	imported
2604.05638	2026	2026-arxiv	Codex:3D-Reconstruction,Codex:3D4D-Reconstruction,Codex:4D-Reconstruction	PanopticQuery: Unified Query-Time Reasoning for 4D Scenes	Ruilin Tang; Yang Zhou; Zhong Ye; Wenxi Liu; Yan Huang; Shengfeng He	cs.CV	/Volumes/UBag/Documents/l40server_mirror/lyra/Lyra-2/paper_collection_3d4d_reconstruction_2026_04_26/pdfs/2026_PanopticQuery_Unified_Query_Time_Reasoning_for_4D_Scenes_2604.05638.pdf	imported
2601.18336	2026	2026-arxiv	Codex:3D-Reconstruction,Codex:3D4D-Reconstruction	PPISP: Physically-Plausible Compensation and Control of Photometric Variations in Radiance Field Reconstruction	Isaac Deutsch; Nicolas Moënne-Loccoz; Gavriel State; Zan Gojcic	cs.CV cs.GR	/Volumes/UBag/Documents/l40server_mirror/lyra/Lyra-2/paper_collection_3d4d_reconstruction_2026_04_26/pdfs/2026_PPISP_Physically_Plausible_Compensation_and_Control_of_Photometric_Variations_in_Radiance_2601.18336.pdf	imported
2604.04576	2026	2026-arxiv	Codex:3D-Reconstruction,Codex:3D4D-Reconstruction	PR-IQA: Partial-Reference Image Quality Assessment for Diffusion-Based Novel View Synthesis	Inseong Choi; Siwoo Lee; Seung-Hun Nam; Soohwan Song	cs.CV	/Volumes/UBag/Documents/l40server_mirror/lyra/Lyra-2/paper_collection_3d4d_reconstruction_2026_04_26/pdfs/2026_PR_IQA_Partial_Reference_Image_Quality_Assessment_for_Diffusion_Based_Novel_View_Synthesis_2604.04576.pdf	imported
2604.04925	2026	2026-arxiv	Codex:3D-Reconstruction,Codex:3D4D-Reconstruction	SimpleProc: Fully Procedural Synthetic Data from Simple Rules for Multi-View Stereo	Zeyu Ma; Alexander Raistrick; Jia Deng	cs.CV	/Volumes/UBag/Documents/l40server_mirror/lyra/Lyra-2/paper_collection_3d4d_reconstruction_2026_04_26/pdfs/2026_SimpleProc_Fully_Procedural_Synthetic_Data_from_Simple_Rules_for_Multi_View_Stereo_2604.04925.pdf	imported
2603.26481	2026	2026-arxiv	Codex:3D4D-Reconstruction,Codex:4D-Reconstruction	SparseCam4D: Spatio-Temporally Consistent 4D Reconstruction from Sparse Cameras	Weihong Pan; Xiaoyu Zhang; Zhuang Zhang; Zhichao Ye; Nan Wang; Haomin Liu; Guofeng Zhang	cs.CV	/Volumes/UBag/Documents/l40server_mirror/lyra/Lyra-2/paper_collection_3d4d_reconstruction_2026_04_26/pdfs/2026_SparseCam4D_Spatio_Temporally_Consistent_4D_Reconstruction_from_Sparse_Cameras_2603.26481.pdf	imported
2604.08610	2026	2026-arxiv	Codex:3D-Reconstruction,Codex:3D4D-Reconstruction	A Semi-Automated Framework for 3D Reconstruction of Medieval Manuscript Miniatures	Riccardo Pallotto; Pierluigi Feliciati; Tiberio Uricchio	cs.CV	/Volumes/UBag/Documents/l40server_mirror/lyra/Lyra-2/paper_collection_3d4d_reconstruction_2026_04_26/pdfs/2026_A_Semi_Automated_Framework_for_3D_Reconstruction_of_Medieval_Manuscript_Miniatures_2604.08610.pdf	imported
2602.21105	2026	2026-arxiv	Codex:3D-Reconstruction,Codex:3D4D-Reconstruction	BrepGaussian: CAD reconstruction from Multi-View Images with Gaussian Splatting	Jiaxing Yu; Dongyang Ren; Hangyu Xu; Zhouyuxiao Yang; Yuanqi Li; Jie Guo; Zhengkang Zhou; Yanwen Guo	cs.CV	/Volumes/UBag/Documents/l40server_mirror/lyra/Lyra-2/paper_collection_3d4d_reconstruction_2026_04_26/pdfs/2026_BrepGaussian_CAD_reconstruction_from_Multi_View_Images_with_Gaussian_Splatting_2602.21105.pdf	imported
2604.06739	2026	2026-arxiv	Codex:3D-Reconstruction,Codex:3D4D-Reconstruction	DOC-GS: Dual-Domain Observation and Calibration for Reliable Sparse-View Gaussian Splatting	Hantang Li; Qiang Zhu; Xiandong Meng; Debin Zhao; Xiaopeng Fan	cs.CV	/Volumes/UBag/Documents/l40server_mirror/lyra/Lyra-2/paper_collection_3d4d_reconstruction_2026_04_26/pdfs/2026_DOC_GS_Dual_Domain_Observation_and_Calibration_for_Reliable_Sparse_View_Gaussian_Splatting_2604.06739.pdf	imported
2604.06725	2026	2026-arxiv	Codex:3D-Reconstruction,Codex:3D4D-Reconstruction	Enhancing MLLM Spatial Understanding via Active 3D Scene Exploration for Multi-Perspective Reasoning	Jiahua Chen; Qihong Tang; Weinong Wang; Qi Fan	cs.CV	/Volumes/UBag/Documents/l40server_mirror/lyra/Lyra-2/paper_collection_3d4d_reconstruction_2026_04_26/pdfs/2026_Enhancing_MLLM_Spatial_Understanding_via_Active_3D_Scene_Exploration_for_Multi_Perspective_2604.06725.pdf	imported
2604.07337	2026	2026-arxiv	Codex:3D-Reconstruction,Codex:3D4D-Reconstruction	From Blobs to Spokes: High-Fidelity Surface Reconstruction via Oriented Gaussians	Diego Gomez; Antoine Guédon; Nissim Maruani; Bingchen Gong; Maks Ovsjanikov	cs.CV	/Volumes/UBag/Documents/l40server_mirror/lyra/Lyra-2/paper_collection_3d4d_reconstruction_2026_04_26/pdfs/2026_From_Blobs_to_Spokes_High_Fidelity_Surface_Reconstruction_via_Oriented_Gaussians_2604.07337.pdf	imported
2604.07250	2026	2026-arxiv	Codex:3D-Reconstruction,Codex:3D4D-Reconstruction	Geo-EVS: Geometry-Conditioned Extrapolative View Synthesis for Autonomous Driving	Yatong Lan; Rongkui Tang; Lei He	cs.CV	/Volumes/UBag/Documents/l40server_mirror/lyra/Lyra-2/paper_collection_3d4d_reconstruction_2026_04_26/pdfs/2026_Geo_EVS_Geometry_Conditioned_Extrapolative_View_Synthesis_for_Autonomous_Driving_2604.07250.pdf	imported
2604.06740	2026	2026-arxiv	Codex:3D-Reconstruction,Codex:3D4D-Reconstruction	LiveStre4m: Feed-Forward Live Streaming of Novel Views from Unposed Multi-View Video	Pedro Quesado; Erkut Akdag; Yasaman Kashefbahrami; Willem Menu; Egor Bondarev	cs.CV	/Volumes/UBag/Documents/l40server_mirror/lyra/Lyra-2/paper_collection_3d4d_reconstruction_2026_04_26/pdfs/2026_LiveStre4m_Feed_Forward_Live_Streaming_of_Novel_Views_from_Unposed_Multi_View_Video_2604.06740.pdf	imported
2604.07279	2026	2026-arxiv	Codex:3D-Reconstruction,Codex:3D4D-Reconstruction	Mem3R: Streaming 3D Reconstruction with Hybrid Memory via Test-Time Training	Changkun Liu; Jiezhi Yang; Zeman Li; Yuan Deng; Jiancong Guo; Luca Ballan	cs.CV	/Volumes/UBag/Documents/l40server_mirror/lyra/Lyra-2/paper_collection_3d4d_reconstruction_2026_04_26/pdfs/2026_Mem3R_Streaming_3D_Reconstruction_with_Hybrid_Memory_via_Test_Time_Training_2604.07279.pdf	imported
2604.02996	2026	2026-arxiv	Codex:3D-Reconstruction,Codex:3D4D-Reconstruction	Rendering Multi-Human and Multi-Object with 3D Gaussian Splatting	Weiquan Wang; Jun Xiao; Feifei Shao; Yi Yang; Yueting Zhuang; Long Chen	cs.CV	/Volumes/UBag/Documents/l40server_mirror/lyra/Lyra-2/paper_collection_3d4d_reconstruction_2026_04_26/pdfs/2026_Rendering_Multi_Human_and_Multi_Object_with_3D_Gaussian_Splatting_2604.02996.pdf	imported
2604.07177	2026	2026-arxiv	Codex:3D-Reconstruction,Codex:3D4D-Reconstruction	Splats under Pressure: Exploring Performance-Energy Trade-offs in Real-Time 3D Gaussian Splatting under Constrained GPU Budgets	Muhammad Fahim Tajwar; Arthur Wuhrlin; Bhojan Anand	cs.GR cs.LG	/Volumes/UBag/Documents/l40server_mirror/lyra/Lyra-2/paper_collection_3d4d_reconstruction_2026_04_26/pdfs/2026_Splats_under_Pressure_Exploring_Performance_Energy_Trade_offs_in_Real_Time_3D_Gaussian_Spl_2604.07177.pdf	imported
2603.20284	2026	2026-arxiv	Codex:3D-Reconstruction,Codex:3D4D-Reconstruction	STAC: Plug-and-Play Spatio-Temporal Aware Cache Compression for Streaming 3D Reconstruction	Runze Wang; Yuxuan Song; Youcheng Cai; Ligang Liu	cs.CV cs.GR eess.IV	/Volumes/UBag/Documents/l40server_mirror/lyra/Lyra-2/paper_collection_3d4d_reconstruction_2026_04_26/pdfs/2026_STAC_Plug_and_Play_Spatio_Temporal_Aware_Cache_Compression_for_Streaming_3D_Reconstruction_2603.20284.pdf	imported
2604.06830	2026	2026-arxiv	Codex:3D-Reconstruction,Codex:3D4D-Reconstruction	VGGT-SLAM++	Avilasha Mandal; Rajesh Kumar; Sudarshan Sunil Harithas; Chetan Arora	cs.CV cs.RO	/Volumes/UBag/Documents/l40server_mirror/lyra/Lyra-2/paper_collection_3d4d_reconstruction_2026_04_26/pdfs/2026_VGGT_SLAM_2604.06830.pdf	imported
2603.04385	2026	2026-arxiv	Codex:3D-Reconstruction,Codex:3D4D-Reconstruction	ZipMap: Linear-Time Stateful 3D Reconstruction via Test-Time Training	Haian Jin; Rundi Wu; Tianyuan Zhang; Ruiqi Gao; Jonathan T. Barron; Noah Snavely; Aleksander Holynski	cs.CV cs.AI cs.LG	/Volumes/UBag/Documents/l40server_mirror/lyra/Lyra-2/paper_collection_3d4d_reconstruction_2026_04_26/pdfs/2026_ZipMap_Linear_Time_Stateful_3D_Reconstruction_via_Test_Time_Training_2603.04385.pdf	imported
2604.07053	2026	2026-arxiv	Codex:3D-Reconstruction,Codex:3D4D-Reconstruction	AnchorSplat: Feed-Forward 3D Gaussian Splatting with 3D Geometric Priors	Xiaoxue Zhang; Xiaoxu Zheng; Yixuan Yin; Tiao Zhao; Kaihua Tang; Michael Bi Mi; Zhan Xu; Dave Zhenyu Chen	cs.CV	/Volumes/UBag/Documents/l40server_mirror/lyra/Lyra-2/paper_collection_3d4d_reconstruction_2026_04_26/pdfs/2026_AnchorSplat_Feed_Forward_3D_Gaussian_Splatting_with_3D_Geometric_Priors_2604.07053.pdf	imported
2604.08068	2026	2026-arxiv	Codex:3D-Reconstruction,Codex:3D4D-Reconstruction	Brain3D: EEG-to-3D Decoding of Visual Representations via Multimodal Reasoning	Emanuele Balloni; Emanuele Frontoni; Chiara Matti; Marina Paolanti; Roberto Pierdicca; Emiliano Santarnecchi	cs.CV	/Volumes/UBag/Documents/l40server_mirror/lyra/Lyra-2/paper_collection_3d4d_reconstruction_2026_04_26/pdfs/2026_Brain3D_EEG_to_3D_Decoding_of_Visual_Representations_via_Multimodal_Reasoning_2604.08068.pdf	imported
2604.07986	2026	2026-arxiv	Codex:3D-Reconstruction,Codex:3D4D-Reconstruction,Codex:4D-Reconstruction	DP-DeGauss: Dynamic Probabilistic Gaussian Decomposition for Egocentric 4D Scene Reconstruction	Tingxi Chen; Zhengxue Cheng; Houqiang Zhong; Su Wang; Rong Xie; Li Song	cs.CV	/Volumes/UBag/Documents/l40server_mirror/lyra/Lyra-2/paper_collection_3d4d_reconstruction_2026_04_26/pdfs/2026_DP_DeGauss_Dynamic_Probabilistic_Gaussian_Decomposition_for_Egocentric_4D_Scene_Reconstruc_2604.07986.pdf	imported
2604.07728	2026	2026-arxiv	Codex:3D-Reconstruction,Codex:3D4D-Reconstruction	GEAR: GEometry-motion Alternating Refinement for Articulated Object Modeling with Gaussian Splatting	Jialin Li; Bin Fu; Ruiping Wang; Xilin Chen	cs.CV cs.GR cs.RO	/Volumes/UBag/Documents/l40server_mirror/lyra/Lyra-2/paper_collection_3d4d_reconstruction_2026_04_26/pdfs/2026_GEAR_GEometry_motion_Alternating_Refinement_for_Articulated_Object_Modeling_with_Gaussian_2604.07728.pdf	imported
2604.08719	2026	2026-arxiv	Codex:3D+4D-Evolution,Codex:3D4D-Reconstruction	LMGenDrive: Bridging Multimodal Understanding and Generative World Modeling for End-to-End Driving	Hao Shao; Letian Wang; Yang Zhou; Yuxuan Hu; Zhuofan Zong; Steven L. Waslander; Wei Zhan; Hongsheng Li	cs.CV cs.AI cs.RO	/Volumes/UBag/Documents/l40server_mirror/lyra/Lyra-2/paper_collection_3d4d_reconstruction_2026_04_26/pdfs/2026_LMGenDrive_Bridging_Multimodal_Understanding_and_Generative_World_Modeling_for_End_to_End_2604.08719.pdf	imported
2604.07991	2026	2026-arxiv	Codex:3D+4D-Evolution,Codex:3D4D-Reconstruction	MotionScape: A Large-Scale Real-World Highly Dynamic UAV Video Dataset for World Models	Zile Guo; Zhan Chen; Enze Zhu; Kan Wei; Yongkang Zou; Xiaoxuan Liu; Lei Wang	cs.CV cs.MM	/Volumes/UBag/Documents/l40server_mirror/lyra/Lyra-2/paper_collection_3d4d_reconstruction_2026_04_26/pdfs/2026_MotionScape_A_Large_Scale_Real_World_Highly_Dynamic_UAV_Video_Dataset_for_World_Models_2604.07991.pdf	imported
2604.08500	2026	2026-arxiv	Codex:3D-Reconstruction,Codex:3D4D-Reconstruction	Novel View Synthesis as Video Completion	Qi Wu; Khiem Vuong; Minsik Jeon; Srinivasa Narasimhan; Deva Ramanan	cs.CV	/Volumes/UBag/Documents/l40server_mirror/lyra/Lyra-2/paper_collection_3d4d_reconstruction_2026_04_26/pdfs/2026_Novel_View_Synthesis_as_Video_Completion_2604.08500.pdf	imported
2604.07890	2026	2026-arxiv	Codex:3D-Reconstruction,Codex:3D4D-Reconstruction	Sampling-Aware 3D Spatial Analysis in Multiplexed Imaging	Ido Harlev; Tamar Oukhanov; Raz Ben-Uri; Leeat Keren; Shai Bagon	cs.CV	/Volumes/UBag/Documents/l40server_mirror/lyra/Lyra-2/paper_collection_3d4d_reconstruction_2026_04_26/pdfs/2026_Sampling_Aware_3D_Spatial_Analysis_in_Multiplexed_Imaging_2604.07890.pdf	imported
2604.08542	2026	2026-arxiv	Codex:3D-Reconstruction,Codex:3D4D-Reconstruction	Scal3R: Scalable Test-Time Training for Large-Scale 3D Reconstruction	Tao Xie; Peishan Yang; Yudong Jin; Yingfeng Cai; Wei Yin; Weiqiang Ren; Qian Zhang; Wei Hua; Sida Peng; Xiaoyang Guo; Xiaowei Zhou	cs.CV	/Volumes/UBag/Documents/l40server_mirror/lyra/Lyra-2/paper_collection_3d4d_reconstruction_2026_04_26/pdfs/2026_Scal3R_Scalable_Test_Time_Training_for_Large_Scale_3D_Reconstruction_2604.08542.pdf	imported
2604.08760	2026	2026-arxiv	Codex:3D-Reconstruction,Codex:3D4D-Reconstruction	SIC3D: Style Image Conditioned Text-to-3D Gaussian Splatting Generation	Ming He; Zhixiang Chen; Steve Maddock	cs.CV	/Volumes/UBag/Documents/l40server_mirror/lyra/Lyra-2/paper_collection_3d4d_reconstruction_2026_04_26/pdfs/2026_SIC3D_Style_Image_Conditioned_Text_to_3D_Gaussian_Splatting_Generation_2604.08760.pdf	imported
2604.07923	2026	2026-arxiv	Codex:3D4D-Reconstruction,Codex:4D-Reconstruction	Stitch4D: Sparse Multi-Location 4D Urban Reconstruction via Spatio-Temporal Interpolation	Hina Kogure; Kei Katsumata; Taiki Miyanishi; Komei Sugiura	cs.CV	/Volumes/UBag/Documents/l40server_mirror/lyra/Lyra-2/paper_collection_3d4d_reconstruction_2026_04_26/pdfs/2026_Stitch4D_Sparse_Multi_Location_4D_Urban_Reconstruction_via_Spatio_Temporal_Interpolation_2604.07923.pdf	imported
2604.08370	2026	2026-arxiv	Codex:3D-Reconstruction,Codex:3D4D-Reconstruction	SurfelSplat: Learning Efficient and Generalizable Gaussian Surfel Representations for Sparse-View Surface Reconstruction	Chensheng Dai; Shengjun Zhang; Min Chen; Yueqi Duan	cs.CV	/Volumes/UBag/Documents/l40server_mirror/lyra/Lyra-2/paper_collection_3d4d_reconstruction_2026_04_26/pdfs/2026_SurfelSplat_Learning_Efficient_and_Generalizable_Gaussian_Surfel_Representations_for_Spars_2604.08370.pdf	imported
2604.07957	2026	2026-arxiv	Codex:3D+4D-Evolution,Codex:3D4D-Reconstruction	WorldMAP: Bootstrapping Vision-Language Navigation Trajectory Prediction with Generative World Models	Hongjin Chen; Shangyun Jiang; Tonghua Su; Chen Gao; Xinlei Chen; Yong Li; Zhibo Chen	cs.AI cs.CV cs.RO	/Volumes/UBag/Documents/l40server_mirror/lyra/Lyra-2/paper_collection_3d4d_reconstruction_2026_04_26/pdfs/2026_WorldMAP_Bootstrapping_Vision_Language_Navigation_Trajectory_Prediction_with_Generative_Wo_2604.07957.pdf	imported
2604.09877	2026	2026-arxiv	Codex:3D+4D-Evolution,Codex:3D4D-Reconstruction,Codex:4D-Reconstruction	DINO_4D: Semantic-Aware 4D Reconstruction	Yiru Yang; Zhuojie Wu; Quentin Marguet; Nishant Kumar Singh; Max Schulthess	cs.CV cs.AI cs.RO	/Volumes/UBag/Documents/l40server_mirror/lyra/Lyra-2/paper_collection_3d4d_reconstruction_2026_04_26/pdfs/2026_DINO_4D_Semantic_Aware_4D_Reconstruction_2604.09877.pdf	imported
2604.09862	2026	2026-arxiv	Codex:3D-Reconstruction,Codex:3D4D-Reconstruction	FF3R: Feedforward Feature 3D Reconstruction from Unconstrained views	Chaoyi Zhou; Run Wang; Feng Luo; Mert D. Pesé; Zhiwen Fan; Yiqi Zhong; Siyu Huang	cs.CV	/Volumes/UBag/Documents/l40server_mirror/lyra/Lyra-2/paper_collection_3d4d_reconstruction_2026_04_26/pdfs/2026_FF3R_Feedforward_Feature_3D_Reconstruction_from_Unconstrained_views_2604.09862.pdf	imported
2603.27222	2026	2026-arxiv	Codex:3D-Reconstruction,Codex:3D4D-Reconstruction	HD-VGGT: High-Resolution Visual Geometry Transformer	Tianrun Chen; Yuanqi Hu; Yidong Han; Hanjie Xu; Deyi Ji; Qi Zhu; Chunan Yu; Xin Zhang; Cheng Chen; Chaotao Ding; Ying Zang; Xuanfu Li; Jin Ma; Lanyun Zhu	cs.CV	/Volumes/UBag/Documents/l40server_mirror/lyra/Lyra-2/paper_collection_3d4d_reconstruction_2026_04_26/pdfs/2026_HD_VGGT_High_Resolution_Visual_Geometry_Transformer_2603.27222.pdf	imported
2604.09059	2026	2026-arxiv	Codex:3D+4D-Evolution,Codex:3D4D-Reconstruction	Learning Vision-Language-Action World Models for Autonomous Driving	Guoqing Wang; Pin Tang; Xiangxuan Ren; Guodongfang Zhao; Bailan Feng; Chao Ma	cs.CV cs.AI	/Volumes/UBag/Documents/l40server_mirror/lyra/Lyra-2/paper_collection_3d4d_reconstruction_2026_04_26/pdfs/2026_Learning_Vision_Language_Action_World_Models_for_Autonomous_Driving_2604.09059.pdf	imported
2604.09903	2026	2026-arxiv	Codex:3D-Reconstruction,Codex:3D4D-Reconstruction	PointSplat: Efficient Geometry-Driven Pruning and Transformer Refinement for 3D Gaussian Splatting	Anh Thuan Tran; Jana Kosecka	cs.CV	/Volumes/UBag/Documents/l40server_mirror/lyra/Lyra-2/paper_collection_3d4d_reconstruction_2026_04_26/pdfs/2026_PointSplat_Efficient_Geometry_Driven_Pruning_and_Transformer_Refinement_for_3D_Gaussian_Sp_2604.09903.pdf	imported
2604.02003	2026	2026-arxiv	Codex:3D-Reconstruction,Codex:3D4D-Reconstruction	ProDiG: Progressive Diffusion-Guided Gaussian Splatting for Aerial to Ground Reconstruction	Sirshapan Mitra; Yogesh S. Rawat	cs.CV	/Volumes/UBag/Documents/l40server_mirror/lyra/Lyra-2/paper_collection_3d4d_reconstruction_2026_04_26/pdfs/2026_ProDiG_Progressive_Diffusion_Guided_Gaussian_Splatting_for_Aerial_to_Ground_Reconstruction_2604.02003.pdf	imported
2604.09045	2026	2026-arxiv	Codex:3D-Reconstruction,Codex:3D4D-Reconstruction	Scene-Agnostic Object-Centric Representation Learning for 3D Gaussian Splatting	Tsuheng Hsu; Guiyu Liu; Juho Kannala; Janne Heikkilä	cs.CV	/Volumes/UBag/Documents/l40server_mirror/lyra/Lyra-2/paper_collection_3d4d_reconstruction_2026_04_26/pdfs/2026_Scene_Agnostic_Object_Centric_Representation_Learning_for_3D_Gaussian_Splatting_2604.09045.pdf	imported
2604.09324	2026	2026-arxiv	Codex:3D-Reconstruction,Codex:3D4D-Reconstruction	Structure-Aware Fine-Grained Gaussian Splatting for Expressive Avatar Reconstruction	Yuze Su; Hongsong Wang; Jie Gui; Liang Wang	cs.CV	/Volumes/UBag/Documents/l40server_mirror/lyra/Lyra-2/paper_collection_3d4d_reconstruction_2026_04_26/pdfs/2026_Structure_Aware_Fine_Grained_Gaussian_Splatting_for_Expressive_Avatar_Reconstruction_2604.09324.pdf	imported
2604.09411	2026	2026-arxiv	Codex:3D4D-Reconstruction,Codex:4D-Reconstruction	SynFlow: Scaling Up LiDAR Scene Flow Estimation with Synthetic Data	Qingwen Zhang; Xiaomeng Zhu; Chenhan Jiang; Patric Jensfelt	cs.CV	/Volumes/UBag/Documents/l40server_mirror/lyra/Lyra-2/paper_collection_3d4d_reconstruction_2026_04_26/pdfs/2026_SynFlow_Scaling_Up_LiDAR_Scene_Flow_Estimation_with_Synthetic_Data_2604.09411.pdf	imported
2604.08945	2026	2026-arxiv	Codex:3D-Reconstruction,Codex:3D4D-Reconstruction	TouchAnything: Diffusion-Guided 3D Reconstruction from Sparse Robot Touches	Langzhe Gu; Hung-Jui Huang; Mohamad Qadri; Michael Kaess; Wenzhen Yuan	cs.CV cs.RO	/Volumes/UBag/Documents/l40server_mirror/lyra/Lyra-2/paper_collection_3d4d_reconstruction_2026_04_26/pdfs/2026_TouchAnything_Diffusion_Guided_3D_Reconstruction_from_Sparse_Robot_Touches_2604.08945.pdf	imported
2604.09330	2026	2026-arxiv	Codex:3D+4D-Evolution,Codex:3D4D-Reconstruction	VAG: Dual-Stream Video-Action Generation for Embodied Data Synthesis	Xiaolei Lang; Yang Wang; Yukun Zhou; Chaojun Ni; Kerui Li; Jiagang Zhu; Tianze Liu; Jiajun Lv; Xingxing Zuo; Yun Ye; Guan Huang; Xiaofeng Wang; Zheng Zhu	cs.RO cs.CV	/Volumes/UBag/Documents/l40server_mirror/lyra/Lyra-2/paper_collection_3d4d_reconstruction_2026_04_26/pdfs/2026_VAG_Dual_Stream_Video_Action_Generation_for_Embodied_Data_Synthesis_2604.09330.pdf	imported
2604.10246	2026	2026-arxiv	Codex:3D-Reconstruction,Codex:3D4D-Reconstruction	A Comparison of Multi-View Stereo Methods for Photogrammetric 3D Reconstruction: From Traditional to Learning-Based Approaches	Yawen Li; George Vosselman; Francesco Nex	cs.CV	/Volumes/UBag/Documents/l40server_mirror/lyra/Lyra-2/paper_collection_3d4d_reconstruction_2026_04_26/pdfs/2026_A_Comparison_of_Multi_View_Stereo_Methods_for_Photogrammetric_3D_Reconstruction_From_Tradi_2604.10246.pdf	imported
2604.10259	2026	2026-arxiv	Codex:3D-Reconstruction,Codex:3D4D-Reconstruction	Real-Time Human Reconstruction and Animation using Feed-Forward Gaussian Splatting	Devdoot Chatterjee; Zakaria Laskar; C. V. Jawahar	cs.CV cs.GR	/Volumes/UBag/Documents/l40server_mirror/lyra/Lyra-2/paper_collection_3d4d_reconstruction_2026_04_26/pdfs/2026_Real_Time_Human_Reconstruction_and_Animation_using_Feed_Forward_Gaussian_Splatting_2604.10259.pdf	imported
2604.10106	2026	2026-arxiv	Codex:3D-Reconstruction,Codex:3D4D-Reconstruction	VGGT-HPE: Reframing Head Pose Estimation as Relative Pose Prediction	Vasiliki Vasileiou; Panagiotis P. Filntisis; Petros Maragos; Kostas Daniilidis	cs.CV	/Volumes/UBag/Documents/l40server_mirror/lyra/Lyra-2/paper_collection_3d4d_reconstruction_2026_04_26/pdfs/2026_VGGT_HPE_Reframing_Head_Pose_Estimation_as_Relative_Pose_Prediction_2604.10106.pdf	imported
2604.10690	2026	2026-arxiv	Codex:3D+4D-Evolution,Codex:3D4D-Reconstruction	Do LLMs Build Spatial World Models? Evidence from Grid-World Maze Tasks	Weijiang Li; Yilin Zhu; Rajarshi Das; Parijat Dube	cs.AI	/Volumes/UBag/Documents/l40server_mirror/lyra/Lyra-2/paper_collection_3d4d_reconstruction_2026_04_26/pdfs/2026_Do_LLMs_Build_Spatial_World_Models_Evidence_from_Grid_World_Maze_Tasks_2604.10690.pdf	imported
2604.10512	2026	2026-arxiv	Codex:3D-Reconstruction,Codex:3D4D-Reconstruction	FreeScale: Scaling 3D Scenes via Certainty-Aware Free-View Generation	Chenhan Jiang; Yu Chen; Qingwen Zhang; Jifei Song; Songcen Xu; Dit-Yan Yeung; Jiankang Deng	cs.CV	/Volumes/UBag/Documents/l40server_mirror/lyra/Lyra-2/paper_collection_3d4d_reconstruction_2026_04_26/pdfs/2026_FreeScale_Scaling_3D_Scenes_via_Certainty_Aware_Free_View_Generation_2604.10512.pdf	imported
2604.10573	2026	2026-arxiv	Codex:3D-Reconstruction,Codex:3D4D-Reconstruction	Learning 3D Representations for Spatial Intelligence from Unposed Multi-View Images	Bo Zhou; Qiuxia Lai; Zeren Sun; Xiangbo Shu; Yazhou Yao; Wenguan Wang	cs.CV	/Volumes/UBag/Documents/l40server_mirror/lyra/Lyra-2/paper_collection_3d4d_reconstruction_2026_04_26/pdfs/2026_Learning_3D_Representations_for_Spatial_Intelligence_from_Unposed_Multi_View_Images_2604.10573.pdf	imported
2604.10593	2026	2026-arxiv	Codex:3D-Reconstruction,Codex:3D4D-Reconstruction	MonoEM-GS: Monocular Expectation-Maximization Gaussian Splatting SLAM	Evgenii Kruzhkov; Sven Behnke	cs.RO	/Volumes/UBag/Documents/l40server_mirror/lyra/Lyra-2/paper_collection_3d4d_reconstruction_2026_04_26/pdfs/2026_MonoEM_GS_Monocular_Expectation_Maximization_Gaussian_Splatting_SLAM_2604.10593.pdf	imported
2604.10415	2026	2026-arxiv	Codex:3D-Reconstruction,Codex:3D4D-Reconstruction	Point2Pose: Occlusion-Recovering 6D Pose Tracking and 3D Reconstruction for Multiple Unknown Objects Via 2D Point Trackers	Tzu-Yuan Lin; Ho Jae Lee; Kevin Doherty; Yonghyeon Lee; Sangbae Kim	cs.CV cs.RO	/Volumes/UBag/Documents/l40server_mirror/lyra/Lyra-2/paper_collection_3d4d_reconstruction_2026_04_26/pdfs/2026_Point2Pose_Occlusion_Recovering_6D_Pose_Tracking_and_3D_Reconstruction_for_Multiple_Unknow_2604.10415.pdf	imported
2604.10789	2026	2026-arxiv	Codex:3D-Reconstruction,Codex:3D4D-Reconstruction	ReplicateAnyScene: Zero-Shot Video-to-3D Composition via Textual-Visual-Spatial Alignment	Mingyu Dong; Chong Xia; Mingyuan Jia; Weichen Lyu; Long Xu; Zheng Zhu; Yueqi Duan	cs.CV	/Volumes/UBag/Documents/l40server_mirror/lyra/Lyra-2/paper_collection_3d4d_reconstruction_2026_04_26/pdfs/2026_ReplicateAnyScene_Zero_Shot_Video_to_3D_Composition_via_Textual_Visual_Spatial_Alignment_2604.10789.pdf	imported
2604.11302	2026	2026-arxiv	Codex:3D+4D-Evolution,Codex:3D4D-Reconstruction	3D-Anchored Lookahead Planning for Persistent Robotic Scene Memory via World-Model-Based MCTS	Bronislav Sidik; Dror Mizrahi	cs.RO cs.AI	/Volumes/UBag/Documents/l40server_mirror/lyra/Lyra-2/paper_collection_3d4d_reconstruction_2026_04_26/pdfs/2026_3D_Anchored_Lookahead_Planning_for_Persistent_Robotic_Scene_Memory_via_World_Model_Based_M_2604.11302.pdf	imported
2604.11983	2026	2026-arxiv	Codex:3D-Reconstruction,Codex:3D4D-Reconstruction	A Geometric Algebra-informed NeRF Framework for Generalizable Wireless Channel Prediction	Jingzhou Shen; Luis Lago Enamorado; Shiwen Mao; Xuyu Wang	cs.NI cs.LG	/Volumes/UBag/Documents/l40server_mirror/lyra/Lyra-2/paper_collection_3d4d_reconstruction_2026_04_26/pdfs/2026_A_Geometric_Algebra_informed_NeRF_Framework_for_Generalizable_Wireless_Channel_Prediction_2604.11983.pdf	imported
2601.09211	2026	2026-arxiv	Codex:3D-Reconstruction,Codex:3D4D-Reconstruction	Affostruction: 3D Affordance Grounding with Generative Reconstruction	Chunghyun Park; Seunghyeon Lee; Minsu Cho	cs.CV	/Volumes/UBag/Documents/l40server_mirror/lyra/Lyra-2/paper_collection_3d4d_reconstruction_2026_04_26/pdfs/2026_Affostruction_3D_Affordance_Grounding_with_Generative_Reconstruction_2601.09211.pdf	imported
2604.11386	2026	2026-arxiv	Codex:3D+4D-Evolution,Codex:3D4D-Reconstruction	ComSim: Building Scalable Real-World Robot Data Generation via Compositional Simulation	Yiran Qin; Jiahua Ma; Li Kang; Wenzhan Li; Yihang Jiao; Xin Wen; Xiufeng Song; Heng Zhou; Jiwen Yu; Zhenfei Yin; Xihui Liu; Philip Torr; Yilun Du; Ruimao Zhang	cs.RO cs.CV	/Volumes/UBag/Documents/l40server_mirror/lyra/Lyra-2/paper_collection_3d4d_reconstruction_2026_04_26/pdfs/2026_ComSim_Building_Scalable_Real_World_Robot_Data_Generation_via_Compositional_Simulation_2604.11386.pdf	imported
2604.11401	2026	2026-arxiv	Codex:3D-Reconstruction,Codex:3D4D-Reconstruction	GS4City: Hierarchical Semantic Gaussian Splatting via City-Model Priors	Qilin Zhang; Jinyu Zhu; Olaf Wysocki; Benjamin Busam; Boris Jutzi	cs.CV	/Volumes/UBag/Documents/l40server_mirror/lyra/Lyra-2/paper_collection_3d4d_reconstruction_2026_04_26/pdfs/2026_GS4City_Hierarchical_Semantic_Gaussian_Splatting_via_City_Model_Priors_2604.11401.pdf	imported
2604.07209	2026	2026-arxiv	Codex:3D+4D-Evolution,Codex:3D4D-Reconstruction	INSPATIO-WORLD: A Real-Time 4D World Simulator via Spatiotemporal Autoregressive Modeling	InSpatio Team; Donghui Shen; Guofeng Zhang; Haomin Liu; Haoyu Ji; Hujun Bao; Hongjia Zhai; Jialin Liu; Jing Guo; Nan Wang; Siji Pan; Weihong Pan; Weijian Xie; Xianbin Liu; Xiaojun Xiang; Xiaoyu Zhang; Xinyu Chen; Yifu Wang; Yipeng Chen; Zhenzhou Fan; Zhewen Le; Zhichao Ye; Ziqiang Zhao	cs.CV	/Volumes/UBag/Documents/l40server_mirror/lyra/Lyra-2/paper_collection_3d4d_reconstruction_2026_04_26/pdfs/2026_INSPATIO_WORLD_A_Real_Time_4D_World_Simulator_via_Spatiotemporal_Autoregressive_Modeling_2604.07209.pdf	existing
2604.10994	2026	2026-arxiv	Codex:3D-Reconstruction,Codex:3D4D-Reconstruction	LumiMotion: Improving Gaussian Relighting with Scene Dynamics	Joanna Kaleta; Piotr Wójcik; Kacper Marzol; Tomasz Trzciński; Kacper Kania; Marek Kowalski	cs.CV	/Volumes/UBag/Documents/l40server_mirror/lyra/Lyra-2/paper_collection_3d4d_reconstruction_2026_04_26/pdfs/2026_LumiMotion_Improving_Gaussian_Relighting_with_Scene_Dynamics_2604.10994.pdf	imported
2604.11142	2026	2026-arxiv	Codex:3D-Reconstruction,Codex:3D4D-Reconstruction	Naka-GS: A Bionics-inspired Dual-Branch Naka Correction and Progressive Point Pruning for Low-Light 3DGS	Runyu Zhu; SiXun Dong; Zhiqiang Zhang; Qingxia Ye; Zhihua Xu	cs.CV	/Volumes/UBag/Documents/l40server_mirror/lyra/Lyra-2/paper_collection_3d4d_reconstruction_2026_04_26/pdfs/2026_Naka_GS_A_Bionics_inspired_Dual_Branch_Naka_Correction_and_Progressive_Point_Pruning_for_L_2604.11142.pdf	imported
2604.11992	2026	2026-arxiv	Codex:3D-Reconstruction,Codex:3D4D-Reconstruction	ReefMapGS: Enabling Large-Scale Underwater Reconstruction by Closing the Loop Between Multimodal SLAM and Gaussian Splatting	Daniel Yang; Jungseok Hong; John J. Leonard; Yogesh Girdhar	cs.RO cs.CV	/Volumes/UBag/Documents/l40server_mirror/lyra/Lyra-2/paper_collection_3d4d_reconstruction_2026_04_26/pdfs/2026_ReefMapGS_Enabling_Large_Scale_Underwater_Reconstruction_by_Closing_the_Loop_Between_Multi_2604.11992.pdf	imported
2603.12639	2026	2026-arxiv	Codex:3D+4D-Evolution,Codex:3D4D-Reconstruction	RoboStereo: Dual-Tower 4D Embodied World Models for Unified Policy Optimization	Ruicheng Zhang; Guangyu Chen; Zunnan Xu; Zihao Liu; Zhizhou Zhong; Mingyang Zhang; Jun Zhou; Xiu Li	cs.CV	/Volumes/UBag/Documents/l40server_mirror/lyra/Lyra-2/paper_collection_3d4d_reconstruction_2026_04_26/pdfs/2026_RoboStereo_Dual_Tower_4D_Embodied_World_Models_for_Unified_Policy_Optimization_2603.12639.pdf	imported
2603.28287	2026	2026-arxiv	Codex:3D-Reconstruction,Codex:3D4D-Reconstruction	TerraSky3D: Multi-View Reconstructions of European Landmarks in 4K	Mattia D'Urso; Yuxi Hu; Christian Sormann; Mattia Rossi; Friedrich Fraundorfer	cs.CV	/Volumes/UBag/Documents/l40server_mirror/lyra/Lyra-2/paper_collection_3d4d_reconstruction_2026_04_26/pdfs/2026_TerraSky3D_Multi_View_Reconstructions_of_European_Landmarks_in_4K_2603.28287.pdf	imported
2604.11685	2026	2026-arxiv	Codex:3D-Reconstruction,Codex:3D4D-Reconstruction	Unfolding 3D Gaussian Splatting via Iterative Gaussian Synopsis	Yuqin Lu; Yang Zhou; Yihua Dai; Guiqing Li; Shengfeng He	cs.CV	/Volumes/UBag/Documents/l40server_mirror/lyra/Lyra-2/paper_collection_3d4d_reconstruction_2026_04_26/pdfs/2026_Unfolding_3D_Gaussian_Splatting_via_Iterative_Gaussian_Synopsis_2604.11685.pdf	imported
2604.12251	2026	2026-arxiv	Codex:3D-Reconstruction,Codex:3D4D-Reconstruction	ArtifactWorld: Scaling 3D Gaussian Splatting Artifact Restoration via Video Generation Models	Xinliang Wang; Yifeng Shi; Zhenyu Wu	cs.CV	/Volumes/UBag/Documents/l40server_mirror/lyra/Lyra-2/paper_collection_3d4d_reconstruction_2026_04_26/pdfs/2026_ArtifactWorld_Scaling_3D_Gaussian_Splatting_Artifact_Restoration_via_Video_Generation_Mode_2604.12251.pdf	imported
2604.08410	2026	2026-arxiv	Codex:3D-Reconstruction,Codex:3D4D-Reconstruction	BLaDA: Bridging Language to Functional Dexterous Actions within 3DGS Fields	Fan Yang; Wenrui Chen; Guorun Yan; Ruize Liao; Wanjun Jia; Dongsheng Luo; Jiacheng Lin; Kailun Yang; Zhiyong Li; Yaonan Wang	cs.CV cs.RO	/Volumes/UBag/Documents/l40server_mirror/lyra/Lyra-2/paper_collection_3d4d_reconstruction_2026_04_26/pdfs/2026_BLaDA_Bridging_Language_to_Functional_Dexterous_Actions_within_3DGS_Fields_2604.08410.pdf	imported
2602.15355	2026	2026-arxiv	Codex:3D-Reconstruction,Codex:3D4D-Reconstruction	DAV-GSWT: Diffusion-Active-View Sampling for Data-Efficient Gaussian Splatting Wang Tiles	Rong Fu; Jiekai Wu; Haiyun Wei; Yee Tan Jia; Yang Li; Xiaowen Ma; Wangyu Wu; Simon Fong	cs.CV	/Volumes/UBag/Documents/l40server_mirror/lyra/Lyra-2/paper_collection_3d4d_reconstruction_2026_04_26/pdfs/2026_DAV_GSWT_Diffusion_Active_View_Sampling_for_Data_Efficient_Gaussian_Splatting_Wang_Tiles_2602.15355.pdf	imported
2604.12592	2026	2026-arxiv	Codex:3D-Reconstruction,Codex:3D4D-Reconstruction	ELoG-GS: Dual-Branch Gaussian Splatting with Luminance-Guided Enhancement for Extreme Low-light 3D Reconstruction	Yuhao Liu; Dingju Wang; Ziyang Zheng	cs.CV	/Volumes/UBag/Documents/l40server_mirror/lyra/Lyra-2/paper_collection_3d4d_reconstruction_2026_04_26/pdfs/2026_ELoG_GS_Dual_Branch_Gaussian_Splatting_with_Luminance_Guided_Enhancement_for_Extreme_Low_l_2604.12592.pdf	imported
2604.12837	2026	2026-arxiv	Codex:3D-Reconstruction,Codex:3D4D-Reconstruction	GGD-SLAM: Monocular 3DGS SLAM Powered by Generalizable Motion Model for Dynamic Environments	Yi Liu; Haoxuan Xu; Hongbo Duan; Keyu Fan; Zhengyang Zhang; Peiyu Zhuang; Pengting Luo; Houde Liu	cs.RO	/Volumes/UBag/Documents/l40server_mirror/lyra/Lyra-2/paper_collection_3d4d_reconstruction_2026_04_26/pdfs/2026_GGD_SLAM_Monocular_3DGS_SLAM_Powered_by_Generalizable_Motion_Model_for_Dynamic_Environment_2604.12837.pdf	imported
2604.12626	2026	2026-arxiv	Codex:3D-Reconstruction,Codex:3D4D-Reconstruction,Codex:4D-Reconstruction	Habitat-GS: A High-Fidelity Navigation Simulator with Dynamic Gaussian Splatting	Ziyuan Xia; Jingyi Xu; Chong Cui; Yuanhong Yu; Jiazhao Zhang; Qingsong Yan; Tao Ni; Junbo Chen; Xiaowei Zhou; Hujun Bao; Ruizhen Hu; Sida Peng	cs.RO cs.CV	/Volumes/UBag/Documents/l40server_mirror/lyra/Lyra-2/paper_collection_3d4d_reconstruction_2026_04_26/pdfs/2026_Habitat_GS_A_High_Fidelity_Navigation_Simulator_with_Dynamic_Gaussian_Splatting_2604.12626.pdf	imported
2604.13340	2026	2026-arxiv	Codex:3D-Reconstruction,Codex:3D4D-Reconstruction	MSGS: Multispectral 3D Gaussian Splatting	Iris Zheng; Guojun Tang; Alexander Doronin; Paul Teal; Fang-Lue Zhang	cs.CV cs.GR	/Volumes/UBag/Documents/l40server_mirror/lyra/Lyra-2/paper_collection_3d4d_reconstruction_2026_04_26/pdfs/2026_MSGS_Multispectral_3D_Gaussian_Splatting_2604.13340.pdf	imported
2604.13235	2026	2026-arxiv	Codex:3D-Reconstruction,Codex:3D4D-Reconstruction	Neural 3D Reconstruction of Planetary Surfaces from Descent-Phase Wide-Angle Imagery	Melonie de Almeida; George Brydon; Divya M. Persaud; John H. Williamson; Paul Henderson	cs.CV	/Volumes/UBag/Documents/l40server_mirror/lyra/Lyra-2/paper_collection_3d4d_reconstruction_2026_04_26/pdfs/2026_Neural_3D_Reconstruction_of_Planetary_Surfaces_from_Descent_Phase_Wide_Angle_Imagery_2604.13235.pdf	imported
2604.13153	2026	2026-arxiv	Codex:3D-Reconstruction,Codex:3D4D-Reconstruction	PatchPoison: Poisoning Multi-View Datasets to Degrade 3D Reconstruction	Prajas Wadekar; Venkata Sai Pranav Bachina; Kunal Bhosikar; Ankit Gangwal; Charu Sharma	cs.CV cs.CR cs.LG	/Volumes/UBag/Documents/l40server_mirror/lyra/Lyra-2/paper_collection_3d4d_reconstruction_2026_04_26/pdfs/2026_PatchPoison_Poisoning_Multi_View_Datasets_to_Degrade_3D_Reconstruction_2604.13153.pdf	imported
2604.12923	2026	2026-arxiv	Codex:3D-Reconstruction,Codex:3D4D-Reconstruction	Pi-HOC: Pairwise 3D Human-Object Contact Estimation	Sravan Chittupalli; Ayush Jain; Dong Huang	cs.CV	/Volumes/UBag/Documents/l40server_mirror/lyra/Lyra-2/paper_collection_3d4d_reconstruction_2026_04_26/pdfs/2026_Pi_HOC_Pairwise_3D_Human_Object_Contact_Estimation_2604.12923.pdf	imported
2604.12908	2026	2026-arxiv	Codex:3D+4D-Evolution,Codex:3D4D-Reconstruction	Robotic Manipulation is Vision-to-Geometry Mapping ($f(v) \rightarrow G$): Vision-Geometry Backbones over Language and Video Models	Zijian Song; Qichang Li; Jiawei Zhou; Zhenlong Yuan; Tianshui Chen; Liang Lin; Guangrun Wang	cs.RO	/Volumes/UBag/Documents/l40server_mirror/lyra/Lyra-2/paper_collection_3d4d_reconstruction_2026_04_26/pdfs/2026_Robotic_Manipulation_is_Vision_to_Geometry_Mapping_f_v_rightarrow_G_Vision_Geometry_Backbo_2604.12908.pdf	imported
2604.13333	2026	2026-arxiv	Codex:3D-Reconstruction,Codex:3D4D-Reconstruction	SSD-GS: Scattering and Shadow Decomposition for Relightable 3D Gaussian Splatting	Iris Zheng; Guojun Tang; Alexander Doronin; Paul Teal; Fang-Lue Zhang	cs.CV cs.GR	/Volumes/UBag/Documents/l40server_mirror/lyra/Lyra-2/paper_collection_3d4d_reconstruction_2026_04_26/pdfs/2026_SSD_GS_Scattering_and_Shadow_Decomposition_for_Relightable_3D_Gaussian_Splatting_2604.13333.pdf	imported
2604.06168	2026	2026-arxiv	Codex:3D+4D-Evolution,Codex:3D4D-Reconstruction	Action Images: End-to-End Policy Learning via Multiview Video Generation	Haoyu Zhen; Zixian Gao; Qiao Sun; Yilin Zhao; Yuncong Yang; Yilun Du; Pengsheng Guo; Tsun-Hsuan Wang; Yi-Ling Qiao; Chuang Gan	cs.CV cs.RO	/Volumes/UBag/Documents/l40server_mirror/lyra/Lyra-2/paper_collection_3d4d_reconstruction_2026_04_26/pdfs/2026_Action_Images_End_to_End_Policy_Learning_via_Multiview_Video_Generation_2604.06168.pdf	imported
2604.13856	2026	2026-arxiv	Codex:3D-Reconstruction,Codex:3D4D-Reconstruction	Any3DAvatar: Fast and High-Quality Full-Head 3D Avatar Reconstruction from Single Portrait Image	Yujie Gao; Yao Xiao; Xiangnan Zhu; Ya Li; Yiyi Zhang; Liqing Zhang; Jianfu Zhang	cs.CV	/Volumes/UBag/Documents/l40server_mirror/lyra/Lyra-2/paper_collection_3d4d_reconstruction_2026_04_26/pdfs/2026_Any3DAvatar_Fast_and_High_Quality_Full_Head_3D_Avatar_Reconstruction_from_Single_Portrait_2604.13856.pdf	imported
2604.13746	2026	2026-arxiv	Codex:3D-Reconstruction,Codex:3D4D-Reconstruction,Codex:4D-Reconstruction	ClipGStream: Clip-Stream Gaussian Splatting for Any Length and Any Motion Multi-View Dynamic Scene Reconstruction	Jie Liang; Jiahao Wu; Chao Wang; Jiayu Yang; Xiaoyun Zheng; Kaiqiang Xiong; Zhanke Wang; Jinbo Yan; Feng Gao; Ronggang Wang	cs.CV	/Volumes/UBag/Documents/l40server_mirror/lyra/Lyra-2/paper_collection_3d4d_reconstruction_2026_04_26/pdfs/2026_ClipGStream_Clip_Stream_Gaussian_Splatting_for_Any_Length_and_Any_Motion_Multi_View_Dynami_2604.13746.pdf	imported
2604.13416	2026	2026-arxiv	Codex:3D-Reconstruction,Codex:3D4D-Reconstruction	DF3DV-1K: A Large-Scale Dataset and Benchmark for Distractor-Free Novel View Synthesis	Cheng-You Lu; Yi-Shan Hung; Wei-Ling Chi; Hao-Ping Wang; Charlie Li-Ting Tsai; Yu-Cheng Chang; Yu-Lun Liu; Thomas Do; Chin-Teng Lin	cs.CV cs.AI	/Volumes/UBag/Documents/l40server_mirror/lyra/Lyra-2/paper_collection_3d4d_reconstruction_2026_04_26/pdfs/2026_DF3DV_1K_A_Large_Scale_Dataset_and_Benchmark_for_Distractor_Free_Novel_View_Synthesis_2604.13416.pdf	imported
2604.14025	2026	2026-arxiv	Codex:3D-Reconstruction,Codex:3D4D-Reconstruction	Feed-Forward 3D Scene Modeling: A Problem-Driven Perspective	Weijie Wang; Qihang Cao; Sensen Gao; Donny Y. Chen; Haofei Xu; Wenjing Bian; Songyou Peng; Tat-Jen Cham; Chuanxia Zheng; Andreas Geiger; Jianfei Cai; Jia-Wang Bian; Bohan Zhuang	cs.CV cs.AI cs.GR	/Volumes/UBag/Documents/l40server_mirror/lyra/Lyra-2/paper_collection_3d4d_reconstruction_2026_04_26/pdfs/2026_Feed_Forward_3D_Scene_Modeling_A_Problem_Driven_Perspective_2604.14025.pdf	imported
2604.14048	2026	2026-arxiv	Codex:3D-Reconstruction,Codex:3D4D-Reconstruction	Free Geometry: Refining 3D Reconstruction from Longer Versions of Itself	Yuhang Dai; Xingyi Yang	cs.CV	/Volumes/UBag/Documents/l40server_mirror/lyra/Lyra-2/paper_collection_3d4d_reconstruction_2026_04_26/pdfs/2026_Free_Geometry_Refining_3D_Reconstruction_from_Longer_Versions_of_Itself_2604.14048.pdf	imported
2604.14268	2026	2026-arxiv	Codex:3D+4D-Evolution,Codex:3D4D-Reconstruction	HY-World 2.0: A Multi-Modal World Model for Reconstructing, Generating, and Simulating 3D Worlds	Team HY-World; Chenjie Cao; Xuhui Zuo; Zhenwei Wang; Yisu Zhang; Junta Wu; Zhenyang Liu; Yuning Gong; Yang Liu; Bo Yuan; Chao Zhang; Coopers Li; Dongyuan Guo; Fan Yang; Haiyu Zhang; Hang Cao; Jianchen Zhu; Jiaxin Lin; Jie Xiao; Jihong Zhang; Junlin Yu; Lei Wang; Lifu Wang; Lilin Wang; Linus; Minghui Chen; Peng He; Penghao Zhao; Qi Chen; Rui Chen; Rui Shao; Sicong Liu; Wangchen Qin; Xiaochuan Niu; Xiang Yuan; Yi Sun; Yifei Tang; Yifu Sun; Yihang Lian; Yonghao Tan; Yuhong Liu; Yuyang Yin; Zhiyuan Min; Tengfei Wang; Chunchao Guo	cs.CV	/Volumes/UBag/Documents/l40server_mirror/lyra/Lyra-2/paper_collection_3d4d_reconstruction_2026_04_26/pdfs/2026_HY_World_2_0_A_Multi_Modal_World_Model_for_Reconstructing_Generating_and_Simulating_3D_Wor_2604.14268.pdf	imported
2604.13918	2026	2026-arxiv	Codex:3D-Reconstruction,Codex:3D4D-Reconstruction	PartNerFace: Part-based Neural Radiance Fields for Animatable Facial Avatar Reconstruction	Xianggang Yu; Lingteng Qiu; Xiaohang Ren; Guanying Chen; Shuguang Cui; Xiaoguang Han; Baoyuan Wang	cs.CV	/Volumes/UBag/Documents/l40server_mirror/lyra/Lyra-2/paper_collection_3d4d_reconstruction_2026_04_26/pdfs/2026_PartNerFace_Part_based_Neural_Radiance_Fields_for_Animatable_Facial_Avatar_Reconstruction_2604.13918.pdf	imported
2604.13492	2026	2026-arxiv	Codex:3D-Reconstruction,Codex:3D4D-Reconstruction	RadarSplat-RIO: Indoor Radar-Inertial Odometry with Gaussian Splatting-Based Radar Bundle Adjustment	Pou-Chun Kung; Yuan Tian; Zhengqin Li; Yue Liu; Eric Whitmire; Wolf Kienzle; Hrvoje Benko	cs.RO cs.CV	/Volumes/UBag/Documents/l40server_mirror/lyra/Lyra-2/paper_collection_3d4d_reconstruction_2026_04_26/pdfs/2026_RadarSplat_RIO_Indoor_Radar_Inertial_Odometry_with_Gaussian_Splatting_Based_Radar_Bundle_A_2604.13492.pdf	imported
2604.13905	2026	2026-arxiv	Codex:3D-Reconstruction,Codex:3D4D-Reconstruction	Rethinking Image-to-3D Generation with Sparse Queries: Efficiency, Capacity, and Input-View Bias	Zhiyuan Xu; Jiuming Liu; Yuxin Chen; Masayoshi Tomizuka; Chenfeng Xu; Chensheng Peng	cs.CV	/Volumes/UBag/Documents/l40server_mirror/lyra/Lyra-2/paper_collection_3d4d_reconstruction_2026_04_26/pdfs/2026_Rethinking_Image_to_3D_Generation_with_Sparse_Queries_Efficiency_Capacity_and_Input_View_B_2604.13905.pdf	imported
2604.13476	2026	2026-arxiv	Codex:3D-Reconstruction,Codex:3D4D-Reconstruction	RobotPan: A 360$^\circ$ Surround-View Robotic Vision System for Embodied Perception	Jiahao Ma; Qiang Zhang; Peiran Liu; Zeran Su; Pihai Sun; Gang Han; Wen Zhao; Wei Cui; Zhang Zhang; Zhiyuan Xu; Renjing Xu; Jian Tang; Miaomiao Liu; Yijie Guo	cs.RO cs.CV	/Volumes/UBag/Documents/l40server_mirror/lyra/Lyra-2/paper_collection_3d4d_reconstruction_2026_04_26/pdfs/2026_RobotPan_A_360_circ_Surround_View_Robotic_Vision_System_for_Embodied_Perception_2604.13476.pdf	imported
2602.17909	2026	2026-arxiv	Codex:3D-Reconstruction,Codex:3D4D-Reconstruction	A Single Image and Multimodality Is All You Need for Novel View Synthesis	Amirhosein Javadi; Chi-Shiang Gau; Konstantinos D. Polyzos; Tara Javidi	cs.CV	/Volumes/UBag/Documents/l40server_mirror/lyra/Lyra-2/paper_collection_3d4d_reconstruction_2026_04_26/pdfs/2026_A_Single_Image_and_Multimodality_Is_All_You_Need_for_Novel_View_Synthesis_2602.17909.pdf	imported
2604.15052	2026	2026-arxiv	Codex:3D-Reconstruction,Codex:3D4D-Reconstruction	CAVERS: Multimodal SLAM Data from a Natural Karstic Cave with Ground Truth Motion Capture	Giacomo Franchini; David Rodríguez-Martínez; Alfonso Martínez-Petersen; C. J. Pérez-del-Pulgar; Marcello Chiaberge	cs.RO	/Volumes/UBag/Documents/l40server_mirror/lyra/Lyra-2/paper_collection_3d4d_reconstruction_2026_04_26/pdfs/2026_CAVERS_Multimodal_SLAM_Data_from_a_Natural_Karstic_Cave_with_Ground_Truth_Motion_Capture_2604.15052.pdf	imported
2603.07690	2026	2026-arxiv	Codex:3D-Reconstruction,Codex:3D4D-Reconstruction	FrameVGGT: Geometry-Aligned Frame-Level Memory for Bounded Streaming VGGT	Zhisong Xu; Takeshi Oishi	cs.CV	/Volumes/UBag/Documents/l40server_mirror/lyra/Lyra-2/paper_collection_3d4d_reconstruction_2026_04_26/pdfs/2026_FrameVGGT_Geometry_Aligned_Frame_Level_Memory_for_Bounded_Streaming_VGGT_2603.07690.pdf	imported
2604.14141	2026	2026-arxiv	Codex:3D-Reconstruction,Codex:3D4D-Reconstruction	Geometric Context Transformer for Streaming 3D Reconstruction	Lin-Zhuo Chen; Jian Gao; Yihang Chen; Ka Leong Cheng; Yipengjing Sun; Liangxiao Hu; Nan Xue; Xing Zhu; Yujun Shen; Yao Yao; Yinghao Xu	cs.CV	/Volumes/UBag/Documents/l40server_mirror/lyra/Lyra-2/paper_collection_3d4d_reconstruction_2026_04_26/pdfs/2026_Geometric_Context_Transformer_for_Streaming_3D_Reconstruction_2604.14141.pdf	imported
2604.14706	2026	2026-arxiv	Codex:3D-Reconstruction,Codex:3D4D-Reconstruction	NG-GS: NeRF-Guided 3D Gaussian Splatting Segmentation	Yi He; Tao Wang; Yi Jin; Congyan Lang; Yidong Li; Haibin Ling	cs.CV	/Volumes/UBag/Documents/l40server_mirror/lyra/Lyra-2/paper_collection_3d4d_reconstruction_2026_04_26/pdfs/2026_NG_GS_NeRF_Guided_3D_Gaussian_Splatting_Segmentation_2604.14706.pdf	imported
2604.12580	2026	2026-arxiv	Codex:3D-Reconstruction,Codex:3D4D-Reconstruction	PDF-GS: Progressive Distractor Filtering for Robust 3D Gaussian Splatting	Kangmin Seo; MinKyu Lee; Tae-Young Kim; ByeongCheol Lee; JoonSeoung An; Jae-Pil Heo	cs.CV	/Volumes/UBag/Documents/l40server_mirror/lyra/Lyra-2/paper_collection_3d4d_reconstruction_2026_04_26/pdfs/2026_PDF_GS_Progressive_Distractor_Filtering_for_Robust_3D_Gaussian_Splatting_2604.12580.pdf	imported
2604.15239	2026	2026-arxiv	Codex:3D-Reconstruction,Codex:3D4D-Reconstruction,Codex:4D-Reconstruction	TokenGS: Decoupling 3D Gaussian Prediction from Pixels with Learnable Tokens	Jiawei Ren; Michal Jan Tyszkiewicz; Jiahui Huang; Zan Gojcic	cs.CV	/Volumes/UBag/Documents/l40server_mirror/lyra/Lyra-2/paper_collection_3d4d_reconstruction_2026_04_26/pdfs/2026_TokenGS_Decoupling_3D_Gaussian_Prediction_from_Pixels_with_Learnable_Tokens_2604.15239.pdf	imported
2604.15875	2026	2026-arxiv	Codex:3D-Reconstruction,Codex:3D4D-Reconstruction	CLOTH-HUGS: Cloth Aware Human Gaussian Splatting	Sadia Mubashshira; Nazanin Amini; Kevin Desai	cs.CV	/Volumes/UBag/Documents/l40server_mirror/lyra/Lyra-2/paper_collection_3d4d_reconstruction_2026_04_26/pdfs/2026_CLOTH_HUGS_Cloth_Aware_Human_Gaussian_Splatting_2604.15875.pdf	imported
2604.15612	2026	2026-arxiv	Codex:3D-Reconstruction,Codex:3D4D-Reconstruction	GaussianFlow SLAM: Monocular Gaussian Splatting SLAM Guided by GaussianFlow	Dong-Uk Seo; Jinwoo Jeon; Eungchang Mason Lee; Hyun Myung	cs.RO cs.CV	/Volumes/UBag/Documents/l40server_mirror/lyra/Lyra-2/paper_collection_3d4d_reconstruction_2026_04_26/pdfs/2026_GaussianFlow_SLAM_Monocular_Gaussian_Splatting_SLAM_Guided_by_GaussianFlow_2604.15612.pdf	imported
2604.15284	2026	2026-arxiv	Codex:3D-Reconstruction,Codex:3D4D-Reconstruction	GlobalSplat: Efficient Feed-Forward 3D Gaussian Splatting via Global Scene Tokens	Roni Itkin; Noam Issachar; Yehonatan Keypur; Xingyu Chen; Anpei Chen; Sagie Benaim	cs.CV	/Volumes/UBag/Documents/l40server_mirror/lyra/Lyra-2/paper_collection_3d4d_reconstruction_2026_04_26/pdfs/2026_GlobalSplat_Efficient_Feed_Forward_3D_Gaussian_Splatting_via_Global_Scene_Tokens_2604.15284.pdf	imported
2604.16747	2026	2026-arxiv	Codex:3D-Reconstruction,Codex:3D4D-Reconstruction,Codex:4D-Reconstruction	Incoherent Deformation, Not Capacity: Diagnosing and Mitigating Overfitting in Dynamic Gaussian Splatting	Ahmad Droby	cs.CV	/Volumes/UBag/Documents/l40server_mirror/lyra/Lyra-2/paper_collection_3d4d_reconstruction_2026_04_26/pdfs/2026_Incoherent_Deformation_Not_Capacity_Diagnosing_and_Mitigating_Overfitting_in_Dynamic_Gauss_2604.16747.pdf	imported
2604.15941	2026	2026-arxiv	Codex:3D-Reconstruction,Codex:3D4D-Reconstruction	Neural Gabor Splatting: Enhanced Gaussian Splatting with Neural Gabor for High-frequency Surface Reconstruction	Haato Watanabe; Nobuyuki Umetani	cs.CV cs.GR	/Volumes/UBag/Documents/l40server_mirror/lyra/Lyra-2/paper_collection_3d4d_reconstruction_2026_04_26/pdfs/2026_Neural_Gabor_Splatting_Enhanced_Gaussian_Splatting_with_Neural_Gabor_for_High_frequency_Su_2604.15941.pdf	imported
2604.16540	2026	2026-arxiv	Codex:3D-Reconstruction,Codex:3D4D-Reconstruction	PoInit-of-View: Poisoning Initialization of Views Transfers Across Multiple 3D Reconstruction Systems	Weijie Wang; Songlong Xing; Zhengyu Zhao; Nicu Sebe; Bruno Lepri	cs.CV cs.AI	/Volumes/UBag/Documents/l40server_mirror/lyra/Lyra-2/paper_collection_3d4d_reconstruction_2026_04_26/pdfs/2026_PoInit_of_View_Poisoning_Initialization_of_Views_Transfers_Across_Multiple_3D_Reconstructi_2604.16540.pdf	imported
2604.15862	2026	2026-arxiv	Codex:3D-Reconstruction,Codex:3D4D-Reconstruction	Splats in Splats++: Robust and Generalizable 3D Gaussian Splatting Steganography	Yijia Guo; Wenkai Huang; Tong Hu; Gaolei Li; Yang Li; Yuxin Hong; Liwen Hu; Xitong Ling; Jianhua Li; Shengbo Chen; Tiejun Huang; Lei Ma	cs.CV	/Volumes/UBag/Documents/l40server_mirror/lyra/Lyra-2/paper_collection_3d4d_reconstruction_2026_04_26/pdfs/2026_Splats_in_Splats_Robust_and_Generalizable_3D_Gaussian_Splatting_Steganography_2604.15862.pdf	imported
2604.17155	2026	2026-arxiv	Codex:3D-Reconstruction,Codex:3D4D-Reconstruction	Instant Colorization of Gaussian Splats	Daniel Lieber; Alexander Mock; Nils Wandel	cs.CV cs.GR	/Volumes/UBag/Documents/l40server_mirror/lyra/Lyra-2/paper_collection_3d4d_reconstruction_2026_04_26/pdfs/2026_Instant_Colorization_of_Gaussian_Splats_2604.17155.pdf	imported
2604.16910	2026	2026-arxiv	Codex:3D-Reconstruction,Codex:3D4D-Reconstruction	LAGS: Low-Altitude Gaussian Splatting with Groupwise Heterogeneous Graph Learning	Yikun Wang; Yujie Wan; Wei Zuo; Shuai Wang; Yik-Chung Wu; Chengzhong Xu; Huseyin Arslan	cs.CV cs.RO	/Volumes/UBag/Documents/l40server_mirror/lyra/Lyra-2/paper_collection_3d4d_reconstruction_2026_04_26/pdfs/2026_LAGS_Low_Altitude_Gaussian_Splatting_with_Groupwise_Heterogeneous_Graph_Learning_2604.16910.pdf	imported
2604.17651	2026	2026-arxiv	Codex:3D+4D-Evolution,Codex:3D4D-Reconstruction	Infrastructure-Centric World Models: Bridging Temporal Depth and Spatial Breadth for Roadside Perception	Siyuan Meng; Chengbo Ai	cs.CV cs.RO	/Volumes/UBag/Documents/l40server_mirror/lyra/Lyra-2/paper_collection_3d4d_reconstruction_2026_04_26/pdfs/2026_Infrastructure_Centric_World_Models_Bridging_Temporal_Depth_and_Spatial_Breadth_for_Roadsi_2604.17651.pdf	imported
2604.18205	2026	2026-arxiv	Codex:3D-Reconstruction,Codex:3D4D-Reconstruction	A Comparative Evaluation of Geometric Accuracy in NeRF and Gaussian Splatting	Mikolaj Zielinski; Eryk Vykysaly; Bartlomiej Biesiada; Jan Baturo; Mateusz Capala; Dominik Belter	cs.CV cs.RO	/Volumes/UBag/Documents/l40server_mirror/lyra/Lyra-2/paper_collection_3d4d_reconstruction_2026_04_26/pdfs/2026_A_Comparative_Evaluation_of_Geometric_Accuracy_in_NeRF_and_Gaussian_Splatting_2604.18205.pdf	imported
2604.18468	2026	2026-arxiv	Codex:3D-Reconstruction,Codex:3D4D-Reconstruction	Asset Harvester: Extracting 3D Assets from Autonomous Driving Logs for Simulation	Tianshi Cao; Jiawei Ren; Yuxuan Zhang; Jaewoo Seo; Jiahui Huang; Shikhar Solanki; Haotian Zhang; Mingfei Guo; Haithem Turki; Muxingzi Li; Yue Zhu; Sipeng Zhang; Zan Gojcic; Sanja Fidler; Kangxue Yin	cs.CV cs.AI cs.GR cs.LG	/Volumes/UBag/Documents/l40server_mirror/lyra/Lyra-2/paper_collection_3d4d_reconstruction_2026_04_26/pdfs/2026_Asset_Harvester_Extracting_3D_Assets_from_Autonomous_Driving_Logs_for_Simulation_2604.18468.pdf	imported
2604.04787	2026	2026-arxiv	Codex:3D4D-Reconstruction,Codex:4D-Reconstruction	AvatarPointillist: AutoRegressive 4D Gaussian Avatarization	Hongyu Liu; Xuan Wang; Zijian Wu; Yating Wang; Ziyu Wan; Yue Ma; Runtao Liu; Boyao Zhou; Yujun Shen; Qifeng Chen	cs.CV	/Volumes/UBag/Documents/l40server_mirror/lyra/Lyra-2/paper_collection_3d4d_reconstruction_2026_04_26/pdfs/2026_AvatarPointillist_AutoRegressive_4D_Gaussian_Avatarization_2604.04787.pdf	imported
2604.18336	2026	2026-arxiv	Codex:3D-Reconstruction,Codex:3D4D-Reconstruction	Enhancing Glass Surface Reconstruction via Depth Prior for Robot Navigation	Jiamin Zheng; Jingwen Yu; Guangcheng Chen; Hong Zhang	cs.RO cs.CV	/Volumes/UBag/Documents/l40server_mirror/lyra/Lyra-2/paper_collection_3d4d_reconstruction_2026_04_26/pdfs/2026_Enhancing_Glass_Surface_Reconstruction_via_Depth_Prior_for_Robot_Navigation_2604.18336.pdf	imported
2604.17721	2026	2026-arxiv	Codex:3D-Reconstruction,Codex:3D4D-Reconstruction	GeGS-PCR: Effective and Robust 3D Point Cloud Registration with Two-Stage Color-Enhanced Geometric-3DGS Fusion	Jiayi Tian; Haiduo Huang; Tian Xia; Wenzhe Zhao; Pengju Ren	cs.CV cs.AI	/Volumes/UBag/Documents/l40server_mirror/lyra/Lyra-2/paper_collection_3d4d_reconstruction_2026_04_26/pdfs/2026_GeGS_PCR_Effective_and_Robust_3D_Point_Cloud_Registration_with_Two_Stage_Color_Enhanced_Ge_2604.17721.pdf	imported
2604.18047	2026	2026-arxiv	Codex:3D-Reconstruction,Codex:3D4D-Reconstruction	GS-STVSR: Ultra-Efficient Continuous Spatio-Temporal Video Super-Resolution via 2D Gaussian Splatting	Mingyu Shi; Xin Di; Long Peng; Boxiang Cao; Anran Wu; Zhanfeng Feng; Jiaming Guo; Renjing Pei; Xueyang Fu; Yang Cao; Zhengjun Zha	cs.CV	/Volumes/UBag/Documents/l40server_mirror/lyra/Lyra-2/paper_collection_3d4d_reconstruction_2026_04_26/pdfs/2026_GS_STVSR_Ultra_Efficient_Continuous_Spatio_Temporal_Video_Super_Resolution_via_2D_Gaussian_2604.18047.pdf	imported
2603.20530	2026	2026-arxiv	Codex:3D-Reconstruction,Codex:3D4D-Reconstruction	Memory Over Maps: 3D Object Localization Without Reconstruction	Rui Zhou; Xander Yap; Jianwen Cao; Allison Lau; Boyang Sun; Marc Pollefeys	cs.RO cs.CV	/Volumes/UBag/Documents/l40server_mirror/lyra/Lyra-2/paper_collection_3d4d_reconstruction_2026_04_26/pdfs/2026_Memory_Over_Maps_3D_Object_Localization_Without_Reconstruction_2603.20530.pdf	imported
2604.17965	2026	2026-arxiv	Codex:3D-Reconstruction,Codex:3D4D-Reconstruction	MU-GeNeRF: Multi-view Uncertainty-guided Generalizable Neural Radiance Fields for Distractor-aware Scene	Wenjie Mu; Zhan Li; Chuanzhou Su; Xuanyi Shen; Ziniu Liu; Fan Lu; Yujian Mo; Junqiao Zhao; Tiantian Feng; Chen Ye; Guang Chen	cs.CV	/Volumes/UBag/Documents/l40server_mirror/lyra/Lyra-2/paper_collection_3d4d_reconstruction_2026_04_26/pdfs/2026_MU_GeNeRF_Multi_view_Uncertainty_guided_Generalizable_Neural_Radiance_Fields_for_Distracto_2604.17965.pdf	imported
2604.17831	2026	2026-arxiv	Codex:3D-Reconstruction,Codex:3D4D-Reconstruction	PCM-NeRF: Probabilistic Camera Modeling for Neural Radiance Fields under Pose Uncertainty	Shravan Venkatraman; Rakesh Raj Madavan; Pavan Kumar Sathya Venkatesh	cs.CV cs.GR	/Volumes/UBag/Documents/l40server_mirror/lyra/Lyra-2/paper_collection_3d4d_reconstruction_2026_04_26/pdfs/2026_PCM_NeRF_Probabilistic_Camera_Modeling_for_Neural_Radiance_Fields_under_Pose_Uncertainty_2604.17831.pdf	imported
2604.17727	2026	2026-arxiv	Codex:3D-Reconstruction,Codex:3D4D-Reconstruction	Voronoi-guided Bilateral 2D Gaussian Splatting for Arbitrary-Scale Hyperspectral Image Super-Resolution	Jie Zhang; Jinkun You; Shi Chen; Yicong Zhou	cs.CV cs.AI	/Volumes/UBag/Documents/l40server_mirror/lyra/Lyra-2/paper_collection_3d4d_reconstruction_2026_04_26/pdfs/2026_Voronoi_guided_Bilateral_2D_Gaussian_Splatting_for_Arbitrary_Scale_Hyperspectral_Image_Sup_2604.17727.pdf	imported
2604.18980	2026	2026-arxiv	Codex:3D-Reconstruction,Codex:3D4D-Reconstruction	AdaGScale: Viewpoint-Adaptive Gaussian Scaling in 3D Gaussian Splatting to Reduce Gaussian-Tile Pairs	Joongho Jo; Hyerin Lim; Hanjun Choi; Jongsun Park	cs.CV	/Volumes/UBag/Documents/l40server_mirror/lyra/Lyra-2/paper_collection_3d4d_reconstruction_2026_04_26/pdfs/2026_AdaGScale_Viewpoint_Adaptive_Gaussian_Scaling_in_3D_Gaussian_Splatting_to_Reduce_Gaussian_2604.18980.pdf	imported
2604.19216	2026	2026-arxiv	Codex:3D-Reconstruction,Codex:3D4D-Reconstruction	An Object-Centered Data Acquisition Method for 3D Gaussian Splatting using Mobile Phones	Yuezhe Zhang; Luqian Bai; Mengting Yu; Lei Wei; Shuai Wan; Yifan Zhang	cs.CV	/Volumes/UBag/Documents/l40server_mirror/lyra/Lyra-2/paper_collection_3d4d_reconstruction_2026_04_26/pdfs/2026_An_Object_Centered_Data_Acquisition_Method_for_3D_Gaussian_Splatting_using_Mobile_Phones_2604.19216.pdf	imported
2604.19747	2026	2026-arxiv	Codex:3D-Reconstruction,Codex:3D4D-Reconstruction	AnyRecon: Arbitrary-View 3D Reconstruction with Video Diffusion Model	Yutian Chen; Shi Guo; Renbiao Jin; Tianshuo Yang; Xin Cai; Yawen Luo; Mingxin Yang; Mulin Yu; Linning Xu; Tianfan Xue	cs.CV	/Volumes/UBag/Documents/l40server_mirror/lyra/Lyra-2/paper_collection_3d4d_reconstruction_2026_04_26/pdfs/2026_AnyRecon_Arbitrary_View_3D_Reconstruction_with_Video_Diffusion_Model_2604.19747.pdf	imported
2604.19133	2026	2026-arxiv	Codex:3D-Reconstruction,Codex:3D4D-Reconstruction	BALTIC: A Benchmark and Cross-Domain Strategy for 3D Reconstruction Across Air and Underwater Domains Under Varying Illumination	Michele Grimaldi; David Nakath; Oscar Pizarro; Jonatan Scharff Willners; Ignacio Carlucho; Yvan R. Petillot	cs.CV	/Volumes/UBag/Documents/l40server_mirror/lyra/Lyra-2/paper_collection_3d4d_reconstruction_2026_04_26/pdfs/2026_BALTIC_A_Benchmark_and_Cross_Domain_Strategy_for_3D_Reconstruction_Across_Air_and_Underwat_2604.19133.pdf	imported
2604.20046	2026	2026-arxiv	Codex:3D-Reconstruction,Codex:3D4D-Reconstruction	Gaussians on a Diet: High-Quality Memory-Bounded 3D Gaussian Splatting Training	Yangming Zhang; Jian Xu; Kunxiong Zhu; Wei Niu; Miao Yin	cs.CV	/Volumes/UBag/Documents/l40server_mirror/lyra/Lyra-2/paper_collection_3d4d_reconstruction_2026_04_26/pdfs/2026_Gaussians_on_a_Diet_High_Quality_Memory_Bounded_3D_Gaussian_Splatting_Training_2604.20046.pdf	imported
2604.19624	2026	2026-arxiv	Codex:3D-Reconstruction,Codex:3D4D-Reconstruction	GRAFT: Geometric Refinement and Fitting Transformer for Human Scene Reconstruction	Pradyumna YM; Yuxuan Xue; Yue Chen; Nikita Kister; István Sárándi; Gerard Pons-Moll	cs.CV	/Volumes/UBag/Documents/l40server_mirror/lyra/Lyra-2/paper_collection_3d4d_reconstruction_2026_04_26/pdfs/2026_GRAFT_Geometric_Refinement_and_Fitting_Transformer_for_Human_Scene_Reconstruction_2604.19624.pdf	imported
2604.19673	2026	2026-arxiv	Codex:3D-Reconstruction,Codex:3D4D-Reconstruction	InHabit: Leveraging Image Foundation Models for Scalable 3D Human Placement	Nikita Kister; Pradyumna YM; István Sárándi; Jiayi Wang; Anna Khoreva; Gerard Pons-Moll	cs.CV	/Volumes/UBag/Documents/l40server_mirror/lyra/Lyra-2/paper_collection_3d4d_reconstruction_2026_04_26/pdfs/2026_InHabit_Leveraging_Image_Foundation_Models_for_Scalable_3D_Human_Placement_2604.19673.pdf	imported
2604.18564	2026	2026-arxiv	Codex:3D+4D-Evolution,Codex:3D4D-Reconstruction	MultiWorld: Scalable Multi-Agent Multi-View Video World Models	Haoyu Wu; Jiwen Yu; Yingtian Zou; Xihui Liu	cs.CV	/Volumes/UBag/Documents/l40server_mirror/lyra/Lyra-2/paper_collection_3d4d_reconstruction_2026_04_26/pdfs/2026_MultiWorld_Scalable_Multi_Agent_Multi_View_Video_World_Models_2604.18564.pdf	imported
2604.19127	2026	2026-arxiv	Codex:3D-Reconstruction,Codex:3D4D-Reconstruction	OT-UVGS: Revisiting UV Mapping for Gaussian Splatting as a Capacity Allocation Problem	Byunghyun Kim	cs.GR	/Volumes/UBag/Documents/l40server_mirror/lyra/Lyra-2/paper_collection_3d4d_reconstruction_2026_04_26/pdfs/2026_OT_UVGS_Revisiting_UV_Mapping_for_Gaussian_Splatting_as_a_Capacity_Allocation_Problem_2604.19127.pdf	imported
2604.19556	2026	2026-arxiv	Codex:3D-Reconstruction,Codex:3D4D-Reconstruction	Paparazzo: Active Mapping of Moving 3D Objects	Davide Allegro; Shiyao Li; Stefano Ghidoni; Vincent Lepetit	cs.CV	/Volumes/UBag/Documents/l40server_mirror/lyra/Lyra-2/paper_collection_3d4d_reconstruction_2026_04_26/pdfs/2026_Paparazzo_Active_Mapping_of_Moving_3D_Objects_2604.19556.pdf	imported
2604.19349	2026	2026-arxiv	Codex:3D4D-Reconstruction,Codex:4D-Reconstruction	RAFT-MSF++: Temporal Geometry-Motion Feature Fusion for Self-Supervised Monocular Scene Flow	Xunpei Sun; Zuoxun Hou; Yi Chang; Gang Chen; Wei-Shi Zheng	cs.CV	/Volumes/UBag/Documents/l40server_mirror/lyra/Lyra-2/paper_collection_3d4d_reconstruction_2026_04_26/pdfs/2026_RAFT_MSF_Temporal_Geometry_Motion_Feature_Fusion_for_Self_Supervised_Monocular_Scene_Flow_2604.19349.pdf	imported
2604.05301	2026	2026-arxiv	Codex:3D-Reconstruction,Codex:3D4D-Reconstruction	SmokeGS-R: Physics-Guided Pseudo-Clean 3DGS for Real-World Multi-View Smoke Restoration	Xueming Fu; Lixia Han	cs.CV	/Volumes/UBag/Documents/l40server_mirror/lyra/Lyra-2/paper_collection_3d4d_reconstruction_2026_04_26/pdfs/2026_SmokeGS_R_Physics_Guided_Pseudo_Clean_3DGS_for_Real_World_Multi_View_Smoke_Restoration_2604.05301.pdf	imported
2604.19923	2026	2026-arxiv	Codex:3D-Reconstruction,Codex:3D4D-Reconstruction,Codex:4D-Reconstruction	UniCon3R: Contact-aware 3D Human-Scene Reconstruction from Monocular Video	Tanuj Sur; Shashank Tripathi; Nikos Athanasiou; Ha Linh Nguyen; Kai Xu; Michael J. Black; Angela Yao	cs.CV	/Volumes/UBag/Documents/l40server_mirror/lyra/Lyra-2/paper_collection_3d4d_reconstruction_2026_04_26/pdfs/2026_UniCon3R_Contact_aware_3D_Human_Scene_Reconstruction_from_Monocular_Video_2604.19923.pdf	imported
2604.19257	2026	2026-arxiv	Codex:3D-Reconstruction,Codex:3D4D-Reconstruction	Unposed-to-3D: Learning Simulation-Ready Vehicles from Real-World Images	Hongyuan Liu; Bochao Zou; Qiankun Liu; Haochen Yu; Qi Mei; Jianfei Jiang; Chen Liu; Cheng Bi; Zhao Wang; Xueyang Zhang; Yifei Zhan; Jiansheng Chen; Huimin Ma	cs.CV	/Volumes/UBag/Documents/l40server_mirror/lyra/Lyra-2/paper_collection_3d4d_reconstruction_2026_04_26/pdfs/2026_Unposed_to_3D_Learning_Simulation_Ready_Vehicles_from_Real_World_Images_2604.19257.pdf	imported
2604.05687	2026	2026-arxiv	Codex:3D-Reconstruction,Codex:3D4D-Reconstruction	3D Smoke Scene Reconstruction Guided by Vision Priors from Multimodal Large Language Models	Xinye Zheng; Fei Wang; Yiqi Nie; Kun Li; Junjie Chen; Jiaqi Zhao; Yanyan Wei; Zhiliang Wu	cs.CV	/Volumes/UBag/Documents/l40server_mirror/lyra/Lyra-2/paper_collection_3d4d_reconstruction_2026_04_26/pdfs/2026_3D_Smoke_Scene_Reconstruction_Guided_by_Vision_Priors_from_Multimodal_Large_Language_Model_2604.05687.pdf	imported
2604.11098	2026	2026-arxiv	Codex:3D-Reconstruction,Codex:3D4D-Reconstruction	Efficient Transceiver Design for Aerial Image Transmission and Large-scale Scene Reconstruction	Zeyi Ren; Jialin Dong; Wei Zuo; Yikun Wang; Bingyang Cheng; Sheng Zhou; Zhisheng Niu	cs.CV cs.LG eess.SP	/Volumes/UBag/Documents/l40server_mirror/lyra/Lyra-2/paper_collection_3d4d_reconstruction_2026_04_26/pdfs/2026_Efficient_Transceiver_Design_for_Aerial_Image_Transmission_and_Large_scale_Scene_Reconstru_2604.11098.pdf	imported
2604.20784	2026	2026-arxiv	Codex:3D-Reconstruction,Codex:3D4D-Reconstruction	GeoRect4D: Geometry-Compatible Generative Rectification for Dynamic Sparse-View 3D Reconstruction	Zhenlong Wu; Zihan Zheng; Xuanxuan Wang; Qianhe Wang; Hua Yang; Xiaoyun Zhang; Qiang Hu; Wenjun Zhang	cs.CV	/Volumes/UBag/Documents/l40server_mirror/lyra/Lyra-2/paper_collection_3d4d_reconstruction_2026_04_26/pdfs/2026_GeoRect4D_Geometry_Compatible_Generative_Rectification_for_Dynamic_Sparse_View_3D_Reconstr_2604.20784.pdf	imported
2604.20155	2026	2026-arxiv	Codex:3D-Reconstruction,Codex:3D4D-Reconstruction	GSCompleter: A Distillation-Free Plugin for Metric-Aware 3D Gaussian Splatting Completion in Seconds	Ao Gao; Jingyu Gong; Xin Tan; Zhizhong Zhang; Yuan Xie	cs.CV	/Volumes/UBag/Documents/l40server_mirror/lyra/Lyra-2/paper_collection_3d4d_reconstruction_2026_04_26/pdfs/2026_GSCompleter_A_Distillation_Free_Plugin_for_Metric_Aware_3D_Gaussian_Splatting_Completion_i_2604.20155.pdf	imported
2604.19683	2026	2026-arxiv	Codex:3D+4D-Evolution,Codex:3D4D-Reconstruction	Mask World Model: Predicting What Matters for Robust Robot Policy Learning	Yunfan Lou; Xiaowei Chi; Xiaojie Zhang; Zezhong Qian; Chengxuan Li; Rongyu Zhang; Yaoxu Lyu; Guoyu Song; Chuyao Fu; Haoxuan Xu; Pengwei Wang; Shanghang Zhang	cs.RO	/Volumes/UBag/Documents/l40server_mirror/lyra/Lyra-2/paper_collection_3d4d_reconstruction_2026_04_26/pdfs/2026_Mask_World_Model_Predicting_What_Matters_for_Robust_Robot_Policy_Learning_2604.19683.pdf	imported
2603.20714	2026	2026-arxiv	Codex:3D-Reconstruction,Codex:3D4D-Reconstruction	The Role and Relationship of Initialization and Densification in 3D Gaussian Splatting	Ivan Desiatov; Torsten Sattler	cs.CV	/Volumes/UBag/Documents/l40server_mirror/lyra/Lyra-2/paper_collection_3d4d_reconstruction_2026_04_26/pdfs/2026_The_Role_and_Relationship_of_Initialization_and_Densification_in_3D_Gaussian_Splatting_2603.20714.pdf	imported
2604.20151	2026	2026-arxiv	Codex:3D+4D-Evolution,Codex:3D4D-Reconstruction	Toward Safe Autonomous Robotic Endovascular Interventions using World Models	Harry Robertshaw; Nikola Fischer; Han-Ru Wu; Andrea Walker Perez; Weiyuan Deng; Benjamin Jackson; Christos Bergeles; Alejandro Granados; Thomas C Booth	cs.RO cs.LG	/Volumes/UBag/Documents/l40server_mirror/lyra/Lyra-2/paper_collection_3d4d_reconstruction_2026_04_26/pdfs/2026_Toward_Safe_Autonomous_Robotic_Endovascular_Interventions_using_World_Models_2604.20151.pdf	imported
2604.13589	2026	2026-arxiv	Codex:3D-Reconstruction,Codex:3D4D-Reconstruction	Dehaze-then-Splat: Generative Dehazing with Physics-Informed 3D Gaussian Splatting for Smoke-Free Novel View Synthesis	Boss Chen; Hanqing Wang	cs.CV	/Volumes/UBag/Documents/l40server_mirror/lyra/Lyra-2/paper_collection_3d4d_reconstruction_2026_04_26/pdfs/2026_Dehaze_then_Splat_Generative_Dehazing_with_Physics_Informed_3D_Gaussian_Splatting_for_Smok_2604.13589.pdf	imported
2604.21631	2026	2026-arxiv	Codex:3D-Reconstruction,Codex:3D4D-Reconstruction	DualSplat: Robust 3D Gaussian Splatting via Pseudo-Mask Bootstrapping from Reconstruction Failures	Xu Wang; Zhiru Wang; Shiyun Xie; Chengwei Pan; Yisong Chen	cs.CV	/Volumes/UBag/Documents/l40server_mirror/lyra/Lyra-2/paper_collection_3d4d_reconstruction_2026_04_26/pdfs/2026_DualSplat_Robust_3D_Gaussian_Splatting_via_Pseudo_Mask_Bootstrapping_from_Reconstruction_F_2604.21631.pdf	imported
2604.21741	2026	2026-arxiv	Codex:3D+4D-Evolution,Codex:3D4D-Reconstruction	Hi-WM: Human-in-the-World-Model for Scalable Robot Post-Training	Yaxuan Li; Zhongyi Zhou; Yefei Chen; Yanjiang Guo; Jiaming Liu; Shanghang Zhang; Jianyu Chen; Yichen Zhu	cs.RO	/Volumes/UBag/Documents/l40server_mirror/lyra/Lyra-2/paper_collection_3d4d_reconstruction_2026_04_26/pdfs/2026_Hi_WM_Human_in_the_World_Model_for_Scalable_Robot_Post_Training_2604.21741.pdf	imported
2604.21713	2026	2026-arxiv	Codex:3D-Reconstruction,Codex:3D4D-Reconstruction	Unlocking the Power of Critical Factors for 3D Visual Geometry Estimation	Guangkai Xu; Hua Geng; Huanyi Zheng; Songyi Yin; Yanlong Sun; Hao Chen; Chunhua Shen	cs.CV	/Volumes/UBag/Documents/l40server_mirror/lyra/Lyra-2/paper_collection_3d4d_reconstruction_2026_04_26/pdfs/2026_Unlocking_the_Power_of_Critical_Factors_for_3D_Visual_Geometry_Estimation_2604.21713.pdf	imported
2604.21915	2026	2026-arxiv	Codex:3D4D-Reconstruction,Codex:4D-Reconstruction	Vista4D: Video Reshooting with 4D Point Clouds	Kuan Heng Lin; Zhizheng Liu; Pablo Salamanca; Yash Kant; Ryan Burgert; Yuancheng Xu; Koichi Namekata; Yiwei Zhao; Bolei Zhou; Micah Goldblum; Paul Debevec; Ning Yu	cs.CV	/Volumes/UBag/Documents/l40server_mirror/lyra/Lyra-2/paper_collection_3d4d_reconstruction_2026_04_26/pdfs/2026_Vista4D_Video_Reshooting_with_4D_Point_Clouds_2604.21915.pdf	imported
2604.21914	2026	2026-arxiv	Codex:3D-Reconstruction,Codex:3D4D-Reconstruction	VistaBot: View-Robust Robot Manipulation via Spatiotemporal-Aware View Synthesis	Songen Gu; Yuhang Zheng; Weize Li; Yupeng Zheng; Yating Feng; Xiang Li; Yilun Chen; Pengfei Li; Wenchao Ding	cs.RO	/Volumes/UBag/Documents/l40server_mirror/lyra/Lyra-2/paper_collection_3d4d_reconstruction_2026_04_26/pdfs/2026_VistaBot_View_Robust_Robot_Manipulation_via_Spatiotemporal_Aware_View_Synthesis_2604.21914.pdf	imported
2604.21182	2026	2026-arxiv	Codex:3D-Reconstruction,Codex:3D4D-Reconstruction	WildSplatter: Feed-forward 3D Gaussian Splatting with Appearance Control from Unconstrained Images	Yuki Fujimura; Takahiro Kushida; Kazuya Kitano; Takuya Funatomi; Yasuhiro Mukaigawa	cs.CV	/Volumes/UBag/Documents/l40server_mirror/lyra/Lyra-2/paper_collection_3d4d_reconstruction_2026_04_26/pdfs/2026_WildSplatter_Feed_forward_3D_Gaussian_Splatting_with_Appearance_Control_from_Unconstrained_2604.21182.pdf	imported
