arxiv_id	source_group	verdict	title	best_repo	repo_verdict	candidate_count	best_candidate_url	evidence
1804.02505	curated-pre2026	code_link_found_not_audited	MVSNet: Depth Inference for Unstructured Multi-view Stereo			2	https://github.com/openMVG/openMVG	Best candidate https://github.com/openMVG/openMVG score=2 reason=github
1906.07751	curated-pre2026	code_link_found_not_audited	Neural Volumes: Learning Dynamic Renderable Volumes from Images			1	https://doi.org/10.1145/3306346.3323020	Best candidate https://doi.org/10.1145/3306346.3323020 score=2 reason=code-context
2003.08934	curated-pre2026	code_link_found_not_audited	NeRF: Representing Scenes as Neural Radiance Fields for View Synthesis			3	https://github.com/facebookresearch/neuralvolumes	Best candidate https://github.com/facebookresearch/neuralvolumes score=2 reason=github
2003.09852	curated-pre2026	code_link_found_not_audited	Multiview Neural Surface Reconstruction by Disentangling Geometry and Appearance			5	https://github.com/readthedocs/sphinx_rtd_theme	Best candidate https://github.com/readthedocs/sphinx_rtd_theme score=3 reason=github;from-project-page
2011.13961	curated-pre2026	no_code_link_found	D-NeRF: Neural Radiance Fields for Dynamic Scenes			0		No GitHub/project code link found in arXiv page or PDF URI annotations.
2104.00681	curated-pre2026	code_link_found_not_audited	NeuralRecon: Real-Time Coherent 3D Reconstruction from Monocular Video			2	https://github.com/zju3dv/NeuralRecon	Best candidate https://github.com/zju3dv/NeuralRecon score=9 reason=title-token-overlap:neuralrecon;title-substring-overlap:neuralrecon;github;from-project-page
2102.13090	curated-pre2026	code_link_found_not_audited	IBRNet: Learning Multi-View Image-Based Rendering			2	https://github.com/googleinterns/IBRNet	Best candidate https://github.com/googleinterns/IBRNet score=9 reason=title-token-overlap:ibrnet;title-substring-overlap:ibrnet;github;from-project-page
2011.13084	curated-pre2026	no_code_link_found	Neural Scene Flow Fields for Space-Time View Synthesis of Dynamic Scenes			0		No GitHub/project code link found in arXiv page or PDF URI annotations.
2012.02190	curated-pre2026	no_code_link_found	pixelNeRF: Neural Radiance Fields from One or Few Images			0		No GitHub/project code link found in arXiv page or PDF URI annotations.
2106.13228	curated-pre2026	code_link_found_not_audited	HyperNeRF: A Higher-Dimensional Representation for Topologically Varying Neural Radiance Fields			8	https://github.com/google/hypernerf	Best candidate https://github.com/google/hypernerf score=9 reason=title-token-overlap:hypernerf;title-substring-overlap:hypernerf;github;from-project-page
2011.12948	curated-pre2026	code_link_found_not_audited	Nerfies: Deformable Neural Radiance Fields			10	https://github.com/google/nerfies	Best candidate https://github.com/google/nerfies score=9 reason=title-token-overlap:nerfies;title-substring-overlap:nerfies;github;from-project-page
2112.00724	curated-pre2026	code_link_found_not_audited	RegNeRF: Regularizing Neural Radiance Fields for View Synthesis from Sparse Inputs			1	https://github.com/google/mipnerf	Best candidate https://github.com/google/mipnerf score=2 reason=github
2106.12052	curated-pre2026	code_link_found_not_audited	Volume Rendering of Neural Implicit Surfaces			8	https://github.com/yenchenlin/nerf-pytorch/	Best candidate https://github.com/yenchenlin/nerf-pytorch/ score=2 reason=github
2108.10869	curated-pre2026	code_link_found_not_audited	DROID-SLAM: Deep Visual SLAM for Monocular, Stereo, and RGB-D Cameras			1	https://github.com/princeton-vl/DROID-SLAM	Best candidate https://github.com/princeton-vl/DROID-SLAM score=10 reason=title-token-overlap:droid,slam;title-substring-overlap:droid,slam;github;code-context
2111.12077	curated-pre2026	code_link_found_not_audited	Mip-NeRF 360: Unbounded Anti-Aliased Neural Radiance Fields			5	http://github.com/google-research/google-research/tree/master/jaxnerf	Best candidate http://github.com/google-research/google-research/tree/master/jaxnerf score=2 reason=github
2112.12130	curated-pre2026	code_link_found_not_audited	NICE-SLAM: Neural Implicit Scalable Encoding for SLAM			9	https://github.com/cvg/nice-slam	Best candidate https://github.com/cvg/nice-slam score=8 reason=title-token-overlap:nice,slam;title-substring-overlap:nice,slam;github
2103.02597	curated-pre2026	code_link_found_not_audited	Neural 3D Video Synthesis from Multi-view Video			3	https://neural-3d-video.github.io/resources/video.mp4	Best candidate https://neural-3d-video.github.io/resources/video.mp4 score=3 reason=code-context;probable-project-page
2201.05989	curated-pre2026	code_link_found_not_audited	Instant Neural Graphics Primitives with a Multiresolution Hash Encoding			12	https://github.com/NVlabs/instant-ngp	Best candidate https://github.com/NVlabs/instant-ngp score=5 reason=title-token-overlap:instant;title-substring-overlap:instant;known-dependency-repo;github;from-project-page
2205.15285	curated-pre2026	code_link_found_not_audited	Fast Dynamic Radiance Fields with Time-Aware Neural Voxels			6	http://ns.adobe.com/xap/1.0/mm/	Best candidate http://ns.adobe.com/xap/1.0/mm/ score=2 reason=code-context
2209.14988	curated-pre2026	code_link_found_not_audited	DreamFusion: Text-to-3D using 2D Diffusion			2	https://dreamfusion3d.github.io/	Best candidate https://dreamfusion3d.github.io/ score=3 reason=code-context;probable-project-page
2206.00665	curated-pre2026	code_link_found_not_audited	MonoSDF: Exploring Monocular Geometric Cues for Neural Implicit Surface Reconstruction			7	https://github.com/autonomousvision/monosdf	Best candidate https://github.com/autonomousvision/monosdf score=9 reason=title-token-overlap:monosdf;title-substring-overlap:monosdf;github;from-project-page
2106.10689	curated-pre2026	no_code_link_found	NeuS: Learning Neural Implicit Surfaces by Volume Rendering for Multi-view Reconstruction			0		No GitHub/project code link found in arXiv page or PDF URI annotations.
2303.11328	curated-pre2026	code_link_found_not_audited	Zero-1-to-3: Zero-shot One Image to 3D Object			5	https://github.com/allenai/objaverse-rendering	Best candidate https://github.com/allenai/objaverse-rendering score=2 reason=github
2301.10241	curated-pre2026	code_link_found_not_audited	K-Planes: Explicit Radiance Fields in Space, Time, and Appearance			4	https://github.com/sarafridov/K-Planes	Best candidate https://github.com/sarafridov/K-Planes score=8 reason=title-token-overlap:planes;title-substring-overlap:planes;github
2301.09632	curated-pre2026	code_link_found_not_audited	HexPlane: A Fast Representation for Dynamic Scenes			6	https://github.com/Caoang327/HexPlane	Best candidate https://github.com/Caoang327/HexPlane score=9 reason=title-token-overlap:hexplane;title-substring-overlap:hexplane;github;from-project-page
2308.04079	curated-pre2026	code_link_found_not_audited	3D Gaussian Splatting for Real-Time Radiance Field Rendering			6	http://ns.adobe.com/xap/1.0/mm/	Best candidate http://ns.adobe.com/xap/1.0/mm/ score=2 reason=code-context
2308.09713	curated-pre2026	code_link_found_not_audited	Dynamic 3D Gaussians: Tracking by Persistent Dynamic View Synthesis			3	https://github.com/JonathonLuiten/Dynamic3DGaussians	Best candidate https://github.com/JonathonLuiten/Dynamic3DGaussians score=6 reason=title-substring-overlap:gaussians;github;from-project-page
2310.11448	curated-pre2026	code_link_found_not_audited	4K4D: Real-Time 4D View Synthesis at 4K Resolution			2	https://github.com/zju3dv/4K4D	Best candidate https://github.com/zju3dv/4K4D score=9 reason=title-token-overlap:4k4d;title-substring-overlap:4k4d;github;from-project-page
2309.13101	curated-pre2026	code_link_found_not_audited	Deformable 3D Gaussians for High-Fidelity Monocular Dynamic Scene Reconstruction			1	https://github.com/ingra14m/Deformable-3D-Gaussians	Best candidate https://github.com/ingra14m/Deformable-3D-Gaussians score=8 reason=title-token-overlap:deformable,gaussians;title-substring-overlap:deformable,gaussians;github
2402.05054	curated-pre2026	code_link_found_not_audited	LGM: Large Multi-View Gaussian Model for High-Resolution 3D Content Creation			1	https://me.kiui.moe/lgm	Best candidate https://me.kiui.moe/lgm score=2 reason=code-context
2312.16812	curated-pre2026	code_link_found_not_audited	Spacetime Gaussian Feature Splatting for Real-Time Dynamic View Synthesis			5	https://github.com/oppo-us-research/SpacetimeGaussians	Best candidate https://github.com/oppo-us-research/SpacetimeGaussians score=5 reason=title-substring-overlap:gaussian,spacetime;github
2309.03453	curated-pre2026	code_link_found_not_audited	SyncDreamer: Generating Multiview-consistent Images from a Single-view Image			3	https://github.com/liuyuan-pal/SyncDreamer	Best candidate https://github.com/liuyuan-pal/SyncDreamer score=9 reason=title-token-overlap:syncdreamer;title-substring-overlap:syncdreamer;github;from-arxiv-page
2405.10314	curated-pre2026	code_link_found_not_audited	CAT3D: Create Anything in 3D with Multi-View Diffusion Models			1	https://cat3d.github.io	Best candidate https://cat3d.github.io score=3 reason=code-context;probable-project-page
2406.09756	curated-pre2026	code_link_found_not_audited	Grounding Image Matching in 3D with MASt3R			1	https://github.com/naver/mast3r	Best candidate https://github.com/naver/mast3r score=10 reason=title-token-overlap:mast3r;title-substring-overlap:mast3r;github;code-context
2310.08528	curated-pre2026	code_link_found_not_audited	4D Gaussian Splatting for Real-Time Dynamic Scene Rendering			6	https://github.com/hustvl/4DGaussians	Best candidate https://github.com/hustvl/4DGaussians score=6 reason=title-substring-overlap:gaussian;github;from-project-page
2312.14132	curated-pre2026	code_link_found_not_audited	DUSt3R: Geometric 3D Vision Made Easy			6	https://github.com/cdcseacave/openMVS	Best candidate https://github.com/cdcseacave/openMVS score=2 reason=github
2503.11651	curated-pre2026	code_link_found_not_audited	VGGT: Visual Geometry Grounded Transformer			1	https://github.com/facebookresearch/vggt	Best candidate https://github.com/facebookresearch/vggt score=10 reason=title-token-overlap:vggt;title-substring-overlap:vggt;github;code-context
2410.03825	curated-pre2026	code_link_found_not_audited	MonST3R: A Simple Approach for Estimating Geometry in the Presence of Motion			3	https://github.com/Junyi42/monst3r	Best candidate https://github.com/Junyi42/monst3r score=9 reason=title-token-overlap:monst3r;title-substring-overlap:monst3r;github;from-project-page
2503.18945	curated-pre2026	code_link_found_not_audited	Aether: Geometric-Aware Unified World Modeling			1	https://github.com/OpenRobotLab/Aether	Best candidate https://github.com/OpenRobotLab/Aether score=8 reason=title-token-overlap:aether;title-substring-overlap:aether;github
2602.19182	2026-arxiv	no_code_link_found	Thin Plate Spline Surface Reconstruction via the Method of Matched Sections			0		No GitHub/project code link found in arXiv page or PDF URI annotations.
2602.06044	2026-arxiv	code_link_found_not_audited	COSMOS: Coherent Supergaussian Modeling with Spatial Priors for Sparse-View 3D Splatting			1	https://inkscape.org	Best candidate https://inkscape.org score=2 reason=code-context
2601.00012	2026-arxiv	code_link_found_not_audited	Neural Brain Fields: A NeRF-Inspired Approach for Generating Nonexistent EEG Electrodes			1	https://github.com/Shaharak88/neural-brain-fields	Best candidate https://github.com/Shaharak88/neural-brain-fields score=8 reason=title-token-overlap:brain;title-substring-overlap:brain;github
2603.15622	2026-arxiv	no_code_link_found	SAC-NeRF: Adaptive Ray Sampling for Neural Radiance Fields via Soft Actor-Critic Reinforcement Learning			0		No GitHub/project code link found in arXiv page or PDF URI annotations.
2601.00051	2026-arxiv	no_code_link_found	TeleWorld: Towards Dynamic Multimodal Synthesis with a 4D World Model			0		No GitHub/project code link found in arXiv page or PDF URI annotations.
2601.00913	2026-arxiv	code_link_found_not_audited	Clean-GS: Semantic Mask-Guided Pruning for 3D Gaussian Splatting			1	https://github.com/smlab-niser/clean-gs	Best candidate https://github.com/smlab-niser/clean-gs score=8 reason=title-token-overlap:clean;title-substring-overlap:clean;github
2601.00207	2026-arxiv	code_link_found_not_audited	CropNeRF: A Neural Radiance Field-Based Framework for Crop Counting			5	https://github.com/robotic-vision-lab/CropNeRF-A-Neural-Radiance-Field-Based-Framework	Best candidate https://github.com/robotic-vision-lab/CropNeRF-A-Neural-Radiance-Field-Based-Framework score=9 reason=title-token-overlap:based,cropnerf,framework,radiance;title-substring-overlap:based,crop,cropnerf,framework,radiance;github;from-project-page
2601.00328	2026-arxiv	code_link_found_not_audited	Joint Geometry-Appearance Human Reconstruction in a Unified Latent Space via Bridge Diffusion			1	https://github.com/haiantyz/JGA-LBD	Best candidate https://github.com/haiantyz/JGA-LBD score=2 reason=github
2601.00796	2026-arxiv	code_link_found_not_audited	AdaGaR: Adaptive Gabor Representation for Dynamic Scene Reconstruction			2	https://github.com/JiewenChan/Adaptive_Gabor_Video_Representation	Best candidate https://github.com/JiewenChan/Adaptive_Gabor_Video_Representation score=9 reason=title-token-overlap:adaptive,gabor;title-substring-overlap:adaptive,gabor;github;from-project-page
2601.00678	2026-arxiv	no_code_link_found	Pixel-to-4D: Camera-Controlled Image-to-Video Generation with Dynamic 3D Gaussians			0		No GitHub/project code link found in arXiv page or PDF URI annotations.
2601.01222	2026-arxiv	code_link_found_not_audited	UniSH: Unifying Scene and Human Reconstruction in a Feed-Forward Pass			2	https://github.com/murphylmf/UniSH	Best candidate https://github.com/murphylmf/UniSH score=9 reason=title-token-overlap:unish;title-substring-overlap:unish;github;from-project-page
2601.01660	2026-arxiv	no_code_link_found	Animated 3DGS Avatars in Diverse Scenes with Consistent Lighting and Shadows			0		No GitHub/project code link found in arXiv page or PDF URI annotations.
2601.01431	2026-arxiv	code_link_found_not_audited	EdgeNeRF: Edge-Guided Regularization for Neural Radiance Fields from Sparse Views			1	https://github.com/skyhigh404/edgenerf	Best candidate https://github.com/skyhigh404/edgenerf score=8 reason=title-token-overlap:edgenerf;title-substring-overlap:edge,edgenerf;github
2601.01386	2026-arxiv	code_link_found_not_audited	ParkGaussian: Surround-view 3D Gaussian Splatting for Autonomous Parking			1	https://github.com/wm-research/ParkGaussian	Best candidate https://github.com/wm-research/ParkGaussian score=9 reason=title-token-overlap:parkgaussian;title-substring-overlap:gaussian,parkgaussian;github;from-arxiv-page
2601.00939	2026-arxiv	no_code_link_found	ShadowGS: Shadow-Aware 3D Gaussian Splatting for Satellite Imagery			0		No GitHub/project code link found in arXiv page or PDF URI annotations.
2601.02102	2026-arxiv	no_code_link_found	360-GeoGS: Geometrically Consistent Feed-Forward 3D Gaussian Splatting Reconstruction for 360 Images			0		No GitHub/project code link found in arXiv page or PDF URI annotations.
2601.01847	2026-arxiv	no_code_link_found	ESGaussianFace: Emotional and Stylized Audio-Driven Facial Animation via 3D Gaussian Splatting			0		No GitHub/project code link found in arXiv page or PDF URI annotations.
2601.02339	2026-arxiv	no_code_link_found	Joint Semantic and Rendering Enhancements in 3D Gaussian Modeling with Anisotropic Local Encoding			0		No GitHub/project code link found in arXiv page or PDF URI annotations.
2601.02072	2026-arxiv	code_link_found_not_audited	SketchRodGS: Sketch-based Extraction of Slender Geometries for Animating Gaussian Splatting Scenes			8	https://github.com/haato-w/sketch-rod-gs	Best candidate https://github.com/haato-w/sketch-rod-gs score=8 reason=title-token-overlap:sketch;title-substring-overlap:sketch,sketchrodgs;github
2601.03200	2026-arxiv	code_link_found_not_audited	A High-Fidelity Digital Twin for Robotic Manipulation Based on 3D Gaussian Splatting			2	https://github.com/aras-p/UnityGaussianSplatting	Best candidate https://github.com/aras-p/UnityGaussianSplatting score=5 reason=title-substring-overlap:gaussian,splatting;github
2601.03319	2026-arxiv	code_link_found_not_audited	CaricatureGS: Exaggerating 3D Gaussian Splatting Faces With Gaussian Curvature			1	https://github.com/eldad929/caricatureGS	Best candidate https://github.com/eldad929/caricatureGS score=9 reason=title-token-overlap:caricaturegs;title-substring-overlap:caricaturegs;github;from-project-page
2601.03357	2026-arxiv	no_code_link_found	RelightAnyone: A Generalized Relightable 3D Gaussian Head Model			0		No GitHub/project code link found in arXiv page or PDF URI annotations.
2601.03782	2026-arxiv	code_link_found_not_audited	PointWorld: Scaling 3D World Models for In-The-Wild Robotic Manipulation			2	https://github.com/NVlabs/PointWorld	Best candidate https://github.com/NVlabs/PointWorld score=9 reason=title-token-overlap:pointworld;title-substring-overlap:pointworld,world;github;from-project-page
2601.04348	2026-arxiv	code_link_found_not_audited	SCAR-GS: Spatial Context Attention for Residuals in Progressive Gaussian Splatting			3	https://github.com/wyf0912/ContextGS	Best candidate https://github.com/wyf0912/ContextGS score=6 reason=title-substring-overlap:context;github;from-project-page
2601.03517	2026-arxiv	code_link_found_not_audited	Semantic Belief-State World Model for 3D Human Motion Prediction			1	https://github.com/DavidBoja/SMPL-Anthropometry	Best candidate https://github.com/DavidBoja/SMPL-Anthropometry score=2 reason=github
2601.05116	2026-arxiv	no_code_link_found	From Rays to Projections: Better Inputs for Feed-Forward View Synthesis			0		No GitHub/project code link found in arXiv page or PDF URI annotations.
2601.05251	2026-arxiv	code_link_found_not_audited	Mesh4D: 4D Mesh Reconstruction and Tracking from Monocular Video			4	https://github.com/jzr99/Mesh4D	Best candidate https://github.com/jzr99/Mesh4D score=9 reason=title-token-overlap:mesh4d;title-substring-overlap:mesh,mesh4d;github;from-project-page
2601.05368	2026-arxiv	no_code_link_found	MOSAIC-GS: Monocular Scene Reconstruction via Advanced Initialization for Complex Dynamic Environments			0		No GitHub/project code link found in arXiv page or PDF URI annotations.
2601.05653	2026-arxiv	no_code_link_found	EvoQRE: Modeling Bounded Rationality in Safety-Critical Traffic Simulation via Evolutionary Quantal Response Equilibrium			0		No GitHub/project code link found in arXiv page or PDF URI annotations.
2601.05584	2026-arxiv	no_code_link_found	GS-DMSR: Dynamic Sensitive Multi-scale Manifold Enhancement for Accelerated High-Quality 3D Gaussian Splatting			0		No GitHub/project code link found in arXiv page or PDF URI annotations.
2601.05853	2026-arxiv	code_link_found_not_audited	LayerGS: Decomposition and Inpainting of Layered 3D Human Avatars via 2D Gaussian Splatting			1	https://github.com/RockyXu66/LayerGS	Best candidate https://github.com/RockyXu66/LayerGS score=9 reason=title-token-overlap:layergs;title-substring-overlap:layergs;github;from-arxiv-page
2601.06285	2026-arxiv	code_link_found_not_audited	NAS-GS: Noise-Aware Sonar Gaussian Splatting			1	https://github.com/SenseRoboticsLab/NAS-GS	Best candidate https://github.com/SenseRoboticsLab/NAS-GS score=6 reason=title-token-overlap:nas;github;from-project-page
2601.05722	2026-arxiv	no_code_link_found	Rotate Your Character: Revisiting Video Diffusion Models for High-Quality 3D Character Generation			0		No GitHub/project code link found in arXiv page or PDF URI annotations.
2601.11617	2026-arxiv	no_code_link_found	PointSLAM++: Robust Dense Neural Gaussian Point Cloud-based SLAM			0		No GitHub/project code link found in arXiv page or PDF URI annotations.
2601.06839	2026-arxiv	code_link_found_not_audited	PRISM: Color-Stratified Point Cloud Sampling			1	https://github.com/koide3/direct_visual_lidar_calibration	Best candidate https://github.com/koide3/direct_visual_lidar_calibration score=2 reason=github
2601.01705	2026-arxiv	no_code_link_found	Explicit World Models for Reliable Human-Robot Collaboration			0		No GitHub/project code link found in arXiv page or PDF URI annotations.
2601.07484	2026-arxiv	code_link_found_not_audited	R3-RECON: Radiance-Field-Free Active Reconstruction via Renderability			2	https://github.com/jkff00/r3recon	Best candidate https://github.com/jkff00/r3recon score=5 reason=title-substring-overlap:recon;github
2601.05394	2026-arxiv	no_code_link_found	Sketch&Patch++: Efficient Structure-Aware 3D Gaussian Representation			0		No GitHub/project code link found in arXiv page or PDF URI annotations.
2601.07823	2026-arxiv	code_link_found_not_audited	Video Generation Models in Robotics -- Applications, Research Challenges, Future Directions			1	https://github.com/SHI-Labs/physical-ai-bench	Best candidate https://github.com/SHI-Labs/physical-ai-bench score=2 reason=github
2601.08371	2026-arxiv	no_code_link_found	Geo-NVS-w: Geometry-Aware Novel View Synthesis In-the-Wild with an SDF Renderer			0		No GitHub/project code link found in arXiv page or PDF URI annotations.
2601.08832	2026-arxiv	no_code_link_found	RAVEN: Erasing Invisible Watermarks via Novel View Synthesis			0		No GitHub/project code link found in arXiv page or PDF URI annotations.
2601.09697	2026-arxiv	no_code_link_found	Efficient Camera-Controlled Video Generation of Static Scenes via Sparse Diffusion and 3D Rendering			0		No GitHub/project code link found in arXiv page or PDF URI annotations.
2601.09452	2026-arxiv	code_link_found_not_audited	MAD: Motion Appearance Decoupling for efficient Driving World Models			1	https://github.com/vita-epfl/MAD-World-Model-Code/	Best candidate https://github.com/vita-epfl/MAD-World-Model-Code/ score=11 reason=title-token-overlap:mad,world;title-substring-overlap:world;github;code-context;from-project-page
2601.09665	2026-arxiv	no_code_link_found	SCE-SLAM: Scale-Consistent Monocular SLAM via Scene Coordinate Embeddings			0		No GitHub/project code link found in arXiv page or PDF URI annotations.
2601.09499	2026-arxiv	no_code_link_found	V-DPM: 4D Video Reconstruction with Dynamic Point Maps			0		No GitHub/project code link found in arXiv page or PDF URI annotations.
2601.03869	2026-arxiv	no_code_link_found	Bayesian Monocular Depth Refinement via Neural Radiance Fields			0		No GitHub/project code link found in arXiv page or PDF URI annotations.
2601.00705	2026-arxiv	code_link_found_not_audited	RGS-SLAM: Robust Gaussian Splatting SLAM with One-Shot Dense Initialization			1	https://github.com/Breeze1124/RGS-SLAM	Best candidate https://github.com/Breeze1124/RGS-SLAM score=8 reason=title-token-overlap:rgs,slam;title-substring-overlap:slam;github
2601.10716	2026-arxiv	no_code_link_found	WildRayZer: Self-supervised Large View Synthesis in Dynamic Environments			0		No GitHub/project code link found in arXiv page or PDF URI annotations.
2601.11030	2026-arxiv	code_link_found_not_audited	IDDR-NGP: Incorporating Detectors for Distractor Removal with Instant Neural Radiance Field			7	http://ns.adobe.com/xap/1.0/	Best candidate http://ns.adobe.com/xap/1.0/ score=2 reason=code-context
2601.12122	2026-arxiv	no_code_link_found	Active Semantic Mapping of Horticultural Environments Using Gaussian Splatting			0		No GitHub/project code link found in arXiv page or PDF URI annotations.
2601.12277	2026-arxiv	code_link_found_not_audited	An Efficient and Multi-Modal Navigation System with One-Step World Model			2	https://github.com/robotnav-bot/NOW	Best candidate https://github.com/robotnav-bot/NOW score=3 reason=github;from-project-page
2601.12481	2026-arxiv	code_link_found_not_audited	NeuralFur: Animal Fur Reconstruction From Multi-View Images			1	https://github.com/avaxman/Directional	Best candidate https://github.com/avaxman/Directional score=2 reason=github
2601.04754	2026-arxiv	code_link_found_not_audited	ProFuse: Efficient Cross-View Context Fusion for Open-Vocabulary 3D Gaussian Splatting			1	https://github.com/chiou1203/ProFuse	Best candidate https://github.com/chiou1203/ProFuse score=9 reason=title-token-overlap:profuse;title-substring-overlap:profuse;github;from-project-page
2601.03024	2026-arxiv	no_code_link_found	SA-ResGS: Self-Augmented Residual 3D Gaussian Splatting for Next Best View Selection			0		No GitHub/project code link found in arXiv page or PDF URI annotations.
2601.12257	2026-arxiv	no_code_link_found	Soft Shadow Diffusion (SSD): Physics-inspired Learning for 3D Computational Periscopy			0		No GitHub/project code link found in arXiv page or PDF URI annotations.
2601.13132	2026-arxiv	no_code_link_found	GaussExplorer: 3D Gaussian Splatting for Embodied Exploration and Reasoning			0		No GitHub/project code link found in arXiv page or PDF URI annotations.
2601.12770	2026-arxiv	code_link_found_not_audited	Generalizable and Animatable 3D Full-Head Gaussian Avatar from a Single Image			1	https://github.com/ShaelynZ/fhavatar	Best candidate https://github.com/ShaelynZ/fhavatar score=6 reason=title-substring-overlap:avatar;github;from-project-page
2601.04984	2026-arxiv	no_code_link_found	OceanSplat: Object-aware Gaussian Splatting with Trinocular View Consistency for Underwater Scene Reconstruction			0		No GitHub/project code link found in arXiv page or PDF URI annotations.
2601.09291	2026-arxiv	no_code_link_found	TIDI-GS: Floater Suppression in 3D Gaussian Splatting for Enhanced Indoor Scene Fidelity			0		No GitHub/project code link found in arXiv page or PDF URI annotations.
2601.05839	2026-arxiv	no_code_link_found	GeoSurDepth: Harnessing Foundation Model for Spatial Geometry Consistency-Oriented Self-Supervised Surround-View Depth Estimation			0		No GitHub/project code link found in arXiv page or PDF URI annotations.
2601.13574	2026-arxiv	no_code_link_found	Highly Deformable Proprioceptive Membrane for Real-Time 3D Shape Reconstruction			0		No GitHub/project code link found in arXiv page or PDF URI annotations.
2601.14161	2026-arxiv	no_code_link_found	One-Shot Refiner: Boosting Feed-forward Novel View Synthesis via One-Step Diffusion			0		No GitHub/project code link found in arXiv page or PDF URI annotations.
2601.13706	2026-arxiv	code_link_found_not_audited	ParkingTwin: Training-Free Streaming 3D Reconstruction for Parking-Lot Digital Twins			1	https://github.com/mihoutao-liu/ParkingTwin	Best candidate https://github.com/mihoutao-liu/ParkingTwin score=9 reason=title-token-overlap:parkingtwin;title-substring-overlap:parking,parkingtwin;github;from-project-page
2601.14208	2026-arxiv	no_code_link_found	Rig-Aware 3D Reconstruction of Vehicle Undercarriages using Gaussian Splatting			0		No GitHub/project code link found in arXiv page or PDF URI annotations.
2601.10814	2026-arxiv	code_link_found_not_audited	SurfSLAM: Sim-to-Real Underwater Stereo Reconstruction For Real-Time SLAM			2	https://github.com/MichaelGrupp/evo	Best candidate https://github.com/MichaelGrupp/evo score=2 reason=github
2601.15533	2026-arxiv	no_code_link_found	From Generative Engines to Actionable Simulators: The Imperative of Physical Grounding in World Models			0		No GitHub/project code link found in arXiv page or PDF URI annotations.
2601.14875	2026-arxiv	code_link_found_not_audited	GAT-NeRF: Geometry-Aware-Transformer Enhanced Neural Radiance Fields for High-Fidelity 4D Facial Avatars			7	http://ns.adobe.com/xap/1.0/	Best candidate http://ns.adobe.com/xap/1.0/ score=2 reason=code-context
2601.15431	2026-arxiv	code_link_found_not_audited	SplatBus: A Gaussian Splatting Viewer Framework via GPU Interprocess Communication			11	https://github.com/RockyXu66/splatbus	Best candidate https://github.com/RockyXu66/splatbus score=8 reason=title-token-overlap:splatbus;title-substring-overlap:splatbus;github
2601.17067	2026-arxiv	code_link_found_not_audited	A Mechanistic View on Video Generation as World Models: State and Dynamics			2	https://github.com/genmoai/mochi	Best candidate https://github.com/genmoai/mochi score=3 reason=github;from-project-page
2601.16163	2026-arxiv	no_code_link_found	Cosmos Policy: Fine-Tuning Video Models for Visuomotor Control and Planning			0		No GitHub/project code link found in arXiv page or PDF URI annotations.
2601.15951	2026-arxiv	code_link_found_not_audited	EVolSplat4D: Efficient Volume-based Gaussian Splatting for 4D Urban Scene Synthesis			2	https://github.com/Miaosheng1/EVolSplat4D	Best candidate https://github.com/Miaosheng1/EVolSplat4D score=9 reason=title-token-overlap:evolsplat4d;title-substring-overlap:evolsplat4d;github;from-project-page
2601.15772	2026-arxiv	code_link_found_not_audited	LL-GaussianImage: Efficient Image Representation for Zero-shot Low-Light Enhancement with 2D Gaussian Splatting			1	https://github.com/YuhanChen2024/LL-GaussianImage	Best candidate https://github.com/YuhanChen2024/LL-GaussianImage score=8 reason=title-token-overlap:gaussianimage;title-substring-overlap:gaussian,gaussianimage;github
2601.16982	2026-arxiv	code_link_found_not_audited	AnyView: Synthesizing Any Novel View in Dynamic Scenes			4	https://github.com/TRI-ML/DDAD	Best candidate https://github.com/TRI-ML/DDAD score=3 reason=github;from-project-page
2601.17088	2026-arxiv	code_link_found_not_audited	GlassesGB: Controllable 2D GAN-Based Eyewear Personalization for 3D Gaussian Blendshapes Head Avatars			1	https://github.com/nerfies/nerfies.github.io	Best candidate https://github.com/nerfies/nerfies.github.io score=3 reason=github;from-project-page
2601.17185	2026-arxiv	no_code_link_found	LGDWT-GS: Local and Global Discrete Wavelet-Regularized 3D Gaussian Splatting for Sparse-View Scene Reconstruction			0		No GitHub/project code link found in arXiv page or PDF URI annotations.
2602.16713	2026-arxiv	code_link_found_not_audited	Three-dimensional Damage Visualization of Civil Structures via Gaussian Splatting-enabled Digital Twins			2	https://github.com/readthedocs/sphinx_rtd_theme	Best candidate https://github.com/readthedocs/sphinx_rtd_theme score=3 reason=github;from-project-page
2602.00096	2026-arxiv	code_link_found_not_audited	Mirage2Matter: A Physically Grounded Gaussian World Model from Video			11	https://github.com/VAST-AI-Research/TripoSR	Best candidate https://github.com/VAST-AI-Research/TripoSR score=3 reason=github;from-project-page
2601.17350	2026-arxiv	no_code_link_found	NeRF-MIR: Towards High-Quality Restoration of Masked Images with Neural Radiance Fields			0		No GitHub/project code link found in arXiv page or PDF URI annotations.
2603.29572	2026-arxiv	code_link_found_not_audited	Turbo4DGen: Ultra-Fast Acceleration for 4D Generation			1	https://github.com/ArthurBrussee/brush	Best candidate https://github.com/ArthurBrussee/brush score=3 reason=github;from-project-page
2601.17720	2026-arxiv	no_code_link_found	Advancing Structured Priors for Sparse-Voxel Surface Reconstruction			0		No GitHub/project code link found in arXiv page or PDF URI annotations.
2601.17791	2026-arxiv	code_link_found_not_audited	Agreement-Driven Multi-View 3D Reconstruction for Live Cattle Weight Estimation			1	https://github.com/devinli123/MV-SAM3D	Best candidate https://github.com/devinli123/MV-SAM3D score=2 reason=github
2601.05208	2026-arxiv	no_code_link_found	MoE3D: A Mixture-of-Experts Module for 3D Reconstruction			0		No GitHub/project code link found in arXiv page or PDF URI annotations.
2601.17900	2026-arxiv	no_code_link_found	Revisiting 3D Reconstruction Kernels as Low-Pass Filters			0		No GitHub/project code link found in arXiv page or PDF URI annotations.
2601.18993	2026-arxiv	no_code_link_found	FreeOrbit4D: Training-Free Arbitrary Camera Redirection for Monocular Videos via Geometry-Complete 4D Reconstruction			0		No GitHub/project code link found in arXiv page or PDF URI annotations.
2601.02103	2026-arxiv	code_link_found_not_audited	HeadLighter: Disentangling Illumination in Generative 3D Gaussian Heads via Lightstage Captures			8	https://github.com/yakhyo/face-parsing	Best candidate https://github.com/yakhyo/face-parsing score=2 reason=github
2601.18475	2026-arxiv	no_code_link_found	LoD-Structured 3D Gaussian Splatting for Streaming Video Reconstruction			0		No GitHub/project code link found in arXiv page or PDF URI annotations.
2601.19014	2026-arxiv	no_code_link_found	Non-Invasive 3D Wound Measurement with RGB-D Imaging			0		No GitHub/project code link found in arXiv page or PDF URI annotations.
2601.18633	2026-arxiv	code_link_found_not_audited	Splat-Portrait: Generalizing Talking Heads with Gaussian Splatting			1	https://github.com/stonewalking/Splat-portrait	Best candidate https://github.com/stonewalking/Splat-portrait score=9 reason=title-token-overlap:portrait,splat;title-substring-overlap:portrait,splat;github;from-arxiv-page
2601.18323	2026-arxiv	code_link_found_not_audited	TC-IDM: Grounding Video Generation for Executable Zero-shot Robot Motion			3	https://github.com/wsbaiyi/TC-IDM	Best candidate https://github.com/wsbaiyi/TC-IDM score=5 reason=title-token-overlap:idm;github
2601.19216	2026-arxiv	code_link_found_not_audited	Bridging Visual and Wireless Sensing: A Unified Radiation Field for 3D Radio Map Construction			1	https://github.com/wenchaozheng/URF-GS	Best candidate https://github.com/wenchaozheng/URF-GS score=3 reason=github;from-arxiv-page
2601.19717	2026-arxiv	no_code_link_found	DiffStyle3D: Consistent 3D Gaussian Stylization via Attention Optimization			0		No GitHub/project code link found in arXiv page or PDF URI annotations.
2601.19484	2026-arxiv	no_code_link_found	Dynamic Worlds, Dynamic Humans: Generating Virtual Human-Scene Interaction Motion in Dynamic Scenes			0		No GitHub/project code link found in arXiv page or PDF URI annotations.
2601.17835	2026-arxiv	code_link_found_not_audited	Geometry-Grounded Gaussian Splatting			13	https://github.com/HKUST-SAIL/Geometry-Grounded-Gaussian-Splatting/tree/main	Best candidate https://github.com/HKUST-SAIL/Geometry-Grounded-Gaussian-Splatting/tree/main score=9 reason=title-token-overlap:gaussian,geometry,grounded,splatting;title-substring-overlap:gaussian,geometry,grounded,splatting;github;from-project-page
2601.19843	2026-arxiv	code_link_found_not_audited	Graphical X Splatting (GraphiXS): A Graphical Model for 4D Gaussian Splatting under Uncertainty			12	https://github.com/dendenxu/fast-gaussian-rasterization	Best candidate https://github.com/dendenxu/fast-gaussian-rasterization score=9 reason=title-token-overlap:gaussian;title-substring-overlap:gaussian;github;from-project-page
2601.15766	2026-arxiv	no_code_link_found	LL-GaussianMap: Zero-shot Low-Light Image Enhancement via 2D Gaussian Splatting Guided Gain Maps			0		No GitHub/project code link found in arXiv page or PDF URI annotations.
2601.20051	2026-arxiv	no_code_link_found	Size Matters: Reconstructing Real-Scale 3D Models from Monocular Images for Food Portion Estimation			0		No GitHub/project code link found in arXiv page or PDF URI annotations.
2601.19233	2026-arxiv	no_code_link_found	UniMGS: Unifying Mesh and 3D Gaussian Splatting with Single-Pass Rasterization and Proxy-Based Deformation			0		No GitHub/project code link found in arXiv page or PDF URI annotations.
2601.19753	2026-arxiv	code_link_found_not_audited	WaterClear-GS: Optical-Aware Gaussian Splatting for Underwater Reconstruction and Restoration			1	https://github.com/nerfies/nerfies.github.io	Best candidate https://github.com/nerfies/nerfies.github.io score=3 reason=github;from-project-page
2601.19489	2026-arxiv	code_link_found_not_audited	Fast Converging 3D Gaussian Splatting for 1-Minute Reconstruction			11	https://github.com/j-alex-hanson/speedy-splat	Best candidate https://github.com/j-alex-hanson/speedy-splat score=3 reason=github;from-project-page
2601.20857	2026-arxiv	code_link_found_not_audited	FreeFix: Boosting 3D Gaussian Splatting via Fine-Tuning-Free Diffusion Models			3	https://github.com/hyzhou404/FreeFix	Best candidate https://github.com/hyzhou404/FreeFix score=9 reason=title-token-overlap:freefix;title-substring-overlap:free,freefix;github;from-project-page
2601.19785	2026-arxiv	code_link_found_not_audited	GeoDiff3D: Self-Supervised 3D Scene Generation with Geometry-Constrained 2D Diffusion Guidance			8	https://github.com/XLabs-AI/x-flux	Best candidate https://github.com/XLabs-AI/x-flux score=2 reason=github
2602.06991	2026-arxiv	no_code_link_found	LangGS-SLAM: Real-Time Language-Feature Gaussian Splatting SLAM			0		No GitHub/project code link found in arXiv page or PDF URI annotations.
2601.22032	2026-arxiv	code_link_found_not_audited	Drive-JEPA: Video JEPA Meets Multimodal Trajectory Distillation for End-to-End Driving			1	https://github.com/linhanwang/Drive-JEPA	Best candidate https://github.com/linhanwang/Drive-JEPA score=8 reason=title-token-overlap:drive,jepa;title-substring-overlap:drive,jepa;github
2601.16272	2026-arxiv	no_code_link_found	GR3EN: Generative Relighting for 3D Environments			0		No GitHub/project code link found in arXiv page or PDF URI annotations.
2601.22086	2026-arxiv	code_link_found_not_audited	Learning Transient Convective Heat Transfer with Geometry Aware World Models			1	https://github.com/otd11/TransientGeoAwareWorldModel	Best candidate https://github.com/otd11/TransientGeoAwareWorldModel score=5 reason=title-substring-overlap:aware,transient,world;github
2601.21786	2026-arxiv	no_code_link_found	Synthetic-to-Real Domain Bridging for Single-View 3D Reconstruction of Ships for Maritime Monitoring			0		No GitHub/project code link found in arXiv page or PDF URI annotations.
2601.22045	2026-arxiv	no_code_link_found	Urban Neural Surface Reconstruction from Constrained Sparse Aerial Imagery with 3D SAR Fusion			0		No GitHub/project code link found in arXiv page or PDF URI annotations.
2602.00395	2026-arxiv	no_code_link_found	3DGS$^2$-TR: Scalable Second-Order Trust-Region Method for 3D Gaussian Splatting			0		No GitHub/project code link found in arXiv page or PDF URI annotations.
2601.23065	2026-arxiv	code_link_found_not_audited	EAG-PT: Emission-Aware Gaussians and Path Tracing for Indoor Scene Reconstruction and Editing			1	https://github.com/eliphatfs/torchoptix	Best candidate https://github.com/eliphatfs/torchoptix score=2 reason=github
2601.13837	2026-arxiv	no_code_link_found	FastGHA: Generalized Few-Shot 3D Gaussian Head Avatars with Real-Time Animation			0		No GitHub/project code link found in arXiv page or PDF URI annotations.
2601.22988	2026-arxiv	code_link_found_not_audited	Learning Geometrically-Grounded 3D Visual Representations for View-Generalizable Robotic Manipulation			2	https://github.com/RichardDuan-shandong/GEM3D	Best candidate https://github.com/RichardDuan-shandong/GEM3D score=3 reason=github;from-project-page
2601.19887	2026-arxiv	code_link_found_not_audited	VGGT-SLAM 2.0: Real-time Dense Feed-forward Scene Reconstruction			3	https://github.com/MIT-SPARK/VGGT-SLAM	Best candidate https://github.com/MIT-SPARK/VGGT-SLAM score=8 reason=title-token-overlap:slam,vggt;title-substring-overlap:slam,vggt;github
2602.00739	2026-arxiv	code_link_found_not_audited	Diffusion-Driven Inter-Outer Surface Separation for Point Clouds with Open Boundaries			1	https://github.com/lambo131/diffusion-scatter-algorithm	Best candidate https://github.com/lambo131/diffusion-scatter-algorithm score=8 reason=title-token-overlap:diffusion;title-substring-overlap:diffusion;github
2602.07016	2026-arxiv	code_link_found_not_audited	Gaussian-Constrained LeJEPA Representations for Unsupervised Scene Discovery and Pose Consistency			2	https://www.kaggle.com/code/babydriver1233/optimized-pipeline-for-the-image-matching-challeng	Best candidate https://www.kaggle.com/code/babydriver1233/optimized-pipeline-for-the-image-matching-challeng score=3 reason=code-context;probable-project-page
2601.21400	2026-arxiv	no_code_link_found	Mesh Splatting for End-to-end Multiview Surface Reconstruction			0		No GitHub/project code link found in arXiv page or PDF URI annotations.
2602.00463	2026-arxiv	no_code_link_found	PSGS: Text-driven Panorama Sliding Scene Generation via Gaussian Splatting			0		No GitHub/project code link found in arXiv page or PDF URI annotations.
2602.00466	2026-arxiv	no_code_link_found	Stealthy Coverage Control for Human-enabled Real-Time 3D Reconstruction			0		No GitHub/project code link found in arXiv page or PDF URI annotations.
2602.00618	2026-arxiv	code_link_found_not_audited	Tune-Your-Style: Intensity-tunable 3D Style Transfer with Gaussian Splatting			1	https://github.com/Zhao-Yian/TuneYourStyle	Best candidate https://github.com/Zhao-Yian/TuneYourStyle score=6 reason=title-substring-overlap:style,tune,your;github;from-project-page
2602.02602	2026-arxiv	no_code_link_found	Position: 3D Gaussian Splatting Watermarking Should Be Scenario-Driven and Threat-Model Explicit			0		No GitHub/project code link found in arXiv page or PDF URI annotations.
2602.02430	2026-arxiv	no_code_link_found	3D Foundation Model-Based Loop Closing for Decentralized Collaborative SLAM			0		No GitHub/project code link found in arXiv page or PDF URI annotations.
2602.01723	2026-arxiv	no_code_link_found	FastPhysGS: Accelerating Physics-based Dynamic 3DGS Simulation via Interior Completion and Adaptive Optimization			0		No GitHub/project code link found in arXiv page or PDF URI annotations.
2602.01644	2026-arxiv	code_link_found_not_audited	From Perception to Action: Spatial AI Agents and World Models			11	https://github.com/Significant-Gravitas/Auto-GPT	Best candidate https://github.com/Significant-Gravitas/Auto-GPT score=3 reason=github;from-project-page
2602.01748	2026-arxiv	code_link_found_not_audited	OFERA: Blendshape-driven 3D Gaussian Control for Occluded Facial Expression to Realistic Avatars in VR			1	https://www.paulekman.com/resources/universal-facial-expressions/	Best candidate https://www.paulekman.com/resources/universal-facial-expressions/ score=2 reason=code-context
2601.22861	2026-arxiv	code_link_found_not_audited	Under-Canopy Terrain Reconstruction in Dense Forests Using RGB Imaging and Neural 3D Reconstruction			1	https://github.com/ultralytics/ultralytics	Best candidate https://github.com/ultralytics/ultralytics score=2 reason=github
2602.02002	2026-arxiv	no_code_link_found	UniDriveDreamer: A Single-Stage Multimodal World Model for Autonomous Driving			0		No GitHub/project code link found in arXiv page or PDF URI annotations.
2602.01536	2026-arxiv	code_link_found_not_audited	UniDWM: Towards a Unified Driving World Model via Multifaceted Representation Learning			1	https://github.com/Say2L/UniDWM	Best candidate https://github.com/Say2L/UniDWM score=8 reason=title-token-overlap:unidwm;title-substring-overlap:unidwm;github
2602.01674	2026-arxiv	code_link_found_not_audited	VRGaussianAvatar: Integrating 3D Gaussian Avatars into VR			1	https://github.com/hailsong/VRGaussianAvatar	Best candidate https://github.com/hailsong/VRGaussianAvatar score=9 reason=title-token-overlap:vrgaussianavatar;title-substring-overlap:gaussian,vrgaussianavatar;github;from-project-page
2602.02454	2026-arxiv	code_link_found_not_audited	World-Gymnast: Training Robots with Reinforcement Learning in a World Model			2	https://github.com/world-gymnast/world-gymnast	Best candidate https://github.com/world-gymnast/world-gymnast score=9 reason=title-token-overlap:gymnast,world;title-substring-overlap:gymnast,world;github;from-project-page
2602.04043	2026-arxiv	code_link_found_not_audited	AnyStyle: Single-Pass Multimodal Stylization for 3D Gaussian Splatting			1	https://github.com/joaxkal/AnyStyle	Best candidate https://github.com/joaxkal/AnyStyle score=8 reason=title-token-overlap:anystyle;title-substring-overlap:anystyle;github
2602.03793	2026-arxiv	no_code_link_found	BridgeV2W: Bridging Video Generation Models to Embodied World Models via Embodiment Masks			0		No GitHub/project code link found in arXiv page or PDF URI annotations.
2602.03847	2026-arxiv	code_link_found_not_audited	EventNeuS: 3D Mesh Reconstruction from a Single Event Camera			1	https://github.com/NVlabs/tiny-cuda-nn	Best candidate https://github.com/NVlabs/tiny-cuda-nn score=2 reason=github
2602.03200	2026-arxiv	no_code_link_found	Hand3R: Online 4D Hand-Scene Reconstruction in the Wild			0		No GitHub/project code link found in arXiv page or PDF URI annotations.
2602.03242	2026-arxiv	code_link_found_not_audited	InstaDrive: Instance-Aware Driving World Models for Realistic and Consistent Video Generation			1	https://github.com/shanpoyang654/InstaDrive	Best candidate https://github.com/shanpoyang654/InstaDrive score=9 reason=title-token-overlap:instadrive;title-substring-overlap:instadrive;github;from-project-page
2602.03747	2026-arxiv	code_link_found_not_audited	LIVE: Long-horizon Interactive Video World Modeling			1	https://github.com/Junchao-cs/LIVE	Best candidate https://github.com/Junchao-cs/LIVE score=9 reason=title-token-overlap:live;title-substring-overlap:live;github;from-project-page
2602.03327	2026-arxiv	code_link_found_not_audited	Pi-GS: Sparse-View Gaussian Splatting with Dense π^3 Initialization			1	https://github.com/Mango0000/Pi-GS	Best candidate https://github.com/Mango0000/Pi-GS score=2 reason=github
2602.02000	2026-arxiv	code_link_found_not_audited	SurfSplat: Conquering Feedforward 2D Gaussian Splatting with Surface Continuity Priors			4	https://github.com/hebing-sjtu/SurfSplat	Best candidate https://github.com/hebing-sjtu/SurfSplat score=9 reason=title-token-overlap:surfsplat;title-substring-overlap:surfsplat;github;from-project-page
2602.05029	2026-arxiv	no_code_link_found	Differentiable Inverse Graphics for Zero-shot Scene Reconstruction and Robot Grasping			0		No GitHub/project code link found in arXiv page or PDF URI annotations.
2602.04201	2026-arxiv	no_code_link_found	From Sparse Sensors to Continuous Fields: STRIDE for Spatiotemporal Reconstruction			0		No GitHub/project code link found in arXiv page or PDF URI annotations.
2602.07050	2026-arxiv	no_code_link_found	Interpreting Physics in Video World Models			0		No GitHub/project code link found in arXiv page or PDF URI annotations.
2602.04317	2026-arxiv	code_link_found_not_audited	JOintGS: Joint Optimization of Cameras, Bodies and 3D Gaussians for In-the-Wild Monocular Reconstruction			1	https://github.com/MiliLab/JOintGS	Best candidate https://github.com/MiliLab/JOintGS score=8 reason=title-token-overlap:jointgs;title-substring-overlap:joint,jointgs;github
2602.05047	2026-arxiv	code_link_found_not_audited	QuantumGS: Quantum Encoding Framework for Gaussian Splatting			1	https://github.com/gwilczynski95/QuantumGS	Best candidate https://github.com/gwilczynski95/QuantumGS score=8 reason=title-token-overlap:quantumgs;title-substring-overlap:quantum,quantumgs;github
2602.04517	2026-arxiv	no_code_link_found	S-MUSt3R: Sliding Multi-view 3D Reconstruction			0		No GitHub/project code link found in arXiv page or PDF URI annotations.
2602.04271	2026-arxiv	code_link_found_not_audited	SkeletonGaussian: Editable 4D Generation through Gaussian Skeletonization			2	https://github.com/wusar/SkeletonGaussian	Best candidate https://github.com/wusar/SkeletonGaussian score=9 reason=title-token-overlap:skeletongaussian;title-substring-overlap:gaussian,skeletongaussian;github;from-project-page
2602.04108	2026-arxiv	no_code_link_found	SuperPoint-E: local features for 3D reconstruction via tracking adaptation in endoscopy			0		No GitHub/project code link found in arXiv page or PDF URI annotations.
2602.01035	2026-arxiv	no_code_link_found	FUSE-Flow: Scalable Real-Time Multi-View Point Cloud Reconstruction Using Confidence			0		No GitHub/project code link found in arXiv page or PDF URI annotations.
2602.01033	2026-arxiv	no_code_link_found	GMAC: Global Multi-View Constraint for Automatic Multi-Camera Extrinsic Calibration			0		No GitHub/project code link found in arXiv page or PDF URI annotations.
2602.05434	2026-arxiv	no_code_link_found	LD-SLRO: Latent Diffusion Structured Light for 3-D Reconstruction of Highly Reflective Objects			0		No GitHub/project code link found in arXiv page or PDF URI annotations.
2602.06163	2026-arxiv	no_code_link_found	MetaSSP: Enhancing Semi-supervised Implicit 3D Reconstruction through Meta-adaptive EMA and SDF-aware Pseudo-label Evaluation			0		No GitHub/project code link found in arXiv page or PDF URI annotations.
2602.06158	2026-arxiv	code_link_found_not_audited	MGP-KAD: Multimodal Geometric Priors and Kolmogorov-Arnold Decoder for Single-View 3D Reconstruction in Complex Scenes			2	https://arxiv.org/abs/2602.06158v1	Best candidate https://arxiv.org/abs/2602.06158v1 score=2 reason=code-context
2602.05884	2026-arxiv	no_code_link_found	Neural Implicit 3D Cardiac Shape Reconstruction from Sparse CT Angiography Slices Mimicking 2D Transthoracic Echocardiography Views			0		No GitHub/project code link found in arXiv page or PDF URI annotations.
2602.05423	2026-arxiv	no_code_link_found	NeVStereo: A NeRF-Driven NVS-Stereo Architecture for High-Fidelity 3D Tasks			0		No GitHub/project code link found in arXiv page or PDF URI annotations.
2602.05822	2026-arxiv	no_code_link_found	NVS-HO: A Benchmark for Novel View Synthesis of Handheld Objects			0		No GitHub/project code link found in arXiv page or PDF URI annotations.
2602.05557	2026-arxiv	code_link_found_not_audited	PIRATR: Parametric Object Inference for Robotic Applications with Transformers in 3D Point Clouds			4	https://github.com/swingaxe/piratr	Best candidate https://github.com/swingaxe/piratr score=8 reason=title-token-overlap:piratr;title-substring-overlap:piratr;github
2602.05190	2026-arxiv	no_code_link_found	PoseGaussian: Pose-Driven Novel View Synthesis for Robust 3D Human Reconstruction			0		No GitHub/project code link found in arXiv page or PDF URI annotations.
2602.05572	2026-arxiv	no_code_link_found	ShapeGaussian: High-Fidelity 4D Human Reconstruction in Monocular Videos via Vision Priors			0		No GitHub/project code link found in arXiv page or PDF URI annotations.
2602.02989	2026-arxiv	no_code_link_found	SharpTimeGS: Sharp and Stable Dynamic Gaussian Splatting via Lifespan Modulation			0		No GitHub/project code link found in arXiv page or PDF URI annotations.
2602.04439	2026-arxiv	code_link_found_not_audited	TrajVG: 3D Trajectory-Coupled Visual Geometry Learning			1	https://github.com/xingy038/TrajVG	Best candidate https://github.com/xingy038/TrajVG score=9 reason=title-token-overlap:trajvg;title-substring-overlap:trajvg;github;from-project-page
2602.05508	2026-arxiv	no_code_link_found	VGGT-Motion: Motion-Aware Calibration-Free Monocular SLAM for Long-Range Consistency			0		No GitHub/project code link found in arXiv page or PDF URI annotations.
2602.06949	2026-arxiv	code_link_found_not_audited	DreamDojo: A Generalist Robot World Model from Large-Scale Human Videos			2	https://github.com/NVIDIA/DreamDojo	Best candidate https://github.com/NVIDIA/DreamDojo score=9 reason=title-token-overlap:dreamdojo;title-substring-overlap:dreamdojo;github;from-project-page
2602.06521	2026-arxiv	code_link_found_not_audited	DriveWorld-VLA: Unified Latent-Space World Modeling with Vision-Language-Action for Autonomous Driving			1	https://github.com/liulin815/DriveWorld-VLA.git	Best candidate https://github.com/liulin815/DriveWorld-VLA.git score=8 reason=title-token-overlap:driveworld,vla;title-substring-overlap:driveworld,world;github
2602.06478	2026-arxiv	code_link_found_not_audited	Efficient-LVSM: Faster, Cheaper, and Better Large View Synthesis Model via Decoupled Co-Refinement Attention			3	https://github.com/Ayakaee/Efficient-LVSM	Best candidate https://github.com/Ayakaee/Efficient-LVSM score=9 reason=title-token-overlap:efficient,lvsm;title-substring-overlap:efficient,lvsm;github;from-project-page
2602.06830	2026-arxiv	code_link_found_not_audited	GaussianPOP: Principled Simplification Framework for Compact 3D Gaussian Splatting via Error Quantification			2	https://inkscape.org	Best candidate https://inkscape.org score=2 reason=code-context
2602.06488	2026-arxiv	no_code_link_found	Rebenchmarking Unsupervised Monocular 3D Occupancy Prediction			0		No GitHub/project code link found in arXiv page or PDF URI annotations.
2601.08414	2026-arxiv	no_code_link_found	SPARK: Scalable Real-Time Point Cloud Aggregation with Multi-View Self-Calibration			0		No GitHub/project code link found in arXiv page or PDF URI annotations.
2602.06508	2026-arxiv	code_link_found_not_audited	World-VLA-Loop: Closed-Loop Learning of Video World Model and VLA Policy			2	https://github.com/showlab/World-VLA-Loop	Best candidate https://github.com/showlab/World-VLA-Loop score=9 reason=title-token-overlap:loop,vla,world;title-substring-overlap:loop,world;github;from-project-page
2602.07444	2026-arxiv	code_link_found_not_audited	Perspective-aware fusion of incomplete depth maps and surface normals for accurate 3D reconstruction			1	https://github.com/xucao-42/bilateral_normal_integration	Best candidate https://github.com/xucao-42/bilateral_normal_integration score=2 reason=github
2602.07938	2026-arxiv	no_code_link_found	Integrating Specialized and Generic Agent Motion Prediction with Dynamic Occupancy Grid Maps			0		No GitHub/project code link found in arXiv page or PDF URI annotations.
2602.08058	2026-arxiv	code_link_found_not_audited	Picasso: Holistic Scene Reconstruction with Physics-Constrained Sampling			1	https://github.com/shanice-l/gdrnpp_bop2022	Best candidate https://github.com/shanice-l/gdrnpp_bop2022 score=2 reason=github
2602.07860	2026-arxiv	code_link_found_not_audited	Recovering 3D Shapes from Ultra-Fast Motion-Blurred Images			2	https://github.com/Maxmilite/rec-from-ultrafast-blur	Best candidate https://github.com/Maxmilite/rec-from-ultrafast-blur score=6 reason=title-substring-overlap:fast,ultra;github;from-project-page
2602.07891	2026-arxiv	no_code_link_found	Scalable Adaptation of 3D Geometric Foundation Models via Weak Supervision from Internet Video			0		No GitHub/project code link found in arXiv page or PDF URI annotations.
2602.08909	2026-arxiv	no_code_link_found	Analysis of Converged 3D Gaussian Splatting Solutions: Density Effects and Prediction Limit			0		No GitHub/project code link found in arXiv page or PDF URI annotations.
2602.08558	2026-arxiv	no_code_link_found	FLAG-4D: Flow-Guided Local-Global Dual-Deformation Model for 4D Reconstruction			0		No GitHub/project code link found in arXiv page or PDF URI annotations.
2602.08784	2026-arxiv	code_link_found_not_audited	GaussianCaR: Gaussian Splatting for Efficient Camera-Radar Fusion			1	https://www.github.com/santimontiel/gaussiancar	Best candidate https://www.github.com/santimontiel/gaussiancar score=8 reason=title-token-overlap:gaussiancar;title-substring-overlap:gaussian,gaussiancar;github
2602.04162	2026-arxiv	code_link_found_not_audited	Improving 2D Diffusion Models for 3D Medical Imaging with Inter-Slice Consistent Stochasticity			2	https://github.com/duchenhe/ISCS	Best candidate https://github.com/duchenhe/ISCS score=2 reason=github
2602.08266	2026-arxiv	no_code_link_found	Informative Object-centric Next Best View for Object-aware 3D Gaussian Splatting in Cluttered Scenes			0		No GitHub/project code link found in arXiv page or PDF URI annotations.
2602.13299	2026-arxiv	code_link_found_not_audited	KidMesh: Computational Mesh Reconstruction for Pediatric Congenital Hydronephrosis Using Deep Neural Networks			1	https://github.com/Mrdeer3935/KidMesh	Best candidate https://github.com/Mrdeer3935/KidMesh score=8 reason=title-token-overlap:kidmesh;title-substring-overlap:kidmesh,mesh;github
2602.08397	2026-arxiv	code_link_found_not_audited	RealSynCol: a high-fidelity synthetic colon dataset for 3D reconstruction applications			1	https://github.com/ChiaraLena/RealSynCol	Best candidate https://github.com/ChiaraLena/RealSynCol score=8 reason=title-token-overlap:realsyncol;title-substring-overlap:realsyncol;github
2601.15897	2026-arxiv	no_code_link_found	ThermoSplat: Cross-Modal 3D Gaussian Splatting with Feature Modulation and Geometry Decoupling			0		No GitHub/project code link found in arXiv page or PDF URI annotations.
2602.08540	2026-arxiv	no_code_link_found	TIBR4D: Tracing-Guided Iterative Boundary Refinement for Efficient 4D Gaussian Segmentation			0		No GitHub/project code link found in arXiv page or PDF URI annotations.
2602.08236	2026-arxiv	code_link_found_not_audited	When and How Much to Imagine: Adaptive Test-Time Scaling with World Models for Visual Spatial Reasoning			2	https://github.com/Yui010206/Adaptive-Visual-Imagination-Control/	Best candidate https://github.com/Yui010206/Adaptive-Visual-Imagination-Control/ score=9 reason=title-token-overlap:adaptive,visual;title-substring-overlap:adaptive,visual;github;from-project-page
2602.10094	2026-arxiv	code_link_found_not_audited	4RC: 4D Reconstruction via Conditional Querying Anytime and Anywhere			1	https://github.com/Luo-Yihang/4RC	Best candidate https://github.com/Luo-Yihang/4RC score=6 reason=title-token-overlap:4rc;github;from-project-page
2602.03213	2026-arxiv	no_code_link_found	ConsisDrive: Identity-Preserving Driving World Models for Video Generation by Instance Mask			0		No GitHub/project code link found in arXiv page or PDF URI annotations.
2602.10278	2026-arxiv	no_code_link_found	ERGO: Excess-Risk-Guided Optimization for High-Fidelity Monocular 3D Gaussian Splatting			0		No GitHub/project code link found in arXiv page or PDF URI annotations.
2602.09999	2026-arxiv	code_link_found_not_audited	Faster-GS: Analyzing and Improving Gaussian Splatting Optimization			2	https://github.com/nerficg-project/faster-gaussian-splatting	Best candidate https://github.com/nerficg-project/faster-gaussian-splatting score=9 reason=title-token-overlap:faster,gaussian,splatting;title-substring-overlap:faster,gaussian,splatting;github;from-project-page
2602.09878	2026-arxiv	no_code_link_found	MVISTA-4D: View-Consistent 4D World Model with Test-Time Action Inference for Robotic Manipulation			0		No GitHub/project code link found in arXiv page or PDF URI annotations.
2602.10104	2026-arxiv	code_link_found_not_audited	Olaf-World: Orienting Latent Actions for Video World Modeling			3	https://github.com/showlab/Olaf-World	Best candidate https://github.com/showlab/Olaf-World score=9 reason=title-token-overlap:olaf,world;title-substring-overlap:olaf,world;github;from-arxiv-page
2602.10101	2026-arxiv	code_link_found_not_audited	Robo3R: Enhancing Robotic Manipulation with Accurate Feed-Forward 3D Reconstruction			2	https://github.com/InternRobotics/Robo3R	Best candidate https://github.com/InternRobotics/Robo3R score=9 reason=title-token-overlap:robo3r;title-substring-overlap:robo3r;github;from-project-page
2602.09918	2026-arxiv	no_code_link_found	SARS: A Novel Face and Body Shape and Appearance Aware 3D Reconstruction System extends Morphable Models			0		No GitHub/project code link found in arXiv page or PDF URI annotations.
2602.09415	2026-arxiv	no_code_link_found	Stability and Concentration in Nonlinear Inverse Problems with Block-Structured Parameters: Lipschitz Geometry, Identifiability, and an Application to Gaussian Splatting			0		No GitHub/project code link found in arXiv page or PDF URI annotations.
2602.10239	2026-arxiv	code_link_found_not_audited	XSPLAIN: XAI-enabling Splat-based Prototype Learning for Attribute-aware INterpretability			1	https://github.com/Solvro/ml-splat-xai	Best candidate https://github.com/Solvro/ml-splat-xai score=8 reason=title-token-overlap:splat,xai;title-substring-overlap:splat;github
2602.11433	2026-arxiv	code_link_found_not_audited	Filmsticking++: Rapid Film Sticking for Explicit Surface Reconstruction			7	http://ns.adobe.com/xap/1.0/	Best candidate http://ns.adobe.com/xap/1.0/ score=2 reason=code-context
2602.10884	2026-arxiv	code_link_found_not_audited	ResWorld: Temporal Residual World Model for End-to-End Autonomous Driving			3	https://github.com/mengtan00/ResWorld.git	Best candidate https://github.com/mengtan00/ResWorld.git score=9 reason=title-token-overlap:resworld;title-substring-overlap:resworld,world;github;from-arxiv-page
2602.10717	2026-arxiv	no_code_link_found	Say, Dream, and Act: Learning Video World Models for Instruction-Driven Robot Manipulation			0		No GitHub/project code link found in arXiv page or PDF URI annotations.
2602.06032	2026-arxiv	code_link_found_not_audited	Splat and Distill: Augmenting Teachers with Feed-Forward 3D Reconstruction For 3D-Aware Distillation			4	https://github.com/xapharius/pytorch-nyuv2	Best candidate https://github.com/xapharius/pytorch-nyuv2 score=2 reason=github
2602.07493	2026-arxiv	no_code_link_found	Thermal odometry and dense mapping using learned odometry and Gaussian splatting			0		No GitHub/project code link found in arXiv page or PDF URI annotations.
2602.10943	2026-arxiv	code_link_found_not_audited	Towards Learning a Generalizable 3D Scene Representation from 2D Observations			3	http://ns.adobe.com/xap/1.0/mm/	Best candidate http://ns.adobe.com/xap/1.0/mm/ score=2 reason=code-context
2602.12159	2026-arxiv	code_link_found_not_audited	3DGSNav: Enhancing Vision-Language Model Reasoning for Object Navigation via Active 3D Gaussian Splatting			1	https://github.com/eliahuhorwitz/Academic-project-page-template	Best candidate https://github.com/eliahuhorwitz/Academic-project-page-template score=3 reason=github;from-project-page
2602.11757	2026-arxiv	code_link_found_not_audited	Code2Worlds: Empowering Coding LLMs for 4D World Generation			5	https://github.com/AIGeeksGroup/Code2Worlds	Best candidate https://github.com/AIGeeksGroup/Code2Worlds score=10 reason=title-token-overlap:code2worlds;title-substring-overlap:code2worlds,world;github;code-context
2602.11642	2026-arxiv	code_link_found_not_audited	Electrostatics-Inspired Surface Reconstruction (EISR): Recovering 3D Shapes as a Superposition of Poisson's PDE Solutions			3	https://github.com/libigl/libigl	Best candidate https://github.com/libigl/libigl score=3 reason=github;from-project-page
2601.21421	2026-arxiv	code_link_found_not_audited	From Implicit Ambiguity to Explicit Solidity: Diagnosing Interior Geometric Degradation in Neural Radiance Fields for Dense 3D Scene Understanding			1	https://github.com/ZJiangsan/3D_DenseFruitCounting	Best candidate https://github.com/ZJiangsan/3D_DenseFruitCounting score=7 reason=title-substring-overlap:dense;github;code-context
2602.11714	2026-arxiv	code_link_found_not_audited	GSO-SLAM: Bidirectionally Coupled Gaussian Splatting and Direct Visual Odometry			1	https://github.com/Lab-of-AI-and-Robotics/GSO-SLAM	Best candidate https://github.com/Lab-of-AI-and-Robotics/GSO-SLAM score=8 reason=title-token-overlap:gso,slam;title-substring-overlap:slam;github
2602.11577	2026-arxiv	code_link_found_not_audited	LeafFit: Plant Assets Creation from 3D Gaussian Splatting			5	https://github.com/netbeifeng/leaf_fit	Best candidate https://github.com/netbeifeng/leaf_fit score=5 reason=title-substring-overlap:leaffit;github
2602.00148	2026-arxiv	code_link_found_not_audited	Learning Physics-Grounded 4D Dynamics with Neural Gaussian Force Fields			1	https://github.com/lishiqianhugh/NeuralGaussianForceField	Best candidate https://github.com/lishiqianhugh/NeuralGaussianForceField score=6 reason=title-substring-overlap:force,gaussian;github;from-project-page
2602.12003	2026-arxiv	code_link_found_not_audited	Projected Representation Conditioning for High-fidelity Novel View Synthesis			1	https://github.com/cvlab-kaist/ReNoV	Best candidate https://github.com/cvlab-kaist/ReNoV score=3 reason=github;from-project-page
2602.10983	2026-arxiv	code_link_found_not_audited	Scaling World Model for Hierarchical Manipulation Policies			1	https://github.com/vista-wm/Vista-WM	Best candidate https://github.com/vista-wm/Vista-WM score=3 reason=github;from-project-page
2602.04053	2026-arxiv	code_link_found_not_audited	Seeing Through Clutter: Structured 3D Scene Reconstruction via Iterative Object Removal			4	https://github.com/rioak/seeing-through-clutter	Best candidate https://github.com/rioak/seeing-through-clutter score=9 reason=title-token-overlap:clutter,seeing,through;title-substring-overlap:clutter,seeing,through;github;from-project-page
2602.13347	2026-arxiv	no_code_link_found	Visual Foresight for Robotic Stow: A Diffusion-Based World Model from Sparse Snapshots			0		No GitHub/project code link found in arXiv page or PDF URI annotations.
2602.11882	2026-arxiv	code_link_found_not_audited	Where Bits Matter in World Model Planning: A Paired Mixed-Bit Study for Efficient Spatial Reasoning			1	https://github.com/suraj-ranganath/DINO-MBQuant	Best candidate https://github.com/suraj-ranganath/DINO-MBQuant score=2 reason=github
2602.12796	2026-arxiv	code_link_found_not_audited	GSM-GS: Geometry-Constrained Single and Multi-view Gaussian Splatting for Surface Reconstruction			2	https://github.com/AISLAB-sustech/GSM-GS.git	Best candidate https://github.com/AISLAB-sustech/GSM-GS.git score=6 reason=title-token-overlap:gsm;github;from-project-page
2602.13041	2026-arxiv	no_code_link_found	Implicit-Scale 3D Reconstruction for Multi-Food Volume Estimation from Monocular Images			0		No GitHub/project code link found in arXiv page or PDF URI annotations.
2602.13806	2026-arxiv	no_code_link_found	Gaussian Sequences with Multi-Scale Dynamics for 4D Reconstruction from Monocular Casual Videos			0		No GitHub/project code link found in arXiv page or PDF URI annotations.
2602.13909	2026-arxiv	no_code_link_found	High-fidelity 3D reconstruction for planetary exploration			0		No GitHub/project code link found in arXiv page or PDF URI annotations.
2602.13801	2026-arxiv	no_code_link_found	Joint Orientation and Weight Optimization for Robust Watertight Surface Reconstruction via Dirichlet-Regularized Winding Fields			0		No GitHub/project code link found in arXiv page or PDF URI annotations.
2602.13549	2026-arxiv	no_code_link_found	Nighttime Autonomous Driving Scene Reconstruction with Physically-Based Gaussian Splatting			0		No GitHub/project code link found in arXiv page or PDF URI annotations.
2602.11575	2026-arxiv	code_link_found_not_audited	ReaDy-Go: Real-to-Sim Dynamic 3D Gaussian Splatting Simulation for Environment-Specific Visual Navigation with Moving Obstacles			2	https://github.com/google/nerfies/releases/tag/0.1	Best candidate https://github.com/google/nerfies/releases/tag/0.1 score=3 reason=github;from-project-page
2602.14311	2026-arxiv	code_link_found_not_audited	Exploiting Structure-from-Motion for Robust Vision-Based Map Matching for Aircraft Surface Movement			1	https://doi.org/10.33012/navi.683	Best candidate https://doi.org/10.33012/navi.683 score=2 reason=code-context
2602.14021	2026-arxiv	code_link_found_not_audited	Flow4R: Unifying 4D Reconstruction and Tracking with Scene Flow			1	https://github.com/wyddmw/POMATO	Best candidate https://github.com/wyddmw/POMATO score=3 reason=github;from-project-page
2602.14119	2026-arxiv	code_link_found_not_audited	GeoFusionLRM: Geometry-Aware Self-Correction for Consistent 3D Reconstruction			2	https://github.com/3DTopia/OpenLRM	Best candidate https://github.com/3DTopia/OpenLRM score=2 reason=github
2602.14199	2026-arxiv	no_code_link_found	Learnable Multi-level Discrete Wavelet Transforms for 3D Gaussian Splatting Frequency Modulation			0		No GitHub/project code link found in arXiv page or PDF URI annotations.
2602.13977	2026-arxiv	code_link_found_not_audited	WoVR: World Models as Reliable Simulators for Post-Training VLA Policies with RL			4	https://github.com/RLinf/RLinf	Best candidate https://github.com/RLinf/RLinf score=5 reason=github;code-context;from-project-page
2602.14493	2026-arxiv	code_link_found_not_audited	Gaussian Mesh Renderer for Lightweight Differentiable Rendering			2	https://github.com/huntorochi/Gaussian-Mesh-Renderer	Best candidate https://github.com/huntorochi/Gaussian-Mesh-Renderer score=8 reason=title-token-overlap:gaussian,mesh,renderer;title-substring-overlap:gaussian,mesh,renderer;github
2602.15733	2026-arxiv	no_code_link_found	MeshMimic: Geometry-Aware Humanoid Motion Learning through 3D Scene Reconstruction			0		No GitHub/project code link found in arXiv page or PDF URI annotations.
2602.15775	2026-arxiv	no_code_link_found	NeRFscopy: Neural Radiance Fields for in-vivo Time-Varying Tissues from Endoscopy			0		No GitHub/project code link found in arXiv page or PDF URI annotations.
2602.15516	2026-arxiv	no_code_link_found	Semantic-Guided 3D Gaussian Splatting for Transient Object Removal			0		No GitHub/project code link found in arXiv page or PDF URI annotations.
2601.22615	2026-arxiv	code_link_found_not_audited	TTSA3R: Training-Free Temporal-Spatial Adaptive Persistent State for Streaming 3D Reconstruction			1	https://github.com/anonus2357/ttsa3r	Best candidate https://github.com/anonus2357/ttsa3r score=8 reason=title-token-overlap:ttsa3r;title-substring-overlap:ttsa3r;github
2602.16675	2026-arxiv	no_code_link_found	Learning to unfold cloth: Scaling up world models to deformable object manipulation			0		No GitHub/project code link found in arXiv page or PDF URI annotations.
2602.07101	2026-arxiv	no_code_link_found	Zero-Shot UAV Navigation in Forests via Relightable 3D Gaussian Splatting			0		No GitHub/project code link found in arXiv page or PDF URI annotations.
2602.17124	2026-arxiv	no_code_link_found	3D Scene Rendering with Multimodal Gaussian Splatting			0		No GitHub/project code link found in arXiv page or PDF URI annotations.
2602.17473	2026-arxiv	code_link_found_not_audited	4D Monocular Surgical Reconstruction under Arbitrary Camera Motions			1	https://github.com/IRMVLab/Local-EndoGS	Best candidate https://github.com/IRMVLab/Local-EndoGS score=2 reason=github
2602.17117	2026-arxiv	no_code_link_found	i-PhysGaussian: Implicit Physical Simulation for 3D Gaussian Splatting			0		No GitHub/project code link found in arXiv page or PDF URI annotations.
2602.17182	2026-arxiv	no_code_link_found	NRGS-SLAM: Monocular Non-Rigid SLAM for Endoscopy via Deformation-Aware 3D Gaussian Splatting			0		No GitHub/project code link found in arXiv page or PDF URI annotations.
2602.15899	2026-arxiv	code_link_found_not_audited	SceneVGGT: VGGT-based online 3D semantic SLAM for indoor scene understanding and navigation			2	https://github.com/HBVC-AI/SceneVGGT/	Best candidate https://github.com/HBVC-AI/SceneVGGT/ score=9 reason=title-token-overlap:scenevggt;title-substring-overlap:scenevggt,vggt;github;from-project-page
2602.18314	2026-arxiv	no_code_link_found	Diff2DGS: Reliable Reconstruction of Occluded Surgical Scenes via 2D Gaussian Splatting			0		No GitHub/project code link found in arXiv page or PDF URI annotations.
2602.18422	2026-arxiv	code_link_found_not_audited	Generated Reality: Human-centric World Simulation using Interactive Video Generation with Hand and Camera Control			7	https://codeysun.github.io/generated-reality/	Best candidate https://codeysun.github.io/generated-reality/ score=3 reason=code-context;probable-project-page
2602.18322	2026-arxiv	no_code_link_found	Unifying Color and Lightness Correction with View-Adaptive Curve Adjustment for Robust 3D Novel View Synthesis			0		No GitHub/project code link found in arXiv page or PDF URI annotations.
2602.02089	2026-arxiv	no_code_link_found	UrbanGS: A Scalable and Efficient Architecture for Geometrically Accurate Large-Scene Reconstruction			0		No GitHub/project code link found in arXiv page or PDF URI annotations.
2602.07854	2026-arxiv	no_code_link_found	Geometry-Aware Rotary Position Embedding for Consistent Video World Model			0		No GitHub/project code link found in arXiv page or PDF URI annotations.
2602.18886	2026-arxiv	no_code_link_found	PhysConvex: Physics-Informed 3D Dynamic Convex Radiance Fields for Reconstruction and Simulation			0		No GitHub/project code link found in arXiv page or PDF URI annotations.
2602.19323	2026-arxiv	no_code_link_found	DefenseSplat: Enhancing the Robustness of 3D Gaussian Splatting via Frequency-Aware Filtering			0		No GitHub/project code link found in arXiv page or PDF URI annotations.
2602.19916	2026-arxiv	no_code_link_found	Augmented Radiance Field: A General Framework for Enhanced Gaussian Splatting			0		No GitHub/project code link found in arXiv page or PDF URI annotations.
2602.19697	2026-arxiv	code_link_found_not_audited	BayesFusion-SDF: Probabilistic Signed Distance Fusion with View Planning on CPU			1	https://github.com/mazumdarsoumya/BayesFusionSDF/edit/main/README.md	Best candidate https://github.com/mazumdarsoumya/BayesFusionSDF/edit/main/README.md score=6 reason=title-substring-overlap:bayesfusion,fusion;github;from-project-page
2602.20342	2026-arxiv	no_code_link_found	Large-scale Photorealistic Outdoor 3D Scene Reconstruction from UAV Imagery Using Gaussian Splatting Techniques			0		No GitHub/project code link found in arXiv page or PDF URI annotations.
2602.19896	2026-arxiv	no_code_link_found	Monocular Mesh Recovery and Body Measurement of Female Saanen Goats			0		No GitHub/project code link found in arXiv page or PDF URI annotations.
2602.19753	2026-arxiv	code_link_found_not_audited	RAP: Fast Feedforward Rendering-Free Attribute-Guided Primitive Importance Score Prediction for Efficient 3D Gaussian Splatting Processing			1	https://github.com/yyyykf/RAP	Best candidate https://github.com/yyyykf/RAP score=5 reason=title-token-overlap:rap;github
2602.20079	2026-arxiv	code_link_found_not_audited	SemanticNVS: Improving Semantic Scene Understanding in Generative Novel View Synthesis			2	https://github.com/XinyaChen21/SemanticNVS	Best candidate https://github.com/XinyaChen21/SemanticNVS score=9 reason=title-token-overlap:semanticnvs;title-substring-overlap:semantic,semanticnvs;github;from-project-page
2602.19735	2026-arxiv	no_code_link_found	VGGT-MPR: VGGT-Enhanced Multimodal Place Recognition in Autonomous Driving Environments			0		No GitHub/project code link found in arXiv page or PDF URI annotations.
2602.20933	2026-arxiv	no_code_link_found	Dropping Anchor and Spherical Harmonics for Sparse-view Gaussian Splatting			0		No GitHub/project code link found in arXiv page or PDF URI annotations.
2602.20584	2026-arxiv	no_code_link_found	Long-Term Multi-Session 3D Reconstruction Under Substantial Appearance Change			0		No GitHub/project code link found in arXiv page or PDF URI annotations.
2602.20718	2026-arxiv	no_code_link_found	Monocular Endoscopic Tissue 3D Reconstruction with Multi-Level Geometry Regularization			0		No GitHub/project code link found in arXiv page or PDF URI annotations.
2602.20807	2026-arxiv	code_link_found_not_audited	RU4D-SLAM: Reweighting Uncertainty in Gaussian Splatting SLAM for 4D Scene Reconstruction			2	https://github.com/CNU-Bot-Group/ru4dslam	Best candidate https://github.com/CNU-Bot-Group/ru4dslam score=6 reason=title-substring-overlap:ru4d,slam;github;from-project-page
2602.21341	2026-arxiv	no_code_link_found	Scaling View Synthesis Transformers			0		No GitHub/project code link found in arXiv page or PDF URI annotations.
2602.13314	2026-arxiv	code_link_found_not_audited	Sim2Radar: Toward Bridging the Radar Sim-to-Real Gap with VLM-Guided Scene Reconstruction			7	http://ns.adobe.com/xap/1.0/	Best candidate http://ns.adobe.com/xap/1.0/ score=2 reason=code-context
2602.22376	2026-arxiv	no_code_link_found	AeroDGS: Physically Consistent Dynamic Gaussian Splatting for Single-Sequence Aerial 4D Reconstruction			0		No GitHub/project code link found in arXiv page or PDF URI annotations.
2602.21467	2026-arxiv	no_code_link_found	Geometric Priors for Generalizable World Models via Vector Symbolic Architecture			0		No GitHub/project code link found in arXiv page or PDF URI annotations.
2602.21929	2026-arxiv	code_link_found_not_audited	Geometry-as-context: Modulating Explicit 3D in Scene-consistent Video Generation to Geometry Context			1	https://github.com/black-forest-labs/flux	Best candidate https://github.com/black-forest-labs/flux score=2 reason=github
2602.21535	2026-arxiv	no_code_link_found	Pseudo-View Enhancement via Confidence Fusion for Unposed Sparse-View Reconstruction			0		No GitHub/project code link found in arXiv page or PDF URI annotations.
2602.21699	2026-arxiv	code_link_found_not_audited	SF3D-RGB: Scene Flow Estimation from Monocular Camera and Sparse LiDAR			1	https://github.com/dfki-av/DeepLiDARFlow	Best candidate https://github.com/dfki-av/DeepLiDARFlow score=5 reason=title-substring-overlap:flow,lidar;github
2602.22096	2026-arxiv	no_code_link_found	WeatherCity: Urban Scene Reconstruction with Controllable Multi-Weather Transformation			0		No GitHub/project code link found in arXiv page or PDF URI annotations.
2602.22596	2026-arxiv	no_code_link_found	BetterScene: 3D Scene Synthesis with Representation-Aligned Generative Model			0		No GitHub/project code link found in arXiv page or PDF URI annotations.
2602.21101	2026-arxiv	code_link_found_not_audited	Event-Aided Sharp Radiance Field Reconstruction for Fast-Flying Drones			1	https://github.com/uzh-rpg/event-sharp-nerf-drones	Best candidate https://github.com/uzh-rpg/event-sharp-nerf-drones score=8 reason=title-token-overlap:drones,event,sharp;title-substring-overlap:drones,event,sharp;github
2602.23058	2026-arxiv	code_link_found_not_audited	GeoWorld: Geometric World Models			4	https://github.com/steve-zeyu-zhang/FlashMo	Best candidate https://github.com/steve-zeyu-zhang/FlashMo score=3 reason=github;from-project-page
2602.22571	2026-arxiv	no_code_link_found	GIFSplat: Generative Prior-Guided Iterative Feed-Forward 3D Gaussian Splatting from Sparse Views			0		No GitHub/project code link found in arXiv page or PDF URI annotations.
2602.23206	2026-arxiv	no_code_link_found	Grasp, Slide, Roll: Comparative Analysis of Contact Modes for Tactile-Based Shape Reconstruction			0		No GitHub/project code link found in arXiv page or PDF URI annotations.
2602.22800	2026-arxiv	code_link_found_not_audited	GSTurb: Gaussian Splatting for Atmospheric Turbulence Mitigation			1	https://github.com/DuhlLiamz/3DGS_turbulence/tree/main	Best candidate https://github.com/DuhlLiamz/3DGS_turbulence/tree/main score=9 reason=title-token-overlap:turbulence;title-substring-overlap:gsturb,turbulence;github;from-arxiv-page
2602.23172	2026-arxiv	no_code_link_found	Latent Gaussian Splatting for 4D Panoptic Occupancy Tracking			0		No GitHub/project code link found in arXiv page or PDF URI annotations.
2602.23259	2026-arxiv	code_link_found_not_audited	Risk-Aware World Model Predictive Control for Generalizable End-to-End Autonomous Driving			2	https://github.com/Thinklab-SJTU/Bench2Drive/tree/main	Best candidate https://github.com/Thinklab-SJTU/Bench2Drive/tree/main score=2 reason=github
2602.22731	2026-arxiv	no_code_link_found	Sapling-NeRF: Geo-Localised Sapling Reconstruction in Forests for Ecological Monitoring			0		No GitHub/project code link found in arXiv page or PDF URI annotations.
2602.22208	2026-arxiv	code_link_found_not_audited	Solaris: Building a Multiplayer Video World Model in Minecraft			3	https://github.com/solaris-wm/solaris-engine	Best candidate https://github.com/solaris-wm/solaris-engine score=8 reason=title-token-overlap:solaris;title-substring-overlap:solaris;github
2602.22565	2026-arxiv	no_code_link_found	SwiftNDC: Fast Neural Depth Correction for High-Fidelity 3D Reconstruction			0		No GitHub/project code link found in arXiv page or PDF URI annotations.
2602.23224	2026-arxiv	no_code_link_found	UniScale: Unified Scale-Aware 3D Reconstruction for Multi-View Understanding via Prior Injection for Robotic Perception			0		No GitHub/project code link found in arXiv page or PDF URI annotations.
2602.23361	2026-arxiv	no_code_link_found	VGG-T$^3$: Offline Feed-Forward 3D Reconstruction at Scale			0		No GitHub/project code link found in arXiv page or PDF URI annotations.
2602.21644	2026-arxiv	no_code_link_found	DAGS-SLAM: Dynamic-Aware 3DGS SLAM via Spatiotemporal Motion Probability and Uncertainty-Aware Scheduling			0		No GitHub/project code link found in arXiv page or PDF URI annotations.
2603.13284	2026-arxiv	code_link_found_not_audited	Do Diffusion Models Dream of Electric Planes? Discrete and Continuous Simulation-Based Inference for Aircraft Design			3	http://github.com/SRI-CSL/mixed-masked-diffusion	Best candidate http://github.com/SRI-CSL/mixed-masked-diffusion score=8 reason=title-token-overlap:diffusion;title-substring-overlap:diffusion;github
2602.24148	2026-arxiv	no_code_link_found	HumanOrbit: 3D Human Reconstruction as 360° Orbit Generation			0		No GitHub/project code link found in arXiv page or PDF URI annotations.
2601.10553	2026-arxiv	code_link_found_not_audited	Inference-time Physics Alignment of Video Generative Models with Latent World Models			1	https://github.com/facebookresearch/WMReward	Best candidate https://github.com/facebookresearch/WMReward score=2 reason=github
2602.23926	2026-arxiv	code_link_found_not_audited	Leveraging Geometric Prior Uncertainty and Complementary Constraints for High-Fidelity Neural Indoor Surface Reconstruction			1	https://github.com/IRMVLab/GPU-SDF	Best candidate https://github.com/IRMVLab/GPU-SDF score=3 reason=github;from-arxiv-page
2602.23969	2026-arxiv	no_code_link_found	MSVBench: Towards Human-Level Evaluation of Multi-Shot Video Generation			0		No GitHub/project code link found in arXiv page or PDF URI annotations.
2602.24136	2026-arxiv	no_code_link_found	Prune Wisely, Reconstruct Sharply: Compact 3D Gaussian Splatting via Adaptive Pruning and Difference-of-Gaussian Primitives			0		No GitHub/project code link found in arXiv page or PDF URI annotations.
2602.24020	2026-arxiv	code_link_found_not_audited	SR3R: Rethinking Super-Resolution 3D Reconstruction With Feed-Forward Gaussian Splatting			1	https://github.com/eliahuhorwitz/Academic-project-page-template	Best candidate https://github.com/eliahuhorwitz/Academic-project-page-template score=3 reason=github;from-project-page
2603.00492	2026-arxiv	code_link_found_not_audited	ArtiFixer: Enhancing and Extending 3D Reconstruction with Auto-Regressive Diffusion Models			10	https://github.com/Hopding/pdf-lib	Best candidate https://github.com/Hopding/pdf-lib score=2 reason=github
2603.00466	2026-arxiv	code_link_found_not_audited	DreamWorld: Unified World Modeling in Video Generation			2	https://github.com/ABU121111/DreamWorld	Best candidate https://github.com/ABU121111/DreamWorld score=8 reason=title-token-overlap:dreamworld;title-substring-overlap:dreamworld,world;github
2603.00805	2026-arxiv	code_link_found_not_audited	NERFIFY: A Multi-Agent Framework for Turning NeRF Papers into Code			4	https://github.com/wangqiannudt/nerf-arxiv-daily	Best candidate https://github.com/wangqiannudt/nerf-arxiv-daily score=8 reason=title-token-overlap:nerf;title-substring-overlap:nerf;github
2603.00418	2026-arxiv	no_code_link_found	Station2Radar: query conditioned gaussian splatting for precipitation field			0		No GitHub/project code link found in arXiv page or PDF URI annotations.
2603.00697	2026-arxiv	no_code_link_found	TokenSplat: Token-aligned 3D Gaussian Splatting for Feed-forward Pose-free Reconstruction			0		No GitHub/project code link found in arXiv page or PDF URI annotations.
2603.00952	2026-arxiv	no_code_link_found	Decoupling Motion and Geometry in 4D Gaussian Splatting			0		No GitHub/project code link found in arXiv page or PDF URI annotations.
2603.00905	2026-arxiv	code_link_found_not_audited	pySpatial: Generating 3D Visual Programs for Zero-Shot Spatial Reasoning			2	https://github.com/Zhanpeng1202/pySpatial	Best candidate https://github.com/Zhanpeng1202/pySpatial score=8 reason=title-token-overlap:pyspatial;title-substring-overlap:pyspatial,spatial;github
2603.01194	2026-arxiv	code_link_found_not_audited	RnG: A Unified Transformer for Complete 3D Modeling from Partial Observations			1	https://github.com/XiangMochu/RnG	Best candidate https://github.com/XiangMochu/RnG score=6 reason=title-token-overlap:rng;github;from-project-page
2602.09407	2026-arxiv	code_link_found_not_audited	Single-Slice-to-3D Reconstruction in Medical Imaging and Natural Objects: A Comparative Benchmark with SAM 3D			3	https://github.com/luoyan407/Benchmark_3D_Generative_Models	Best candidate https://github.com/luoyan407/Benchmark_3D_Generative_Models score=8 reason=title-token-overlap:benchmark;title-substring-overlap:benchmark;github
2603.00949	2026-arxiv	code_link_found_not_audited	StegoNGP: 3D Cryptographic Steganography using Instant-NGP			1	https://github.com/jiang-wenxiang/StegoNGP	Best candidate https://github.com/jiang-wenxiang/StegoNGP score=9 reason=title-token-overlap:stegongp;title-substring-overlap:stegongp;github;from-arxiv-page
2603.00908	2026-arxiv	code_link_found_not_audited	UD-SfPNet: An Underwater Descattering Shape-from-Polarization Network for 3D Normal Reconstruction			1	https://github.com/WangPuyun/UD-SfPNet	Best candidate https://github.com/WangPuyun/UD-SfPNet score=8 reason=title-token-overlap:sfpnet;title-substring-overlap:sfpnet;github
2603.02129	2026-arxiv	no_code_link_found	LiftAvatar: Kinematic-Space Completion for Expression-Controlled 3D Gaussian Avatar Animation			0		No GitHub/project code link found in arXiv page or PDF URI annotations.
2603.01603	2026-arxiv	no_code_link_found	Sparse View Distractor-Free Gaussian Splatting			0		No GitHub/project code link found in arXiv page or PDF URI annotations.
2603.01371	2026-arxiv	no_code_link_found	TIMI: Training-Free Image-to-3D Multi-Instance Generation with Spatial Fidelity			0		No GitHub/project code link found in arXiv page or PDF URI annotations.
2603.01850	2026-arxiv	no_code_link_found	Tiny-DroNeRF: Tiny Neural Radiance Fields aboard Federated Learning-enabled Nano-drones			0		No GitHub/project code link found in arXiv page or PDF URI annotations.
2602.20160	2026-arxiv	code_link_found_not_audited	tttLRM: Test-Time Training for Long Context and Autoregressive 3D Reconstruction			3	https://github.com/cwchenwang/tttLRM	Best candidate https://github.com/cwchenwang/tttLRM score=9 reason=title-token-overlap:tttlrm;title-substring-overlap:tttlrm;github;from-project-page
2603.02049	2026-arxiv	code_link_found_not_audited	WorldStereo: Bridging Camera-Guided Video Generation and Scene Reconstruction via 3D Geometric Memories			2	https://github.com/chaofengc/IQA-PyTorch	Best candidate https://github.com/chaofengc/IQA-PyTorch score=2 reason=github
2603.03482	2026-arxiv	code_link_found_not_audited	Beyond Pixel Histories: World Models with Persistent 3D State			4	https://github.com/francelico/PERSIST	Best candidate https://github.com/francelico/PERSIST score=3 reason=github;from-project-page
2603.02499	2026-arxiv	no_code_link_found	Biomechanically Accurate Gait Analysis: A 3d Human Reconstruction Framework for Markerless Estimation of Gait Parameters			0		No GitHub/project code link found in arXiv page or PDF URI annotations.
2603.02619	2026-arxiv	code_link_found_not_audited	Direct Reward Fine-Tuning on Poses for Single Image to 3D Human in the Wild			1	https://github.com/nerfies/nerfies.github.io	Best candidate https://github.com/nerfies/nerfies.github.io score=3 reason=github;from-project-page
2603.03265	2026-arxiv	code_link_found_not_audited	DuoMo: Dual Motion Diffusion for World-Space Human Reconstruction			1	https://github.com/nerfies/nerfies.github.io	Best candidate https://github.com/nerfies/nerfies.github.io score=3 reason=github;from-project-page
2603.01099	2026-arxiv	no_code_link_found	HeroGS: Hierarchical Guidance for Robust 3D Gaussian Splatting under Sparse Views			0		No GitHub/project code link found in arXiv page or PDF URI annotations.
2603.02893	2026-arxiv	no_code_link_found	Intrinsic Geometry-Appearance Consistency Optimization for Sparse-View Gaussian Splatting			0		No GitHub/project code link found in arXiv page or PDF URI annotations.
2603.02866	2026-arxiv	no_code_link_found	Multimodal-Prior-Guided Importance Sampling for Hierarchical Gaussian Splatting in Sparse-View Novel View Synthesis			0		No GitHub/project code link found in arXiv page or PDF URI annotations.
2603.02134	2026-arxiv	code_link_found_not_audited	OnlineX: Unified Online 3D Reconstruction and Understanding with Active-to-Stable State Evolution			2	https://github.com/xiac20/ScenePainter	Best candidate https://github.com/xiac20/ScenePainter score=3 reason=github;from-project-page
2603.02801	2026-arxiv	no_code_link_found	R3GW: Relightable 3D Gaussians for Outdoor Scenes in the Wild			0		No GitHub/project code link found in arXiv page or PDF URI annotations.
2603.02548	2026-arxiv	no_code_link_found	SemGS: Feed-Forward Semantic 3D Gaussian Splatting from Sparse Views for Generalizable Scene Understanding			0		No GitHub/project code link found in arXiv page or PDF URI annotations.
2603.02133	2026-arxiv	code_link_found_not_audited	SimRecon: SimReady Compositional Scene Reconstruction from Real Videos			2	https://github.com/xiac20/SimRecon	Best candidate https://github.com/xiac20/SimRecon score=9 reason=title-token-overlap:simrecon;title-substring-overlap:simrecon;github;from-project-page
2603.02985	2026-arxiv	code_link_found_not_audited	The Dresden Dataset for 4D Reconstruction of Non-Rigid Abdominal Surgical Scenes			1	https://github.com/reubendocea/d4d	Best candidate https://github.com/reubendocea/d4d score=2 reason=github
2603.02986	2026-arxiv	no_code_link_found	VIRGi: View-dependent Instant Recoloring of 3D Gaussians Splats			0		No GitHub/project code link found in arXiv page or PDF URI annotations.
2603.04338	2026-arxiv	code_link_found_not_audited	ArtHOI: Articulated Human-Object Interaction Synthesis by 4D Reconstruction from Video Priors			1	https://github.com/Inso-13/ArtHOI	Best candidate https://github.com/Inso-13/ArtHOI score=9 reason=title-token-overlap:arthoi;title-substring-overlap:arthoi;github;from-project-page
2603.04254	2026-arxiv	code_link_found_not_audited	EmbodiedSplat: Online Feed-Forward Semantic 3DGS for Open-Vocabulary 3D Scene Understanding			2	https://github.com/0nandon/EmbodiedSplat	Best candidate https://github.com/0nandon/EmbodiedSplat score=9 reason=title-token-overlap:embodiedsplat;title-substring-overlap:embodiedsplat;github;from-project-page
2602.24065	2026-arxiv	no_code_link_found	EvalMVX: A Unified Benchmarking for Neural 3D Reconstruction under Diverse Multiview Setups			0		No GitHub/project code link found in arXiv page or PDF URI annotations.
2603.02887	2026-arxiv	code_link_found_not_audited	Generalized non-exponential Gaussian splatting			7	http://ns.adobe.com/xap/1.0/	Best candidate http://ns.adobe.com/xap/1.0/ score=2 reason=code-context
2602.11291	2026-arxiv	no_code_link_found	H-WM: Robotic Task and Motion Planning Guided by Hierarchical World Model			0		No GitHub/project code link found in arXiv page or PDF URI annotations.
2603.03765	2026-arxiv	code_link_found_not_audited	LiDAR Prompted Spatio-Temporal Multi-View Stereo for Autonomous Driving			1	https://github.com/Akina2001/DriveMVS.git	Best candidate https://github.com/Akina2001/DriveMVS.git score=2 reason=github
2603.04029	2026-arxiv	code_link_found_not_audited	Self-adapting Robotic Agents through Online Continual Reinforcement Learning with World Model Feedback			2	https://inkscape.org	Best candidate https://inkscape.org score=2 reason=code-context
2603.04317	2026-arxiv	code_link_found_not_audited	World Properties without World Models: Recovering Spatial and Temporal Structure from Co-occurrence Statistics in Static Word Embeddings			1	https://github.com/elanbarenholtz/static-embeddings-space-time	Best candidate https://github.com/elanbarenholtz/static-embeddings-space-time score=8 reason=title-token-overlap:embeddings,static;title-substring-overlap:embeddings,static;github
2603.05330	2026-arxiv	no_code_link_found	Dark3R: Learning Structure from Motion in the Dark			0		No GitHub/project code link found in arXiv page or PDF URI annotations.
2603.04770	2026-arxiv	no_code_link_found	DSA-SRGS: Super-Resolution Gaussian Splatting for Dynamic Sparse-View DSA Reconstruction			0		No GitHub/project code link found in arXiv page or PDF URI annotations.
2603.04290	2026-arxiv	no_code_link_found	Gaussian Wardrobe: Compositional 3D Gaussian Avatars for Free-Form Virtual Try-On			0		No GitHub/project code link found in arXiv page or PDF URI annotations.
2603.05108	2026-arxiv	code_link_found_not_audited	GaussTwin: Unified Simulation and Correction with Gaussian Splatting for Robotic Digital Twins			2	https://github.com/6cyc6/gausstwin	Best candidate https://github.com/6cyc6/gausstwin score=9 reason=title-token-overlap:gausstwin;title-substring-overlap:gausstwin;github;from-project-page
2603.04847	2026-arxiv	no_code_link_found	GloSplat: Joint Pose-Appearance Optimization for Faster and More Accurate 3D Reconstruction			0		No GitHub/project code link found in arXiv page or PDF URI annotations.
2603.04993	2026-arxiv	no_code_link_found	MultiGO++: Monocular 3D Clothed Human Reconstruction via Geometry-Texture Collaboration			0		No GitHub/project code link found in arXiv page or PDF URI annotations.
2603.04179	2026-arxiv	code_link_found_not_audited	NOVA3R: Non-pixel-aligned Visual Transformer for Amodal 3D Reconstruction			2	https://github.com/wrchen530/nova3r	Best candidate https://github.com/wrchen530/nova3r score=9 reason=title-token-overlap:nova3r;title-substring-overlap:nova3r;github;from-project-page
2603.05081	2026-arxiv	no_code_link_found	Orthogonal Spatial-temporal Distributional Transfer for 4D Generation			0		No GitHub/project code link found in arXiv page or PDF URI annotations.
2603.05152	2026-arxiv	code_link_found_not_audited	SSR-GS: Separating Specular Reflection in Gaussian Splatting for Glossy Surface Reconstruction			1	http://www.pdf-tools.com	Best candidate http://www.pdf-tools.com score=2 reason=code-context
2603.05473	2026-arxiv	code_link_found_not_audited	Towards 3D Scene Understanding of Gas Plumes in LWIR Hyperspectral Images Using Neural Radiance Fields			1	https://github.com/lanl/HSI-Nerfstudio	Best candidate https://github.com/lanl/HSI-Nerfstudio score=2 reason=github
2602.24290	2026-arxiv	code_link_found_not_audited	UFO-4D: Unposed Feedforward 4D Reconstruction from Two Images			1	https://github.com/ufo-4d/ufo-4d	Best candidate https://github.com/ufo-4d/ufo-4d score=6 reason=title-token-overlap:ufo;github;from-project-page
2603.06860	2026-arxiv	no_code_link_found	ColonSplat: Reconstruction of Peristaltic Motion in Colonoscopy with Dynamic Gaussian Splatting			0		No GitHub/project code link found in arXiv page or PDF URI annotations.
2603.05882	2026-arxiv	no_code_link_found	CylinderSplat: 3D Gaussian Splatting with Cylindrical Triplanes for Panoramic Novel View Synthesis			0		No GitHub/project code link found in arXiv page or PDF URI annotations.
2603.06216	2026-arxiv	code_link_found_not_audited	EntON: Eigenentropy-Optimized Neighborhood Densification in 3D Gaussian Splatting			4	https://github.com/hbb1/2d-gaussian-splatting	Best candidate https://github.com/hbb1/2d-gaussian-splatting score=8 reason=title-token-overlap:gaussian,splatting;title-substring-overlap:gaussian,splatting;github
2603.05078	2026-arxiv	code_link_found_not_audited	MoRe: Motion-aware Feed-forward 4D Reconstruction Transformer			2	https://github.com/HellexF/MoRe	Best candidate https://github.com/HellexF/MoRe score=9 reason=title-token-overlap:more;title-substring-overlap:more;github;from-project-page
2603.03485	2026-arxiv	no_code_link_found	Phys4D: Fine-Grained Physics-Consistent 4D Modeling from Video Diffusion			0		No GitHub/project code link found in arXiv page or PDF URI annotations.
2603.05888	2026-arxiv	code_link_found_not_audited	PixARMesh: Autoregressive Mesh-Native Single-View Scene Reconstruction			3	https://github.com/mlpc-ucsd/PixARMesh	Best candidate https://github.com/mlpc-ucsd/PixARMesh score=9 reason=title-token-overlap:pixarmesh;title-substring-overlap:mesh,pixarmesh;github;from-project-page
2603.05787	2026-arxiv	no_code_link_found	Spectral Probing of Feature Upsamplers in 2D-to-3D Scene Reconstruction			0		No GitHub/project code link found in arXiv page or PDF URI annotations.
2603.05876	2026-arxiv	no_code_link_found	Systematic Evaluation of Novel View Synthesis for Video Place Recognition			0		No GitHub/project code link found in arXiv page or PDF URI annotations.
2603.06061	2026-arxiv	no_code_link_found	Transforming Omnidirectional RGB-LiDAR data into 3D Gaussian Splatting			0		No GitHub/project code link found in arXiv page or PDF URI annotations.
2603.06210	2026-arxiv	no_code_link_found	VG3S: Visual Geometry Grounded Gaussian Splatting for Semantic Occupancy Prediction			0		No GitHub/project code link found in arXiv page or PDF URI annotations.
2601.01144	2026-arxiv	no_code_link_found	VISO: Robust Underwater Visual-Inertial-Sonar SLAM with Photometric Rendering for Dense 3D Reconstruction			0		No GitHub/project code link found in arXiv page or PDF URI annotations.
2603.05851	2026-arxiv	no_code_link_found	VS3R: Robust Full-frame Video Stabilization via Deep 3D Reconstruction			0		No GitHub/project code link found in arXiv page or PDF URI annotations.
2603.06445	2026-arxiv	no_code_link_found	What if? Emulative Simulation with World Models for Situated Reasoning			0		No GitHub/project code link found in arXiv page or PDF URI annotations.
2603.07264	2026-arxiv	no_code_link_found	Kinematics-Aware Latent World Models for Data-Efficient Autonomous Driving			0		No GitHub/project code link found in arXiv page or PDF URI annotations.
2603.07039	2026-arxiv	code_link_found_not_audited	Self-Supervised Multi-Modal World Model with 4D Space-Time Embedding			1	https://github.com/legel/deepearth	Best candidate https://github.com/legel/deepearth score=2 reason=github
2603.06971	2026-arxiv	code_link_found_not_audited	SurgCUT3R: Surgical Scene-Aware Continuous Understanding of Temporal 3D Representation			1	https://github.com/eliahuhorwitz/Academic-project-page-template	Best candidate https://github.com/eliahuhorwitz/Academic-project-page-template score=3 reason=github;from-project-page
2603.07794	2026-arxiv	no_code_link_found	4DRC-OCC: Robust Semantic Occupancy Prediction Through Fusion of 4D Radar and Camera			0		No GitHub/project code link found in arXiv page or PDF URI annotations.
2603.07533	2026-arxiv	no_code_link_found	ACCURATE: Arbitrary-shaped Continuum Reconstruction Under Robust Adaptive Two-view Estimation			0		No GitHub/project code link found in arXiv page or PDF URI annotations.
2603.07441	2026-arxiv	code_link_found_not_audited	DogWeave: High-Fidelity 3D Canine Reconstruction from a Single Image via Normal Fusion and Conditional Inpainting			4	https://github.com/octree-nn/ognn-pytorch	Best candidate https://github.com/octree-nn/ognn-pytorch score=3 reason=github;from-project-page
2603.07604	2026-arxiv	code_link_found_not_audited	EmbedTalk: Triplane-Free Talking Head Synthesis using Embedding-Driven Gaussian Deformation			3	https://github.com/dendenxu/fast-gaussian-rasterization	Best candidate https://github.com/dendenxu/fast-gaussian-rasterization score=9 reason=title-token-overlap:gaussian;title-substring-overlap:gaussian;github;from-project-page
2603.07552	2026-arxiv	code_link_found_not_audited	ReconDrive: Fast Feed-Forward 4D Gaussian Splatting for Autonomous Driving Scene Reconstruction			2	https://github.com/TuojingAI/ReconDrive	Best candidate https://github.com/TuojingAI/ReconDrive score=8 reason=title-token-overlap:recondrive;title-substring-overlap:recondrive;github
2603.08519	2026-arxiv	no_code_link_found	AtomVLA: Scalable Post-Training for Robotic Manipulation via Predictive Latent World Models			0		No GitHub/project code link found in arXiv page or PDF URI annotations.
2603.08254	2026-arxiv	no_code_link_found	DynamicVGGT: Learning Dynamic Point Maps for 4D Scene Reconstruction in Autonomous Driving			0		No GitHub/project code link found in arXiv page or PDF URI annotations.
2603.08133	2026-arxiv	no_code_link_found	Fast Low-light Enhancement and Deblurring for 3D Dark Scenes			0		No GitHub/project code link found in arXiv page or PDF URI annotations.
2603.08255	2026-arxiv	code_link_found_not_audited	FlowTouch: View-Invariant Visuo-Tactile Prediction			4	https://github.com/flowtouch/flowtouch	Best candidate https://github.com/flowtouch/flowtouch score=9 reason=title-token-overlap:flowtouch;title-substring-overlap:flowtouch;github;from-project-page
2603.08313	2026-arxiv	code_link_found_not_audited	HDR-NSFF: High Dynamic Range Neural Scene Flow Fields			3	https://github.com/kaist-ami/HDR-NSFF	Best candidate https://github.com/kaist-ami/HDR-NSFF score=9 reason=title-token-overlap:hdr,nsff;title-substring-overlap:nsff;github;from-project-page
2603.08546	2026-arxiv	no_code_link_found	Interactive World Simulator for Robot Policy Training and Evaluation			0		No GitHub/project code link found in arXiv page or PDF URI annotations.
2603.08147	2026-arxiv	code_link_found_not_audited	MV-Fashion: Towards Enabling Virtual Try-On and Size Estimation with Multi-View Paired Data			9	https://github.com/HunorLaczko/MV-Fashion	Best candidate https://github.com/HunorLaczko/MV-Fashion score=9 reason=title-token-overlap:fashion;title-substring-overlap:fashion;github;from-project-page
2603.08997	2026-arxiv	no_code_link_found	SkipGS: Post-Densification Backward Skipping for Efficient 3DGS Training			0		No GitHub/project code link found in arXiv page or PDF URI annotations.
2603.08055	2026-arxiv	code_link_found_not_audited	Speed3R: Sparse Feed-forward 3D Reconstruction Models			3	https://github.com/Visual-AI/speed3r	Best candidate https://github.com/Visual-AI/speed3r score=9 reason=title-token-overlap:speed3r;title-substring-overlap:speed3r;github;from-project-page
2603.08503	2026-arxiv	code_link_found_not_audited	Spherical-GOF: Geometry-Aware Panoramic Gaussian Opacity Fields for 3D Scene Reconstruction			1	https://github.com/1170632760/Spherical-GOF	Best candidate https://github.com/1170632760/Spherical-GOF score=8 reason=title-token-overlap:gof,spherical;title-substring-overlap:spherical;github
2603.08983	2026-arxiv	code_link_found_not_audited	SurgCalib: Gaussian Splatting-Based Hand-Eye Calibration for Robot-Assisted Minimally Invasive Surgery			2	https://cairographics.org	Best candidate https://cairographics.org score=2 reason=code-context
2603.10125	2026-arxiv	code_link_found_not_audited	4DEquine: Disentangling Motion and Appearance for 4D Equine Reconstruction from Monocular Video			2	https://github.com/luoxue-star/4DEquine	Best candidate https://github.com/luoxue-star/4DEquine score=9 reason=title-token-overlap:4dequine;title-substring-overlap:4dequine,equine;github;from-project-page
2603.09291	2026-arxiv	code_link_found_not_audited	DenoiseSplat: Feed-Forward Gaussian Splatting for Noisy 3D Scene Reconstruction			8	https://github.com/dongjinkim9/IDF	Best candidate https://github.com/dongjinkim9/IDF score=2 reason=github
2603.09718	2026-arxiv	code_link_found_not_audited	GSStream: 3D Gaussian Splatting based Volumetric Scene Streaming System			6	https://cairographics.org	Best candidate https://cairographics.org score=2 reason=code-context
2603.09086	2026-arxiv	code_link_found_not_audited	Latent World Models for Automated Driving: A Unified Taxonomy, Evaluation Framework, and Open Challenges			2	https://arxiv.org/html/2511.12405v1?utm_source=chatgpt.com	Best candidate https://arxiv.org/html/2511.12405v1?utm_source=chatgpt.com score=2 reason=code-context
2603.09319	2026-arxiv	code_link_found_not_audited	NLiPsCalib: An Efficient Calibration Framework for High-Fidelity 3D Reconstruction of Curved Visuotactile Sensors			2	https://github.com/FerryRain/NLiPs	Best candidate https://github.com/FerryRain/NLiPs score=3 reason=github;from-project-page
2603.09925	2026-arxiv	no_code_link_found	On the Structural Failure of Chamfer Distance in 3D Shape Optimization			0		No GitHub/project code link found in arXiv page or PDF URI annotations.
2603.09703	2026-arxiv	code_link_found_not_audited	ProGS: Towards Progressive Coding for 3D Gaussian Splatting			5	http://ns.adobe.com/photoshop/1.0/	Best candidate http://ns.adobe.com/photoshop/1.0/ score=2 reason=code-context
2603.09241	2026-arxiv	code_link_found_not_audited	RAE-NWM: Navigation World Model in Dense Visual Representation Space			1	https://github.com/20robo/raenwm.git	Best candidate https://github.com/20robo/raenwm.git score=2 reason=github
2603.09968	2026-arxiv	no_code_link_found	ReCoSplat: Autoregressive Feed-Forward Gaussian Splatting Using Render-and-Compare			0		No GitHub/project code link found in arXiv page or PDF URI annotations.
2603.09277	2026-arxiv	code_link_found_not_audited	Speeding Up the Learning of 3D Gaussians with Much Shorter Gaussian Lists			1	https://github.com/MachinePerceptionLab/ShorterSplatting	Best candidate https://github.com/MachinePerceptionLab/ShorterSplatting score=5 reason=title-substring-overlap:shorter;github
2603.09673	2026-arxiv	code_link_found_not_audited	VarSplat: Uncertainty-aware 3D Gaussian Splatting for Robust RGB-D SLAM			2	https://github.com/anhthuan1999/varsplat	Best candidate https://github.com/anhthuan1999/varsplat score=9 reason=title-token-overlap:varsplat;title-substring-overlap:varsplat;github;from-project-page
2602.08958	2026-arxiv	no_code_link_found	Grow with the Flow: 4D Reconstruction of Growing Plants with Gaussian Flow Fields			0		No GitHub/project code link found in arXiv page or PDF URI annotations.
2603.10551	2026-arxiv	code_link_found_not_audited	P-GSVC: Layered Progressive 2D Gaussian Splatting for Scalable Image and Video			11	https://github.com/LonganWANG-cs/PGSVC	Best candidate https://github.com/LonganWANG-cs/PGSVC score=6 reason=title-substring-overlap:gsvc;github;from-project-page
2601.22046	2026-arxiv	code_link_found_not_audited	PLANING: A Loosely Coupled Triangle-Gaussian Framework for Streaming 3D Reconstruction			1	https://github.com/InternRobotics/PLANING	Best candidate https://github.com/InternRobotics/PLANING score=9 reason=title-token-overlap:planing;title-substring-overlap:planing;github;from-project-page
2603.10801	2026-arxiv	code_link_found_not_audited	PolGS++: Physically-Guided Polarimetric Gaussian Splatting for Fast Reflective Surface Reconstruction			1	https://github.com/PRIS-CV/PolGS_plus	Best candidate https://github.com/PRIS-CV/PolGS_plus score=8 reason=title-token-overlap:polgs;title-substring-overlap:polgs;github
2603.10893	2026-arxiv	code_link_found_not_audited	S2D: Sparse to Dense Lifting for 3D Reconstruction with Minimal Inputs			3	https://github.com/George-Attano/S2D_Base/tree/main	Best candidate https://github.com/George-Attano/S2D_Base/tree/main score=6 reason=title-token-overlap:s2d;github;from-project-page
2603.10638	2026-arxiv	no_code_link_found	Splat2Real: Novel-view Scaling for Physical AI with 3D Gaussian Splatting			0		No GitHub/project code link found in arXiv page or PDF URI annotations.
2603.11969	2026-arxiv	no_code_link_found	AstroSplat: Physics-Based Gaussian Splatting for Rendering and Reconstruction of Small Celestial Bodies			0		No GitHub/project code link found in arXiv page or PDF URI annotations.
2603.11810	2026-arxiv	code_link_found_not_audited	CEI-3D: Collaborative Explicit-Implicit 3D Reconstruction for Realistic and Fine-Grained Object Editing			2	https://github.com/shiyue001/CEI-3D	Best candidate https://github.com/shiyue001/CEI-3D score=5 reason=title-token-overlap:cei;github
2602.24161	2026-arxiv	no_code_link_found	GeoDiff4D: Geometry-Aware Diffusion for 4D Head Avatar Reconstruction			0		No GitHub/project code link found in arXiv page or PDF URI annotations.
2603.01928	2026-arxiv	code_link_found_not_audited	LaST-VLA: Thinking in Latent Spatio-Temporal Space for Vision-Language-Action in Autonomous Driving			1	https://github.com/luo-yc17/LaST-VLA	Best candidate https://github.com/luo-yc17/LaST-VLA score=8 reason=title-token-overlap:last,vla;title-substring-overlap:last;github
2603.11543	2026-arxiv	code_link_found_not_audited	Mango-GS: Enhancing Spatio-Temporal Consistency in Dynamic Scenes Reconstruction using Multi-Frame Node-Guided 4D Gaussian Splatting			1	https://github.com/htx0601/Mango-GS	Best candidate https://github.com/htx0601/Mango-GS score=8 reason=title-token-overlap:mango;title-substring-overlap:mango;github
2603.11531	2026-arxiv	code_link_found_not_audited	Mobile-GS: Real-time Gaussian Splatting for Mobile Devices			1	https://github.com/xiaobiaodu/mobile-gs	Best candidate https://github.com/xiaobiaodu/mobile-gs score=9 reason=title-token-overlap:mobile;title-substring-overlap:mobile;github;from-project-page
2603.11534	2026-arxiv	code_link_found_not_audited	Risk-Controllable Multi-View Diffusion for Driving Scenario Generation			1	https://github.com/venshow-w/RiskMV-DPO	Best candidate https://github.com/venshow-w/RiskMV-DPO score=5 reason=title-substring-overlap:risk;github
2603.09632	2026-arxiv	no_code_link_found	X-GS: An Extensible Open Framework for Perceiving and Thinking via 3D Gaussian Splatting			0		No GitHub/project code link found in arXiv page or PDF URI annotations.
2603.12553	2026-arxiv	code_link_found_not_audited	Beyond Dense Futures: World Models as Structured Planners for Robotic Manipulation			1	https://github.com/wm-planner/structvla	Best candidate https://github.com/wm-planner/structvla score=3 reason=github;from-project-page
2603.12721	2026-arxiv	code_link_found_not_audited	CMHANet: A Cross-Modal Hybrid Attention Network for Point Cloud Registration			1	https://github.com/DongXu-Zhang/CMHANet	Best candidate https://github.com/DongXu-Zhang/CMHANet score=8 reason=title-token-overlap:cmhanet;title-substring-overlap:cmhanet;github
2601.07540	2026-arxiv	code_link_found_not_audited	Enhancing Novel View Synthesis via Geometry Grounded Set Diffusion			2	https://github.com/eliahuhorwitz/Academic-project-page-template	Best candidate https://github.com/eliahuhorwitz/Academic-project-page-template score=3 reason=github;from-project-page
2603.13423	2026-arxiv	no_code_link_found	From Gradients to Riccati Geometry: Kalman World Models for Single-Pass Learning			0		No GitHub/project code link found in arXiv page or PDF URI annotations.
2603.12647	2026-arxiv	no_code_link_found	LR-SGS: Robust LiDAR-Reflectance-Guided Salient Gaussian Splatting for Self-Driving Scene Reconstruction			0		No GitHub/project code link found in arXiv page or PDF URI annotations.
2603.13215	2026-arxiv	code_link_found_not_audited	Out of Sight, Out of Mind? Evaluating State Evolution in Video World Models			1	https://github.com/alshedivat/al-folio	Best candidate https://github.com/alshedivat/al-folio score=3 reason=github;from-project-page
2603.07664	2026-arxiv	code_link_found_not_audited	Ref-DGS: Reflective Dual Gaussian Splatting			7	http://ns.adobe.com/xap/1.0/	Best candidate http://ns.adobe.com/xap/1.0/ score=2 reason=code-context
2603.13024	2026-arxiv	no_code_link_found	SAW: Toward a Surgical Action World Model via Controllable and Scalable Video Generation			0		No GitHub/project code link found in arXiv page or PDF URI annotations.
2603.13556	2026-arxiv	no_code_link_found	Semantic Aware Feature Extraction for Enhanced 3D Reconstruction			0		No GitHub/project code link found in arXiv page or PDF URI annotations.
2603.13585	2026-arxiv	no_code_link_found	Sonar-MASt3R: Real-Time Opti-Acoustic Fusion in Turbid, Unstructured Environments			0		No GitHub/project code link found in arXiv page or PDF URI annotations.
2603.12796	2026-arxiv	code_link_found_not_audited	Spectral Defense Against Resource-Targeting Attack in 3D Gaussian Splatting			2	https://arxiv.org/abs/2603.12796v1	Best candidate https://arxiv.org/abs/2603.12796v1 score=2 reason=code-context
2603.12903	2026-arxiv	no_code_link_found	Spectral-Geometric Neural Fields for Pose-Free LiDAR View Synthesis			0		No GitHub/project code link found in arXiv page or PDF URI annotations.
2601.12823	2026-arxiv	code_link_found_not_audited	TreeDGS: Aerial Gaussian Splatting for Distant DBH Measurement			1	https://github.com/cdcseacave/openMVS	Best candidate https://github.com/cdcseacave/openMVS score=2 reason=github
2603.12655	2026-arxiv	no_code_link_found	VGGT-World: Transforming VGGT into an Autoregressive Geometry World Model			0		No GitHub/project code link found in arXiv page or PDF URI annotations.
2603.13825	2026-arxiv	no_code_link_found	Building Explicit World Model for Zero-Shot Open-World Object Manipulation			0		No GitHub/project code link found in arXiv page or PDF URI annotations.
2603.12064	2026-arxiv	no_code_link_found	Dense Dynamic Scene Reconstruction and Camera Pose Estimation from Multi-View Videos			0		No GitHub/project code link found in arXiv page or PDF URI annotations.
2603.14104	2026-arxiv	code_link_found_not_audited	GelSphere: An Omnidirectional Rolling Vision-Based Tactile Sensor for Online 3D Reconstruction and Normal Force Estimation			1	https://github.com/nerfies/nerfies.github.io	Best candidate https://github.com/nerfies/nerfies.github.io score=3 reason=github;from-project-page
2603.13859	2026-arxiv	no_code_link_found	Geo-ID: Test-Time Geometric Consensus for Cross-View Consistent Intrinsics			0		No GitHub/project code link found in arXiv page or PDF URI annotations.
2603.14031	2026-arxiv	no_code_link_found	Intrinsic Tolerance in C-Arm Imaging: How Extrinsic Re-optimization Preserves 3D Reconstruction Accuracy			0		No GitHub/project code link found in arXiv page or PDF URI annotations.
2603.13783	2026-arxiv	code_link_found_not_audited	RetimeGS: Continuous-Time Reconstruction of 4D Gaussian Splatting			2	https://github.com/google/nerfies	Best candidate https://github.com/google/nerfies score=3 reason=github;from-project-page
2603.13869	2026-arxiv	code_link_found_not_audited	TransDex: Pre-training Visuo-Tactile Policy with Point Cloud Reconstruction for Dexterous Manipulation of Transparent Objects			1	https://github.com/LFGfg/TransDex	Best candidate https://github.com/LFGfg/TransDex score=9 reason=title-token-overlap:transdex;title-substring-overlap:transdex;github;from-project-page
2603.14301	2026-arxiv	no_code_link_found	4D Synchronized Fields: Motion-Language Gaussian Splatting for Temporal Scene Understanding			0		No GitHub/project code link found in arXiv page or PDF URI annotations.
2603.14249	2026-arxiv	code_link_found_not_audited	OAHuman: Occlusion-Aware 3D Human Reconstruction from Monocular Images			2	https://github.com/black-forest-labs/flux	Best candidate https://github.com/black-forest-labs/flux score=3 reason=github;from-project-page
2603.14232	2026-arxiv	no_code_link_found	S2GS: Streaming Semantic Gaussian Splatting for Online Scene Understanding and Reconstruction			0		No GitHub/project code link found in arXiv page or PDF URI annotations.
2603.14392	2026-arxiv	code_link_found_not_audited	WestWorld: A Knowledge-Encoded Scalable Trajectory World Model for Diverse Robotic Systems			2	https://arxiv.org/abs/2603.14392v1	Best candidate https://arxiv.org/abs/2603.14392v1 score=2 reason=code-context
2603.13049	2026-arxiv	code_link_found_not_audited	3DTCR: A Physics-Based Generative Framework for Vortex-Following 3D Reconstruction to Improve Tropical Cyclone Intensity Forecasting			2	https://github.com/JunLiu88/3DTCR	Best candidate https://github.com/JunLiu88/3DTCR score=8 reason=title-token-overlap:3dtcr;title-substring-overlap:3dtcr;github
2603.14948	2026-arxiv	code_link_found_not_audited	Bridging Scene Generation and Planning: Driving with World Model via Unifying Vision and Motion Representation			1	https://github.com/TabGuigui/WorldDrive	Best candidate https://github.com/TabGuigui/WorldDrive score=5 reason=title-substring-overlap:world;github
2603.15771	2026-arxiv	no_code_link_found	CorrectionPlanner: Self-Correction Planner with Reinforcement Learning in Autonomous Driving			0		No GitHub/project code link found in arXiv page or PDF URI annotations.
2603.14684	2026-arxiv	code_link_found_not_audited	E2EGS: Event-to-Edge Gaussian Splatting for Pose-Free 3D Reconstruction			1	https://github.com/MichaelGrupp/evo	Best candidate https://github.com/MichaelGrupp/evo score=2 reason=github
2603.14965	2026-arxiv	no_code_link_found	GeoNVS: Geometry Grounded Video Diffusion for Novel View Synthesis			0		No GitHub/project code link found in arXiv page or PDF URI annotations.
2603.15583	2026-arxiv	code_link_found_not_audited	Grounding World Simulation Models in a Real-World Metropolis			1	https://github.com/naver-ai/seoul-world-model	Best candidate https://github.com/naver-ai/seoul-world-model score=9 reason=title-token-overlap:world;title-substring-overlap:world;github;from-project-page
2603.16943	2026-arxiv	no_code_link_found	KGS-GCN: Enhancing Sparse Skeleton Sensing via Kinematics-Driven Gaussian Splatting and Probabilistic Topology for Action Recognition			0		No GitHub/project code link found in arXiv page or PDF URI annotations.
2603.14763	2026-arxiv	no_code_link_found	LiDAR-EVS: Enhance Extrapolated View Synthesis for 3D Gaussian Splatting with Pseudo-LiDAR Supervision			0		No GitHub/project code link found in arXiv page or PDF URI annotations.
2603.15330	2026-arxiv	code_link_found_not_audited	MeMix: Writing Less, Remembering More for Streaming 3D Reconstruction			1	https://github.com/Hopding/pdf-lib	Best candidate https://github.com/Hopding/pdf-lib score=2 reason=github
2601.02716	2026-arxiv	no_code_link_found	MorphGS: Morphology-Adaptive Articulated 3D Motion Transfer from Videos			0		No GitHub/project code link found in arXiv page or PDF URI annotations.
2603.15186	2026-arxiv	no_code_link_found	NavGSim: High-Fidelity Gaussian Splatting Simulator for Large-Scale Navigation			0		No GitHub/project code link found in arXiv page or PDF URI annotations.
2603.14908	2026-arxiv	no_code_link_found	PerlAD: Towards Enhanced Closed-loop End-to-end Autonomous Driving with Pseudo-simulation-based Reinforcement Learning			0		No GitHub/project code link found in arXiv page or PDF URI annotations.
2603.15433	2026-arxiv	code_link_found_not_audited	Real-Time Human Frontal View Synthesis from a Single Image			2	https://github.com/rslinfy/PrismMirror	Best candidate https://github.com/rslinfy/PrismMirror score=2 reason=github
2603.15759	2026-arxiv	code_link_found_not_audited	Simulation Distillation: Pretraining World Models in Simulation for Rapid Real-World Adaptation			1	https://github.com/CLeARoboticsLab/simdist	Best candidate https://github.com/CLeARoboticsLab/simdist score=3 reason=github;from-project-page
2603.14765	2026-arxiv	no_code_link_found	SSR: A Training-Free Approach for Streaming 3D Reconstruction			0		No GitHub/project code link found in arXiv page or PDF URI annotations.
2603.16860	2026-arxiv	code_link_found_not_audited	DreamPlan: Efficient Reinforcement Fine-Tuning of Vision-Language Planners via Video World Models			2	https://github.com/physical-superintelligence-lab/DreamPlan/tree/main	Best candidate https://github.com/physical-superintelligence-lab/DreamPlan/tree/main score=9 reason=title-token-overlap:dreamplan;title-substring-overlap:dreamplan;github;from-project-page
2603.16133	2026-arxiv	no_code_link_found	DualPrim: Compact 3D Reconstruction with Positive and Negative Primitives			0		No GitHub/project code link found in arXiv page or PDF URI annotations.
2603.16444	2026-arxiv	code_link_found_not_audited	Fast-HaMeR: Boosting Hand Mesh Reconstruction using Knowledge Distillation			1	https://github.com/hunainahmedj/Fast-HaMeR	Best candidate https://github.com/hunainahmedj/Fast-HaMeR score=9 reason=title-token-overlap:fast,hamer;title-substring-overlap:fast,hamer;github;from-arxiv-page
2603.17201	2026-arxiv	code_link_found_not_audited	FastLoop: Parallel Loop Closing with GPU-Acceleration in Visual SLAM			2	https://github.com/sfu-rsl/FastLoop	Best candidate https://github.com/sfu-rsl/FastLoop score=8 reason=title-token-overlap:fastloop;title-substring-overlap:fastloop,loop;github
2603.16461	2026-arxiv	no_code_link_found	GAP-MLLM: Geometry-Aligned Pre-training for Activating 3D Spatial Perception in Multimodal Large Language Models			0		No GitHub/project code link found in arXiv page or PDF URI annotations.
2603.11298	2026-arxiv	no_code_link_found	InstantHDR: Single-forward Gaussian Splatting for High Dynamic Range 3D Reconstruction			0		No GitHub/project code link found in arXiv page or PDF URI annotations.
2603.16211	2026-arxiv	no_code_link_found	Leveling3D: Leveling Up 3D Reconstruction with Feed-Forward 3D Gaussian Splatting and Geometry-Aware Generation			0		No GitHub/project code link found in arXiv page or PDF URI annotations.
2603.16844	2026-arxiv	code_link_found_not_audited	M^3: Dense Matching Meets Multi-View Foundation Models for Monocular Gaussian Splatting SLAM			1	https://github.com/InternRobotics/M3	Best candidate https://github.com/InternRobotics/M3 score=3 reason=github;from-project-page
2603.17117	2026-arxiv	no_code_link_found	MosaicMem: Hybrid Spatial Memory for Controllable Video World Models			0		No GitHub/project code link found in arXiv page or PDF URI annotations.
2603.16103	2026-arxiv	code_link_found_not_audited	NanoGS: Training-Free Gaussian Splat Simplification			4	https://github.com/RongLiu-Leo/NanoGS	Best candidate https://github.com/RongLiu-Leo/NanoGS score=9 reason=title-token-overlap:nanogs;title-substring-overlap:nanogs;github;from-project-page
2603.16447	2026-arxiv	no_code_link_found	ProgressiveAvatars: Progressive Animatable 3D Gaussian Avatars			0		No GitHub/project code link found in arXiv page or PDF URI annotations.
2603.16538	2026-arxiv	code_link_found_not_audited	Rethinking Pose Refinement in 3D Gaussian Splatting under Pose Prior and Geometric Uncertainty			2	https://github.com/kmk97/UGSLoc	Best candidate https://github.com/kmk97/UGSLoc score=3 reason=github;from-project-page
2603.17165	2026-arxiv	code_link_found_not_audited	SLAM Adversarial Lab: An Extensible Framework for Visual SLAM Robustness Evaluation under Adverse Conditions			2	https://github.com/sfu-rsl/SLAMAdversarialLab	Best candidate https://github.com/sfu-rsl/SLAMAdversarialLab score=5 reason=title-substring-overlap:adversarial,slam;github
2603.16871	2026-arxiv	code_link_found_not_audited	WorldCam: Interactive Autoregressive 3D Gaming Worlds with Camera Pose as a Unifying Geometric Representation			1	https://github.com/cvlab-kaist/WorldCam	Best candidate https://github.com/cvlab-kaist/WorldCam score=9 reason=title-token-overlap:worldcam;title-substring-overlap:worldcam;github;from-project-page
2603.17358	2026-arxiv	code_link_found_not_audited	A 3D Reconstruction Benchmark for Asset Inspection			3	https://github.com/MichaelGrupp/evo	Best candidate https://github.com/MichaelGrupp/evo score=2 reason=github
2603.17975	2026-arxiv	no_code_link_found	AHOY! Animatable Humans under Occlusion from YouTube Videos with Gaussian Splatting and Video Diffusion Priors			0		No GitHub/project code link found in arXiv page or PDF URI annotations.
2603.12789	2026-arxiv	no_code_link_found	Coherent Human-Scene Reconstruction from Multi-Person Multi-View Video in a Single Pass			0		No GitHub/project code link found in arXiv page or PDF URI annotations.
2603.18266	2026-arxiv	no_code_link_found	Enactor: From Traffic Simulators to Surrogate World Models			0		No GitHub/project code link found in arXiv page or PDF URI annotations.
2603.18306	2026-arxiv	no_code_link_found	Fast and Generalizable NeRF Architecture Selection for Satellite Scene Reconstruction			0		No GitHub/project code link found in arXiv page or PDF URI annotations.
2603.15359	2026-arxiv	code_link_found_not_audited	NavThinker: Action-Conditioned World Models for Coupled Prediction and Planning in Social Navigation			2	https://github.com/hutslib/NavThinker	Best candidate https://github.com/hutslib/NavThinker score=9 reason=title-token-overlap:navthinker;title-substring-overlap:navthinker;github;from-project-page
2603.17236	2026-arxiv	code_link_found_not_audited	Neural Radiance Maps for Extraterrestrial Navigation and Path Planning			1	https://github.com/adamdai/rover_nerf_planning	Best candidate https://github.com/adamdai/rover_nerf_planning score=8 reason=title-token-overlap:planning;title-substring-overlap:planning;github
2603.16301	2026-arxiv	code_link_found_not_audited	OGScene3D: Incremental Open-Vocabulary 3D Gaussian Scene Graph Mapping for Scene Understanding			1	https://github.com/IRMVLab/OGScene3D	Best candidate https://github.com/IRMVLab/OGScene3D score=8 reason=title-token-overlap:ogscene3d;title-substring-overlap:ogscene3d;github
2603.17571	2026-arxiv	no_code_link_found	PanoVGGT: Feed-Forward 3D Reconstruction from Panoramic Imagery			0		No GitHub/project code link found in arXiv page or PDF URI annotations.
2603.17605	2026-arxiv	code_link_found_not_audited	ReLaGS: Relational Language Gaussian Splatting			2	https://github.com/dfki-av/ReLaGS	Best candidate https://github.com/dfki-av/ReLaGS score=9 reason=title-token-overlap:relags;title-substring-overlap:relags;github;from-project-page
2603.17625	2026-arxiv	code_link_found_not_audited	S-VGGT: Structure-Aware Subscene Decomposition for Scalable 3D Foundation Models			1	https://github.com/Powertony102/S-VGGT	Best candidate https://github.com/Powertony102/S-VGGT score=8 reason=title-token-overlap:vggt;title-substring-overlap:vggt;github
2603.17375	2026-arxiv	code_link_found_not_audited	Stereo World Model: Camera-Guided Stereo Video Generation			1	https://github.com/SunYangtian/StereoWorld	Best candidate https://github.com/SunYangtian/StereoWorld score=6 reason=title-substring-overlap:stereo,world;github;from-project-page
2603.17519	2026-arxiv	no_code_link_found	UniSem: Generalizable Semantic 3D Reconstruction from Sparse Unposed Images			0		No GitHub/project code link found in arXiv page or PDF URI annotations.
2603.17382	2026-arxiv	no_code_link_found	VisionNVS: Self-Supervised Inpainting for Novel View Synthesis under the Virtual-Shift Paradigm			0		No GitHub/project code link found in arXiv page or PDF URI annotations.
2603.17229	2026-arxiv	code_link_found_not_audited	Visual SLAM with DEM Anchoring for Lunar Surface Navigation			3	https://github.com/MichaelGrupp/evo	Best candidate https://github.com/MichaelGrupp/evo score=2 reason=github
2603.19219	2026-arxiv	code_link_found_not_audited	DriveTok: 3D Driving Scene Tokenization for Unified Multi-View Reconstruction and Understanding			1	https://github.com/paryi555/DriveTok	Best candidate https://github.com/paryi555/DriveTok score=8 reason=title-token-overlap:drivetok;title-substring-overlap:drivetok;github
2601.05738	2026-arxiv	no_code_link_found	FeatureSLAM: Feature-enriched 3D gaussian splatting SLAM in real time			0		No GitHub/project code link found in arXiv page or PDF URI annotations.
2603.18493	2026-arxiv	code_link_found_not_audited	FILT3R: Latent State Adaptive Kalman Filter for Streaming 3D Reconstruction			1	https://github.com/jinotter3/FILT3R	Best candidate https://github.com/jinotter3/FILT3R score=8 reason=title-token-overlap:filt3r;title-substring-overlap:filt3r;github
2603.18912	2026-arxiv	code_link_found_not_audited	GHOST: Fast Category-agnostic Hand-Object Interaction Reconstruction from RGB Videos using Gaussian Splatting			2	https://github.com/ATAboukhadra/GHOST	Best candidate https://github.com/ATAboukhadra/GHOST score=8 reason=title-token-overlap:ghost;title-substring-overlap:ghost;github
2603.19137	2026-arxiv	no_code_link_found	GSMem: 3D Gaussian Splatting as Persistent Spatial Memory for Zero-Shot Embodied Exploration and Reasoning			0		No GitHub/project code link found in arXiv page or PDF URI annotations.
2603.18402	2026-arxiv	no_code_link_found	Inst4DGS: Instance-Decomposed 4D Gaussian Splatting with Multi-Video Label Permutation Learning			0		No GitHub/project code link found in arXiv page or PDF URI annotations.
2603.19231	2026-arxiv	no_code_link_found	MonoArt: Progressive Structural Reasoning for Monocular Articulated 3D Reconstruction			0		No GitHub/project code link found in arXiv page or PDF URI annotations.
2603.18510	2026-arxiv	no_code_link_found	OnlinePG: Online Open-Vocabulary Panoptic Mapping with 3D Gaussian Splatting			0		No GitHub/project code link found in arXiv page or PDF URI annotations.
2603.19193	2026-arxiv	no_code_link_found	Reconstruction Matters: Learning Geometry-Aligned BEV Representation through 3D Gaussian Splatting			0		No GitHub/project code link found in arXiv page or PDF URI annotations.
2603.18774	2026-arxiv	code_link_found_not_audited	SEAR: Simple and Efficient Adaptation of Visual Geometric Transformers for RGB+Thermal 3D Reconstruction			2	https://www.github.com/Schindler-EPFL-Lab/SEAR	Best candidate https://www.github.com/Schindler-EPFL-Lab/SEAR score=8 reason=title-token-overlap:sear;title-substring-overlap:sear;github
2603.18943	2026-arxiv	no_code_link_found	VGGT-360: Geometry-Consistent Zero-Shot Panoramic Depth Estimation			0		No GitHub/project code link found in arXiv page or PDF URI annotations.
2603.20077	2026-arxiv	no_code_link_found	A Unified Platform and Quality Assurance Framework for 3D Ultrasound Reconstruction with Robotic, Optical, and Electromagnetic Tracking			0		No GitHub/project code link found in arXiv page or PDF URI annotations.
2603.20428	2026-arxiv	code_link_found_not_audited	Benchmarking Efficient & Effective Camera Pose Estimation Strategies for Novel View Synthesis			3	https://github.com/ubc-vision/image-matching-benchmark	Best candidate https://github.com/ubc-vision/image-matching-benchmark score=3 reason=github;from-project-page
2603.19563	2026-arxiv	code_link_found_not_audited	Dual-Domain Representation Alignment: Bridging 2D and 3D Vision via Geometry-Aware Architecture Search			1	https://github.com/EMI-Group/evonas	Best candidate https://github.com/EMI-Group/evonas score=3 reason=github;from-arxiv-page
2603.19675	2026-arxiv	code_link_found_not_audited	DynFlowDrive: Flow-Based Dynamic World Modeling for Autonomous Driving			1	https://github.com/xiaolul2/DynFlowDrive	Best candidate https://github.com/xiaolul2/DynFlowDrive score=8 reason=title-token-overlap:dynflowdrive;title-substring-overlap:dynflowdrive,flow;github
2603.20128	2026-arxiv	code_link_found_not_audited	Generalizable NGP-SR: Generalizable Neural Radiance Fields Super-Resolution via Neural Graph Primitives			2	https://github.com/WanqiYuan/NGP-SR	Best candidate https://github.com/WanqiYuan/NGP-SR score=6 reason=title-token-overlap:ngp;github;from-project-page
2603.20337	2026-arxiv	code_link_found_not_audited	High-fidelity Multi-view Normal Integration with Scale-encoded Neural Surface Representation			2	https://arxiv.org/abs/2603.20337v1	Best candidate https://arxiv.org/abs/2603.20337v1 score=2 reason=code-context
2603.19234	2026-arxiv	code_link_found_not_audited	Matryoshka Gaussian Splatting			1	https://github.com/ZhilinGuo/matryoshka-gaussian-splatting	Best candidate https://github.com/ZhilinGuo/matryoshka-gaussian-splatting score=9 reason=title-token-overlap:gaussian,matryoshka,splatting;title-substring-overlap:gaussian,matryoshka,splatting;github;from-project-page
2603.19613	2026-arxiv	no_code_link_found	OrbitNVS: Harnessing Video Diffusion Priors for Novel View Synthesis			0		No GitHub/project code link found in arXiv page or PDF URI annotations.
2603.19762	2026-arxiv	no_code_link_found	PCSTracker: Long-Term Scene Flow Estimation for Point Cloud Sequences			0		No GitHub/project code link found in arXiv page or PDF URI annotations.
2603.19753	2026-arxiv	no_code_link_found	ReLi3D: Relightable Multi-view 3D Reconstruction with Disentangled Illumination			0		No GitHub/project code link found in arXiv page or PDF URI annotations.
2603.19926	2026-arxiv	no_code_link_found	SegVGGT: Joint 3D Reconstruction and Instance Segmentation from Multi-View Images			0		No GitHub/project code link found in arXiv page or PDF URI annotations.
2603.20448	2026-arxiv	code_link_found_not_audited	Thermal is Always Wild: Characterizing and Addressing Challenges in Thermal-Only Novel View Synthesis			2	https://github.com/NUBIVlab/wild_thermal	Best candidate https://github.com/NUBIVlab/wild_thermal score=8 reason=title-token-overlap:thermal,wild;title-substring-overlap:thermal,wild;github
2603.20443	2026-arxiv	code_link_found_not_audited	TRGS-SLAM: IMU-Aided Gaussian Splatting SLAM for Blurry, Rolling Shutter, and Noisy Thermal Images			3	https://github.com/umautobots/trgs_slam	Best candidate https://github.com/umautobots/trgs_slam score=9 reason=title-token-overlap:slam,trgs;title-substring-overlap:slam,trgs;github;from-project-page
2603.19708	2026-arxiv	code_link_found_not_audited	WorldAgents: Can Foundation Image Models be Agents for 3D World Models?			4	https://github.com/black-forest-labs/flux2	Best candidate https://github.com/black-forest-labs/flux2 score=3 reason=github;from-project-page
2603.19543	2026-arxiv	code_link_found_not_audited	Zero Shot Deformation Reconstruction for Soft Robots Using a Flexible Sensor Array and Cage Based 3D Gaussian Modeling			1	"http://cv.iptc.org/newscodes/digitalsourcetype/trainedAlgorithmicMedia   Sjumb   ,jumdcbor    ª 8qc2pa.ingredient.v3    "	"Best candidate http://cv.iptc.org/newscodes/digitalsourcetype/trainedAlgorithmicMedia   Sjumb   ,jumdcbor    ª 8qc2pa.ingredient.v3     score=3 reason=code-context;probable-project-page"
2603.20857	2026-arxiv	code_link_found_not_audited	Fast and Robust Deformable 3D Gaussian Splatting			2	http://ns.adobe.com/xap/1.0/mm/	Best candidate http://ns.adobe.com/xap/1.0/mm/ score=2 reason=code-context
2603.20611	2026-arxiv	no_code_link_found	GaussianPile: A Unified Sparse Gaussian Splatting Framework for Slice-based Volumetric Reconstruction			0		No GitHub/project code link found in arXiv page or PDF URI annotations.
2603.20588	2026-arxiv	code_link_found_not_audited	RayMap3R: Inference-Time RayMap for Dynamic 3D Reconstruction			1	https://github.com/Brack-Wang/raymap3r	Best candidate https://github.com/Brack-Wang/raymap3r score=9 reason=title-token-overlap:raymap3r;title-substring-overlap:raymap,raymap3r;github;from-project-page
2601.21998	2026-arxiv	code_link_found_not_audited	Causal World Modeling for Robot Control			4	https://github.com/UT-HCRL/LEGATO	Best candidate https://github.com/UT-HCRL/LEGATO score=3 reason=github;from-project-page
2601.05237	2026-arxiv	no_code_link_found	ObjectForesight: Predicting Future 3D Object Trajectories from Human Videos			0		No GitHub/project code link found in arXiv page or PDF URI annotations.
2603.21436	2026-arxiv	code_link_found_not_audited	PAS3R: Pose-Adaptive Streaming 3D Reconstruction for Long Video Sequences			2	https://github.com/xlbjyxqc/PAS3R	Best candidate https://github.com/xlbjyxqc/PAS3R score=9 reason=title-token-overlap:pas3r;title-substring-overlap:pas3r;github;from-project-page
2603.21055	2026-arxiv	code_link_found_not_audited	SGAD-SLAM: Splatting Gaussians at Adjusted Depth for Better Radiance Fields in RGBD SLAM			4	https://github.com/MachinePerceptionLab/SGAD-SLAM	Best candidate https://github.com/MachinePerceptionLab/SGAD-SLAM score=9 reason=title-token-overlap:sgad,slam;title-substring-overlap:sgad,slam;github;from-project-page
2603.21166	2026-arxiv	code_link_found_not_audited	Training-Free Instance-Aware 3D Scene Reconstruction and Diffusion-Based View Synthesis from Sparse Images			8	https://github.com/nerfies/nerfies.github.io	Best candidate https://github.com/nerfies/nerfies.github.io score=3 reason=github;from-project-page
2603.22631	2026-arxiv	code_link_found_not_audited	CAM3R: Camera-Agnostic Model for 3D Reconstruction			1	https://github.com/nam1410/cam3r	Best candidate https://github.com/nam1410/cam3r score=9 reason=title-token-overlap:cam3r;title-substring-overlap:cam3r;github;from-project-page
2603.21933	2026-arxiv	no_code_link_found	Camera-Agnostic Pruning of 3D Gaussian Splats via Descriptor-Based Beta Evidence			0		No GitHub/project code link found in arXiv page or PDF URI annotations.
2603.23297	2026-arxiv	code_link_found_not_audited	Drop-In Perceptual Optimization for 3D Gaussian Splatting			1	https://github.com/apple/ml-perceptual-3dgs	Best candidate https://github.com/apple/ml-perceptual-3dgs score=8 reason=title-token-overlap:perceptual;title-substring-overlap:perceptual;github
2603.21557	2026-arxiv	no_code_link_found	From Part to Whole: 3D Generative World Model with an Adaptive Structural Hierarchy			0		No GitHub/project code link found in arXiv page or PDF URI annotations.
2603.22572	2026-arxiv	code_link_found_not_audited	FullCircle: Effortless 3D Reconstruction from Casual 360$^\circ$ Captures			4	https://github.com/theialab/fullcircle	Best candidate https://github.com/theialab/fullcircle score=9 reason=title-token-overlap:fullcircle;title-substring-overlap:circ,fullcircle;github;from-project-page
2601.05848	2026-arxiv	code_link_found_not_audited	Goal Force: Teaching Video Models To Accomplish Physics-Conditioned Goals			2	https://github.com/brown-palm/goal-force	Best candidate https://github.com/brown-palm/goal-force score=9 reason=title-token-overlap:force,goal;title-substring-overlap:force,goal;github;from-project-page
2603.22036	2026-arxiv	code_link_found_not_audited	GTSR: Subsurface Scattering Awared 3D Gaussians for Translucent Surface Reconstruction			10	http://ns.adobe.com/xap/1.0/	Best candidate http://ns.adobe.com/xap/1.0/ score=2 reason=code-context
2603.06989	2026-arxiv	code_link_found_not_audited	MipSLAM: Alias-Free Gaussian Splatting SLAM			1	https://github.com/yzli1998/MipSLAM	Best candidate https://github.com/yzli1998/MipSLAM score=9 reason=title-token-overlap:mipslam;title-substring-overlap:mipslam,slam;github;from-arxiv-page
2603.21695	2026-arxiv	code_link_found_not_audited	RefracGS: Novel View Synthesis Through Refractive Water Surfaces with 3D Gaussian Ray Tracing			1	https://github.com/eliahuhorwitz/Academic-project-page-template	Best candidate https://github.com/eliahuhorwitz/Academic-project-page-template score=3 reason=github;from-project-page
2603.22275	2026-arxiv	code_link_found_not_audited	Repurposing Geometric Foundation Models for Multi-view Diffusion			2	https://github.com/cvlab-kaist/GLD/	Best candidate https://github.com/cvlab-kaist/GLD/ score=3 reason=github;from-project-page
2603.21931	2026-arxiv	no_code_link_found	SatGeo-NeRF: Geometrically Regularized NeRF for Satellite Imagery			0		No GitHub/project code link found in arXiv page or PDF URI annotations.
2603.22450	2026-arxiv	no_code_link_found	Static Scene Reconstruction from Dynamic Egocentric Videos			0		No GitHub/project code link found in arXiv page or PDF URI annotations.
2601.04453	2026-arxiv	code_link_found_not_audited	UniDrive-WM: Unified Understanding, Planning and Generation World Model For Autonomous Driving			2	https://github.com/UniDrive-WM/UniDrive-WM	Best candidate https://github.com/UniDrive-WM/UniDrive-WM score=9 reason=title-token-overlap:unidrive;title-substring-overlap:unidrive;github;from-project-page
2603.22531	2026-arxiv	no_code_link_found	UrbanVGGT: Scalable Sidewalk Width Estimation from Street View Images			0		No GitHub/project code link found in arXiv page or PDF URI annotations.
2603.21546	2026-arxiv	no_code_link_found	What Do World Models Learn in RL? Probing Latent Representations in Learned Environment Simulators			0		No GitHub/project code link found in arXiv page or PDF URI annotations.
2603.22286	2026-arxiv	code_link_found_not_audited	WorldCache: Content-Aware Caching for Accelerated Video World Models			2	https://github.com/umair1221/WorldCache	Best candidate https://github.com/umair1221/WorldCache score=9 reason=title-token-overlap:worldcache;title-substring-overlap:world,worldcache;github;from-project-page
2603.23686	2026-arxiv	no_code_link_found	AdvSplat: Adversarial Attacks on Feed-Forward Gaussian Splatting Models			0		No GitHub/project code link found in arXiv page or PDF URI annotations.
2603.17808	2026-arxiv	code_link_found_not_audited	EVA: Aligning Video World Models with Executable Robot Actions via Inverse Dynamics Rewards			1	https://github.com/RobbinW/EVA	Best candidate https://github.com/RobbinW/EVA score=6 reason=title-token-overlap:eva;github;from-project-page
2603.20583	2026-arxiv	code_link_found_not_audited	GHOST: Ground-projected Hypotheses from Observed Structure-from-Motion Trajectories			1	https://github.com/ceres-solver/ceres-solver	Best candidate https://github.com/ceres-solver/ceres-solver score=-2 reason=known-dependency-repo;github
2603.23246	2026-arxiv	code_link_found_not_audited	GO-Renderer: Generative Object Rendering with 3D-aware Controllable Video Diffusion Models			3	https://github.com/IGL-HKUST/GO-Renderer	Best candidate https://github.com/IGL-HKUST/GO-Renderer score=9 reason=title-token-overlap:renderer;title-substring-overlap:renderer;github;from-project-page
2603.23192	2026-arxiv	no_code_link_found	GTLR-GS: Geometry-Texture Aware LiDAR-Regularized 3D Gaussian Splatting for Realistic Scene Reconstruction			0		No GitHub/project code link found in arXiv page or PDF URI annotations.
2603.07145	2026-arxiv	no_code_link_found	LiveWorld: Simulating Out-of-Sight Dynamics in Generative Video World Models			0		No GitHub/project code link found in arXiv page or PDF URI annotations.
2603.22796	2026-arxiv	no_code_link_found	PhotoAgent: A Robotic Photographer with Spatial and Aesthetic Understanding			0		No GitHub/project code link found in arXiv page or PDF URI annotations.
2603.22786	2026-arxiv	no_code_link_found	Predictive Photometric Uncertainty in Gaussian Splatting for Novel View Synthesis			0		No GitHub/project code link found in arXiv page or PDF URI annotations.
2603.22851	2026-arxiv	no_code_link_found	UniQueR: Unified Query-based Feedforward 3D Reconstruction			0		No GitHub/project code link found in arXiv page or PDF URI annotations.
2603.24393	2026-arxiv	code_link_found_not_audited	3D-Mix for VLA: A Plug-and-Play Module for Integrating VGGT-based 3D Information into Vision-Language-Action Models			2	https://github.com/ZGC-EmbodyAI/3DMix-for-VLA	Best candidate https://github.com/ZGC-EmbodyAI/3DMix-for-VLA score=5 reason=title-token-overlap:vla;github
2603.24440	2026-arxiv	code_link_found_not_audited	CUA-Suite: Massive Human-annotated Video Demonstrations for Computer-Use Agents			8	https://github.com/ServiceNow/GroundCUA/tree/main/VideoCUA	Best candidate https://github.com/ServiceNow/GroundCUA/tree/main/VideoCUA score=3 reason=github;from-project-page
2603.01601	2026-arxiv	no_code_link_found	Dehallu3D: Hallucination-Mitigated 3D Generation from Single Image via Cyclic View Consistency Refinement			0		No GitHub/project code link found in arXiv page or PDF URI annotations.
2603.24770	2026-arxiv	no_code_link_found	DRoPS: Dynamic 3D Reconstruction of Pre-Scanned Objects			0		No GitHub/project code link found in arXiv page or PDF URI annotations.
2603.24577	2026-arxiv	no_code_link_found	EndoVGGT: GNN-Enhanced Depth Estimation for Surgical 3D Reconstruction			0		No GitHub/project code link found in arXiv page or PDF URI annotations.
2603.21304	2026-arxiv	no_code_link_found	F4Splat: Feed-Forward Predictive Densification for Feed-Forward 3D Gaussian Splatting			0		No GitHub/project code link found in arXiv page or PDF URI annotations.
2603.23891	2026-arxiv	code_link_found_not_audited	FilterGS: Traversal-Free Parallel Filtering and Adaptive Shrinking for Large-Scale LoD 3D Gaussian Splatting			2	https://github.com/xenon-w/FilterGS	Best candidate https://github.com/xenon-w/FilterGS score=8 reason=title-token-overlap:filtergs;title-substring-overlap:filtergs;github
2603.22792	2026-arxiv	code_link_found_not_audited	Instrument-Splatting++: Towards Controllable Surgical Instrument Digital Twin Using Gaussian Splatting			1	https://cairographics.org	Best candidate https://cairographics.org score=2 reason=code-context
2603.24581	2026-arxiv	code_link_found_not_audited	Latent-WAM: Latent World Action Modeling for End-to-End Autonomous Driving			1	https://github.com/OpenDriveLab/OpenScene	Best candidate https://github.com/OpenDriveLab/OpenScene score=2 reason=github
2602.22212	2026-arxiv	code_link_found_not_audited	Neu-PiG: Neural Preconditioned Grids for Fast Dynamic Surface Reconstruction on Long Sequences			4	https://github.com/vc-bonn/neu-pig	Best candidate https://github.com/vc-bonn/neu-pig score=5 reason=title-token-overlap:neu,pig;github
2603.23973	2026-arxiv	code_link_found_not_audited	SLAT-Phys: Fast Material Property Field Prediction from Structured 3D Latents			1	https://github.com/nerfies/nerfies.github.io	Best candidate https://github.com/nerfies/nerfies.github.io score=3 reason=github;from-project-page
2603.19682	2026-arxiv	no_code_link_found	3D Gaussian Splatting with Self-Constrained Priors for High Fidelity Surface Reconstruction			0		No GitHub/project code link found in arXiv page or PDF URI annotations.
2603.25623	2026-arxiv	no_code_link_found	Accurate Surface and Reflectance Modelling from 3D Radar Data with Neural Radiance Fields			0		No GitHub/project code link found in arXiv page or PDF URI annotations.
2603.25129	2026-arxiv	code_link_found_not_audited	AirSplat: Alignment and Rating for Robust Feed-Forward 3D Gaussian Splatting			1	https://github.com/nerfies/nerfies.github.io	Best candidate https://github.com/nerfies/nerfies.github.io score=3 reason=github;from-project-page
2603.25791	2026-arxiv	code_link_found_not_audited	ArtHOI: Taming Foundation Models for Monocular 4D Reconstruction of Hand-Articulated-Object Interactions			1	https://github.com/hitcs-zikaiwang/ArtHOI-4D-Reconstruction	Best candidate https://github.com/hitcs-zikaiwang/ArtHOI-4D-Reconstruction score=9 reason=title-token-overlap:arthoi;title-substring-overlap:arthoi;github;from-project-page
2603.21936	2026-arxiv	no_code_link_found	Cross-Instance Gaussian Splatting Registration via Geometry-Aware Feature-Guided Alignment			0		No GitHub/project code link found in arXiv page or PDF URI annotations.
2603.25819	2026-arxiv	code_link_found_not_audited	Geo$^\textbf{2}$: Geometry-Guided Cross-view Geo-Localization and Image Synthesis			2	https://github.com/google/nerfies/releases/tag/0.1	Best candidate https://github.com/google/nerfies/releases/tag/0.1 score=3 reason=github;from-project-page
2603.01010	2026-arxiv	no_code_link_found	GeodesicNVS: Probability Density Geodesic Flow Matching for Novel View Synthesis			0		No GitHub/project code link found in arXiv page or PDF URI annotations.
2603.25336	2026-arxiv	code_link_found_not_audited	HeSS: Head Sensitivity Score for Sparsity Redistribution in VGGT			3	https://github.com/libary753/HeSS	Best candidate https://github.com/libary753/HeSS score=8 reason=title-token-overlap:hess;title-substring-overlap:hess;github
2603.23997	2026-arxiv	code_link_found_not_audited	HGGT: Robust and Flexible 3D Hand Mesh Reconstruction from Uncalibrated Images			2	https://github.com/lym29/HGGT	Best candidate https://github.com/lym29/HGGT score=9 reason=title-token-overlap:hggt;title-substring-overlap:hggt;github;from-project-page
2601.03824	2026-arxiv	code_link_found_not_audited	IDESplat: Iterative Depth Probability Estimation for Generalizable 3D Gaussian Splatting			1	https://github.com/CVL-UESTC/IDESplat	Best candidate https://github.com/CVL-UESTC/IDESplat score=8 reason=title-token-overlap:idesplat;title-substring-overlap:idesplat;github
2603.25399	2026-arxiv	no_code_link_found	LaMP: Learning Vision-Language-Action Policies with 3D Scene Flow as Latent Motion Prior			0		No GitHub/project code link found in arXiv page or PDF URI annotations.
2603.25058	2026-arxiv	code_link_found_not_audited	Learning Explicit Continuous Motion Representation for Dynamic Gaussian Splatting from Monocular Videos			4	https://github.com/hhhddddddd/se3bsplinegs	Best candidate https://github.com/hhhddddddd/se3bsplinegs score=2 reason=github
2603.25415	2026-arxiv	code_link_found_not_audited	Modernising Reinforcement Learning-Based Navigation for Embodied Semantic Scene Graph Generation			1	https://github.com/kueblero/Modernising-RL-Based-Navigation-for-ESSG	Best candidate https://github.com/kueblero/Modernising-RL-Based-Navigation-for-ESSG score=8 reason=title-token-overlap:based,modernising,navigation;title-substring-overlap:based,modernising,navigation;github
2603.25042	2026-arxiv	no_code_link_found	MoRGS: Efficient Per-Gaussian Motion Reasoning for Streamable Dynamic 3D Scenes			0		No GitHub/project code link found in arXiv page or PDF URI annotations.
2601.00393	2026-arxiv	code_link_found_not_audited	NeoVerse: Enhancing 4D World Model with in-the-wild Monocular Videos			5	https://github.com/IamCreateAI/NeoVerse	Best candidate https://github.com/IamCreateAI/NeoVerse score=9 reason=title-token-overlap:neoverse;title-substring-overlap:neoverse;github;from-project-page
2603.25685	2026-arxiv	code_link_found_not_audited	Persistent Robot World Models: Stabilizing Multi-Step Rollouts via Reinforcement Learning			4	https://github.com/KellerJordan/Muon	Best candidate https://github.com/KellerJordan/Muon score=3 reason=github;from-project-page
2603.25981	2026-arxiv	code_link_found_not_audited	Policy-Guided World Model Planning for Language-Conditioned Visual Navigation			1	https://github.com/AmirhoseinCh/PiJEPA.git	Best candidate https://github.com/AmirhoseinCh/PiJEPA.git score=2 reason=github
2603.23324	2026-arxiv	code_link_found_not_audited	Pose-Free Omnidirectional Gaussian Splatting for 360-Degree Videos with Consistent Depth Priors			1	https://github.com/zcq15/PFGS360	Best candidate https://github.com/zcq15/PFGS360 score=2 reason=github
2603.22893	2026-arxiv	code_link_found_not_audited	SLARM: Streaming and Language-Aligned Reconstruction Model for Dynamic Scenes			2	https://github.com/kevinchiu19/SLARM	Best candidate https://github.com/kevinchiu19/SLARM score=9 reason=title-token-overlap:slarm;title-substring-overlap:slarm;github;from-project-page
2603.23637	2026-arxiv	no_code_link_found	Stochastic Ray Tracing for the Reconstruction of 3D Gaussian Splatting			0		No GitHub/project code link found in arXiv page or PDF URI annotations.
2603.26810	2026-arxiv	code_link_found_not_audited	Unblur-SLAM: Dense Neural SLAM for Blurry Inputs			1	https://github.com/SlamMate/Unblur-SLAM.git	Best candidate https://github.com/SlamMate/Unblur-SLAM.git score=8 reason=title-token-overlap:slam,unblur;title-substring-overlap:slam,unblur;github
2603.25265	2026-arxiv	code_link_found_not_audited	ViewSplat: View-Adaptive Dynamic Gaussian Splatting for Feed-Forward Synthesis			1	https://github.com/cvlab-uos/ViewSplat	Best candidate https://github.com/cvlab-uos/ViewSplat score=9 reason=title-token-overlap:viewsplat;title-substring-overlap:viewsplat;github;from-project-page
2602.05321	2026-arxiv	code_link_found_not_audited	Wid3R: Wide Field-of-View 3D Reconstruction via Camera Model Conditioning			1	https://github.com/ZiYang-xie/WorldGen	Best candidate https://github.com/ZiYang-xie/WorldGen score=3 reason=github;from-project-page
2603.23376	2026-arxiv	code_link_found_not_audited	ABot-PhysWorld: Interactive World Foundation Model for Robotic Manipulation with Physics Alignment			3	https://github.com/amap-cvlab/ABot-PhysWorld	Best candidate https://github.com/amap-cvlab/ABot-PhysWorld score=8 reason=title-token-overlap:abot,physworld;title-substring-overlap:abot,physworld,world;github
2603.26638	2026-arxiv	no_code_link_found	Drive-Through 3D Vehicle Exterior Reconstruction via Dynamic-Scene SfM and Distortion-Aware Gaussian Splatting			0		No GitHub/project code link found in arXiv page or PDF URI annotations.
2603.21356	2026-arxiv	code_link_found_not_audited	FluidGaussian: Propagating Simulation-Based Uncertainty Toward Functionally-Intelligent 3D Reconstruction			1	https://github.com/delta-lab-ai/FluidGaussian	Best candidate https://github.com/delta-lab-ai/FluidGaussian score=8 reason=title-token-overlap:fluidgaussian;title-substring-overlap:fluidgaussian;github
2603.25053	2026-arxiv	code_link_found_not_audited	GaussFusion: Improving 3D Reconstruction in the Wild with A Geometry-Informed Video Generator			1	https://github.com/nerfies/nerfies.github.io	Best candidate https://github.com/nerfies/nerfies.github.io score=3 reason=github;from-project-page
2603.26661	2026-arxiv	code_link_found_not_audited	GaussianGPT: Towards Autoregressive 3D Gaussian Scene Generation			6	https://github.com/KellerJordan/Muon	Best candidate https://github.com/KellerJordan/Muon score=3 reason=github;from-project-page
2603.27016	2026-arxiv	code_link_found_not_audited	Generative Shape Reconstruction with Geometry-Guided Langevin Dynamics			1	https://github.com/linusnie/gg-langevin	Best candidate https://github.com/linusnie/gg-langevin score=8 reason=title-token-overlap:langevin;title-substring-overlap:langevin;github
2603.26023	2026-arxiv	no_code_link_found	GLU: Global-Local-Uncertainty Fusion for Scalable Spatiotemporal Reconstruction and Forecasting			0		No GitHub/project code link found in arXiv page or PDF URI annotations.
2603.20176	2026-arxiv	code_link_found_not_audited	LagerNVS: Latent Geometry for Fully Neural Real-time Novel View Synthesis			1	https://github.com/facebookresearch/lagernvs	Best candidate https://github.com/facebookresearch/lagernvs score=9 reason=title-token-overlap:lagernvs;title-substring-overlap:lagernvs;github;from-project-page
2603.26067	2026-arxiv	code_link_found_not_audited	R-PGA: Robust Physical Adversarial Camouflage Generation via Relightable 3D Gaussian Splatting			3	http://ns.adobe.com/xap/1.0/mm/	Best candidate http://ns.adobe.com/xap/1.0/mm/ score=2 reason=code-context
2603.24994	2026-arxiv	no_code_link_found	Relaxed Rigidity with Ray-based Grouping for Dynamic Gaussian Splatting			0		No GitHub/project code link found in arXiv page or PDF URI annotations.
2603.26837	2026-arxiv	code_link_found_not_audited	SpatialAnt: Autonomous Zero-Shot Robot Navigation via Active Scene Reconstruction and Visual Anticipation			2	https://github.com/IMNearth/Spatial-X	Best candidate https://github.com/IMNearth/Spatial-X score=3 reason=github;from-project-page
2603.26599	2026-arxiv	code_link_found_not_audited	VGGRPO: Towards World-Consistent Video Generation with 4D Latent Reward			10	https://github.com/JD-P/simulacra-aesthetic-captions	Best candidate https://github.com/JD-P/simulacra-aesthetic-captions score=3 reason=github;from-project-page
2603.16816	2026-arxiv	no_code_link_found	WildDepth: A Multimodal Dataset for 3D Wildlife Perception and Depth Estimation			0		No GitHub/project code link found in arXiv page or PDF URI annotations.
2603.17227	2026-arxiv	no_code_link_found	Adaptive Anchor Policies for Efficient 4D Gaussian Streaming			0		No GitHub/project code link found in arXiv page or PDF URI annotations.
2603.27300	2026-arxiv	no_code_link_found	Complet4R: Geometric Complete 4D Reconstruction			0		No GitHub/project code link found in arXiv page or PDF URI annotations.
2603.21332	2026-arxiv	code_link_found_not_audited	EmoTaG: Emotion-Aware Talking Head Synthesis on Gaussian Splatting with Few-Shot Personalization			4	https://github.com/jamesdemon923/EmoTaG	Best candidate https://github.com/jamesdemon923/EmoTaG score=9 reason=title-token-overlap:emotag;title-substring-overlap:emotag;github;from-project-page
2603.27449	2026-arxiv	code_link_found_not_audited	LOME: Learning Human-Object Manipulation with Action-Conditioned Egocentric World Model			7	http://ns.adobe.com/xap/1.0/	Best candidate http://ns.adobe.com/xap/1.0/ score=2 reason=code-context
2602.08961	2026-arxiv	code_link_found_not_audited	MotionCrafter: Dense Geometry and Motion Reconstruction with a 4D VAE			1	https://github.com/TencentARC/MotionCrafter	Best candidate https://github.com/TencentARC/MotionCrafter score=9 reason=title-token-overlap:motioncrafter;title-substring-overlap:motion,motioncrafter;github;from-project-page
2603.27228	2026-arxiv	code_link_found_not_audited	NimbusGS: Unified 3D Scene Reconstruction under Hybrid Weather			1	https://github.com/lyy-ovo/NimbusGS	Best candidate https://github.com/lyy-ovo/NimbusGS score=8 reason=title-token-overlap:nimbusgs;title-substring-overlap:nimbusgs;github
2603.25716	2026-arxiv	code_link_found_not_audited	Out of Sight but Not Out of Mind: Hybrid Memory for Dynamic Video World Models			1	https://github.com/H-EmbodVis/HyDRA	Best candidate https://github.com/H-EmbodVis/HyDRA score=2 reason=github
2603.27455	2026-arxiv	code_link_found_not_audited	From None to All: Self-Supervised 3D Reconstruction via Novel View Synthesis			1	https://github.com/ranrhuang/NAS3R	Best candidate https://github.com/ranrhuang/NAS3R score=3 reason=github;from-project-page
2603.27797	2026-arxiv	code_link_found_not_audited	Which Reconstruction Model Should a Robot Use? Routing Image-to-3D Models for Cost-Aware Robotic Manipulation			6	https://github.com/scout-model-routing/scout	Best candidate https://github.com/scout-model-routing/scout score=3 reason=github;from-project-page
2603.28064	2026-arxiv	code_link_found_not_audited	\textit{4DSurf}: High-Fidelity Dynamic Scene Surface Reconstruction			1	https://inkscape.org	Best candidate https://inkscape.org score=2 reason=code-context
2603.28963	2026-arxiv	no_code_link_found	AutoWorld: Scaling Multi-Agent Traffic Simulation with Self-Supervised World Models			0		No GitHub/project code link found in arXiv page or PDF URI annotations.
2602.23574	2026-arxiv	code_link_found_not_audited	Evidential Neural Radiance Fields			1	https://github.com/KerryDRX/EvidentialNeRF	Best candidate https://github.com/KerryDRX/EvidentialNeRF score=6 reason=title-substring-overlap:evidential;github;from-arxiv-page
2603.25008	2026-arxiv	code_link_found_not_audited	Few TensoRF: Enhance the Few-shot on Tensorial Radiance Fields			1	https://github.com/ytrock/THuman2.0-Dataset	Best candidate https://github.com/ytrock/THuman2.0-Dataset score=2 reason=github
2603.28896	2026-arxiv	no_code_link_found	Fisheye3R: Adapting Unified 3D Feed-Forward Foundation Models to Fisheye Lenses			0		No GitHub/project code link found in arXiv page or PDF URI annotations.
2603.28887	2026-arxiv	code_link_found_not_audited	OccSim: Multi-kilometer Simulation with Long-horizon Occupancy World Models			1	https://github.com/Orbis36/OccSim	Best candidate https://github.com/Orbis36/OccSim score=8 reason=title-token-overlap:occsim;title-substring-overlap:occsim;github
2603.28020	2026-arxiv	code_link_found_not_audited	Physically Inspired Gaussian Splatting for HDR Novel View Synthesis			2	https://github.com/ZeldaM1/PhysHDR-GS	Best candidate https://github.com/ZeldaM1/PhysHDR-GS score=3 reason=github;from-project-page
2603.28090	2026-arxiv	code_link_found_not_audited	To View Transform or Not to View Transform: NeRF-based Pre-training Perspective			1	https://github.com/open-mmlab/mmdetection3d	Best candidate https://github.com/open-mmlab/mmdetection3d score=-2 reason=known-dependency-repo;github
2603.29022	2026-arxiv	no_code_link_found	UltraG-Ray: Physics-Based Gaussian Ray Casting for Novel Ultrasound View Synthesis			0		No GitHub/project code link found in arXiv page or PDF URI annotations.
2601.05138	2026-arxiv	code_link_found_not_audited	VerseCrafter: Dynamic Realistic Video World Model with 4D Geometric Control			1	https://github.com/TencentARC/VerseCrafter	Best candidate https://github.com/TencentARC/VerseCrafter score=9 reason=title-token-overlap:versecrafter;title-substring-overlap:versecrafter;github;from-project-page
2603.28489	2026-arxiv	no_code_link_found	Video Generation Models as World Models: Efficient Paradigms, Architectures and Algorithms			0		No GitHub/project code link found in arXiv page or PDF URI annotations.
2603.29394	2026-arxiv	no_code_link_found	AA-Splat: Anti-Aliased Feed-forward Gaussian Splatting			0		No GitHub/project code link found in arXiv page or PDF URI annotations.
2603.29734	2026-arxiv	no_code_link_found	GRVS: a Generalizable and Recurrent Approach to Monocular Dynamic View Synthesis			0		No GitHub/project code link found in arXiv page or PDF URI annotations.
2603.29185	2026-arxiv	code_link_found_not_audited	Hierarchical Visual Relocalization with Nearest View Synthesis from Feature Gaussian Splatting			4	https://github.com/HqiTao/SplatHLoc	Best candidate https://github.com/HqiTao/SplatHLoc score=3 reason=github;from-project-page
2603.29209	2026-arxiv	no_code_link_found	LightHarmony3D: Harmonizing Illumination and Shadows for Object Insertion in 3D Gaussian Splatting			0		No GitHub/project code link found in arXiv page or PDF URI annotations.
2603.29296	2026-arxiv	code_link_found_not_audited	MotionScale: Reconstructing Appearance, Geometry, and Motion of Dynamic Scenes with Scalable 4D Gaussian Splatting			1	https://github.com/hrzhou2/motion-scale	Best candidate https://github.com/hrzhou2/motion-scale score=9 reason=title-token-overlap:motion;title-substring-overlap:motion,motionscale;github;from-project-page
2602.18887	2026-arxiv	code_link_found_not_audited	SafeDrive: Fine-Grained Safety Reasoning for End-to-End Driving in a Sparse World			3	https://github.com/SPA-junghokim/SafeDrive	Best candidate https://github.com/SPA-junghokim/SafeDrive score=9 reason=title-token-overlap:safedrive;title-substring-overlap:safedrive;github;from-project-page
2603.27084	2026-arxiv	code_link_found_not_audited	SceneExpander: Expanding 3D Scenes with Free-Form Inserted Views			1	https://github.com/cvachha/instruct-gs2gs	Best candidate https://github.com/cvachha/instruct-gs2gs score=3 reason=github;from-project-page
2603.27516	2026-arxiv	code_link_found_not_audited	SGS-Intrinsic: Semantic-Invariant Gaussian Splatting for Sparse-View Indoor Inverse Rendering			1	https://github.com/GrumpySloths/SGS_Intrinsic.github.io	Best candidate https://github.com/GrumpySloths/SGS_Intrinsic.github.io score=8 reason=title-token-overlap:intrinsic,sgs;title-substring-overlap:intrinsic;github
2603.29089	2026-arxiv	no_code_link_found	WorldFlow3D: Flowing Through 3D Distributions for Unbounded World Generation			0		No GitHub/project code link found in arXiv page or PDF URI annotations.
2603.19979	2026-arxiv	code_link_found_not_audited	X-World: Controllable Ego-Centric Multi-Camera World Models for Scalable End-to-End Driving			3	http://ns.adobe.com/photoshop/1.0/	Best candidate http://ns.adobe.com/photoshop/1.0/ score=2 reason=code-context
2601.16148	2026-arxiv	code_link_found_not_audited	ActionMesh: Animated 3D Mesh Generation with Temporal 3D Diffusion			1	https://github.com/facebookresearch/actionmesh	Best candidate https://github.com/facebookresearch/actionmesh score=9 reason=title-token-overlap:actionmesh;title-substring-overlap:actionmesh,mesh;github;from-project-page
2604.00494	2026-arxiv	no_code_link_found	ARGS: Auto-Regressive Gaussian Splatting via Parallel Progressive Next-Scale Prediction			0		No GitHub/project code link found in arXiv page or PDF URI annotations.
2604.00928	2026-arxiv	no_code_link_found	Autoregressive Appearance Prediction for 3D Gaussian Avatars			0		No GitHub/project code link found in arXiv page or PDF URI annotations.
2604.00804	2026-arxiv	code_link_found_not_audited	Compact Keyframe-Optimized Multi-Agent Gaussian Splatting SLAM			1	https://github.com/lemonci/coko-slam	Best candidate https://github.com/lemonci/coko-slam score=8 reason=title-token-overlap:slam;title-substring-overlap:slam;github
2604.01030	2026-arxiv	code_link_found_not_audited	Diff3R: Feed-forward 3D Gaussian Splatting with Uncertainty-aware Differentiable Optimization			2	https://github.com/nerfies/nerfies.github.io	Best candidate https://github.com/nerfies/nerfies.github.io score=3 reason=github;from-project-page
2604.00648	2026-arxiv	no_code_link_found	DirectFisheye-GS: Enabling Native Fisheye Input in Gaussian Splatting with Cross-View Joint Optimization			0		No GitHub/project code link found in arXiv page or PDF URI annotations.
2604.00969	2026-arxiv	no_code_link_found	DLWM: Dual Latent World Models enable Holistic Gaussian-centric Pre-training in Autonomous Driving			0		No GitHub/project code link found in arXiv page or PDF URI annotations.
2603.24587	2026-arxiv	no_code_link_found	DreamerAD: Efficient Reinforcement Learning via Latent World Model for Autonomous Driving			0		No GitHub/project code link found in arXiv page or PDF URI annotations.
2604.00548	2026-arxiv	no_code_link_found	Reliev3R: Relieving Feed-forward Reconstruction from Multi-View Geometric Annotations			0		No GitHub/project code link found in arXiv page or PDF URI annotations.
2604.00509	2026-arxiv	no_code_link_found	RT-GS: Gaussian Splatting with Reflection and Transmittance Primitives			0		No GitHub/project code link found in arXiv page or PDF URI annotations.
2602.19053	2026-arxiv	code_link_found_not_audited	TeFlow: Enabling Multi-frame Supervision for Self-Supervised Feed-forward Scene Flow Estimation			2	https://github.com/Kin-Zhang/TeFlow	Best candidate https://github.com/Kin-Zhang/TeFlow score=8 reason=title-token-overlap:teflow;title-substring-overlap:flow,teflow;github
2601.10075	2026-arxiv	no_code_link_found	Thinking Like Van Gogh: Structure-Aware Style Transfer via Flow-Guided 3D Gaussian Splatting			0		No GitHub/project code link found in arXiv page or PDF URI annotations.
2603.24506	2026-arxiv	code_link_found_not_audited	Toward Physically Consistent Driving Video World Models under Challenging Trajectories			5	https://github.com/wm-research/PhyGenesis	Best candidate https://github.com/wm-research/PhyGenesis score=3 reason=github;from-project-page
2604.00538	2026-arxiv	code_link_found_not_audited	TRiGS: Temporal Rigid-Body Motion for Scalable 4D Gaussian Splatting			1	https://github.com/eliahuhorwitz/Academic-project-page-template	Best candidate https://github.com/eliahuhorwitz/Academic-project-page-template score=3 reason=github;from-project-page
2604.01882	2026-arxiv	code_link_found_not_audited	A3R: Agentic Affordance Reasoning via Cross-Dimensional Evidence in 3D Gaussian Scenes			9	http://ns.adobe.com/xap/1.0/	Best candidate http://ns.adobe.com/xap/1.0/ score=2 reason=code-context
2604.02330	2026-arxiv	code_link_found_not_audited	ActionParty: Multi-Subject Action Binding in Generative Video Games			5	https://github.com/action-party/action-party	Best candidate https://github.com/action-party/action-party score=9 reason=title-token-overlap:action;title-substring-overlap:action,actionparty;github;from-project-page
2604.01551	2026-arxiv	code_link_found_not_audited	ColorGradedGaussians: Palette-Based Color Grading for 3D Gaussian Splatting via View-Space Sparse Decomposition			7	http://ns.adobe.com/xap/1.0/	Best candidate http://ns.adobe.com/xap/1.0/ score=2 reason=code-context
2604.02546	2026-arxiv	code_link_found_not_audited	Contrastive Language-Colored Pointmap Pretraining for Unified 3D Scene Understanding			1	https://github.com/Yebulabula/UniScene3D	Best candidate https://github.com/Yebulabula/UniScene3D score=3 reason=github;from-project-page
2604.01678	2026-arxiv	no_code_link_found	Director: Instance-aware Gaussian Splatting for Dynamic Scene Modeling and Understanding			0		No GitHub/project code link found in arXiv page or PDF URI annotations.
2602.23205	2026-arxiv	code_link_found_not_audited	EmbodMocap: In-the-Wild 4D Human-Scene Reconstruction for Embodied Agents			1	https://github.com/WenjiaWang0312/EmbodMocap	Best candidate https://github.com/WenjiaWang0312/EmbodMocap score=9 reason=title-token-overlap:embodmocap;title-substring-overlap:embodmocap;github;from-project-page
2604.01605	2026-arxiv	no_code_link_found	F3DGS: Federated 3D Gaussian Splatting for Decentralized Multi-Agent World Modeling			0		No GitHub/project code link found in arXiv page or PDF URI annotations.
2603.19834	2026-arxiv	code_link_found_not_audited	Fourier Splatting: Generalized Fourier encoded primitives for scalable radiance fields			2	https://arxiv.org/abs/2603.19834v2	Best candidate https://arxiv.org/abs/2603.19834v2 score=2 reason=code-context
2601.16885	2026-arxiv	code_link_found_not_audited	GPA-VGGT:Adapting VGGT to Large Scale Localization by Self-Supervised Learning with Geometry and Physics Aware Loss			1	https://github.com/X-yangfan/GPA-VGGT	Best candidate https://github.com/X-yangfan/GPA-VGGT score=9 reason=title-token-overlap:gpa,vggt;title-substring-overlap:vggt;github;from-arxiv-page
2604.01884	2026-arxiv	code_link_found_not_audited	GS^2: Graph-based Spatial Distribution Optimization for Compact 3D Gaussian Splatting			1	https://github.com/BJTU-KD3D/GS-2	Best candidate https://github.com/BJTU-KD3D/GS-2 score=2 reason=github
2601.20331	2026-arxiv	code_link_found_not_audited	GVGS: Gaussian Visibility-Aware Multi-View Geometry for Accurate Surface Reconstruction			1	https://github.com/GVGScode/GVGS	Best candidate https://github.com/GVGScode/GVGS score=10 reason=title-token-overlap:gvgs;title-substring-overlap:gvgs;github;code-context
2601.14674	2026-arxiv	no_code_link_found	LaVR: Scene Latent Conditioned Generative Video Trajectory Re-Rendering using Large 4D Reconstruction Models			0		No GitHub/project code link found in arXiv page or PDF URI annotations.
2604.01641	2026-arxiv	no_code_link_found	LivingWorld: Interactive 4D World Generation with Environmental Dynamics			0		No GitHub/project code link found in arXiv page or PDF URI annotations.
2604.01607	2026-arxiv	code_link_found_not_audited	ModTrans: Translating Real-world Models for Distributed Training Simulator			5	https://github.com/microsoft/onnxconverter-common/blob/master/onnxconverter_common/onnx2py.py	Best candidate https://github.com/microsoft/onnxconverter-common/blob/master/onnxconverter_common/onnx2py.py score=3 reason=github;from-project-page
2604.02289	2026-arxiv	code_link_found_not_audited	Omni123: Exploring 3D Native Foundation Models with Limited 3D Data by Unifying Text to 2D and 3D Generation			5	https://github.com/black-forest-labs/flux2	Best candidate https://github.com/black-forest-labs/flux2 score=3 reason=github;from-project-page
2604.01561	2026-arxiv	code_link_found_not_audited	ReFlow: Self-correction Motion Learning for Dynamic Scene Reconstruction			4	https://github.com/gaochen315/DynamicNeRF	Best candidate https://github.com/gaochen315/DynamicNeRF score=2 reason=github
2601.15475	2026-arxiv	code_link_found_not_audited	Seeing through Light and Darkness: Sensor-Physics Grounded Deblurring HDR NeRF from Single-Exposure Images and Events			1	https://github.com/iCVTEAM/See-NeRF	Best candidate https://github.com/iCVTEAM/See-NeRF score=8 reason=title-token-overlap:nerf;title-substring-overlap:nerf;github
2604.00528	2026-arxiv	code_link_found_not_audited	Think, Act, Build: An Agentic Framework with Vision Language Models for Zero-Shot 3D Visual Grounding			1	https://github.com/WHB139426/TAB-Agent	Best candidate https://github.com/WHB139426/TAB-Agent score=2 reason=github
2604.02586	2026-arxiv	code_link_found_not_audited	TrackerSplat: Exploiting Point Tracking for Fast and Robust Dynamic 3D Gaussians Reconstruction			8	https://github.com/yindaheng98/TrackerSplat	Best candidate https://github.com/yindaheng98/TrackerSplat score=8 reason=title-token-overlap:trackersplat;title-substring-overlap:trackersplat;github
2604.02714	2026-arxiv	code_link_found_not_audited	ExploreVLA: Dense World Modeling and Exploration for End-to-End Autonomous Driving			2	https://github.com/zihaosheng/ExploreVLA	Best candidate https://github.com/zihaosheng/ExploreVLA score=9 reason=title-token-overlap:explorevla;title-substring-overlap:explorevla;github;from-project-page
2604.02836	2026-arxiv	code_link_found_not_audited	Factorized Multi-Resolution HashGrid for Efficient Neural Radiance Fields: Execution on Edge-Devices			1	https://github.com/postech-ami/Fact-Hash	Best candidate https://github.com/postech-ami/Fact-Hash score=3 reason=github;from-project-page
2604.03092	2026-arxiv	code_link_found_not_audited	Flash-Mono: Feed-Forward Accelerated Gaussian Splatting Monocular SLAM			3	https://github.com/eliahuhorwitz/Academic-project-page-template	Best candidate https://github.com/eliahuhorwitz/Academic-project-page-template score=3 reason=github;from-project-page
2604.02915	2026-arxiv	no_code_link_found	GP-4DGS: Probabilistic 4D Gaussian Splatting from Monocular Video via Variational Gaussian Processes			0		No GitHub/project code link found in arXiv page or PDF URI annotations.
2604.02828	2026-arxiv	no_code_link_found	NavCrafter: Exploring 3D Scenes from a Single Image			0		No GitHub/project code link found in arXiv page or PDF URI annotations.
2604.01581	2026-arxiv	code_link_found_not_audited	Satellite-Free Training for Drone-View Geo-Localization			7	http://ns.adobe.com/xap/1.0/	Best candidate http://ns.adobe.com/xap/1.0/ score=2 reason=code-context
2604.03069	2026-arxiv	code_link_found_not_audited	SparseSplat: Towards Applicable Feed-Forward 3D Gaussian Splatting with Pixel-Unaligned Prediction			2	https://github.com/victkk/SparseSplat-page	Best candidate https://github.com/victkk/SparseSplat-page score=9 reason=title-token-overlap:sparsesplat;title-substring-overlap:sparsesplat;github;from-project-page
2604.03462	2026-arxiv	no_code_link_found	SpectralSplat: Appearance-Disentangled Feed-Forward Gaussian Splatting for Driving Scenes			0		No GitHub/project code link found in arXiv page or PDF URI annotations.
2602.06343	2026-arxiv	code_link_found_not_audited	Uncertainty-Aware 4D Gaussian Splatting for Monocular Occluded Human Rendering			7	http://ns.adobe.com/xap/1.0/	Best candidate http://ns.adobe.com/xap/1.0/ score=2 reason=code-context
2604.01479	2026-arxiv	code_link_found_not_audited	UniRecGen: Unifying Multi-View 3D Reconstruction and Generation			8	https://github.com/zsh523/UniRecGen	Best candidate https://github.com/zsh523/UniRecGen score=8 reason=title-token-overlap:unirecgen;title-substring-overlap:unirecgen;github
2604.02696	2026-arxiv	no_code_link_found	VBGS-SLAM: Variational Bayesian Gaussian Splatting Simultaneous Localization and Mapping			0		No GitHub/project code link found in arXiv page or PDF URI annotations.
2604.03878	2026-arxiv	code_link_found_not_audited	Learning 3D Reconstruction with Priors in Test Time			1	https://github.com/cvlab-stonybrook/TCO	Best candidate https://github.com/cvlab-stonybrook/TCO score=2 reason=github
2604.03773	2026-arxiv	no_code_link_found	M2StyleGS: Multi-Modality 3D Style Transfer with Gaussian Splatting			0		No GitHub/project code link found in arXiv page or PDF URI annotations.
2604.04063	2026-arxiv	code_link_found_not_audited	4C4D: 4 Camera 4D Gaussian Splatting			3	https://github.com/yangzf-1023/4C4D	Best candidate https://github.com/yangzf-1023/4C4D score=9 reason=title-token-overlap:4c4d;title-substring-overlap:4c4d;github;from-project-page
2604.04198	2026-arxiv	code_link_found_not_audited	DriveVA: Video Action Models are Zero-Shot Drivers			2	https://github.com/autonomousvision/navsim	Best candidate https://github.com/autonomousvision/navsim score=2 reason=github
2604.04016	2026-arxiv	code_link_found_not_audited	HOIGS: Human-Object Interaction Gaussian Splatting			3	https://github.com/facebookresearch/maskrcnn-benchmark	Best candidate https://github.com/facebookresearch/maskrcnn-benchmark score=2 reason=github
2604.04135	2026-arxiv	no_code_link_found	NTIRE 2026 3D Restoration and Reconstruction in Real-world Adverse Conditions: RealX3D Challenge Results			0		No GitHub/project code link found in arXiv page or PDF URI annotations.
2603.18634	2026-arxiv	no_code_link_found	SwiftGS: Episodic Priors for Immediate Satellite Surface Recovery			0		No GitHub/project code link found in arXiv page or PDF URI annotations.
2601.16736	2026-arxiv	code_link_found_not_audited	A Step to Decouple Optimization in 3DGS			7	https://github.com/EliottDJay/3DGS_AdamWGS	Best candidate https://github.com/EliottDJay/3DGS_AdamWGS score=9 reason=title-token-overlap:3dgs;title-substring-overlap:3dgs;github;from-project-page
2604.04874	2026-arxiv	no_code_link_found	Free-Range Gaussians: Non-Grid-Aligned Generative 3D Gaussian Reconstruction			0		No GitHub/project code link found in arXiv page or PDF URI annotations.
2604.04331	2026-arxiv	no_code_link_found	GA-GS: Generation-Assisted Gaussian Splatting for Static Scene Reconstruction			0		No GitHub/project code link found in arXiv page or PDF URI annotations.
2604.05062	2026-arxiv	code_link_found_not_audited	GaussFly: Contrastive Reinforcement Learning for Visuomotor Policies in 3D Gaussian Fields			3	http://ns.adobe.com/photoshop/1.0/	Best candidate http://ns.adobe.com/photoshop/1.0/ score=2 reason=code-context
2604.02120	2026-arxiv	code_link_found_not_audited	GEMM-GS: Accelerating 3D Gaussian Splatting on Tensor Cores with GEMM-Compatible Blending			9	https://github.com/shieldforever/GEMM-GS	Best candidate https://github.com/shieldforever/GEMM-GS score=8 reason=title-token-overlap:gemm;title-substring-overlap:gemm;github
2604.03039	2026-arxiv	code_link_found_not_audited	GenSmoke-GS: A Multi-Stage Method for Novel View Synthesis from Smoke-Degraded Images Using a Generative Model			1	https://github.com/plbbl/GenSmoke-GS	Best candidate https://github.com/plbbl/GenSmoke-GS score=8 reason=title-token-overlap:gensmoke;title-substring-overlap:gensmoke,smoke;github
2604.09688	2026-arxiv	no_code_link_found	Immunizing 3D Gaussian Generative Models Against Unauthorized Fine-Tuning via Attribute-Space Traps			0		No GitHub/project code link found in arXiv page or PDF URI annotations.
2604.05070	2026-arxiv	no_code_link_found	Part-Level 3D Gaussian Vehicle Generation with Joint and Hinge Axis Estimation			0		No GitHub/project code link found in arXiv page or PDF URI annotations.
2603.09030	2026-arxiv	code_link_found_not_audited	PlayWorld: Learning Robot World Models from Autonomous Play			2	https://github.com/irom-princeton/open-world	Best candidate https://github.com/irom-princeton/open-world score=9 reason=title-token-overlap:world;title-substring-overlap:world;github;from-project-page
2604.05015	2026-arxiv	code_link_found_not_audited	Video-MME-v2: Towards the Next Stage in Benchmarks for Comprehensive Video Understanding			2	https://inkscape.org	Best candidate https://inkscape.org score=2 reason=code-context
2604.04642	2026-arxiv	code_link_found_not_audited	WaterSplat-SLAM: Photorealistic Monocular SLAM in Underwater Environment			1	https://github.com/KX-Wang77/WaterSplat-SLAM	Best candidate https://github.com/KX-Wang77/WaterSplat-SLAM score=8 reason=title-token-overlap:slam,watersplat;title-substring-overlap:slam,watersplat;github
2604.05366	2026-arxiv	code_link_found_not_audited	3DTurboQuant: Training-Free Near-Optimal Quantization for 3D Reconstruction Models			1	https://github.com/JaeLee18/3DTurboQuant	Best candidate https://github.com/JaeLee18/3DTurboQuant score=9 reason=title-token-overlap:3dturboquant;title-substring-overlap:3dturboquant;github;from-arxiv-page
2604.05908	2026-arxiv	code_link_found_not_audited	Appearance Decomposition Gaussian Splatting for Multi-Traversal Reconstruction			1	https://github.com/IRMVLab/ADM-GS	Best candidate https://github.com/IRMVLab/ADM-GS score=3 reason=github;from-arxiv-page
2604.06339	2026-arxiv	code_link_found_not_audited	Evolution of Video Generative Foundations			1	https://github.com/sjtuplayer/Awesome-Video-Foundations	Best candidate https://github.com/sjtuplayer/Awesome-Video-Foundations score=8 reason=title-token-overlap:foundations;title-substring-overlap:foundations;github
2604.06358	2026-arxiv	no_code_link_found	GS-Surrogate: Deformable Gaussian Splatting for Parameter Space Exploration of Ensemble Simulations			0		No GitHub/project code link found in arXiv page or PDF URI annotations.
2604.05436	2026-arxiv	code_link_found_not_audited	Human Interaction-Aware 3D Reconstruction from a Single Image			10	https://github.com/ytrock/THuman2.0-Dataset/blob/main/THUman2.1_Agreement.pdf	Best candidate https://github.com/ytrock/THuman2.0-Dataset/blob/main/THUman2.1_Agreement.pdf score=5 reason=title-substring-overlap:human;github
2604.05715	2026-arxiv	code_link_found_not_audited	In Depth We Trust: Reliable Monocular Depth Supervision for Gaussian Splatting			1	https://github.com/graphdeco-inria/gaussian-splatting.git	Best candidate https://github.com/graphdeco-inria/gaussian-splatting.git score=4 reason=title-token-overlap:gaussian,splatting;title-substring-overlap:gaussian,splatting;known-dependency-repo;github
2604.05402	2026-arxiv	code_link_found_not_audited	LSGS-Loc: Towards Robust 3DGS-Based Visual Localization for Large-Scale UAV Scenarios			1	https://github.com/xzhang-z/LSGS-Loc	Best candidate https://github.com/xzhang-z/LSGS-Loc score=8 reason=title-token-overlap:loc,lsgs;title-substring-overlap:lsgs;github
2604.05638	2026-arxiv	no_code_link_found	PanopticQuery: Unified Query-Time Reasoning for 4D Scenes			0		No GitHub/project code link found in arXiv page or PDF URI annotations.
2601.18336	2026-arxiv	code_link_found_not_audited	PPISP: Physically-Plausible Compensation and Control of Photometric Variations in Radiance Field Reconstruction			2	https://github.com/nv-tlabs/ppisp	Best candidate https://github.com/nv-tlabs/ppisp score=8 reason=title-token-overlap:ppisp;title-substring-overlap:ppisp;github
2604.04576	2026-arxiv	code_link_found_not_audited	PR-IQA: Partial-Reference Image Quality Assessment for Diffusion-Based Novel View Synthesis			1	https://github.com/Kakaomacao/PR-IQA	Best candidate https://github.com/Kakaomacao/PR-IQA score=5 reason=title-token-overlap:iqa;github
2604.04925	2026-arxiv	code_link_found_not_audited	SimpleProc: Fully Procedural Synthetic Data from Simple Rules for Multi-View Stereo			1	https://github.com/princeton-vl/SimpleProc	Best candidate https://github.com/princeton-vl/SimpleProc score=8 reason=title-token-overlap:simpleproc;title-substring-overlap:simple,simpleproc;github
2603.26481	2026-arxiv	code_link_found_not_audited	SparseCam4D: Spatio-Temporally Consistent 4D Reconstruction from Sparse Cameras			2	https://github.com/inspatio/sparse-cam4d	Best candidate https://github.com/inspatio/sparse-cam4d score=9 reason=title-token-overlap:sparse;title-substring-overlap:sparse,sparsecam4d;github;from-arxiv-page
2604.08610	2026-arxiv	code_link_found_not_audited	A Semi-Automated Framework for 3D Reconstruction of Medieval Manuscript Miniatures			1	https://matplotlib.org	Best candidate https://matplotlib.org score=2 reason=code-context
2602.21105	2026-arxiv	no_code_link_found	BrepGaussian: CAD reconstruction from Multi-View Images with Gaussian Splatting			0		No GitHub/project code link found in arXiv page or PDF URI annotations.
2604.06739	2026-arxiv	code_link_found_not_audited	DOC-GS: Dual-Domain Observation and Calibration for Reliable Sparse-View Gaussian Splatting			7	http://ns.adobe.com/xap/1.0/	Best candidate http://ns.adobe.com/xap/1.0/ score=2 reason=code-context
2604.06725	2026-arxiv	no_code_link_found	Enhancing MLLM Spatial Understanding via Active 3D Scene Exploration for Multi-Perspective Reasoning			0		No GitHub/project code link found in arXiv page or PDF URI annotations.
2604.07337	2026-arxiv	code_link_found_not_audited	From Blobs to Spokes: High-Fidelity Surface Reconstruction via Oriented Gaussians			4	https://github.com/diego1401/GaussianWrapping	Best candidate https://github.com/diego1401/GaussianWrapping score=3 reason=github;from-project-page
2604.07250	2026-arxiv	code_link_found_not_audited	Geo-EVS: Geometry-Conditioned Extrapolative View Synthesis for Autonomous Driving			7	http://ns.adobe.com/xap/1.0/	Best candidate http://ns.adobe.com/xap/1.0/ score=2 reason=code-context
2604.06740	2026-arxiv	code_link_found_not_audited	LiveStre4m: Feed-Forward Live Streaming of Novel Views from Unposed Multi-View Video			1	https://github.com/pedro-quesado/LiveStre4m	Best candidate https://github.com/pedro-quesado/LiveStre4m score=8 reason=title-token-overlap:livestre4m;title-substring-overlap:live,livestre4m;github
2604.07279	2026-arxiv	code_link_found_not_audited	Mem3R: Streaming 3D Reconstruction with Hybrid Memory via Test-Time Training			1	https://github.com/lck666666/Mem3R	Best candidate https://github.com/lck666666/Mem3R score=9 reason=title-token-overlap:mem3r;title-substring-overlap:mem3r;github;from-project-page
2604.02996	2026-arxiv	no_code_link_found	Rendering Multi-Human and Multi-Object with 3D Gaussian Splatting			0		No GitHub/project code link found in arXiv page or PDF URI annotations.
2604.07177	2026-arxiv	code_link_found_not_audited	Splats under Pressure: Exploring Performance-Energy Trade-offs in Real-Time 3D Gaussian Splatting under Constrained GPU Budgets			7	http://ns.adobe.com/xap/1.0/	Best candidate http://ns.adobe.com/xap/1.0/ score=2 reason=code-context
2603.20284	2026-arxiv	code_link_found_not_audited	STAC: Plug-and-Play Spatio-Temporal Aware Cache Compression for Streaming 3D Reconstruction			1	https://github.com/Rainzor/STAC	Best candidate https://github.com/Rainzor/STAC score=9 reason=title-token-overlap:stac;title-substring-overlap:stac;github;from-project-page
2604.06830	2026-arxiv	no_code_link_found	VGGT-SLAM++			0		No GitHub/project code link found in arXiv page or PDF URI annotations.
2603.04385	2026-arxiv	code_link_found_not_audited	ZipMap: Linear-Time Stateful 3D Reconstruction via Test-Time Training			2	https://github.com/Haian-Jin/ZipMap	Best candidate https://github.com/Haian-Jin/ZipMap score=9 reason=title-token-overlap:zipmap;title-substring-overlap:zipmap;github;from-project-page
2604.07053	2026-arxiv	no_code_link_found	AnchorSplat: Feed-Forward 3D Gaussian Splatting with 3D Geometric Priors			0		No GitHub/project code link found in arXiv page or PDF URI annotations.
2604.08068	2026-arxiv	no_code_link_found	Brain3D: EEG-to-3D Decoding of Visual Representations via Multimodal Reasoning			0		No GitHub/project code link found in arXiv page or PDF URI annotations.
2604.07986	2026-arxiv	no_code_link_found	DP-DeGauss: Dynamic Probabilistic Gaussian Decomposition for Egocentric 4D Scene Reconstruction			0		No GitHub/project code link found in arXiv page or PDF URI annotations.
2604.07728	2026-arxiv	code_link_found_not_audited	GEAR: GEometry-motion Alternating Refinement for Articulated Object Modeling with Gaussian Splatting			1	https://github.com/VIPL-VSU/GEAR	Best candidate https://github.com/VIPL-VSU/GEAR score=8 reason=title-token-overlap:gear;title-substring-overlap:gear;github
2604.08719	2026-arxiv	no_code_link_found	LMGenDrive: Bridging Multimodal Understanding and Generative World Modeling for End-to-End Driving			0		No GitHub/project code link found in arXiv page or PDF URI annotations.
2604.07991	2026-arxiv	code_link_found_not_audited	MotionScape: A Large-Scale Real-World Highly Dynamic UAV Video Dataset for World Models			8	https://github.com/Thelegendzz/MotionScape	Best candidate https://github.com/Thelegendzz/MotionScape score=9 reason=title-token-overlap:motionscape;title-substring-overlap:motionscape;github;from-arxiv-page
2604.08500	2026-arxiv	code_link_found_not_audited	Novel View Synthesis as Video Completion			1	https://github.com/szqwu/FrameCrafter	Best candidate https://github.com/szqwu/FrameCrafter score=3 reason=github;from-project-page
2604.07890	2026-arxiv	no_code_link_found	Sampling-Aware 3D Spatial Analysis in Multiplexed Imaging			0		No GitHub/project code link found in arXiv page or PDF URI annotations.
2604.08542	2026-arxiv	no_code_link_found	Scal3R: Scalable Test-Time Training for Large-Scale 3D Reconstruction			0		No GitHub/project code link found in arXiv page or PDF URI annotations.
2604.08760	2026-arxiv	no_code_link_found	SIC3D: Style Image Conditioned Text-to-3D Gaussian Splatting Generation			0		No GitHub/project code link found in arXiv page or PDF URI annotations.
2604.07923	2026-arxiv	code_link_found_not_audited	Stitch4D: Sparse Multi-Location 4D Urban Reconstruction via Spatio-Temporal Interpolation			1	https://github.com/eliahuhorwitz/Academic-project-page-template	Best candidate https://github.com/eliahuhorwitz/Academic-project-page-template score=3 reason=github;from-project-page
2604.08370	2026-arxiv	code_link_found_not_audited	SurfelSplat: Learning Efficient and Generalizable Gaussian Surfel Representations for Sparse-View Surface Reconstruction			1	https://github.com/Simon-Dcs/Surfel_Splat	Best candidate https://github.com/Simon-Dcs/Surfel_Splat score=8 reason=title-token-overlap:surfel;title-substring-overlap:surfel,surfelsplat;github
2604.07957	2026-arxiv	no_code_link_found	WorldMAP: Bootstrapping Vision-Language Navigation Trajectory Prediction with Generative World Models			0		No GitHub/project code link found in arXiv page or PDF URI annotations.
2604.09877	2026-arxiv	no_code_link_found	DINO_4D: Semantic-Aware 4D Reconstruction			0		No GitHub/project code link found in arXiv page or PDF URI annotations.
2604.09862	2026-arxiv	code_link_found_not_audited	FF3R: Feedforward Feature 3D Reconstruction from Unconstrained views			2	https://github.com/ChaoyiZh/ff3r	Best candidate https://github.com/ChaoyiZh/ff3r score=9 reason=title-token-overlap:ff3r;title-substring-overlap:ff3r;github;from-project-page
2603.27222	2026-arxiv	no_code_link_found	HD-VGGT: High-Resolution Visual Geometry Transformer			0		No GitHub/project code link found in arXiv page or PDF URI annotations.
2604.09059	2026-arxiv	code_link_found_not_audited	Learning Vision-Language-Action World Models for Autonomous Driving			3	https://github.com/eliahuhorwitz/Academic-project-page-template	Best candidate https://github.com/eliahuhorwitz/Academic-project-page-template score=3 reason=github;from-project-page
2604.09903	2026-arxiv	code_link_found_not_audited	PointSplat: Efficient Geometry-Driven Pruning and Transformer Refinement for 3D Gaussian Splatting			1	https://github.com/anhthuan1999/pointsplat	Best candidate https://github.com/anhthuan1999/pointsplat score=8 reason=title-token-overlap:pointsplat;title-substring-overlap:pointsplat;github
2604.02003	2026-arxiv	code_link_found_not_audited	ProDiG: Progressive Diffusion-Guided Gaussian Splatting for Aerial to Ground Reconstruction			1	https://github.com/sirsh07/ProDiG	Best candidate https://github.com/sirsh07/ProDiG score=8 reason=title-token-overlap:prodig;title-substring-overlap:prodig;github
2604.09045	2026-arxiv	no_code_link_found	Scene-Agnostic Object-Centric Representation Learning for 3D Gaussian Splatting			0		No GitHub/project code link found in arXiv page or PDF URI annotations.
2604.09324	2026-arxiv	code_link_found_not_audited	Structure-Aware Fine-Grained Gaussian Splatting for Expressive Avatar Reconstruction			1	https://github.com/Su245811YZ/SFGS	Best candidate https://github.com/Su245811YZ/SFGS score=2 reason=github
2604.09411	2026-arxiv	code_link_found_not_audited	SynFlow: Scaling Up LiDAR Scene Flow Estimation with Synthetic Data			4	https://github.com/Kin-Zhang/SynFlow	Best candidate https://github.com/Kin-Zhang/SynFlow score=8 reason=title-token-overlap:synflow;title-substring-overlap:flow,synflow;github
2604.08945	2026-arxiv	code_link_found_not_audited	TouchAnything: Diffusion-Guided 3D Reconstruction from Sparse Robot Touches			1	https://github.com/nerfies/nerfies.github.io	Best candidate https://github.com/nerfies/nerfies.github.io score=3 reason=github;from-project-page
2604.09330	2026-arxiv	no_code_link_found	VAG: Dual-Stream Video-Action Generation for Embodied Data Synthesis			0		No GitHub/project code link found in arXiv page or PDF URI annotations.
2604.10246	2026-arxiv	no_code_link_found	A Comparison of Multi-View Stereo Methods for Photogrammetric 3D Reconstruction: From Traditional to Learning-Based Approaches			0		No GitHub/project code link found in arXiv page or PDF URI annotations.
2604.10259	2026-arxiv	code_link_found_not_audited	Real-Time Human Reconstruction and Animation using Feed-Forward Gaussian Splatting			1	https://github.com/Devdoot57/HumanGS	Best candidate https://github.com/Devdoot57/HumanGS score=5 reason=title-substring-overlap:human;github
2604.10106	2026-arxiv	code_link_found_not_audited	VGGT-HPE: Reframing Head Pose Estimation as Relative Pose Prediction			5	https://github.com/VasilikiVas/vggt-hpe	Best candidate https://github.com/VasilikiVas/vggt-hpe score=9 reason=title-token-overlap:hpe,vggt;title-substring-overlap:vggt;github;from-project-page
2604.10690	2026-arxiv	code_link_found_not_audited	Do LLMs Build Spatial World Models? Evidence from Grid-World Maze Tasks			2	https://github.com/likenneth/othello_world/	Best candidate https://github.com/likenneth/othello_world/ score=9 reason=title-token-overlap:world;title-substring-overlap:world;github;from-project-page
2604.10512	2026-arxiv	code_link_found_not_audited	FreeScale: Scaling 3D Scenes via Certainty-Aware Free-View Generation			4	https://github.com/mvp-ai-lab/FreeScale	Best candidate https://github.com/mvp-ai-lab/FreeScale score=9 reason=title-token-overlap:freescale;title-substring-overlap:free,freescale;github;from-project-page
2604.10573	2026-arxiv	code_link_found_not_audited	Learning 3D Representations for Spatial Intelligence from Unposed Multi-View Images			1	https://github.com/eliahuhorwitz/Academic-project-page-template	Best candidate https://github.com/eliahuhorwitz/Academic-project-page-template score=3 reason=github;from-project-page
2604.10593	2026-arxiv	no_code_link_found	MonoEM-GS: Monocular Expectation-Maximization Gaussian Splatting SLAM			0		No GitHub/project code link found in arXiv page or PDF URI annotations.
2604.10415	2026-arxiv	code_link_found_not_audited	Point2Pose: Occlusion-Recovering 6D Pose Tracking and 3D Reconstruction for Multiple Unknown Objects Via 2D Point Trackers			2	https://github.com/borglab/gtsam\	Best candidate https://github.com/borglab/gtsam\ score=2 reason=github
2604.10789	2026-arxiv	code_link_found_not_audited	ReplicateAnyScene: Zero-Shot Video-to-3D Composition via Textual-Visual-Spatial Alignment			2	https://github.com/xiac20/ReplicateAnyScene	Best candidate https://github.com/xiac20/ReplicateAnyScene score=9 reason=title-token-overlap:replicateanyscene;title-substring-overlap:replicateanyscene;github;from-project-page
2604.11302	2026-arxiv	no_code_link_found	3D-Anchored Lookahead Planning for Persistent Robotic Scene Memory via World-Model-Based MCTS			0		No GitHub/project code link found in arXiv page or PDF URI annotations.
2604.11983	2026-arxiv	code_link_found_not_audited	A Geometric Algebra-informed NeRF Framework for Generalizable Wireless Channel Prediction			1	http://www.pdf-tools.com	Best candidate http://www.pdf-tools.com score=2 reason=code-context
2601.09211	2026-arxiv	code_link_found_not_audited	Affostruction: 3D Affordance Grounding with Generative Reconstruction			2	https://github.com/chrockey/Affostruction	Best candidate https://github.com/chrockey/Affostruction score=9 reason=title-token-overlap:affostruction;title-substring-overlap:affostruction;github;from-project-page
2604.11386	2026-arxiv	code_link_found_not_audited	ComSim: Building Scalable Real-World Robot Data Generation via Compositional Simulation			1	https://github.com/hpcaitech/Open-Sora	Best candidate https://github.com/hpcaitech/Open-Sora score=2 reason=github
2604.11401	2026-arxiv	code_link_found_not_audited	GS4City: Hierarchical Semantic Gaussian Splatting via City-Model Priors			1	https://github.com/Jinyzzz/GS4City	Best candidate https://github.com/Jinyzzz/GS4City score=8 reason=title-token-overlap:gs4city;title-substring-overlap:city,gs4city;github
2604.07209	2026-arxiv	code_link_found_not_audited	INSPATIO-WORLD: A Real-Time 4D World Simulator via Spatiotemporal Autoregressive Modeling			3	https://github.com/inspatio/inspatio-world	Best candidate https://github.com/inspatio/inspatio-world score=8 reason=title-token-overlap:inspatio,world;title-substring-overlap:inspatio,world;github
2604.10994	2026-arxiv	code_link_found_not_audited	LumiMotion: Improving Gaussian Relighting with Scene Dynamics			4	https://github.com/joaxkal/LumiMotion	Best candidate https://github.com/joaxkal/LumiMotion score=8 reason=title-token-overlap:lumimotion;title-substring-overlap:lumimotion;github
2604.11142	2026-arxiv	code_link_found_not_audited	Naka-GS: A Bionics-inspired Dual-Branch Naka Correction and Progressive Point Pruning for Low-Light 3DGS			1	https://github.com/RunyuZhu/Naka-GS	Best candidate https://github.com/RunyuZhu/Naka-GS score=8 reason=title-token-overlap:naka;title-substring-overlap:naka;github
2604.11992	2026-arxiv	code_link_found_not_audited	ReefMapGS: Enabling Large-Scale Underwater Reconstruction by Closing the Loop Between Multimodal SLAM and Gaussian Splatting			3	https://github.com/MichaelGrupp/evo	Best candidate https://github.com/MichaelGrupp/evo score=2 reason=github
2603.12639	2026-arxiv	code_link_found_not_audited	RoboStereo: Dual-Tower 4D Embodied World Models for Unified Policy Optimization			1	https://github.com/LAION-AI/aesthetic-predictor	Best candidate https://github.com/LAION-AI/aesthetic-predictor score=2 reason=github
2603.28287	2026-arxiv	code_link_found_not_audited	TerraSky3D: Multi-View Reconstructions of European Landmarks in 4K			1	https://github.com/mattiadurso/TerraSky3D	Best candidate https://github.com/mattiadurso/TerraSky3D score=8 reason=title-token-overlap:terrasky3d;title-substring-overlap:terrasky3d;github
2604.11685	2026-arxiv	no_code_link_found	Unfolding 3D Gaussian Splatting via Iterative Gaussian Synopsis			0		No GitHub/project code link found in arXiv page or PDF URI annotations.
2604.12251	2026-arxiv	code_link_found_not_audited	ArtifactWorld: Scaling 3D Gaussian Splatting Artifact Restoration via Video Generation Models			7	http://ns.adobe.com/xap/1.0/	Best candidate http://ns.adobe.com/xap/1.0/ score=2 reason=code-context
2604.08410	2026-arxiv	code_link_found_not_audited	BLaDA: Bridging Language to Functional Dexterous Actions within 3DGS Fields			1	https://github.com/PopeyePxx/BLaDA	Best candidate https://github.com/PopeyePxx/BLaDA score=8 reason=title-token-overlap:blada;title-substring-overlap:blada;github
2602.15355	2026-arxiv	no_code_link_found	DAV-GSWT: Diffusion-Active-View Sampling for Data-Efficient Gaussian Splatting Wang Tiles			0		No GitHub/project code link found in arXiv page or PDF URI annotations.
2604.12592	2026-arxiv	code_link_found_not_audited	ELoG-GS: Dual-Branch Gaussian Splatting with Luminance-Guided Enhancement for Extreme Low-light 3D Reconstruction			1	https://github.com/lyh120/FSGS_EAPGS	Best candidate https://github.com/lyh120/FSGS_EAPGS score=2 reason=github
2604.12837	2026-arxiv	no_code_link_found	GGD-SLAM: Monocular 3DGS SLAM Powered by Generalizable Motion Model for Dynamic Environments			0		No GitHub/project code link found in arXiv page or PDF URI annotations.
2604.12626	2026-arxiv	code_link_found_not_audited	Habitat-GS: A High-Fidelity Navigation Simulator with Dynamic Gaussian Splatting			5	https://github.com/zju3dv/habitat-gs	Best candidate https://github.com/zju3dv/habitat-gs score=9 reason=title-token-overlap:habitat;title-substring-overlap:habitat;github;from-project-page
2604.13340	2026-arxiv	no_code_link_found	MSGS: Multispectral 3D Gaussian Splatting			0		No GitHub/project code link found in arXiv page or PDF URI annotations.
2604.13235	2026-arxiv	no_code_link_found	Neural 3D Reconstruction of Planetary Surfaces from Descent-Phase Wide-Angle Imagery			0		No GitHub/project code link found in arXiv page or PDF URI annotations.
2604.13153	2026-arxiv	no_code_link_found	PatchPoison: Poisoning Multi-View Datasets to Degrade 3D Reconstruction			0		No GitHub/project code link found in arXiv page or PDF URI annotations.
2604.12923	2026-arxiv	code_link_found_not_audited	Pi-HOC: Pairwise 3D Human-Object Contact Estimation			4	https://github.com/SravanChittupalli/Pi-HOC	Best candidate https://github.com/SravanChittupalli/Pi-HOC score=6 reason=title-token-overlap:hoc;github;from-project-page
2604.12908	2026-arxiv	code_link_found_not_audited	Robotic Manipulation is Vision-to-Geometry Mapping ($f(v) \rightarrow G$): Vision-Geometry Backbones over Language and Video Models			7	http://ns.adobe.com/xap/1.0/	Best candidate http://ns.adobe.com/xap/1.0/ score=2 reason=code-context
2604.13333	2026-arxiv	code_link_found_not_audited	SSD-GS: Scattering and Shadow Decomposition for Relightable 3D Gaussian Splatting			1	https://github.com/irisfreesiri/SSD-GS	Best candidate https://github.com/irisfreesiri/SSD-GS score=5 reason=title-token-overlap:ssd;github
2604.06168	2026-arxiv	code_link_found_not_audited	Action Images: End-to-End Policy Learning via Multiview Video Generation			1	https://github.com/UMass-Embodied-AGI/ActionImages	Best candidate https://github.com/UMass-Embodied-AGI/ActionImages score=6 reason=title-substring-overlap:action;github;from-project-page
2604.13856	2026-arxiv	code_link_found_not_audited	Any3DAvatar: Fast and High-Quality Full-Head 3D Avatar Reconstruction from Single Portrait Image			7	http://ns.adobe.com/xap/1.0/	Best candidate http://ns.adobe.com/xap/1.0/ score=2 reason=code-context
2604.13746	2026-arxiv	no_code_link_found	ClipGStream: Clip-Stream Gaussian Splatting for Any Length and Any Motion Multi-View Dynamic Scene Reconstruction			0		No GitHub/project code link found in arXiv page or PDF URI annotations.
2604.13416	2026-arxiv	no_code_link_found	DF3DV-1K: A Large-Scale Dataset and Benchmark for Distractor-Free Novel View Synthesis			0		No GitHub/project code link found in arXiv page or PDF URI annotations.
2604.14025	2026-arxiv	code_link_found_not_audited	Feed-Forward 3D Scene Modeling: A Problem-Driven Perspective			1	https://github.com/ziplab/Awesome-Feed-Forward-3D	Best candidate https://github.com/ziplab/Awesome-Feed-Forward-3D score=8 reason=title-token-overlap:feed,forward;title-substring-overlap:feed,forward;github
2604.14048	2026-arxiv	code_link_found_not_audited	Free Geometry: Refining 3D Reconstruction from Longer Versions of Itself			1	https://github.com/hiteacherIamhumble/Free-Geometry	Best candidate https://github.com/hiteacherIamhumble/Free-Geometry score=8 reason=title-token-overlap:free,geometry;title-substring-overlap:free,geometry;github
2604.14268	2026-arxiv	code_link_found_not_audited	HY-World 2.0: A Multi-Modal World Model for Reconstructing, Generating, and Simulating 3D Worlds			1	https://github.com/Tencent-Hunyuan/HY-World-2.0	Best candidate https://github.com/Tencent-Hunyuan/HY-World-2.0 score=8 reason=title-token-overlap:world;title-substring-overlap:world;github
2604.13918	2026-arxiv	no_code_link_found	PartNerFace: Part-based Neural Radiance Fields for Animatable Facial Avatar Reconstruction			0		No GitHub/project code link found in arXiv page or PDF URI annotations.
2604.13492	2026-arxiv	no_code_link_found	RadarSplat-RIO: Indoor Radar-Inertial Odometry with Gaussian Splatting-Based Radar Bundle Adjustment			0		No GitHub/project code link found in arXiv page or PDF URI annotations.
2604.13905	2026-arxiv	code_link_found_not_audited	Rethinking Image-to-3D Generation with Sparse Queries: Efficiency, Capacity, and Input-View Bias			1	https://github.com/Pixtella/SparseGen	Best candidate https://github.com/Pixtella/SparseGen score=6 reason=title-substring-overlap:sparse;github;from-arxiv-page
2604.13476	2026-arxiv	no_code_link_found	RobotPan: A 360$^\circ$ Surround-View Robotic Vision System for Embodied Perception			0		No GitHub/project code link found in arXiv page or PDF URI annotations.
2602.17909	2026-arxiv	code_link_found_not_audited	A Single Image and Multimodality Is All You Need for Novel View Synthesis			1	https://github.com/importAmir/MultiModalNVS	Best candidate https://github.com/importAmir/MultiModalNVS score=2 reason=github
2604.15052	2026-arxiv	code_link_found_not_audited	CAVERS: Multimodal SLAM Data from a Natural Karstic Cave with Ground Truth Motion Capture			1	https://github.com/spaceuma/cavers	Best candidate https://github.com/spaceuma/cavers score=9 reason=title-token-overlap:cavers;title-substring-overlap:cave,cavers;github;from-arxiv-page
2603.07690	2026-arxiv	no_code_link_found	FrameVGGT: Geometry-Aligned Frame-Level Memory for Bounded Streaming VGGT			0		No GitHub/project code link found in arXiv page or PDF URI annotations.
2604.14141	2026-arxiv	code_link_found_not_audited	Geometric Context Transformer for Streaming 3D Reconstruction			1	https://github.com/robbyant/lingbot-map	Best candidate https://github.com/robbyant/lingbot-map score=2 reason=github
2604.14706	2026-arxiv	code_link_found_not_audited	NG-GS: NeRF-Guided 3D Gaussian Splatting Segmentation			1	https://github.com/BJTU-KD3D/NG-GS	Best candidate https://github.com/BJTU-KD3D/NG-GS score=2 reason=github
2604.12580	2026-arxiv	code_link_found_not_audited	PDF-GS: Progressive Distractor Filtering for Robust 3D Gaussian Splatting			1	https://github.com/kangrnin/PDF-GS	Best candidate https://github.com/kangrnin/PDF-GS score=5 reason=title-token-overlap:pdf;github
2604.15239	2026-arxiv	code_link_found_not_audited	TokenGS: Decoupling 3D Gaussian Prediction from Pixels with Learnable Tokens			2	https://inkscape.org	Best candidate https://inkscape.org score=2 reason=code-context
2604.15875	2026-arxiv	no_code_link_found	CLOTH-HUGS: Cloth Aware Human Gaussian Splatting			0		No GitHub/project code link found in arXiv page or PDF URI annotations.
2604.15612	2026-arxiv	code_link_found_not_audited	GaussianFlow SLAM: Monocular Gaussian Splatting SLAM Guided by GaussianFlow			1	https://github.com/url-kaist/gaussianflow-slam	Best candidate https://github.com/url-kaist/gaussianflow-slam score=8 reason=title-token-overlap:gaussianflow,slam;title-substring-overlap:gaussian,gaussianflow,slam;github
2604.15284	2026-arxiv	no_code_link_found	GlobalSplat: Efficient Feed-Forward 3D Gaussian Splatting via Global Scene Tokens			0		No GitHub/project code link found in arXiv page or PDF URI annotations.
2604.16747	2026-arxiv	no_code_link_found	Incoherent Deformation, Not Capacity: Diagnosing and Mitigating Overfitting in Dynamic Gaussian Splatting			0		No GitHub/project code link found in arXiv page or PDF URI annotations.
2604.15941	2026-arxiv	code_link_found_not_audited	Neural Gabor Splatting: Enhanced Gaussian Splatting with Neural Gabor for High-frequency Surface Reconstruction			1	https://github.com/haato-w/neural-gabor-splatting	Best candidate https://github.com/haato-w/neural-gabor-splatting score=8 reason=title-token-overlap:gabor,splatting;title-substring-overlap:gabor,splatting;github
2604.16540	2026-arxiv	code_link_found_not_audited	PoInit-of-View: Poisoning Initialization of Views Transfers Across Multiple 3D Reconstruction Systems			4	https://github.com/nerfbaselines/nerfbaselines	Best candidate https://github.com/nerfbaselines/nerfbaselines score=3 reason=github;from-project-page
2604.15862	2026-arxiv	code_link_found_not_audited	Splats in Splats++: Robust and Generalizable 3D Gaussian Splatting Steganography			2	http://ns.apple.com/faceinfo/1.0/	Best candidate http://ns.apple.com/faceinfo/1.0/ score=2 reason=code-context
2604.17155	2026-arxiv	code_link_found_not_audited	Instant Colorization of Gaussian Splats			1	https://github.com/dlieber01/Instant-Colorization-of-Gaussian-Splats	Best candidate https://github.com/dlieber01/Instant-Colorization-of-Gaussian-Splats score=8 reason=title-token-overlap:colorization,gaussian,instant,splats;title-substring-overlap:colorization,gaussian,instant,splats;github
2604.16910	2026-arxiv	no_code_link_found	LAGS: Low-Altitude Gaussian Splatting with Groupwise Heterogeneous Graph Learning			0		No GitHub/project code link found in arXiv page or PDF URI annotations.
2604.17651	2026-arxiv	no_code_link_found	Infrastructure-Centric World Models: Bridging Temporal Depth and Spatial Breadth for Roadside Perception			0		No GitHub/project code link found in arXiv page or PDF URI annotations.
2604.18205	2026-arxiv	no_code_link_found	A Comparative Evaluation of Geometric Accuracy in NeRF and Gaussian Splatting			0		No GitHub/project code link found in arXiv page or PDF URI annotations.
2604.18468	2026-arxiv	code_link_found_not_audited	Asset Harvester: Extracting 3D Assets from Autonomous Driving Logs for Simulation			14	https://github.com/NVIDIA/asset-harvester	Best candidate https://github.com/NVIDIA/asset-harvester score=9 reason=title-token-overlap:asset,harvester;title-substring-overlap:asset,harvester;github;from-project-page
2604.04787	2026-arxiv	code_link_found_not_audited	AvatarPointillist: AutoRegressive 4D Gaussian Avatarization			1	https://github.com/KumapowerLIU/AvatarPointillist	Best candidate https://github.com/KumapowerLIU/AvatarPointillist score=9 reason=title-token-overlap:avatarpointillist;title-substring-overlap:avatarpointillist;github;from-project-page
2604.18336	2026-arxiv	code_link_found_not_audited	Enhancing Glass Surface Reconstruction via Depth Prior for Robot Navigation			1	https://github.com/jarvisyjw/GlassRecon	Best candidate https://github.com/jarvisyjw/GlassRecon score=6 reason=title-substring-overlap:glass;github;from-arxiv-page
2604.17721	2026-arxiv	no_code_link_found	GeGS-PCR: Effective and Robust 3D Point Cloud Registration with Two-Stage Color-Enhanced Geometric-3DGS Fusion			0		No GitHub/project code link found in arXiv page or PDF URI annotations.
2604.18047	2026-arxiv	code_link_found_not_audited	GS-STVSR: Ultra-Efficient Continuous Spatio-Temporal Video Super-Resolution via 2D Gaussian Splatting			9	http://ns.adobe.com/xap/1.0/	Best candidate http://ns.adobe.com/xap/1.0/ score=2 reason=code-context
2603.20530	2026-arxiv	no_code_link_found	Memory Over Maps: 3D Object Localization Without Reconstruction			0		No GitHub/project code link found in arXiv page or PDF URI annotations.
2604.17965	2026-arxiv	code_link_found_not_audited	MU-GeNeRF: Multi-view Uncertainty-guided Generalizable Neural Radiance Fields for Distractor-aware Scene			1	https://github.com/Yanyilucas/MU-GeNeRF	Best candidate https://github.com/Yanyilucas/MU-GeNeRF score=8 reason=title-token-overlap:generf;title-substring-overlap:generf;github
2604.17831	2026-arxiv	code_link_found_not_audited	PCM-NeRF: Probabilistic Camera Modeling for Neural Radiance Fields under Pose Uncertainty			2	https://github.com/shravan-18/PCM-NeRF	Best candidate https://github.com/shravan-18/PCM-NeRF score=9 reason=title-token-overlap:nerf,pcm;title-substring-overlap:nerf;github;from-project-page
2604.17727	2026-arxiv	code_link_found_not_audited	Voronoi-guided Bilateral 2D Gaussian Splatting for Arbitrary-Scale Hyperspectral Image Super-Resolution			7	http://ns.adobe.com/xap/1.0/	Best candidate http://ns.adobe.com/xap/1.0/ score=2 reason=code-context
2604.18980	2026-arxiv	no_code_link_found	AdaGScale: Viewpoint-Adaptive Gaussian Scaling in 3D Gaussian Splatting to Reduce Gaussian-Tile Pairs			0		No GitHub/project code link found in arXiv page or PDF URI annotations.
2604.19216	2026-arxiv	no_code_link_found	An Object-Centered Data Acquisition Method for 3D Gaussian Splatting using Mobile Phones			0		No GitHub/project code link found in arXiv page or PDF URI annotations.
2604.19747	2026-arxiv	code_link_found_not_audited	AnyRecon: Arbitrary-View 3D Reconstruction with Video Diffusion Model			2	https://github.com/OpenImagingLab/AnyRecon	Best candidate https://github.com/OpenImagingLab/AnyRecon score=9 reason=title-token-overlap:anyrecon;title-substring-overlap:anyrecon;github;from-project-page
2604.19133	2026-arxiv	no_code_link_found	BALTIC: A Benchmark and Cross-Domain Strategy for 3D Reconstruction Across Air and Underwater Domains Under Varying Illumination			0		No GitHub/project code link found in arXiv page or PDF URI annotations.
2604.20046	2026-arxiv	no_code_link_found	Gaussians on a Diet: High-Quality Memory-Bounded 3D Gaussian Splatting Training			0		No GitHub/project code link found in arXiv page or PDF URI annotations.
2604.19624	2026-arxiv	code_link_found_not_audited	GRAFT: Geometric Refinement and Fitting Transformer for Human Scene Reconstruction			1	https://github.com/pradyumnaym/graft	Best candidate https://github.com/pradyumnaym/graft score=9 reason=title-token-overlap:graft;title-substring-overlap:graft;github;from-project-page
2604.19673	2026-arxiv	code_link_found_not_audited	InHabit: Leveraging Image Foundation Models for Scalable 3D Human Placement			1	https://github.com/pradyumnaym/graft	Best candidate https://github.com/pradyumnaym/graft score=3 reason=github;from-project-page
2604.18564	2026-arxiv	code_link_found_not_audited	MultiWorld: Scalable Multi-Agent Multi-View Video World Models			1	https://github.com/etched-ai/open-oasis	Best candidate https://github.com/etched-ai/open-oasis score=3 reason=github;from-project-page
2604.19127	2026-arxiv	no_code_link_found	OT-UVGS: Revisiting UV Mapping for Gaussian Splatting as a Capacity Allocation Problem			0		No GitHub/project code link found in arXiv page or PDF URI annotations.
2604.19556	2026-arxiv	code_link_found_not_audited	Paparazzo: Active Mapping of Moving 3D Objects			1	https://github.com/nerfies/nerfies.github.io	Best candidate https://github.com/nerfies/nerfies.github.io score=3 reason=github;from-project-page
2604.19349	2026-arxiv	code_link_found_not_audited	RAFT-MSF++: Temporal Geometry-Motion Feature Fusion for Self-Supervised Monocular Scene Flow			7	https://github.com/sunzunyi/RAFT-MSF-PlusPlus	Best candidate https://github.com/sunzunyi/RAFT-MSF-PlusPlus score=8 reason=title-token-overlap:msf,raft;title-substring-overlap:raft;github
2604.05301	2026-arxiv	code_link_found_not_audited	SmokeGS-R: Physics-Guided Pseudo-Clean 3DGS for Real-World Multi-View Smoke Restoration			1	https://github.com/windrise/3drr_Track2_SmokeGS-R	Best candidate https://github.com/windrise/3drr_Track2_SmokeGS-R score=8 reason=title-token-overlap:smokegs;title-substring-overlap:smoke,smokegs;github
2604.19923	2026-arxiv	code_link_found_not_audited	UniCon3R: Contact-aware 3D Human-Scene Reconstruction from Monocular Video			2	https://github.com/surtantheta/UniCon3R	Best candidate https://github.com/surtantheta/UniCon3R score=9 reason=title-token-overlap:unicon3r;title-substring-overlap:unicon3r;github;from-project-page
2604.19257	2026-arxiv	code_link_found_not_audited	Unposed-to-3D: Learning Simulation-Ready Vehicles from Real-World Images			1	https://github.com/open-mmlab/OpenPCDet	Best candidate https://github.com/open-mmlab/OpenPCDet score=2 reason=github
2604.05687	2026-arxiv	no_code_link_found	3D Smoke Scene Reconstruction Guided by Vision Priors from Multimodal Large Language Models			0		No GitHub/project code link found in arXiv page or PDF URI annotations.
2604.11098	2026-arxiv	no_code_link_found	Efficient Transceiver Design for Aerial Image Transmission and Large-scale Scene Reconstruction			0		No GitHub/project code link found in arXiv page or PDF URI annotations.
2604.20784	2026-arxiv	no_code_link_found	GeoRect4D: Geometry-Compatible Generative Rectification for Dynamic Sparse-View 3D Reconstruction			0		No GitHub/project code link found in arXiv page or PDF URI annotations.
2604.20155	2026-arxiv	no_code_link_found	GSCompleter: A Distillation-Free Plugin for Metric-Aware 3D Gaussian Splatting Completion in Seconds			0		No GitHub/project code link found in arXiv page or PDF URI annotations.
2604.19683	2026-arxiv	code_link_found_not_audited	Mask World Model: Predicting What Matters for Robust Robot Policy Learning			1	https://github.com/LYFCLOUDFAN/mask-world-model	Best candidate https://github.com/LYFCLOUDFAN/mask-world-model score=8 reason=title-token-overlap:mask,world;title-substring-overlap:mask,world;github
2603.20714	2026-arxiv	code_link_found_not_audited	The Role and Relationship of Initialization and Densification in 3D Gaussian Splatting			4	https://github.com/deivse/ivd_splat	Best candidate https://github.com/deivse/ivd_splat score=3 reason=github;from-arxiv-page
2604.20151	2026-arxiv	no_code_link_found	Toward Safe Autonomous Robotic Endovascular Interventions using World Models			0		No GitHub/project code link found in arXiv page or PDF URI annotations.
2604.13589	2026-arxiv	code_link_found_not_audited	Dehaze-then-Splat: Generative Dehazing with Physics-Informed 3D Gaussian Splatting for Smoke-Free Novel View Synthesis			1	https://github.com/chen-yu-chao/3DRR_codebase	Best candidate https://github.com/chen-yu-chao/3DRR_codebase score=4 reason=github;code-context
2604.21631	2026-arxiv	code_link_found_not_audited	DualSplat: Robust 3D Gaussian Splatting via Pseudo-Mask Bootstrapping from Reconstruction Failures			1	https://github.com/Lans1ot/DualSplat	Best candidate https://github.com/Lans1ot/DualSplat score=9 reason=title-token-overlap:dualsplat;title-substring-overlap:dualsplat;github;from-project-page
2604.21741	2026-arxiv	no_code_link_found	Hi-WM: Human-in-the-World-Model for Scalable Robot Post-Training			0		No GitHub/project code link found in arXiv page or PDF URI annotations.
2604.21713	2026-arxiv	code_link_found_not_audited	Unlocking the Power of Critical Factors for 3D Visual Geometry Estimation			1	https://github.com/aim-uofa/CARVE	Best candidate https://github.com/aim-uofa/CARVE score=2 reason=github
2604.21915	2026-arxiv	code_link_found_not_audited	Vista4D: Video Reshooting with 4D Point Clouds			2	https://github.com/Eyeline-Labs/Vista4D	Best candidate https://github.com/Eyeline-Labs/Vista4D score=9 reason=title-token-overlap:vista4d;title-substring-overlap:vista4d;github;from-project-page
2604.21914	2026-arxiv	no_code_link_found	VistaBot: View-Robust Robot Manipulation via Spatiotemporal-Aware View Synthesis			0		No GitHub/project code link found in arXiv page or PDF URI annotations.
2604.21182	2026-arxiv	code_link_found_not_audited	WildSplatter: Feed-forward 3D Gaussian Splatting with Appearance Control from Unconstrained Images			1	https://github.com/yfujimura/WildSplatter	Best candidate https://github.com/yfujimura/WildSplatter score=8 reason=title-token-overlap:wildsplatter;title-substring-overlap:wildsplatter;github
